week,at_rank1,views_at_rank1,at_rank2,views_at_rank2,at_rank3,views_at_rank3,at_rank4,views_at_rank4,at_rank5,views_at_rank5,at_rank6,views_at_rank6,at_rank7,views_at_rank7,at_rank8,views_at_rank8,at_rank9,views_at_rank9,at_rank10,views_at_rank10
2023-12-17,tt12747748,"[106200000.0, 44900000.0, 2.0]",tt8337264,"[20300000.0, 11900000.0, 1.0]",tt2320142,"[16800000.0, 9400000.0, 4.0]",tt14227048,"[16600000.0, 9400000.0, 3.0]",tt6718170,"[13700000.0, 8900000.0, 3.0]",tt5774060,"[9200000.0, 5800000.0, 1.0]",tt10954652,"[10000000.0, 5600000.0, 1.0]",tt23790418,"[7100000.0, 4800000.0, 2.0]",,,tt27195023,"[6900000.0, 3900000.0, 1.0]"
2023-12-17,tt30096240,"[8800000.0, 4400000.0, 2.0]",tt12303550,"[3200000.0, 2100000.0, 2.0]",tt27330026,"[3700000.0, 1600000.0, 1.0]",tt15979666,"[3100000.0, 1300000.0, 2.0]",,,tt27828085,"[1800000.0, 1000000.0, 1.0]",tt28554013,"[1900000.0, 1000000.0, 1.0]",tt15789472,"[1800000.0, 1000000.0, 9.0]",tt2065946,"[1400000.0, 900000.0, 3.0]",tt23474462,"[2200000.0, 900000.0, 1.0]"
2023-12-17,tt8323628,"[97500000.0, 12800000.0, 2.0]",tt4786824,"[50900000.0, 5800000.0, 5.0]",tt11097240,"[35600000.0, 5200000.0, 3.0]",tt28756878,"[21200000.0, 4400000.0, 2.0]",tt28104766,"[24900000.0, 3000000.0, 4.0]",tt8893550,"[12900000.0, 2400000.0, 1.0]",tt28197236,"[6100000.0, 2300000.0, 3.0]",tt15040002,"[7800000.0, 2000000.0, 4.0]",tt6226232,"[11600000.0, 1600000.0, 4.0]",tt1821156,"[8900000.0, 1400000.0, 1.0]"
2023-12-17,tt13664452,"[32100000.0, 7700000.0, 1.0]",tt29569035,"[33600000.0, 4200000.0, 4.0]",tt28129282,"[19900000.0, 3800000.0, 2.0]",,,tt21093806,"[19100000.0, 3300000.0, 2.0]",tt13274038,"[63500000.0, 3200000.0, 3.0]",tt22780536,"[12200000.0, 2700000.0, 4.0]",tt28995977,"[4000000.0, 2200000.0, 1.0]",tt22071840,"[12600000.0, 1900000.0, 1.0]",,
2023-12-10,tt12747748,"[98700000.0, 41700000.0, 1.0]",tt14227048,"[32900000.0, 18600000.0, 2.0]",tt2320142,"[25400000.0, 14200000.0, 3.0]",tt6718170,"[20300000.0, 13200000.0, 2.0]",,,tt7888964,"[10600000.0, 6900000.0, 1.0]",tt23790418,"[10000000.0, 6700000.0, 1.0]",tt0232500,"[11200000.0, 6300000.0, 1.0]",tt4630562,"[13700000.0, 6000000.0, 1.0]",,
2023-12-10,tt21262240,"[5700000.0, 2500000.0, 2.0]",tt12303550,"[3800000.0, 2500000.0, 1.0]",tt15979666,"[5200000.0, 2200000.0, 1.0]",tt2065946,"[3000000.0, 1900000.0, 2.0]",,,tt23334616,"[2700000.0, 1800000.0, 3.0]",tt23036080,"[2900000.0, 1500000.0, 1.0]",tt13086266,"[3100000.0, 1400000.0, 1.0]",tt26594589,"[2500000.0, 1300000.0, 1.0]",tt30096240,"[2400000.0, 1200000.0, 1.0]"
2023-12-10,tt11097240,"[61500000.0, 9000000.0, 2.0]",tt8323628,"[57400000.0, 7500000.0, 1.0]",tt28104766,"[54100000.0, 6600000.0, 3.0]",tt28197236,"[13300000.0, 5000000.0, 2.0]",tt28756878,"[20300000.0, 4200000.0, 1.0]",tt4786824,"[8200000.0, 2500000.0, 4.0]",tt15040002,"[9500000.0, 2400000.0, 3.0]",tt9077530,"[20300000.0, 2200000.0, 8.0]",tt6226232,"[13900000.0, 1900000.0, 3.0]",tt6226232,"[10300000.0, 1400000.0, 2.0]"
2023-12-10,tt28129282,"[29400000.0, 5600000.0, 1.0]",tt22780536,"[24500000.0, 5400000.0, 3.0]",tt29569035,"[28000000.0, 4900000.0, 3.0]",tt11612120,"[37100000.0, 3900000.0, 2.0]",,,tt22459586,"[15300000.0, 2000000.0, 4.0]",tt11612120,"[16600000.0, 1900000.0, 1.0]",tt28348835,"[16600000.0, 1200000.0, 6.0]",tt23556972,"[3700000.0, 1100000.0, 1.0]",tt21093806,"[6400000.0, 1100000.0, 1.0]"
2023-12-03,tt2320142,"[42100000.0, 23600000.0, 2.0]",tt14227048,"[39200000.0, 22200000.0, 1.0]",tt7038762,"[9600000.0, 7000000.0, 3.0]",,,tt12412888,"[8200000.0, 4000000.0, 1.0]",tt7149730,"[5800000.0, 3700000.0, 1.0]",tt1136617,"[7100000.0, 3600000.0, 4.0]",,,tt6718170,"[4800000.0, 3100000.0, 1.0]",tt2990140,"[5300000.0, 3000000.0, 7.0]"
2023-12-03,tt23334616,"[13300000.0, 8800000.0, 2.0]",tt29692772,"[4100000.0, 3500000.0, 2.0]",,,,,tt21262240,"[5500000.0, 2400000.0, 1.0]",tt28081899,"[4000000.0, 2400000.0, 2.0]",tt27921620,"[3400000.0, 2000000.0, 3.0]",tt26258204,"[3400000.0, 1800000.0, 3.0]",tt2065946,"[2700000.0, 1700000.0, 1.0]",,
2023-12-03,tt28104766,"[85000000.0, 11400000.0, 2.0]",tt28197236,"[19800000.0, 7400000.0, 1.0]",tt11097240,"[47600000.0, 7000000.0, 1.0]",tt4786824,"[13100000.0, 3900000.0, 3.0]",tt15040002,"[11000000.0, 2800000.0, 2.0]",tt9077530,"[25300000.0, 2700000.0, 7.0]",tt6226232,"[19300000.0, 2700000.0, 2.0]",tt15320362,"[7600000.0, 2000000.0, 5.0]",tt6226232,"[12100000.0, 1700000.0, 1.0]",tt7546362,"[5800000.0, 1500000.0, 2.0]"
2023-12-03,tt22780536,"[47700000.0, 10500000.0, 2.0]",tt29569035,"[19700000.0, 5400000.0, 2.0]",tt22459586,"[27100000.0, 3500000.0, 3.0]",tt11612120,"[23700000.0, 2500000.0, 1.0]",,,tt27787856,"[6500000.0, 1900000.0, 2.0]",tt10919420,"[12700000.0, 1500000.0, 22.0]",tt28348835,"[18500000.0, 1400000.0, 5.0]",tt27055592,"[6100000.0, 1300000.0, 1.0]",tt29225198,"[19600000.0, 1200000.0, 9.0]"
2023-11-26,tt2320142,"[61700000.0, 34600000.0, 1.0]",tt7038762,"[18200000.0, 13300000.0, 2.0]",tt1136617,"[17500000.0, 8800000.0, 3.0]",tt14960612,"[11300000.0, 7100000.0, 2.0]",tt15428940,"[6700000.0, 4600000.0, 1.0]",tt1488606,"[7500000.0, 3600000.0, 1.0]",tt2990140,"[5900000.0, 3400000.0, 6.0]",,,tt1091191,"[5500000.0, 2700000.0, 2.0]",tt14715170,"[4300000.0, 2700000.0, 7.0]"
2023-11-26,tt23334616,"[16300000.0, 10700000.0, 1.0]",tt26258204,"[12300000.0, 6400000.0, 2.0]",tt27921620,"[8700000.0, 5100000.0, 2.0]",tt29692772,"[5000000.0, 4200000.0, 1.0]",tt18266472,"[5300000.0, 2300000.0, 1.0]",,,tt21638298,"[3600000.0, 1900000.0, 4.0]",,,tt28081899,"[2700000.0, 1600000.0, 1.0]",tt21448346,"[3600000.0, 1600000.0, 1.0]"
2023-11-26,tt28104766,"[85700000.0, 20100000.0, 1.0]",tt4786824,"[29300000.0, 8800000.0, 2.0]",tt15040002,"[13200000.0, 3400000.0, 1.0]",tt15320362,"[12600000.0, 3300000.0, 4.0]",,,tt6226232,"[15000000.0, 2100000.0, 1.0]",tt16969708,"[7400000.0, 2000000.0, 1.0]",tt7546362,"[6600000.0, 1700000.0, 1.0]",tt29388212,"[4800000.0, 1600000.0, 3.0]",,
2023-11-26,tt22780536,"[29000000.0, 6400000.0, 1.0]",tt22459586,"[41000000.0, 5300000.0, 2.0]",,,tt29569035,"[6700000.0, 3000000.0, 1.0]",tt27787856,"[8100000.0, 2400000.0, 1.0]",tt10919420,"[13300000.0, 1600000.0, 21.0]",tt28348835,"[16700000.0, 1600000.0, 4.0]",tt29225198,"[24500000.0, 1500000.0, 8.0]",tt15576994,"[7300000.0, 1400000.0, 1.0]",tt28019928,"[7400000.0, 1200000.0, 2.0]"
2023-11-19,tt1136617,"[44500000.0, 22300000.0, 2.0]",tt7038762,"[22300000.0, 16300000.0, 1.0]",tt6475714,"[10500000.0, 6100000.0, 1.0]",tt24870072,"[8200000.0, 5100000.0, 3.0]",tt5433138,"[10200000.0, 4300000.0, 4.0]",tt1091191,"[8000000.0, 4000000.0, 1.0]",tt5719748,"[5900000.0, 3000000.0, 4.0]",tt11832046,"[3800000.0, 2700000.0, 8.0]",tt15257160,"[5500000.0, 2600000.0, 4.0]",tt14960612,"[4000000.0, 2500000.0, 1.0]"
2023-11-19,tt26258204,"[10900000.0, 5600000.0, 1.0]",tt21638298,"[8900000.0, 4600000.0, 3.0]",tt27921620,"[4700000.0, 2700000.0, 1.0]",tt1091844,"[3700000.0, 2200000.0, 2.0]",,,tt26787296,"[3100000.0, 1900000.0, 4.0]",tt21211474,"[3200000.0, 1500000.0, 1.0]",tt15789472,"[2600000.0, 1400000.0, 8.0]",tt19072084,"[1700000.0, 1400000.0, 2.0]",tt26596953,"[2300000.0, 1000000.0, 8.0]"
2023-11-19,tt4786824,"[36900000.0, 11100000.0, 1.0]",,,tt15320362,"[21700000.0, 5700000.0, 3.0]",tt29541632,"[11900000.0, 3900000.0, 1.0]",tt29388212,"[9400000.0, 3200000.0, 2.0]",tt9817298,"[18300000.0, 2400000.0, 3.0]",tt28210840,"[7300000.0, 2200000.0, 2.0]",tt27423738,"[9800000.0, 2100000.0, 3.0]",tt23181388,"[13700000.0, 2000000.0, 4.0]",tt13309742,"[12300000.0, 1900000.0, 2.0]"
2023-11-19,tt22459586,"[50800000.0, 6500000.0, 1.0]",tt28019928,"[15400000.0, 2600000.0, 1.0]",,,tt15473010,"[10200000.0, 2000000.0, 3.0]",tt28348835,"[15200000.0, 2000000.0, 3.0]",tt26258202,"[23500000.0, 1800000.0, 2.0]",tt29225198,"[23700000.0, 1600000.0, 7.0]",,,tt1018841,"[8500000.0, 1500000.0, 7.0]",tt21279114,"[8200000.0, 1500000.0, 2.0]"
2023-11-12,tt1136617,"[55700000.0, 27900000.0, 1.0]",tt24870072,"[21400000.0, 13200000.0, 2.0]",tt5433138,"[24900000.0, 10400000.0, 3.0]",tt28254460,"[9500000.0, 5900000.0, 2.0]",tt5302918,"[11700000.0, 5800000.0, 2.0]",tt15257160,"[10600000.0, 5100000.0, 3.0]",tt9362722,"[10200000.0, 4400000.0, 2.0]",tt14865406,"[6100000.0, 4300000.0, 1.0]",tt4172430,"[9900000.0, 4100000.0, 3.0]",tt5719748,"[6700000.0, 3400000.0, 3.0]"
2023-11-12,tt21638298,"[22500000.0, 11600000.0, 2.0]",tt1091844,"[9000000.0, 5400000.0, 1.0]",,,tt19072084,"[3400000.0, 2800000.0, 1.0]",tt26787296,"[4300000.0, 2600000.0, 3.0]",tt15789472,"[2900000.0, 1600000.0, 7.0]",tt19175696,"[2000000.0, 1300000.0, 3.0]",tt27795356,"[2800000.0, 1300000.0, 1.0]",tt16103606,"[3000000.0, 1200000.0, 1.0]",tt26596953,"[2700000.0, 1200000.0, 7.0]"
2023-11-12,tt15320362,"[38700000.0, 10100000.0, 2.0]",tt9817298,"[30000000.0, 4700000.0, 2.0]",tt29388212,"[11900000.0, 4100000.0, 1.0]",tt28210840,"[13100000.0, 3900000.0, 1.0]",tt27423738,"[15300000.0, 3300000.0, 2.0]",tt13309742,"[18100000.0, 2900000.0, 1.0]",tt28466971,"[9000000.0, 2800000.0, 2.0]",tt23181388,"[18800000.0, 2700000.0, 3.0]",tt18347622,"[19600000.0, 2600000.0, 4.0]",tt14524712,"[8000000.0, 1700000.0, 6.0]"
2023-11-12,tt15473010,"[22400000.0, 4400000.0, 2.0]",,,tt28466970,"[18700000.0, 3100000.0, 2.0]",tt26258202,"[36400000.0, 2800000.0, 1.0]",tt1018841,"[11100000.0, 2000000.0, 6.0]",tt28348835,"[10700000.0, 1900000.0, 2.0]",tt29225198,"[22900000.0, 1900000.0, 6.0]",tt29195231,"[22000000.0, 1800000.0, 5.0]",tt2560140,"[4700000.0, 1700000.0, 1.0]",tt21279114,"[8600000.0, 1600000.0, 1.0]"
2023-11-05,tt24870072,"[28800000.0, 17800000.0, 1.0]",tt15257160,"[31700000.0, 15200000.0, 2.0]",tt5719748,"[17300000.0, 8800000.0, 2.0]",tt9362722,"[20100000.0, 8600000.0, 1.0]",tt18394190,"[8700000.0, 5000000.0, 3.0]",tt5302918,"[9500000.0, 4700000.0, 1.0]",tt28254460,"[7500000.0, 4700000.0, 1.0]",,,tt2293640,"[6600000.0, 4400000.0, 2.0]",tt9902160,"[6700000.0, 4100000.0, 1.0]"
2023-11-05,tt21638298,"[35700000.0, 18500000.0, 1.0]",tt26787296,"[10700000.0, 6500000.0, 2.0]",tt19175696,"[9300000.0, 6100000.0, 2.0]",,,tt15789472,"[3600000.0, 2000000.0, 6.0]",tt26596953,"[3900000.0, 1700000.0, 6.0]",tt13022120,"[2200000.0, 1400000.0, 4.0]",tt12519030,"[2000000.0, 1300000.0, 1.0]",tt13822738,"[2600000.0, 1300000.0, 8.0]",tt0048979,"[2000000.0, 1300000.0, 5.0]"
2023-11-05,tt15320362,"[37600000.0, 9800000.0, 1.0]",tt28466971,"[15200000.0, 4700000.0, 1.0]",tt18347622,"[33200000.0, 4300000.0, 3.0]",tt23181388,"[29500000.0, 4300000.0, 2.0]",tt27423738,"[15100000.0, 3300000.0, 1.0]",tt29333646,"[8000000.0, 3200000.0, 2.0]",tt15567174,"[23400000.0, 2800000.0, 4.0]",tt9817298,"[18100000.0, 2800000.0, 1.0]",tt14524712,"[12600000.0, 2700000.0, 5.0]",tt29416049,"[6600000.0, 2300000.0, 1.0]"
2023-11-05,tt1018841,"[18100000.0, 3300000.0, 5.0]",tt29195231,"[33200000.0, 2800000.0, 4.0]",tt7134908,"[18000000.0, 2600000.0, 3.0]",tt29225198,"[23100000.0, 2300000.0, 5.0]",tt24245988,"[14400000.0, 2100000.0, 3.0]",tt15473010,"[10300000.0, 2000000.0, 1.0]",tt22301234,"[6800000.0, 1800000.0, 1.0]",tt28466970,"[10100000.0, 1700000.0, 1.0]",tt28348835,"[7700000.0, 1600000.0, 1.0]",tt1018841,"[5900000.0, 1500000.0, 5.0]"
2023-10-29,tt18394190,"[28200000.0, 16300000.0, 2.0]",tt15257160,"[29300000.0, 14100000.0, 1.0]",tt15671028,"[22700000.0, 13100000.0, 2.0]",tt5719748,"[13200000.0, 6700000.0, 1.0]",tt1615918,"[5700000.0, 3900000.0, 2.0]",,,tt13274016,"[7900000.0, 3500000.0, 5.0]",tt2293640,"[4500000.0, 3000000.0, 1.0]",tt2510894,"[4200000.0, 2800000.0, 4.0]",tt1231580,"[3900000.0, 2600000.0, 1.0]"
2023-10-29,tt26787296,"[24300000.0, 14700000.0, 1.0]",tt19175696,"[9400000.0, 6200000.0, 1.0]",tt6523720,"[6200000.0, 3600000.0, 2.0]",tt22086334,"[6300000.0, 3000000.0, 2.0]",tt21249656,"[5800000.0, 2900000.0, 2.0]",tt12753120,"[5000000.0, 2800000.0, 1.0]",tt15789472,"[4600000.0, 2500000.0, 5.0]",tt24785544,"[3700000.0, 2200000.0, 1.0]",tt26596953,"[4800000.0, 2100000.0, 5.0]",tt0048979,"[3100000.0, 2000000.0, 4.0]"
2023-10-29,tt18347622,"[58600000.0, 7700000.0, 2.0]",tt29333646,"[18400000.0, 7300000.0, 1.0]",tt23181388,"[38300000.0, 5500000.0, 1.0]",tt15567174,"[34500000.0, 4200000.0, 3.0]",tt14524712,"[18900000.0, 4000000.0, 4.0]",tt2340201,"[12500000.0, 2700000.0, 2.0]",tt27591984,"[8400000.0, 2400000.0, 2.0]",tt7767422,"[13800000.0, 1700000.0, 6.0]",tt27849953,"[8900000.0, 1300000.0, 1.0]",tt12427840,"[1400000.0, 1300000.0, 6.0]"
2023-10-29,tt7134908,"[37100000.0, 5300000.0, 2.0]",tt1018841,"[25800000.0, 4700000.0, 4.0]",tt24245988,"[31800000.0, 4500000.0, 2.0]",tt29195231,"[45500000.0, 3800000.0, 3.0]",tt29225198,"[21600000.0, 2700000.0, 4.0]",tt1018841,"[8100000.0, 2000000.0, 4.0]",tt1018841,"[7400000.0, 2000000.0, 8.0]",tt0156205,"[12100000.0, 1900000.0, 2.0]",tt19072562,"[11100000.0, 1500000.0, 2.0]",,
2023-10-22,tt18394190,"[23100000.0, 13300000.0, 1.0]",tt28810493,"[11000000.0, 8000000.0, 1.0]",tt1025100,"[14300000.0, 7300000.0, 5.0]",tt13274016,"[15800000.0, 7000000.0, 4.0]",tt2139881,"[8800000.0, 4200000.0, 1.0]",tt16304446,"[7300000.0, 3800000.0, 3.0]",tt15671028,"[6600000.0, 3800000.0, 1.0]",tt2103254,"[6000000.0, 3800000.0, 1.0]",tt0227538,"[5400000.0, 3700000.0, 1.0]",tt0175142,"[5400000.0, 3700000.0, 1.0]"
2023-10-22,tt26547864,"[10900000.0, 6500000.0, 2.0]",tt15789472,"[9100000.0, 5000000.0, 4.0]",tt0048979,"[6600000.0, 4200000.0, 3.0]",tt6523720,"[6400000.0, 3700000.0, 1.0]",tt26596953,"[8300000.0, 3600000.0, 4.0]",,,tt21249656,"[5200000.0, 2600000.0, 1.0]",tt22086334,"[4600000.0, 2200000.0, 1.0]",tt13022120,"[2400000.0, 1500000.0, 3.0]",tt15732324,"[3500000.0, 1400000.0, 3.0]"
2023-10-22,tt15567174,"[65300000.0, 7900000.0, 2.0]",tt14524712,"[32800000.0, 6900000.0, 3.0]",tt18347622,"[42000000.0, 5500000.0, 1.0]",tt27591984,"[12100000.0, 3400000.0, 1.0]",tt7767422,"[21300000.0, 2600000.0, 5.0]",tt2620890,"[20400000.0, 1800000.0, 5.0]",tt2340201,"[7400000.0, 1600000.0, 1.0]",tt11737520,"[10900000.0, 1400000.0, 8.0]",tt12427840,"[1400000.0, 1300000.0, 5.0]",tt12427840,"[3600000.0, 1200000.0, 2.0]"
2023-10-22,tt1018841,"[42700000.0, 7700000.0, 3.0]",tt29195231,"[68800000.0, 5700000.0, 2.0]",tt29225198,"[20700000.0, 3600000.0, 3.0]",tt1018841,"[12900000.0, 3200000.0, 3.0]",tt1018841,"[11500000.0, 3000000.0, 7.0]",tt7134908,"[21100000.0, 3000000.0, 1.0]",tt24245988,"[19800000.0, 2800000.0, 1.0]",tt27494436,"[11500000.0, 1600000.0, 2.0]",tt19072562,"[11700000.0, 1600000.0, 1.0]",tt0156205,"[8500000.0, 1400000.0, 1.0]"
2023-10-15,tt13274016,"[32300000.0, 14200000.0, 3.0]",tt16304446,"[26900000.0, 14000000.0, 2.0]",tt1025100,"[10300000.0, 5300000.0, 4.0]",tt3532216,"[9300000.0, 4900000.0, 1.0]",tt0377092,"[6300000.0, 3900000.0, 3.0]",tt7958736,"[5800000.0, 3500000.0, 1.0]",tt0112642,"[5400000.0, 3200000.0, 1.0]",tt3580748,"[5400000.0, 3100000.0, 1.0]",tt13320622,"[5800000.0, 3100000.0, 1.0]",tt5052448,"[5300000.0, 3100000.0, 2.0]"
2023-10-15,tt0048979,"[23100000.0, 14700000.0, 2.0]",tt15789472,"[23900000.0, 13200000.0, 3.0]",tt26547864,"[12700000.0, 7600000.0, 1.0]",tt26596953,"[15800000.0, 6800000.0, 3.0]",tt15732324,"[11500000.0, 4500000.0, 2.0]",tt15433600,"[8700000.0, 3300000.0, 2.0]",tt13022120,"[4100000.0, 2600000.0, 2.0]",,,tt16427938,"[2900000.0, 1700000.0, 3.0]",tt29025883,"[2700000.0, 1600000.0, 1.0]"
2023-10-15,tt14524712,"[54900000.0, 11600000.0, 2.0]",tt15567174,"[51900000.0, 6300000.0, 1.0]",tt7767422,"[32700000.0, 4000000.0, 4.0]",tt14081634,"[9700000.0, 3100000.0, 1.0]",tt6269952,"[27900000.0, 2600000.0, 4.0]",tt11737520,"[14300000.0, 1900000.0, 7.0]",tt12427840,"[1500000.0, 1400000.0, 4.0]",tt9077530,"[10700000.0, 1400000.0, 6.0]",tt16287480,"[8300000.0, 1300000.0, 1.0]",tt1877368,"[4300000.0, 1300000.0, 2.0]"
2023-10-15,tt1018841,"[77900000.0, 14100000.0, 2.0]",tt1018841,"[18700000.0, 4700000.0, 2.0]",tt29225198,"[15800000.0, 4400000.0, 2.0]",tt1018841,"[16100000.0, 4300000.0, 6.0]",tt29195231,"[43300000.0, 3600000.0, 1.0]",tt27494436,"[6400000.0, 1800000.0, 1.0]",tt20863760,"[8400000.0, 1700000.0, 6.0]",tt27974068,"[28900000.0, 1700000.0, 8.0]",tt13706018,"[1200000.0, 1500000.0, 1.0]",tt20449034,"[4800000.0, 1300000.0, 1.0]"
2023-10-08,tt13274016,"[45100000.0, 19900000.0, 2.0]",tt16304446,"[24200000.0, 12600000.0, 1.0]",tt28073548,"[10700000.0, 7200000.0, 2.0]",tt2708254,"[10600000.0, 6300000.0, 1.0]",tt6654210,"[8600000.0, 4900000.0, 1.0]",tt0377092,"[7300000.0, 4500000.0, 2.0]",tt13978520,"[7100000.0, 4300000.0, 3.0]",tt1204975,"[7200000.0, 4100000.0, 1.0]",tt2024432,"[7300000.0, 3900000.0, 1.0]",tt24083908,"[7700000.0, 3700000.0, 3.0]"
2023-10-08,tt15789472,"[54400000.0, 29900000.0, 2.0]",tt26596953,"[24500000.0, 10500000.0, 2.0]",tt0048979,"[15800000.0, 10100000.0, 1.0]",tt16427938,"[8400000.0, 5000000.0, 2.0]",tt15433600,"[13200000.0, 5000000.0, 1.0]",tt28840429,"[3800000.0, 2700000.0, 2.0]",tt15732324,"[6200000.0, 2400000.0, 1.0]",tt27045321,"[3400000.0, 2100000.0, 2.0]",tt15748830,"[4400000.0, 1900000.0, 3.0]",tt13022120,"[2700000.0, 1700000.0, 1.0]"
2023-10-08,tt14524712,"[58800000.0, 12400000.0, 1.0]",tt7767422,"[53800000.0, 6600000.0, 3.0]",tt2620890,"[32600000.0, 3700000.0, 3.0]",tt11737520,"[18800000.0, 2500000.0, 6.0]",tt31308366,"[6800000.0, 2000000.0, 2.0]",tt9077530,"[15200000.0, 2000000.0, 5.0]",tt14833612,"[6800000.0, 1800000.0, 2.0]",tt26340238,"[3200000.0, 1800000.0, 3.0]",tt26445771,"[3800000.0, 1600000.0, 2.0]",tt1877368,"[3500000.0, 1600000.0, 1.0]"
2023-10-08,tt1018841,"[63900000.0, 11600000.0, 1.0]",tt1018841,"[13900000.0, 3500000.0, 1.0]",tt20863760,"[14500000.0, 3000000.0, 5.0]",tt1018841,"[10200000.0, 2700000.0, 5.0]",tt29225198,"[2500000.0, 1600000.0, 1.0]",tt27995115,"[14700000.0, 1500000.0, 2.0]",tt27974068,"[22500000.0, 1500000.0, 7.0]",tt22073352,"[8700000.0, 1300000.0, 5.0]",tt21627436,"[8600000.0, 1000000.0, 3.0]",tt27787857,"[4400000.0, 1000000.0, 4.0]"
2023-10-01,tt13274016,"[40200000.0, 17700000.0, 1.0]",tt28073548,"[17300000.0, 11700000.0, 1.0]",tt24083908,"[23100000.0, 11200000.0, 2.0]",tt13978520,"[14700000.0, 9000000.0, 2.0]",tt2850386,"[14100000.0, 8900000.0, 2.0]",tt2183014,"[11400000.0, 7500000.0, 3.0]",tt12648266,"[4900000.0, 3300000.0, 1.0]",tt11040844,"[5700000.0, 3100000.0, 1.0]",tt1637688,"[5400000.0, 3000000.0, 3.0]",tt1722514,"[4500000.0, 2700000.0, 1.0]"
2023-10-01,tt15789472,"[43200000.0, 23800000.0, 1.0]",tt26596953,"[27800000.0, 11900000.0, 1.0]",tt16427938,"[14100000.0, 8500000.0, 1.0]",tt15748830,"[14800000.0, 6400000.0, 2.0]",tt27045321,"[6600000.0, 4000000.0, 1.0]",tt28840429,"[3000000.0, 2100000.0, 1.0]",tt26234970,"[3900000.0, 1700000.0, 1.0]",tt23049270,"[2600000.0, 1400000.0, 1.0]",tt27727074,"[2100000.0, 1300000.0, 3.0]",tt15944018,"[2200000.0, 1200000.0, 3.0]"
2023-10-01,tt7767422,"[108400000.0, 13400000.0, 2.0]",tt26445771,"[12800000.0, 5500000.0, 1.0]",tt2620890,"[36200000.0, 5300000.0, 2.0]",tt26340238,"[8000000.0, 4500000.0, 2.0]",tt31308366,"[14900000.0, 4400000.0, 1.0]",tt11737520,"[28400000.0, 3800000.0, 5.0]",tt9077530,"[22600000.0, 3000000.0, 4.0]",tt14833612,"[9800000.0, 2600000.0, 1.0]",tt7767422,"[12800000.0, 1900000.0, 4.0]",tt0374463,"[15300000.0, 1700000.0, 2.0]"
2023-10-01,tt20863760,"[25600000.0, 5300000.0, 4.0]",tt21627436,"[22700000.0, 2600000.0, 2.0]",tt27995115,"[10000000.0, 2300000.0, 1.0]",tt22073352,"[14300000.0, 2200000.0, 4.0]",tt9058134,"[9700000.0, 1900000.0, 2.0]",tt27787857,"[8100000.0, 1800000.0, 3.0]",tt27974068,"[20200000.0, 1500000.0, 6.0]",tt21627438,"[11900000.0, 1000000.0, 4.0]",tt26314390,"[15700000.0, 900000.0, 4.0]",tt0108727,"[5200000.0, 800000.0, 3.0]"
2023-09-24,tt2183014,"[23000000.0, 15200000.0, 2.0]",tt13978520,"[11000000.0, 6700000.0, 1.0]",tt1637688,"[10400000.0, 5700000.0, 2.0]",tt24083908,"[11600000.0, 5600000.0, 1.0]",tt2850386,"[8700000.0, 5500000.0, 1.0]",tt0993846,"[9700000.0, 3200000.0, 1.0]",tt11686490,"[4000000.0, 2900000.0, 1.0]",tt8364368,"[4200000.0, 2900000.0, 1.0]",tt4824302,"[5100000.0, 2600000.0, 2.0]",tt21276878,"[4300000.0, 2500000.0, 5.0]"
2023-09-24,tt15748830,"[18800000.0, 8100000.0, 1.0]",tt27727074,"[6000000.0, 3800000.0, 2.0]",tt15944018,"[6300000.0, 3500000.0, 2.0]",tt28687398,"[2700000.0, 2000000.0, 3.0]",tt28366647,"[2600000.0, 1800000.0, 2.0]",tt21113540,"[2600000.0, 1400000.0, 2.0]",tt28765467,"[1900000.0, 1100000.0, 1.0]",,,tt8499724,"[2300000.0, 900000.0, 2.0]",tt14542504,"[1300000.0, 800000.0, 4.0]"
2023-09-24,tt7767422,"[97600000.0, 12000000.0, 1.0]",tt26340238,"[13600000.0, 7600000.0, 1.0]",tt11737520,"[46600000.0, 6200000.0, 4.0]",tt9077530,"[37700000.0, 4900000.0, 3.0]",,,tt13925166,"[12800000.0, 3400000.0, 2.0]",tt2620890,"[11900000.0, 3000000.0, 1.0]",,,tt0374463,"[21500000.0, 2400000.0, 1.0]",tt26340238,"[5700000.0, 2400000.0, 3.0]"
2023-09-24,tt20863760,"[50200000.0, 10400000.0, 3.0]",tt22073352,"[24500000.0, 3700000.0, 3.0]",tt27787857,"[16400000.0, 3700000.0, 2.0]",tt9058134,"[11700000.0, 2300000.0, 1.0]",tt27974068,"[18900000.0, 1700000.0, 5.0]",tt21627436,"[14900000.0, 1700000.0, 1.0]",tt21627438,"[19700000.0, 1600000.0, 3.0]",tt0108727,"[9300000.0, 1500000.0, 2.0]",tt9251798,"[5100000.0, 1200000.0, 5.0]",tt28658091,"[7000000.0, 1100000.0, 2.0]"
2023-09-17,tt2183014,"[21400000.0, 14100000.0, 1.0]",tt21276878,"[7400000.0, 4300000.0, 4.0]",tt2114504,"[5300000.0, 3500000.0, 2.0]",,,tt4477536,"[5900000.0, 3400000.0, 1.0]",tt0481499,"[5200000.0, 3200000.0, 7.0]",tt8305852,"[4600000.0, 3000000.0, 1.0]",tt2620590,"[4300000.0, 2900000.0, 1.0]",tt3874544,"[4600000.0, 2800000.0, 13.0]",tt3393786,"[5200000.0, 2600000.0, 3.0]"
2023-09-17,tt15944018,"[9600000.0, 5400000.0, 1.0]",tt27727074,"[6800000.0, 4300000.0, 1.0]",tt28687398,"[5400000.0, 4000000.0, 2.0]",tt28366647,"[2700000.0, 1800000.0, 1.0]",tt20414642,"[2500000.0, 1600000.0, 3.0]",tt14542504,"[2100000.0, 1300000.0, 3.0]",tt21113540,"[2200000.0, 1200000.0, 1.0]",,,tt21087084,"[1400000.0, 900000.0, 3.0]",tt8499724,"[2300000.0, 900000.0, 1.0]"
2023-09-17,tt11737520,"[75500000.0, 10000000.0, 3.0]",tt9077530,"[73200000.0, 9600000.0, 2.0]",tt18075020,"[22000000.0, 3800000.0, 4.0]",tt1830379,"[18600000.0, 3700000.0, 2.0]",tt15907000,"[12300000.0, 2700000.0, 1.0]",tt28637385,"[15900000.0, 2600000.0, 2.0]",tt13925166,"[8000000.0, 2100000.0, 1.0]",,,,,tt17405750,"[6500000.0, 1700000.0, 2.0]"
2023-09-17,tt20863760,"[74000000.0, 15400000.0, 2.0]",tt22073352,"[43900000.0, 6700000.0, 2.0]",tt27787857,"[15700000.0, 3500000.0, 1.0]",tt21627438,"[36500000.0, 3000000.0, 2.0]",tt27974068,"[18200000.0, 2000000.0, 4.0]",tt9251798,"[8100000.0, 1800000.0, 4.0]",tt24364150,"[7700000.0, 1600000.0, 1.0]",tt0108727,"[8900000.0, 1400000.0, 1.0]",tt28658091,"[7800000.0, 1200000.0, 1.0]",tt24578052,"[4400000.0, 1200000.0, 1.0]"
2023-09-10,tt21276878,"[15300000.0, 8800000.0, 3.0]",tt19267924,"[9000000.0, 7000000.0, 2.0]",tt0481499,"[6800000.0, 4200000.0, 6.0]",,,tt3874544,"[6400000.0, 3900000.0, 12.0]",tt0882977,"[6900000.0, 3900000.0, 2.0]",tt10276482,"[6600000.0, 3800000.0, 2.0]",tt3393786,"[7400000.0, 3800000.0, 2.0]",tt13603966,"[7300000.0, 3500000.0, 5.0]",tt0790724,"[7500000.0, 3500000.0, 2.0]"
2023-09-10,tt20414642,"[10400000.0, 6500000.0, 2.0]",tt14542504,"[5800000.0, 3600000.0, 2.0]",tt21087084,"[5300000.0, 3400000.0, 2.0]",tt28687398,"[2000000.0, 1500000.0, 1.0]",tt28568397,"[2300000.0, 1300000.0, 2.0]",tt18260564,"[1300000.0, 900000.0, 3.0]",tt1718199,"[1600000.0, 800000.0, 2.0]",tt28634523,"[1500000.0, 800000.0, 1.0]",tt6126686,"[1400000.0, 700000.0, 7.0]",,
2023-09-10,tt11737520,"[145700000.0, 19300000.0, 2.0]",tt9077530,"[68500000.0, 9000000.0, 1.0]",tt18075020,"[40600000.0, 7100000.0, 3.0]",tt1830379,"[28700000.0, 5600000.0, 1.0]",tt28523129,"[8200000.0, 3100000.0, 2.0]",,,tt17405750,"[10800000.0, 2900000.0, 1.0]",tt5363918,"[10300000.0, 2200000.0, 2.0]",tt11816814,"[10100000.0, 2000000.0, 5.0]",tt28637385,"[11500000.0, 1900000.0, 1.0]"
2023-09-10,tt20863760,"[49100000.0, 10200000.0, 1.0]",tt22073352,"[26600000.0, 4100000.0, 1.0]",tt9251798,"[13500000.0, 3100000.0, 3.0]",tt27974068,"[16000000.0, 2400000.0, 3.0]",tt26258200,"[11700000.0, 1700000.0, 4.0]",tt9251798,"[7400000.0, 1500000.0, 3.0]",tt21627438,"[17600000.0, 1400000.0, 1.0]",,,tt9251798,"[6100000.0, 1400000.0, 3.0]",tt28544336,"[24100000.0, 1200000.0, 1.0]"
2023-09-03,tt21276878,"[37900000.0, 21900000.0, 2.0]",tt8637498,"[10600000.0, 6600000.0, 3.0]",tt13603966,"[13700000.0, 6500000.0, 4.0]",tt19267924,"[8300000.0, 6500000.0, 1.0]",tt3874544,"[8500000.0, 5200000.0, 11.0]",,,tt13375076,"[5400000.0, 3100000.0, 3.0]",tt10276482,"[5100000.0, 2900000.0, 1.0]",tt14824590,"[4800000.0, 2800000.0, 1.0]",tt0882977,"[4100000.0, 2300000.0, 1.0]"
2023-09-03,tt14542504,"[8600000.0, 5400000.0, 1.0]",tt18260564,"[7900000.0, 5300000.0, 2.0]",tt20414642,"[7100000.0, 4400000.0, 1.0]",tt28496500,"[4100000.0, 2400000.0, 2.0]",tt21087084,"[3600000.0, 2300000.0, 1.0]",tt28552695,"[2300000.0, 1300000.0, 3.0]",tt6126686,"[2000000.0, 1000000.0, 6.0]",,,tt28568397,"[1500000.0, 800000.0, 1.0]",tt1718199,"[1500000.0, 800000.0, 1.0]"
2023-09-03,tt11737520,"[140100000.0, 18500000.0, 1.0]",tt18075020,"[90300000.0, 15800000.0, 2.0]",tt28523129,"[15200000.0, 5700000.0, 1.0]",tt11816814,"[16700000.0, 3400000.0, 4.0]",tt18396952,"[22900000.0, 3100000.0, 2.0]",tt27541298,"[6500000.0, 2700000.0, 3.0]",,,tt12427840,"[1700000.0, 1600000.0, 3.0]",tt9165438,"[3700000.0, 1500000.0, 4.0]",tt5363918,"[6600000.0, 1400000.0, 1.0]"
2023-09-03,tt9251798,"[27900000.0, 6300000.0, 2.0]",tt26258200,"[23900000.0, 3500000.0, 3.0]",tt27974068,"[13200000.0, 2900000.0, 2.0]",tt9251798,"[13200000.0, 2700000.0, 2.0]",tt9251798,"[11600000.0, 2600000.0, 2.0]",tt13357140,"[23100000.0, 2000000.0, 6.0]",tt26314390,"[11100000.0, 1400000.0, 3.0]",tt26693803,"[24900000.0, 1300000.0, 11.0]",tt13273826,"[15200000.0, 1300000.0, 4.0]",tt19869172,"[4500000.0, 1200000.0, 7.0]"
2023-08-27,tt8637498,"[23200000.0, 14400000.0, 2.0]",tt13603966,"[28500000.0, 13600000.0, 3.0]",tt21276878,"[21300000.0, 12300000.0, 1.0]",tt0421073,"[10300000.0, 5700000.0, 2.0]",tt3874544,"[9000000.0, 5500000.0, 10.0]",tt4881806,"[10100000.0, 4700000.0, 1.0]",tt13375076,"[6500000.0, 3800000.0, 2.0]",tt10515926,"[5900000.0, 3700000.0, 2.0]",tt0351283,"[4800000.0, 3300000.0, 1.0]",tt7547410,"[4900000.0, 2900000.0, 2.0]"
2023-08-27,tt28552695,"[9300000.0, 5300000.0, 2.0]",tt28496500,"[8600000.0, 5100000.0, 1.0]",tt18260564,"[5800000.0, 3900000.0, 1.0]",tt24852002,"[7300000.0, 3500000.0, 2.0]",tt6126686,"[3200000.0, 1600000.0, 5.0]",tt11658120,"[2400000.0, 1300000.0, 5.0]",tt26675491,"[2300000.0, 1000000.0, 1.0]",tt20672534,"[2000000.0, 900000.0, 4.0]",tt12915716,"[2600000.0, 900000.0, 3.0]",tt21257152,"[1300000.0, 800000.0, 5.0]"
2023-08-27,tt18075020,"[75400000.0, 13200000.0, 1.0]",tt27541298,"[20100000.0, 8300000.0, 2.0]",tt11816814,"[27800000.0, 5600000.0, 3.0]",,,tt18396952,"[21600000.0, 3600000.0, 1.0]",tt21875120,"[15600000.0, 3000000.0, 2.0]",tt1047885,"[10500000.0, 2200000.0, 2.0]",tt13833978,"[15300000.0, 1900000.0, 8.0]",tt9165438,"[4400000.0, 1800000.0, 3.0]",tt13433814,"[7300000.0, 1700000.0, 1.0]"
2023-08-27,tt26258200,"[50800000.0, 7400000.0, 2.0]",tt9251798,"[28800000.0, 6500000.0, 1.0]",tt1405354,"[17200000.0, 4000000.0, 2.0]",tt27974068,"[8100000.0, 3500000.0, 1.0]",tt13357140,"[27700000.0, 2400000.0, 5.0]",tt9251798,"[10000000.0, 2200000.0, 1.0]",tt17524566,"[13300000.0, 2200000.0, 2.0]",tt9251798,"[8800000.0, 1800000.0, 1.0]",tt26314390,"[9900000.0, 1700000.0, 2.0]",tt23183618,"[6000000.0, 1600000.0, 5.0]"
2023-08-20,tt13603966,"[74000000.0, 35200000.0, 2.0]",tt8637498,"[13100000.0, 8100000.0, 1.0]",tt13375076,"[10400000.0, 6000000.0, 1.0]",tt10515926,"[7300000.0, 4600000.0, 1.0]",tt6879446,"[6000000.0, 3500000.0, 4.0]",tt10364034,"[5900000.0, 3500000.0, 4.0]",tt7634968,"[6700000.0, 3400000.0, 2.0]",tt1690953,"[5500000.0, 3400000.0, 11.0]",,,,
2023-08-20,tt28552695,"[9900000.0, 5700000.0, 1.0]",tt6126686,"[7100000.0, 3600000.0, 4.0]",tt24852002,"[6500000.0, 3100000.0, 1.0]",tt12915716,"[8200000.0, 2800000.0, 2.0]",tt20672534,"[4100000.0, 1900000.0, 3.0]",tt28546464,"[3600000.0, 1600000.0, 2.0]",tt22742964,"[3300000.0, 1500000.0, 2.0]",tt26686436,"[2900000.0, 1500000.0, 1.0]",tt28290233,"[1800000.0, 1100000.0, 3.0]",tt11658120,"[2000000.0, 1100000.0, 4.0]"
2023-08-20,tt27541298,"[39500000.0, 16200000.0, 1.0]",tt11816814,"[54100000.0, 10900000.0, 2.0]",tt1047885,"[18400000.0, 3900000.0, 1.0]",tt21875120,"[16900000.0, 3300000.0, 1.0]",tt13833978,"[23500000.0, 2900000.0, 7.0]",tt9165438,"[6400000.0, 2600000.0, 2.0]",tt5180504,"[14700000.0, 1900000.0, 8.0]",tt10945036,"[4800000.0, 1800000.0, 1.0]",tt14690802,"[7300000.0, 1800000.0, 1.0]",tt10638036,"[8300000.0, 1800000.0, 3.0]"
2023-08-20,tt1405354,"[13200000.0, 3100000.0, 1.0]",tt26258200,"[19200000.0, 2800000.0, 1.0]",tt23183618,"[9900000.0, 2700000.0, 4.0]",tt26314390,"[9300000.0, 2500000.0, 1.0]",tt26693803,"[38400000.0, 2000000.0, 10.0]",tt19869172,"[5600000.0, 2000000.0, 6.0]",tt13273826,"[12600000.0, 1400000.0, 3.0]",tt17524566,"[8100000.0, 1300000.0, 1.0]",tt15473010,"[6800000.0, 1300000.0, 4.0]",tt13357140,"[5400000.0, 1000000.0, 4.0]"
2023-08-13,tt13603966,"[69600000.0, 33100000.0, 1.0]",tt6879446,"[13300000.0, 7700000.0, 3.0]",,,tt7634968,"[11600000.0, 5900000.0, 1.0]",tt10364034,"[9800000.0, 5800000.0, 3.0]",tt15509244,"[8900000.0, 5000000.0, 3.0]",tt1690953,"[7800000.0, 4800000.0, 10.0]",tt12550376,"[6200000.0, 4400000.0, 2.0]",tt8829830,"[7100000.0, 4100000.0, 3.0]",tt21291992,"[5900000.0, 3900000.0, 2.0]"
2023-08-13,tt6126686,"[15000000.0, 7600000.0, 3.0]",tt20672534,"[13400000.0, 6200000.0, 2.0]",tt28290233,"[8000000.0, 4800000.0, 2.0]",tt25010142,"[2800000.0, 3100000.0, 1.0]",tt28546464,"[4800000.0, 2100000.0, 1.0]",tt28306747,"[2600000.0, 1600000.0, 2.0]",tt22742964,"[3400000.0, 1600000.0, 1.0]",tt12915716,"[4500000.0, 1500000.0, 1.0]",tt1899353,"[2000000.0, 1200000.0, 1.0]",tt13814704,"[2400000.0, 1200000.0, 3.0]"
2023-08-13,tt11816814,"[35900000.0, 7200000.0, 1.0]",tt13833978,"[42400000.0, 5200000.0, 6.0]",tt9165438,"[9900000.0, 4100000.0, 1.0]",tt10638036,"[18700000.0, 4000000.0, 2.0]",tt27951663,"[20200000.0, 2800000.0, 6.0]",tt5180504,"[21300000.0, 2800000.0, 7.0]",tt4643420,"[2400000.0, 2400000.0, 2.0]",tt13833978,"[18300000.0, 2200000.0, 11.0]",tt9077540,"[16200000.0, 1900000.0, 4.0]",tt13353168,"[4900000.0, 1800000.0, 1.0]"
2023-08-13,tt23183618,"[17100000.0, 4700000.0, 3.0]",tt26693803,"[60600000.0, 3200000.0, 9.0]",tt19869172,"[5500000.0, 2300000.0, 5.0]",tt15473010,"[11400000.0, 2100000.0, 3.0]",tt26770113,"[14300000.0, 1900000.0, 1.0]",tt13273826,"[11800000.0, 1700000.0, 2.0]",tt13357140,"[8500000.0, 1500000.0, 3.0]",tt28457132,"[3300000.0, 1500000.0, 1.0]",tt15473010,"[5700000.0, 1200000.0, 5.0]",tt13024974,"[6100000.0, 1100000.0, 3.0]"
2023-08-06,tt6879446,"[40500000.0, 23600000.0, 2.0]",tt15509244,"[23100000.0, 13100000.0, 2.0]",tt10364034,"[21200000.0, 12500000.0, 2.0]",tt27548083,"[7200000.0, 5100000.0, 1.0]",tt19113292,"[6900000.0, 5000000.0, 2.0]",tt8829830,"[8500000.0, 5000000.0, 2.0]",tt12550376,"[5200000.0, 3700000.0, 1.0]",tt9873892,"[7500000.0, 3600000.0, 3.0]",tt21291992,"[5200000.0, 3400000.0, 1.0]",,
2023-08-06,tt6126686,"[30700000.0, 15500000.0, 2.0]",tt28290233,"[19300000.0, 11600000.0, 1.0]",tt20672534,"[14200000.0, 6600000.0, 1.0]",tt13814704,"[6200000.0, 3000000.0, 2.0]",tt27640680,"[3900000.0, 2100000.0, 2.0]",,,tt28506156,"[2200000.0, 1400000.0, 1.0]",tt24062912,"[1800000.0, 1200000.0, 1.0]",tt22696230,"[2300000.0, 1100000.0, 1.0]",tt28306747,"[1600000.0, 1000000.0, 1.0]"
2023-08-06,tt13833978,"[55200000.0, 6700000.0, 5.0]",tt10638036,"[28500000.0, 6100000.0, 1.0]",tt5180504,"[41400000.0, 5400000.0, 6.0]",tt9077540,"[24800000.0, 2900000.0, 3.0]",tt28253602,"[7300000.0, 2300000.0, 1.0]",tt13833978,"[17300000.0, 2100000.0, 10.0]",tt27951663,"[13600000.0, 1900000.0, 5.0]",tt12004280,"[15300000.0, 1900000.0, 4.0]",tt4643420,"[1700000.0, 1700000.0, 1.0]",tt12427840,"[1700000.0, 1600000.0, 2.0]"
2023-08-06,tt23183618,"[24900000.0, 6800000.0, 2.0]",tt15473010,"[23000000.0, 4300000.0, 2.0]",tt26693803,"[66400000.0, 3600000.0, 8.0]",tt13357140,"[19100000.0, 3500000.0, 2.0]",tt13024974,"[15400000.0, 2900000.0, 2.0]",tt19869172,"[4900000.0, 2400000.0, 4.0]",tt13273826,"[10400000.0, 2200000.0, 1.0]",tt15473010,"[9700000.0, 2000000.0, 4.0]",tt8165086,"[11500000.0, 1800000.0, 2.0]",tt25811262,"[2500000.0, 1500000.0, 4.0]"
2023-07-30,tt6879446,"[37800000.0, 22000000.0, 1.0]",tt10364034,"[20800000.0, 12200000.0, 1.0]",tt9873892,"[23000000.0, 11100000.0, 2.0]",tt15509244,"[16500000.0, 9300000.0, 1.0]",tt19113292,"[10400000.0, 7600000.0, 1.0]",tt11274492,"[8900000.0, 5500000.0, 4.0]",tt27837488,"[5600000.0, 5200000.0, 1.0]",tt3915174,"[7200000.0, 4200000.0, 3.0]",tt24132732,"[6500000.0, 3500000.0, 2.0]",tt12263384,"[6000000.0, 2900000.0, 7.0]"
2023-07-30,tt6126686,"[16100000.0, 8100000.0, 1.0]",,,tt13814704,"[9900000.0, 4800000.0, 1.0]",tt21737024,"[4700000.0, 2900000.0, 2.0]",tt27640680,"[3900000.0, 2100000.0, 1.0]",tt21308698,"[2900000.0, 1800000.0, 3.0]",,,tt9099938,"[3300000.0, 1500000.0, 2.0]",,,tt27987407,"[1700000.0, 1100000.0, 4.0]"
2023-07-30,tt5180504,"[59000000.0, 7800000.0, 5.0]",tt9077540,"[45900000.0, 5300000.0, 2.0]",tt12004280,"[26300000.0, 3200000.0, 3.0]",tt13833978,"[12600000.0, 3000000.0, 4.0]",tt17361756,"[8000000.0, 2200000.0, 3.0]",,,tt26777035,"[11000000.0, 1700000.0, 3.0]",tt27951663,"[6400000.0, 1700000.0, 4.0]",,,tt12427840,"[1800000.0, 1700000.0, 1.0]"
2023-07-30,tt8165086,"[42200000.0, 6400000.0, 1.0]",tt13357140,"[33000000.0, 6000000.0, 1.0]",tt26693803,"[64500000.0, 4000000.0, 7.0]",tt23183618,"[11600000.0, 3200000.0, 1.0]",tt13024974,"[15000000.0, 2800000.0, 1.0]",tt19869172,"[4300000.0, 2700000.0, 3.0]",tt15473010,"[13700000.0, 2500000.0, 1.0]",tt21327000,"[12800000.0, 2000000.0, 3.0]",tt25811262,"[2100000.0, 1800000.0, 3.0]",tt12343534,"[2600000.0, 1600000.0, 3.0]"
2023-07-23,tt11274492,"[19500000.0, 12100000.0, 3.0]",tt27837467,"[10300000.0, 6500000.0, 1.0]",tt9873892,"[13100000.0, 6300000.0, 1.0]",tt3915174,"[10600000.0, 6200000.0, 2.0]",tt24132732,"[8400000.0, 4600000.0, 1.0]",tt1408253,"[7100000.0, 4300000.0, 1.0]",tt0328107,"[9400000.0, 3900000.0, 4.0]",tt12263384,"[7800000.0, 3800000.0, 6.0]",tt19500164,"[5900000.0, 3400000.0, 4.0]",tt2091256,"[4600000.0, 3100000.0, 1.0]"
2023-07-23,,,tt21308698,"[8600000.0, 5200000.0, 2.0]",tt9099938,"[6600000.0, 3000000.0, 1.0]",tt21737024,"[4500000.0, 2800000.0, 1.0]",tt27987407,"[4400000.0, 2700000.0, 3.0]",tt27876411,"[4800000.0, 2600000.0, 2.0]",,,tt32188500,"[1900000.0, 1500000.0, 1.0]",tt28022861,"[2400000.0, 1300000.0, 3.0]",tt26599543,"[1900000.0, 1200000.0, 1.0]"
2023-07-23,tt9077540,"[39500000.0, 4600000.0, 1.0]",tt13833978,"[19400000.0, 4600000.0, 3.0]",tt5180504,"[20100000.0, 4200000.0, 4.0]",tt12004280,"[24000000.0, 4100000.0, 2.0]",tt17361756,"[13700000.0, 3800000.0, 2.0]",tt27951663,"[12100000.0, 3200000.0, 3.0]",tt26777035,"[18800000.0, 2900000.0, 2.0]",tt19495202,"[20300000.0, 2200000.0, 4.0]",tt13833978,"[17800000.0, 2100000.0, 9.0]",tt13961348,"[6800000.0, 2100000.0, 2.0]"
2023-07-23,tt26693803,"[65100000.0, 4700000.0, 6.0]",tt21327000,"[22500000.0, 3500000.0, 2.0]",tt27853283,"[11500000.0, 2400000.0, 1.0]",tt19869172,"[2600000.0, 2100000.0, 2.0]",tt12343534,"[2200000.0, 1800000.0, 2.0]",tt0086679,"[16400000.0, 1800000.0, 4.0]",tt25811262,"[1900000.0, 1600000.0, 2.0]",tt27838483,"[18900000.0, 1500000.0, 5.0]",tt13676344,"[9600000.0, 1500000.0, 4.0]",tt27787160,"[20800000.0, 1400000.0, 6.0]"
2023-07-16,tt11274492,"[46300000.0, 28600000.0, 2.0]",tt12261776,"[10500000.0, 6800000.0, 1.0]",tt3915174,"[9400000.0, 5500000.0, 1.0]",tt12263384,"[10800000.0, 5200000.0, 5.0]",tt19500164,"[8000000.0, 4700000.0, 3.0]",tt3470600,"[6500000.0, 3600000.0, 9.0]",tt19637278,"[5000000.0, 3200000.0, 1.0]",tt11832046,"[4400000.0, 3100000.0, 7.0]",tt13923456,"[4700000.0, 2800000.0, 1.0]",tt27837442,"[3200000.0, 2700000.0, 1.0]"
2023-07-16,,,tt27987407,"[10000000.0, 6200000.0, 2.0]",tt27876411,"[7700000.0, 4200000.0, 1.0]",tt21308698,"[6700000.0, 4100000.0, 1.0]",tt28022861,"[5100000.0, 2800000.0, 2.0]",tt21257152,"[2700000.0, 1600000.0, 4.0]",,,tt27989067,"[2600000.0, 1200000.0, 3.0]",tt27002199,"[2000000.0, 1000000.0, 1.0]",tt15282148,"[1300000.0, 800000.0, 7.0]"
2023-07-16,tt13833978,"[35300000.0, 8300000.0, 2.0]",tt5180504,"[32100000.0, 6700000.0, 3.0]",tt27951663,"[24800000.0, 6600000.0, 2.0]",tt17361756,"[13300000.0, 3700000.0, 1.0]",tt13833978,"[28300000.0, 3400000.0, 8.0]",tt26777035,"[21400000.0, 3300000.0, 1.0]",tt12004280,"[9000000.0, 2800000.0, 1.0]",tt18314214,"[15400000.0, 2600000.0, 2.0]",tt27999986,"[11900000.0, 2600000.0, 1.0]",tt13961348,"[7900000.0, 2400000.0, 1.0]"
2023-07-16,tt26693803,"[51800000.0, 4600000.0, 5.0]",tt0086679,"[30000000.0, 3300000.0, 3.0]",tt13676344,"[18600000.0, 3000000.0, 3.0]",tt21327000,"[16800000.0, 2600000.0, 1.0]",tt12343534,"[1900000.0, 2400000.0, 1.0]",tt19869172,"[1600000.0, 2000000.0, 1.0]",tt27787160,"[26000000.0, 1700000.0, 5.0]",tt27838483,"[17600000.0, 1700000.0, 4.0]",tt25811262,"[1300000.0, 1600000.0, 1.0]",tt15301854,"[5400000.0, 1400000.0, 2.0]"
2023-07-09,tt11274492,"[31700000.0, 19600000.0, 1.0]",tt12263384,"[18400000.0, 8900000.0, 4.0]",tt19500164,"[11500000.0, 6700000.0, 2.0]",tt12547822,"[9900000.0, 5900000.0, 2.0]",tt27837387,"[7900000.0, 5600000.0, 1.0]",,,tt12731980,"[8100000.0, 4900000.0, 1.0]",tt27726927,"[6800000.0, 4400000.0, 1.0]",tt5758778,"[7500000.0, 4400000.0, 1.0]",tt2114504,"[6300000.0, 4200000.0, 1.0]"
2023-07-09,tt21257152,"[6500000.0, 3800000.0, 3.0]",tt27987407,"[5500000.0, 3400000.0, 1.0]",tt27989067,"[6600000.0, 3000000.0, 2.0]",,,tt15832148,"[3000000.0, 1500000.0, 2.0]",tt28022861,"[2000000.0, 1100000.0, 1.0]",tt15282148,"[1800000.0, 1100000.0, 6.0]",tt27728519,"[2000000.0, 1100000.0, 3.0]",tt14463484,"[1700000.0, 900000.0, 16.0]",tt20119468,"[1400000.0, 900000.0, 5.0]"
2023-07-09,tt5180504,"[66500000.0, 13800000.0, 2.0]",tt13833978,"[31400000.0, 7400000.0, 1.0]",tt27951663,"[19100000.0, 5100000.0, 1.0]",,,tt18314214,"[23700000.0, 4000000.0, 1.0]",tt2085059,"[16700000.0, 3200000.0, 4.0]",tt5180504,"[20900000.0, 2600000.0, 8.0]",tt5180504,"[18200000.0, 2400000.0, 7.0]",tt13833978,"[19200000.0, 2300000.0, 7.0]",tt19495202,"[20700000.0, 2300000.0, 3.0]"
2023-07-09,tt0086679,"[49900000.0, 5600000.0, 2.0]",tt26693803,"[30800000.0, 3600000.0, 4.0]",tt27787160,"[33200000.0, 2200000.0, 4.0]",tt27838483,"[16600000.0, 2000000.0, 3.0]",tt15301854,"[7900000.0, 2000000.0, 1.0]",tt26315487,"[12800000.0, 1600000.0, 5.0]",tt14494938,"[9500000.0, 1500000.0, 6.0]",tt13669128,"[25000000.0, 1500000.0, 1.0]",tt25375244,"[7200000.0, 1400000.0, 3.0]",tt2316306,"[7200000.0, 1200000.0, 2.0]"
2023-07-02,tt12263384,"[36200000.0, 17500000.0, 3.0]",tt8400584,"[18400000.0, 11000000.0, 2.0]",tt12547822,"[14200000.0, 8400000.0, 1.0]",tt8936646,"[11800000.0, 6000000.0, 3.0]",tt27542448,"[7900000.0, 4600000.0, 2.0]",tt11832046,"[6400000.0, 4500000.0, 6.0]",,,tt0297144,"[4900000.0, 3300000.0, 1.0]",tt19500164,"[5500000.0, 3200000.0, 1.0]",,
2023-07-02,,,tt21257152,"[16700000.0, 9600000.0, 2.0]",tt27728519,"[9500000.0, 5000000.0, 2.0]",tt27989067,"[9300000.0, 4200000.0, 1.0]",tt14463484,"[5000000.0, 2600000.0, 15.0]",tt27846314,"[2900000.0, 2000000.0, 1.0]",tt15282148,"[2600000.0, 1600000.0, 5.0]",tt22868844,"[2300000.0, 1200000.0, 3.0]",tt15832148,"[2300000.0, 1100000.0, 1.0]",tt19121700,"[1800000.0, 1100000.0, 4.0]"
2023-07-02,tt5180504,"[73000000.0, 15200000.0, 1.0]",tt2085059,"[28000000.0, 5400000.0, 3.0]",tt15723914,"[12700000.0, 4100000.0, 2.0]",tt19503218,"[26100000.0, 3500000.0, 2.0]",tt3194186,"[9900000.0, 2900000.0, 3.0]",tt8962850,"[14200000.0, 2900000.0, 4.0]",tt19495202,"[26200000.0, 2900000.0, 2.0]",tt27851747,"[10100000.0, 2800000.0, 1.0]",tt0243732,"[21400000.0, 2200000.0, 1.0]",tt5180504,"[17200000.0, 2200000.0, 7.0]"
2023-07-02,tt26693803,"[24500000.0, 4000000.0, 3.0]",tt25375244,"[19600000.0, 3800000.0, 2.0]",tt27787160,"[47500000.0, 3100000.0, 3.0]",tt26315487,"[20900000.0, 2600000.0, 4.0]",tt27838483,"[13900000.0, 2300000.0, 2.0]",tt14494938,"[13300000.0, 2100000.0, 5.0]",tt2316306,"[12200000.0, 2000000.0, 1.0]",tt0086679,"[16900000.0, 1900000.0, 1.0]",tt27763346,"[4300000.0, 1100000.0, 2.0]",tt15567320,"[8500000.0, 900000.0, 1.0]"
2023-06-25,tt12263384,"[87300000.0, 42200000.0, 2.0]",tt8936646,"[27200000.0, 13800000.0, 2.0]",tt27542448,"[16000000.0, 9200000.0, 1.0]",tt8400584,"[11700000.0, 7000000.0, 1.0]",tt11832046,"[9100000.0, 6300000.0, 5.0]",tt2130270,"[9200000.0, 5400000.0, 1.0]",tt1033643,"[7600000.0, 4600000.0, 2.0]",tt3874544,"[4500000.0, 2800000.0, 9.0]",tt5052448,"[4100000.0, 2400000.0, 1.0]",tt1335975,"[4700000.0, 2300000.0, 1.0]"
2023-06-25,,,tt21257152,"[11400000.0, 6600000.0, 1.0]",tt22868844,"[7800000.0, 4100000.0, 2.0]",tt19121700,"[4500000.0, 2700000.0, 3.0]",tt14463484,"[4900000.0, 2600000.0, 14.0]",tt27728519,"[4000000.0, 2100000.0, 1.0]",tt15282148,"[3200000.0, 1900000.0, 4.0]",tt22506746,"[2500000.0, 1600000.0, 2.0]",tt7354440,"[3200000.0, 1600000.0, 5.0]",tt0204364,"[3200000.0, 1600000.0, 2.0]"
2023-06-25,tt2085059,"[60400000.0, 11600000.0, 2.0]",tt8962850,"[24600000.0, 5000000.0, 3.0]",tt3194186,"[13600000.0, 4000000.0, 2.0]",tt15723914,"[9600000.0, 3100000.0, 1.0]",tt19495202,"[27700000.0, 3000000.0, 1.0]",,,tt27713897,"[7800000.0, 2500000.0, 3.0]",tt19503218,"[17000000.0, 2300000.0, 1.0]",tt2085059,"[5900000.0, 2300000.0, 1.0]",tt13064902,"[15300000.0, 2100000.0, 5.0]"
2023-06-25,tt27787160,"[80500000.0, 5300000.0, 2.0]",tt26693803,"[17500000.0, 4700000.0, 2.0]",tt26315487,"[37300000.0, 4600000.0, 3.0]",tt25375244,"[22800000.0, 4400000.0, 1.0]",tt14494938,"[20600000.0, 3300000.0, 4.0]",tt27838483,"[7600000.0, 1900000.0, 1.0]",tt9335498,"[7100000.0, 1300000.0, 1.0]",tt27763346,"[2200000.0, 1100000.0, 1.0]",tt0259816,"[5500000.0, 1000000.0, 4.0]",tt15018224,"[8900000.0, 1000000.0, 2.0]"
2023-06-18,tt12263384,"[88400000.0, 42800000.0, 1.0]",tt8936646,"[18800000.0, 9600000.0, 1.0]",tt11832046,"[9400000.0, 6600000.0, 4.0]",tt3874544,"[5800000.0, 3600000.0, 8.0]",tt2094766,"[5400000.0, 2800000.0, 1.0]",tt6968614,"[5400000.0, 2800000.0, 6.0]",tt1985949,"[4300000.0, 2600000.0, 2.0]",tt1600195,"[4000000.0, 2300000.0, 2.0]",tt0822854,"[4700000.0, 2300000.0, 4.0]",tt1392214,"[5100000.0, 2000000.0, 3.0]"
2023-06-18,tt19121700,"[14400000.0, 8600000.0, 2.0]",tt22868844,"[12000000.0, 6400000.0, 1.0]",tt22506746,"[6200000.0, 4100000.0, 1.0]",tt15282148,"[6600000.0, 4000000.0, 3.0]",tt7354440,"[4500000.0, 2300000.0, 4.0]",tt18073328,"[2700000.0, 1600000.0, 4.0]",tt11905536,"[3300000.0, 1600000.0, 2.0]",tt20119468,"[1800000.0, 1100000.0, 4.0]",tt0204364,"[2100000.0, 1000000.0, 1.0]",tt0107625,"[1600000.0, 1000000.0, 4.0]"
2023-06-18,tt8962850,"[56400000.0, 11500000.0, 2.0]",tt2085059,"[58700000.0, 11300000.0, 1.0]",tt27713897,"[16400000.0, 5200000.0, 2.0]",tt3194186,"[11900000.0, 3500000.0, 1.0]",tt13064902,"[24500000.0, 3400000.0, 4.0]",tt27738618,"[13600000.0, 2800000.0, 1.0]",tt8421350,"[42900000.0, 2800000.0, 9.0]",tt8962850,"[11900000.0, 2600000.0, 3.0]",,,tt8962850,"[10800000.0, 2300000.0, 5.0]"
2023-06-18,tt26315487,"[65900000.0, 8100000.0, 2.0]",tt14494938,"[35200000.0, 5600000.0, 3.0]",tt27787160,"[57100000.0, 3800000.0, 1.0]",tt0413559,"[12200000.0, 1700000.0, 3.0]",tt0259816,"[8800000.0, 1600000.0, 3.0]",tt15018224,"[11400000.0, 1600000.0, 1.0]",tt26693803,"[2400000.0, 1600000.0, 1.0]",tt19296314,"[8200000.0, 1500000.0, 1.0]",tt27749701,"[3300000.0, 1300000.0, 1.0]",tt27042206,"[17600000.0, 1200000.0, 7.0]"
2023-06-11,tt0020291,"[13890000.0, nan, 2.0]",tt0822854,"[12770000.0, nan, 3.0]",tt0027575,"[9570000.0, nan, 1.0]",tt0287067,"[8360000.0, nan, 5.0]",tt3874544,"[8320000.0, nan, 7.0]",tt1723121,"[7720000.0, nan, 2.0]",tt1985949,"[5720000.0, nan, 1.0]",tt1172991,"[5390000.0, nan, 1.0]",tt2191701,"[5230000.0, nan, 1.0]",tt0065879,"[4950000.0, nan, 2.0]"
2023-06-11,tt1043787,"[17420000.0, nan, 2.0]",tt19121700,"[9150000.0, nan, 1.0]",tt7354440,"[9080000.0, nan, 3.0]",tt11905536,"[8350000.0, nan, 1.0]",tt18073328,"[6820000.0, nan, 3.0]",tt23144234,"[3470000.0, nan, 2.0]",tt16425284,"[2960000.0, nan, 1.0]",tt21735972,"[2570000.0, nan, 3.0]",tt1109492,"[2090000.0, nan, 1.0]",tt0081186,"[1980000.0, nan, 3.0]"
2023-06-11,tt14738778,"[78150000.0, nan, 8.0]",tt10062292,"[76210000.0, nan, 1.0]",tt13064902,"[42280000.0, nan, 3.0]",tt27713897,"[24510000.0, nan, 1.0]",tt14738778,"[18180000.0, nan, 25.0]",tt22326484,"[16890000.0, nan, 2.0]",tt14661396,"[16710000.0, nan, 6.0]",tt14490706,"[14460000.0, nan, 4.0]",tt7414406,"[10830000.0, nan, 3.0]",tt0072560,"[10260000.0, nan, 3.0]"
2023-06-11,tt14494938,"[64730000.0, nan, 2.0]",tt26315487,"[27970000.0, nan, 1.0]",tt27042206,"[26060000.0, nan, 6.0]",tt27075857,"[25320000.0, nan, 7.0]",tt0413559,"[25080000.0, nan, 2.0]",tt0259816,"[16130000.0, nan, 2.0]",tt13853748,"[9600000.0, nan, 2.0]",tt1704637,"[9000000.0, nan, 15.0]",tt1776006,"[7840000.0, nan, 2.0]",tt0259816,"[7690000.0, nan, 1.0]"
2023-06-04,tt0287067,"[16480000.0, nan, 4.0]",tt3874544,"[10580000.0, nan, 6.0]",tt0009382,"[8080000.0, nan, 3.0]",tt5616176,"[7720000.0, nan, 2.0]",tt0822854,"[7480000.0, nan, 2.0]",tt1723121,"[6730000.0, nan, 1.0]",tt1860213,"[5570000.0, nan, 1.0]",tt8129806,"[5370000.0, nan, 1.0]",tt0065879,"[4260000.0, nan, 1.0]",tt5433138,"[4160000.0, nan, 2.0]"
2023-06-04,tt18073328,"[24990000.0, nan, 2.0]",tt7354440,"[18930000.0, nan, 2.0]",tt1043787,"[16710000.0, nan, 1.0]",tt15411160,"[9770000.0, nan, 2.0]",tt0081186,"[8280000.0, nan, 2.0]",tt21735972,"[8040000.0, nan, 2.0]",tt0082500,"[7230000.0, nan, 2.0]",tt23144234,"[3880000.0, nan, 1.0]",tt0114082,"[3260000.0, nan, 3.0]",tt22185848,"[2770000.0, nan, 4.0]"
2023-06-04,tt13064902,"[88030000.0, nan, 2.0]",tt14738778,"[39400000.0, nan, 7.0]",tt14490706,"[29830000.0, nan, 3.0]",tt14661396,"[27210000.0, nan, 5.0]",tt7414406,"[18760000.0, nan, 2.0]",tt0072560,"[15470000.0, nan, 2.0]",tt22326484,"[15030000.0, nan, 1.0]",,,tt9817298,"[12970000.0, nan, 3.0]",tt9012876,"[11800000.0, nan, 11.0]"
2023-06-04,tt14494938,"[76310000.0, nan, 1.0]",tt27075857,"[29350000.0, nan, 6.0]",tt27042206,"[22810000.0, nan, 5.0]",tt20477492,"[18040000.0, nan, 3.0]",tt0413559,"[16980000.0, nan, 1.0]",tt1704637,"[12400000.0, nan, 14.0]",tt1776006,"[12050000.0, nan, 1.0]",tt0259816,"[9540000.0, nan, 1.0]",,,tt13853748,"[7100000.0, nan, 1.0]"
2023-05-28,tt0287067,"[34690000.0, nan, 3.0]",tt5616176,"[19280000.0, nan, 1.0]",tt0009382,"[15930000.0, nan, 2.0]",tt0068587,"[7940000.0, nan, 1.0]",tt0056492,"[7690000.0, nan, 2.0]",tt24079788,"[6600000.0, nan, 1.0]",tt0159787,"[5750000.0, nan, 2.0]",tt16951452,"[5550000.0, nan, 2.0]",tt3874544,"[5450000.0, nan, 5.0]",tt7405458,"[5350000.0, nan, 4.0]"
2023-05-28,tt0081186,"[24250000.0, nan, 1.0]",tt18073328,"[13830000.0, nan, 1.0]",tt7354440,"[12700000.0, nan, 1.0]",tt0114082,"[12310000.0, nan, 2.0]",tt0082500,"[10890000.0, nan, 1.0]",tt22185848,"[7400000.0, nan, 3.0]",tt21735972,"[6920000.0, nan, 1.0]",,,tt15411160,"[5190000.0, nan, 1.0]",,
2023-05-28,tt13064902,"[88940000.0, nan, 1.0]",tt14490706,"[63780000.0, nan, 2.0]",tt14661396,"[42900000.0, nan, 4.0]",tt9817298,"[33350000.0, nan, 2.0]",tt0072560,"[20230000.0, nan, 1.0]",tt7414406,"[18050000.0, nan, 1.0]",tt9012876,"[16110000.0, nan, 10.0]",tt11337908,"[13960000.0, nan, 14.0]",tt13918776,"[12650000.0, nan, 10.0]",tt8740790,"[12540000.0, nan, 14.0]"
2023-05-28,tt20477492,"[46520000.0, nan, 2.0]",tt27075857,"[26370000.0, nan, 5.0]",tt27042206,"[19630000.0, nan, 4.0]",tt1704637,"[14130000.0, nan, 13.0]",tt17013106,"[13070000.0, nan, 3.0]",,,tt18974572,"[7520000.0, nan, 6.0]",tt20192132,"[6920000.0, nan, 1.0]",tt18974572,"[5960000.0, nan, 13.0]",tt0154063,"[5280000.0, nan, 10.0]"
2023-05-21,tt0287067,"[94420000.0, nan, 2.0]",tt16951452,"[15650000.0, nan, 1.0]",tt0159787,"[11210000.0, nan, 1.0]",tt7405458,"[10640000.0, nan, 3.0]",tt9016974,"[6990000.0, nan, 2.0]",tt0009382,"[5220000.0, nan, 1.0]",tt0241527,"[4790000.0, nan, 1.0]",tt0481499,"[4280000.0, nan, 5.0]",tt1946502,"[3820000.0, nan, 1.0]",tt0026637,"[3330000.0, nan, 1.0]"
2023-05-21,tt0114082,"[29060000.0, nan, 1.0]",tt22185848,"[20340000.0, nan, 2.0]",,,tt0317052,"[9120000.0, nan, 4.0]",,,tt22488414,"[4900000.0, nan, 2.0]",,,tt8672856,"[2890000.0, nan, 3.0]",,,tt23489688,"[1810000.0, nan, 1.0]"
2023-05-21,tt14661396,"[82390000.0, nan, 3.0]",tt14490706,"[72080000.0, nan, 1.0]",tt9012876,"[23140000.0, nan, 9.0]",tt9817298,"[22780000.0, nan, 1.0]",tt27599123,"[20850000.0, nan, 1.0]",tt8740790,"[19460000.0, nan, 8.0]",tt8740790,"[18170000.0, nan, 13.0]",tt13918776,"[16800000.0, nan, 9.0]",tt12809988,"[16660000.0, nan, 4.0]",tt27612322,"[15290000.0, nan, 2.0]"
2023-05-21,tt17013106,"[35110000.0, nan, 2.0]",tt20477492,"[35100000.0, nan, 1.0]",tt27075857,"[23130000.0, nan, 4.0]",tt27042206,"[15370000.0, nan, 3.0]",tt18974572,"[10910000.0, nan, 5.0]",tt15473010,"[8940000.0, nan, 3.0]",tt1704637,"[8910000.0, nan, 12.0]",tt18974572,"[8630000.0, nan, 12.0]",,,tt13457822,"[6380000.0, nan, 5.0]"
2023-05-14,tt0287067,"[83710000.0, nan, 1.0]",tt7405458,"[19880000.0, nan, 2.0]",tt0481499,"[8700000.0, nan, 4.0]",tt0120646,"[6420000.0, nan, 2.0]",tt9016974,"[5930000.0, nan, 1.0]",tt2267968,"[5750000.0, nan, 3.0]",tt15837458,"[5580000.0, nan, 2.0]",tt0019486,"[4880000.0, nan, 2.0]",tt1981677,"[4580000.0, nan, 2.0]",tt0068688,"[4520000.0, nan, 2.0]"
2023-05-14,tt22185848,"[19460000.0, nan, 1.0]",tt0317052,"[16660000.0, nan, 3.0]",,,tt8672856,"[6170000.0, nan, 2.0]",tt22488414,"[6080000.0, nan, 1.0]",tt0061042,"[2620000.0, nan, 6.0]",tt21736218,"[1460000.0, nan, 5.0]",tt25406060,"[1380000.0, nan, 1.0]",tt0020629,"[1280000.0, nan, 23.0]",tt16900880,"[1210000.0, nan, 7.0]"
2023-05-14,tt14661396,"[158680000.0, nan, 2.0]",tt9012876,"[31900000.0, nan, 8.0]",tt12809988,"[27610000.0, nan, 3.0]",tt27612322,"[23950000.0, nan, 1.0]",tt8740790,"[23880000.0, nan, 7.0]",tt13918776,"[20340000.0, nan, 8.0]",tt27528139,"[20180000.0, nan, 1.0]",tt13944906,"[18370000.0, nan, 4.0]",tt8740790,"[17250000.0, nan, 12.0]",tt12809988,"[11010000.0, nan, 5.0]"
2023-05-14,tt17013106,"[31220000.0, nan, 1.0]",tt27075857,"[19780000.0, nan, 3.0]",tt15473010,"[15820000.0, nan, 2.0]",tt18974572,"[15070000.0, nan, 4.0]",tt27042206,"[12210000.0, nan, 2.0]",tt0161188,"[11250000.0, nan, 2.0]",tt18974572,"[10510000.0, nan, 11.0]",tt13457822,"[9670000.0, nan, 4.0]",,,tt24948454,"[6840000.0, nan, 3.0]"
2023-05-07,tt7405458,"[13480000.0, nan, 1.0]",tt1981677,"[11440000.0, nan, 1.0]",tt0120646,"[10200000.0, nan, 1.0]",tt15837458,"[9690000.0, nan, 1.0]",tt1578275,"[6830000.0, nan, 1.0]",tt0481499,"[6560000.0, nan, 3.0]",tt0019486,"[6520000.0, nan, 1.0]",tt20115096,"[6200000.0, nan, 3.0]",tt8332922,"[5750000.0, nan, 2.0]",tt0069752,"[5070000.0, nan, 1.0]"
2023-05-07,tt0317052,"[49320000.0, nan, 2.0]",tt8672856,"[11350000.0, nan, 1.0]",tt0061042,"[5580000.0, nan, 5.0]",tt12858434,"[4840000.0, nan, 2.0]",tt0254703,"[2460000.0, nan, 1.0]",tt6708668,"[2180000.0, nan, 9.0]",tt18353064,"[2110000.0, nan, 3.0]",tt21736218,"[1910000.0, nan, 4.0]",tt16900880,"[1880000.0, nan, 6.0]",tt0250727,"[1600000.0, nan, 4.0]"
2023-05-07,tt14661396,"[148280000.0, nan, 1.0]",tt12809988,"[60470000.0, nan, 2.0]",tt9012876,"[54320000.0, nan, 7.0]",tt13944906,"[31150000.0, nan, 3.0]",tt13918776,"[26880000.0, nan, 7.0]",tt12809988,"[25180000.0, nan, 4.0]",tt9012876,"[16500000.0, nan, 3.0]",tt6143796,"[15110000.0, nan, 2.0]",tt14403178,"[14790000.0, nan, 5.0]",tt0081933,"[9220000.0, nan, 1.0]"
2023-05-07,tt15473010,"[26140000.0, nan, 1.0]",tt18974572,"[25680000.0, nan, 3.0]",tt24948454,"[21580000.0, nan, 2.0]",tt13457822,"[17900000.0, nan, 3.0]",tt18974572,"[15740000.0, nan, 10.0]",tt27075857,"[15680000.0, nan, 2.0]",tt26350158,"[12660000.0, nan, 4.0]",tt15469192,"[12060000.0, nan, 3.0]",tt27042206,"[9170000.0, nan, 1.0]",tt0161188,"[9000000.0, nan, 1.0]"
2023-04-30,tt20115096,"[20920000.0, nan, 2.0]",tt12193804,"[10200000.0, nan, 2.0]",tt15767808,"[8340000.0, nan, 3.0]",tt9340860,"[7240000.0, nan, 2.0]",tt15255288,"[6150000.0, nan, 5.0]",tt6467266,"[4500000.0, nan, 9.0]",tt12279814,"[4300000.0, nan, 4.0]",,,tt11457750,"[3700000.0, nan, 1.0]",tt11832046,"[3300000.0, nan, 3.0]"
2023-04-30,tt0317052,"[32530000.0, nan, 1.0]",tt18353064,"[10640000.0, nan, 2.0]",tt0061042,"[8020000.0, nan, 4.0]",tt12858434,"[6570000.0, nan, 1.0]",tt0066183,"[5700000.0, nan, 2.0]",tt13984120,"[3860000.0, nan, 1.0]",tt21736218,"[3490000.0, nan, 3.0]",tt0250727,"[3100000.0, nan, 3.0]",tt16900880,"[2610000.0, nan, 5.0]",tt0087909,"[1640000.0, nan, 3.0]"
2023-04-30,tt13944906,"[66460000.0, nan, 2.0]",tt12809988,"[48340000.0, nan, 1.0]",tt9012876,"[43490000.0, nan, 6.0]",tt13918776,"[37680000.0, nan, 6.0]",tt14403178,"[24480000.0, nan, 4.0]",tt12809988,"[19230000.0, nan, 3.0]",tt6143796,"[18190000.0, nan, 1.0]",tt3032476,"[13960000.0, nan, 2.0]",tt11704040,"[12080000.0, nan, 6.0]",tt12580168,"[11410000.0, nan, 1.0]"
2023-04-30,tt18974572,"[46310000.0, nan, 2.0]",tt13457822,"[37540000.0, nan, 2.0]",tt15469192,"[28690000.0, nan, 2.0]",tt24948454,"[28630000.0, nan, 1.0]",tt18974572,"[28310000.0, nan, 9.0]",tt26350158,"[23770000.0, nan, 3.0]",tt13457822,"[15660000.0, nan, 7.0]",tt27075857,"[11280000.0, nan, 1.0]",tt21344706,"[7680000.0, nan, 13.0]",tt18280522,"[6800000.0, nan, 1.0]"
2023-04-23,tt15767808,"[25700000.0, nan, 2.0]",tt9340860,"[14110000.0, nan, 1.0]",tt20115096,"[13400000.0, nan, 1.0]",tt15255288,"[8390000.0, nan, 4.0]",tt12279814,"[8030000.0, nan, 3.0]",tt1543053,"[7170000.0, nan, 1.0]",tt12193804,"[6700000.0, nan, 1.0]",tt23219684,"[6550000.0, nan, 1.0]",tt5433138,"[6540000.0, nan, 1.0]",,
2023-04-23,tt21736218,"[14680000.0, nan, 2.0]",tt0061042,"[14080000.0, nan, 3.0]",tt0250727,"[9160000.0, nan, 2.0]",tt0087909,"[7160000.0, nan, 2.0]",tt18353064,"[5500000.0, nan, 1.0]",tt0066183,"[3890000.0, nan, 1.0]",tt16900880,"[3720000.0, nan, 4.0]",,,,,tt0020629,"[1340000.0, nan, 22.0]"
2023-04-23,tt13944906,"[57480000.0, nan, 1.0]",tt13918776,"[56650000.0, nan, 5.0]",tt14403178,"[42810000.0, nan, 3.0]",tt11704040,"[39480000.0, nan, 5.0]",tt10370722,"[29500000.0, nan, 2.0]",tt18831118,"[27120000.0, nan, 2.0]",tt3032476,"[14790000.0, nan, 1.0]",tt27206017,"[14580000.0, nan, 1.0]",tt27142031,"[13190000.0, nan, 2.0]",tt13443470,"[9500000.0, nan, 20.0]"
2023-04-23,tt18974572,"[52310000.0, nan, 1.0]",tt26350158,"[47180000.0, nan, 2.0]",tt18974572,"[26750000.0, nan, 8.0]",tt13457822,"[20620000.0, nan, 1.0]",tt15469192,"[11600000.0, nan, 1.0]",tt21344706,"[9160000.0, nan, 12.0]",tt13457822,"[6350000.0, nan, 6.0]",,,tt20859920,"[5800000.0, nan, 21.0]",tt0154063,"[5770000.0, nan, 9.0]"
2023-04-16,tt15767808,"[35500000.0, nan, 1.0]",tt12279814,"[27290000.0, nan, 2.0]",tt15255288,"[16930000.0, nan, 3.0]",tt6587640,"[9360000.0, nan, 1.0]",tt10175340,"[8380000.0, nan, 3.0]",tt0030346,"[8180000.0, nan, 1.0]",tt0005504,"[8070000.0, nan, 2.0]",tt0077917,"[6910000.0, nan, 2.0]",tt1618434,"[6690000.0, nan, 4.0]",,
2023-04-16,tt0061042,"[43580000.0, nan, 2.0]",tt21736218,"[11360000.0, nan, 1.0]",tt16900880,"[8640000.0, nan, 3.0]",tt0250727,"[6700000.0, nan, 1.0]",tt0087909,"[4870000.0, nan, 1.0]",tt20567314,"[3210000.0, nan, 2.0]",tt22297828,"[1790000.0, nan, 4.0]",tt5993456,"[1760000.0, nan, 1.0]",tt0020629,"[1660000.0, nan, 21.0]",,
2023-04-16,tt13918776,"[90040000.0, nan, 4.0]",tt14403178,"[70380000.0, nan, 2.0]",tt11704040,"[41330000.0, nan, 4.0]",tt18831118,"[40890000.0, nan, 1.0]",tt10370722,"[26190000.0, nan, 1.0]",tt27142031,"[23370000.0, nan, 1.0]",tt15441266,"[17390000.0, nan, 2.0]",tt5296406,"[13110000.0, nan, 2.0]",tt2403776,"[11620000.0, nan, 5.0]",tt13443470,"[10890000.0, nan, 19.0]"
2023-04-16,tt26350158,"[15870000.0, nan, 1.0]",tt0069644,"[14780000.0, nan, 2.0]",tt21344706,"[12900000.0, nan, 11.0]",tt26225090,"[10390000.0, nan, 3.0]",tt18382028,"[8220000.0, nan, 2.0]",tt24578016,"[6600000.0, nan, 11.0]",tt16163746,"[6560000.0, nan, 4.0]",,,tt20859920,"[5850000.0, nan, 20.0]",tt0154063,"[5670000.0, nan, 8.0]"
2023-04-09,tt15255288,"[59840000.0, nan, 2.0]",tt12279814,"[25310000.0, nan, 1.0]",tt1618434,"[22250000.0, nan, 3.0]",tt10175340,"[13500000.0, nan, 2.0]",tt0005504,"[10350000.0, nan, 1.0]",tt1194173,"[9110000.0, nan, 2.0]",tt0307453,"[8050000.0, nan, 1.0]",tt0327084,"[7940000.0, nan, 1.0]",tt3155298,"[7530000.0, nan, 5.0]",tt0077917,"[7420000.0, nan, 1.0]"
2023-04-09,tt16900880,"[25710000.0, nan, 2.0]",tt0061042,"[11230000.0, nan, 1.0]",,,tt22297828,"[4210000.0, nan, 3.0]",tt15175188,"[3500000.0, nan, 2.0]",tt20567314,"[2650000.0, nan, 1.0]",tt0020629,"[2310000.0, nan, 20.0]",tt0187188,"[2260000.0, nan, 3.0]",tt10607266,"[2100000.0, nan, 7.0]",tt0079978,"[2070000.0, nan, 1.0]"
2023-04-09,tt13918776,"[130480000.0, nan, 3.0]",tt11704040,"[43140000.0, nan, 3.0]",tt14403178,"[34080000.0, nan, 1.0]",tt13505052,"[17580000.0, nan, 2.0]",tt2741602,"[17260000.0, nan, 2.0]",tt2403776,"[16740000.0, nan, 4.0]",tt16402422,"[13470000.0, nan, 2.0]",tt15441266,"[12390000.0, nan, 1.0]",tt5296406,"[11990000.0, nan, 1.0]",tt1487831,"[11890000.0, nan, 8.0]"
2023-04-09,tt21344706,"[18570000.0, nan, 10.0]",tt18382028,"[17740000.0, nan, 1.0]",tt26743607,"[13640000.0, nan, 1.0]",tt16163746,"[13230000.0, nan, 3.0]",tt26225090,"[9260000.0, nan, 2.0]",tt24578016,"[8300000.0, nan, 10.0]",tt0069644,"[7500000.0, nan, 1.0]",tt15494864,"[6920000.0, nan, 3.0]",tt22001792,"[6600000.0, nan, 2.0]",,
2023-04-02,tt15255288,"[64420000.0, nan, 1.0]",tt1618434,"[24690000.0, nan, 2.0]",tt3155298,"[12700000.0, nan, 4.0]",tt0857381,"[8280000.0, nan, 2.0]",tt2560092,"[6330000.0, nan, 3.0]",tt5113044,"[3540000.0, nan, 6.0]",tt0141208,"[3260000.0, nan, 3.0]",tt6491178,"[3240000.0, nan, 3.0]",tt1679335,"[3210000.0, nan, 6.0]",tt1194173,"[3200000.0, nan, 1.0]"
2023-04-02,tt16900880,"[19610000.0, nan, 1.0]",tt22297828,"[17300000.0, nan, 2.0]",,,tt0187188,"[6930000.0, nan, 2.0]",tt25260664,"[3710000.0, nan, 2.0]",tt0020629,"[3420000.0, nan, 19.0]",tt15654800,"[2910000.0, nan, 3.0]",tt26763229,"[2480000.0, nan, 3.0]",tt15175188,"[2410000.0, nan, 1.0]",tt22170224,"[2360000.0, nan, 1.0]"
2023-04-02,tt13918776,"[216390000.0, nan, 2.0]",tt11704040,"[47640000.0, nan, 2.0]",tt2403776,"[27000000.0, nan, 3.0]",tt13505052,"[24320000.0, nan, 1.0]",tt1487831,"[18220000.0, nan, 7.0]",,,tt16402422,"[14460000.0, nan, 1.0]",tt13443470,"[12180000.0, nan, 18.0]",tt1906230,"[11360000.0, nan, 1.0]",tt10293938,"[11310000.0, nan, 6.0]"
2023-04-02,tt16163746,"[35890000.0, nan, 2.0]",tt21344706,"[26720000.0, nan, 9.0]",tt15494864,"[17250000.0, nan, 2.0]",tt24578016,"[10970000.0, nan, 9.0]",,,tt11053146,"[7850000.0, nan, 2.0]",tt26225090,"[7540000.0, nan, 1.0]",tt21955940,"[7260000.0, nan, 2.0]",tt13980362,"[7200000.0, nan, 5.0]",tt22001792,"[6730000.0, nan, 1.0]"
2023-03-26,tt3155298,"[24700000.0, nan, 3.0]",tt2560092,"[16730000.0, nan, 2.0]",tt0857381,"[10830000.0, nan, 1.0]",tt6491178,"[9310000.0, nan, 2.0]",tt26739529,"[5000000.0, nan, 2.0]",tt1618434,"[4490000.0, nan, 1.0]",tt0396171,"[4450000.0, nan, 1.0]",tt1411250,"[3980000.0, nan, 1.0]",tt5113044,"[3810000.0, nan, 5.0]",tt7798604,"[3540000.0, nan, 5.0]"
2023-03-26,tt26763229,"[12560000.0, nan, 2.0]",tt0353814,"[12300000.0, nan, 2.0]",tt22297828,"[11700000.0, nan, 1.0]",tt15654800,"[10230000.0, nan, 2.0]",tt0020629,"[6850000.0, nan, 18.0]",tt0187188,"[5910000.0, nan, 1.0]",tt25260664,"[4320000.0, nan, 1.0]",,,tt0317248,"[3050000.0, nan, 1.0]",tt0013607,"[2880000.0, nan, 1.0]"
2023-03-26,tt13918776,"[168710000.0, nan, 1.0]",tt2403776,"[55030000.0, nan, 2.0]",tt1487831,"[30230000.0, nan, 6.0]",tt11704040,"[25520000.0, nan, 1.0]",tt26687196,"[21510000.0, nan, 1.0]",tt2403776,"[21300000.0, nan, 2.0]",tt10293938,"[16880000.0, nan, 5.0]",tt0179609,"[13910000.0, nan, 4.0]",tt13443470,"[13400000.0, nan, 17.0]",tt26739535,"[9960000.0, nan, 3.0]"
2023-03-26,tt21344706,"[48350000.0, nan, 8.0]",,,tt16163746,"[19410000.0, nan, 1.0]",tt15494864,"[16080000.0, nan, 1.0]",tt24578016,"[13510000.0, nan, 8.0]",,,tt13980362,"[11740000.0, nan, 4.0]",tt21955940,"[11540000.0, nan, 1.0]",tt11053146,"[11130000.0, nan, 1.0]",tt13400006,"[7620000.0, nan, 6.0]"
2023-03-19,tt3155298,"[69540000.0, nan, 2.0]",tt18747542,"[14830000.0, nan, 2.0]",tt2560092,"[13690000.0, nan, 1.0]",tt26739529,"[13670000.0, nan, 1.0]",tt6491178,"[9590000.0, nan, 1.0]",tt7798604,"[5960000.0, nan, 4.0]",tt1951264,"[5010000.0, nan, 2.0]",tt1860353,"[5000000.0, nan, 3.0]",tt10321126,"[4900000.0, nan, 3.0]",tt1650554,"[4030000.0, nan, 1.0]"
2023-03-19,tt15654800,"[11550000.0, nan, 1.0]",tt0020629,"[9530000.0, nan, 17.0]",tt0353814,"[8750000.0, nan, 1.0]",tt26763229,"[8630000.0, nan, 1.0]",tt15281704,"[3550000.0, nan, 1.0]",tt26739643,"[3000000.0, nan, 1.0]",,,,,tt15427980,"[2430000.0, nan, 1.0]",tt0108144,"[2270000.0, nan, 1.0]"
2023-03-19,tt1487831,"[64060000.0, nan, 5.0]",tt2403776,"[50400000.0, nan, 1.0]",tt26739535,"[28980000.0, nan, 2.0]",tt10293938,"[25950000.0, nan, 4.0]",tt2403776,"[24070000.0, nan, 1.0]",tt26690964,"[23630000.0, nan, 1.0]",tt0179609,"[22280000.0, nan, 3.0]",tt13443470,"[14990000.0, nan, 16.0]",tt0179609,"[13180000.0, nan, 10.0]",tt0198203,"[11540000.0, nan, 5.0]"
2023-03-19,tt21344706,"[123590000.0, nan, 7.0]",tt13980362,"[20100000.0, nan, 3.0]",,,tt15471900,"[16410000.0, nan, 2.0]",tt24578016,"[14360000.0, nan, 7.0]",tt13980362,"[10030000.0, nan, 8.0]",tt13400006,"[9770000.0, nan, 5.0]",tt26340363,"[8100000.0, nan, 2.0]",tt20565150,"[8010000.0, nan, 4.0]",,
2023-03-12,tt3155298,"[65920000.0, nan, 1.0]",tt18747542,"[21810000.0, nan, 1.0]",tt7798604,"[13390000.0, nan, 3.0]",tt10321126,"[8320000.0, nan, 2.0]",tt1860353,"[7980000.0, nan, 2.0]",tt1951264,"[7340000.0, nan, 1.0]",tt11832046,"[6530000.0, nan, 2.0]",tt1371150,"[6220000.0, nan, 2.0]",tt0816711,"[5560000.0, nan, 1.0]",tt0321553,"[5540000.0, nan, 1.0]"
2023-03-12,,,tt23334464,"[9990000.0, nan, 2.0]",tt26548664,"[6460000.0, nan, 2.0]",tt0020629,"[4230000.0, nan, 16.0]",tt6708668,"[3540000.0, nan, 8.0]",tt23157348,"[2660000.0, nan, 1.0]",tt16234468,"[2610000.0, nan, 4.0]",tt0293007,"[1760000.0, nan, 2.0]",tt3685236,"[1420000.0, nan, 1.0]",tt25406500,"[1350000.0, nan, 1.0]"
2023-03-12,tt1487831,"[75810000.0, nan, 4.0]",tt26739535,"[59880000.0, nan, 1.0]",tt0179609,"[46720000.0, nan, 2.0]",tt10293938,"[44580000.0, nan, 3.0]",tt0179609,"[25930000.0, nan, 9.0]",tt10394770,"[24430000.0, nan, 2.0]",tt0198203,"[18900000.0, nan, 4.0]",,,tt10293938,"[16360000.0, nan, 9.0]",tt10293938,"[16140000.0, nan, 8.0]"
2023-03-12,tt21344706,"[124460000.0, nan, 6.0]",tt13980362,"[39080000.0, nan, 2.0]",tt13980362,"[23830000.0, nan, 7.0]",tt24578016,"[22350000.0, nan, 6.0]",tt26340363,"[16430000.0, nan, 1.0]",tt20565150,"[14780000.0, nan, 3.0]",tt13400006,"[13670000.0, nan, 4.0]",tt21092364,"[9970000.0, nan, 2.0]",tt1704637,"[8230000.0, nan, 11.0]",tt15471900,"[8070000.0, nan, 1.0]"
2023-03-05,tt7798604,"[42620000.0, nan, 2.0]",tt16437278,"[14570000.0, nan, 2.0]",tt0076180,"[10230000.0, nan, 1.0]",tt0790736,"[8330000.0, nan, 1.0]",tt1502397,"[8330000.0, nan, 2.0]",tt0178998,"[7500000.0, nan, 4.0]",tt1371150,"[6580000.0, nan, 1.0]",tt10321126,"[6230000.0, nan, 1.0]",,,tt11832046,"[5620000.0, nan, 1.0]"
2023-03-05,tt26548664,"[12170000.0, nan, 1.0]",,,tt21825858,"[6110000.0, nan, 2.0]",tt16234468,"[5460000.0, nan, 3.0]",tt15281402,"[5380000.0, nan, 1.0]",tt23334464,"[4840000.0, nan, 1.0]",tt0020629,"[4200000.0, nan, 15.0]",tt6708668,"[3170000.0, nan, 7.0]",tt0293007,"[1390000.0, nan, 1.0]",tt13051810,"[1380000.0, nan, 4.0]"
2023-03-05,tt10293938,"[99000000.0, nan, 2.0]",tt0179609,"[43890000.0, nan, 1.0]",tt0198203,"[42660000.0, nan, 3.0]",tt10293938,"[34050000.0, nan, 7.0]",tt26340238,"[33360000.0, nan, 2.0]",tt10293938,"[27750000.0, nan, 8.0]",tt8289930,"[26230000.0, nan, 2.0]",tt0179609,"[19630000.0, nan, 8.0]",tt13443470,"[16410000.0, nan, 15.0]",tt10394770,"[16160000.0, nan, 1.0]"
2023-03-05,tt20565150,"[39650000.0, nan, 2.0]",tt13980362,"[34630000.0, nan, 1.0]",tt24578016,"[25970000.0, nan, 5.0]",tt13980362,"[21980000.0, nan, 6.0]",tt13400006,"[20470000.0, nan, 3.0]",tt25274446,"[14370000.0, nan, 6.0]",tt21092364,"[14270000.0, nan, 1.0]",tt1704637,"[9750000.0, nan, 10.0]",tt26595396,"[8720000.0, nan, 1.0]",tt15441160,"[8540000.0, nan, 3.0]"
2023-02-26,tt7798604,"[40470000.0, nan, 1.0]",tt16437278,"[28780000.0, nan, 1.0]",tt0178998,"[22290000.0, nan, 3.0]",tt0421041,"[15600000.0, nan, 1.0]",tt8093700,"[10230000.0, nan, 2.0]",tt1272878,"[8550000.0, nan, 2.0]",tt0369610,"[7430000.0, nan, 2.0]",tt4912910,"[6360000.0, nan, 2.0]",tt5113044,"[6270000.0, nan, 4.0]",tt1502397,"[6070000.0, nan, 1.0]"
2023-02-26,tt16234468,"[16150000.0, nan, 2.0]",tt0020629,"[5470000.0, nan, 14.0]",tt21825858,"[5340000.0, nan, 1.0]",tt0031159,"[3800000.0, nan, 2.0]",tt26369131,"[3750000.0, nan, 2.0]",tt12616964,"[3610000.0, nan, 2.0]",tt21250176,"[2810000.0, nan, 2.0]",tt0861739,"[2360000.0, nan, 1.0]",tt21801648,"[1960000.0, nan, 1.0]",tt12808182,"[1850000.0, nan, 6.0]"
2023-02-26,tt10293938,"[154970000.0, nan, 1.0]",tt26340238,"[40050000.0, nan, 1.0]",tt0198203,"[39510000.0, nan, 2.0]",tt10293938,"[35100000.0, nan, 6.0]",tt1487831,"[27750000.0, nan, 3.0]",tt8289930,"[25760000.0, nan, 1.0]",tt10293938,"[23860000.0, nan, 7.0]",tt12036612,"[20540000.0, nan, 2.0]",tt13443470,"[18950000.0, nan, 14.0]",tt1520211,"[15940000.0, nan, 3.0]"
2023-02-26,tt20565150,"[50730000.0, nan, 1.0]",tt25274446,"[37420000.0, nan, 5.0]",tt13400006,"[32440000.0, nan, 2.0]",tt24578016,"[23280000.0, nan, 4.0]",tt15441160,"[22500000.0, nan, 2.0]",tt13278100,"[16790000.0, nan, 2.0]",tt26229508,"[14370000.0, nan, 3.0]",tt26346647,"[12890000.0, nan, 1.0]",tt13278100,"[12710000.0, nan, 4.0]",tt1704637,"[12370000.0, nan, 9.0]"
2023-02-19,tt0178998,"[53810000.0, nan, 2.0]",tt1272878,"[12460000.0, nan, 1.0]",tt8093700,"[12210000.0, nan, 1.0]",tt14826022,"[8500000.0, nan, 4.0]",tt5113044,"[7960000.0, nan, 3.0]",tt4912910,"[5940000.0, nan, 1.0]",tt7329656,"[5800000.0, nan, 1.0]",tt0464831,"[5740000.0, nan, 3.0]",tt1634106,"[4620000.0, nan, 4.0]",tt0369610,"[4330000.0, nan, 1.0]"
2023-02-19,tt26369131,"[12760000.0, nan, 1.0]",tt12616964,"[9930000.0, nan, 1.0]",tt16234468,"[8870000.0, nan, 1.0]",tt21250176,"[6330000.0, nan, 1.0]",tt0031159,"[4250000.0, nan, 1.0]",tt13051810,"[3950000.0, nan, 3.0]",tt0020629,"[2990000.0, nan, 13.0]",,,tt15789492,"[2130000.0, nan, 3.0]",,
2023-02-19,tt1487831,"[64060000.0, nan, 2.0]",tt0198203,"[24650000.0, nan, 1.0]",tt1487831,"[22400000.0, nan, 7.0]",tt12036612,"[21270000.0, nan, 1.0]",tt13443470,"[20240000.0, nan, 13.0]",tt10813940,"[18510000.0, nan, 7.0]",tt0862578,"[17110000.0, nan, 1.0]",tt11704040,"[15860000.0, nan, 7.0]",tt1487831,"[15620000.0, nan, 10.0]",tt1487831,"[15120000.0, nan, 6.0]"
2023-02-19,tt25274446,"[45420000.0, nan, 4.0]",tt26229508,"[28570000.0, nan, 2.0]",tt15441160,"[28250000.0, nan, 1.0]",tt24578016,"[21520000.0, nan, 3.0]",tt13400006,"[20950000.0, nan, 1.0]",tt21206964,"[16160000.0, nan, 1.0]",tt1232714,"[14940000.0, nan, 2.0]",tt1704637,"[14890000.0, nan, 8.0]",tt20859920,"[11900000.0, nan, 8.0]",tt13278100,"[10040000.0, nan, 1.0]"
2023-02-12,tt0178998,"[51230000.0, nan, 1.0]",tt0464831,"[20730000.0, nan, 2.0]",tt14826022,"[20400000.0, nan, 3.0]",tt1634106,"[14380000.0, nan, 3.0]",tt5113044,"[11500000.0, nan, 2.0]",tt14668630,"[9110000.0, nan, 1.0]",tt18376122,"[8710000.0, nan, 2.0]",tt6349302,"[6760000.0, nan, 1.0]",tt0278435,"[5400000.0, nan, 2.0]",,
2023-02-12,tt13051810,"[21480000.0, nan, 2.0]",tt15789492,"[12940000.0, nan, 2.0]",tt15163652,"[4050000.0, nan, 1.0]",,,tt0020629,"[3660000.0, nan, 12.0]",tt0313743,"[3080000.0, nan, 1.0]",,,,,tt15229674,"[2240000.0, nan, 8.0]",tt0067883,"[2180000.0, nan, 11.0]"
2023-02-12,tt1487831,"[92070000.0, nan, 1.0]",tt10813940,"[25710000.0, nan, 6.0]",tt13443470,"[22650000.0, nan, 12.0]",tt1487831,"[19240000.0, nan, 6.0]",tt10813940,"[15790000.0, nan, 6.0]",tt0928414,"[15410000.0, nan, 6.0]",tt13802576,"[15370000.0, nan, 3.0]",tt11704040,"[12530000.0, nan, 6.0]",tt1487831,"[11440000.0, nan, 9.0]",tt0928414,"[10210000.0, nan, 1.0]"
2023-02-12,tt25274446,"[41610000.0, nan, 3.0]",tt24578016,"[21040000.0, nan, 2.0]",tt15787870,"[19610000.0, nan, 3.0]",tt1704637,"[19610000.0, nan, 7.0]",tt1232714,"[16510000.0, nan, 1.0]",tt24224910,"[12390000.0, nan, 2.0]",tt20859920,"[11610000.0, nan, 7.0]",tt26229508,"[11270000.0, nan, 1.0]",tt0981238,"[9910000.0, nan, 1.0]",,
2023-02-05,tt14826022,"[65610000.0, nan, 2.0]",tt18376122,"[24330000.0, nan, 1.0]",tt5113044,"[19360000.0, nan, 1.0]",,,tt0464831,"[11090000.0, nan, 1.0]",tt5360952,"[10120000.0, nan, 1.0]",tt1634106,"[8720000.0, nan, 2.0]",,,tt0424095,"[5090000.0, nan, 1.0]",tt0077391,"[4790000.0, nan, 3.0]"
2023-02-05,tt13051810,"[28030000.0, nan, 1.0]",tt15789492,"[12650000.0, nan, 1.0]",,,tt0020629,"[7050000.0, nan, 11.0]",tt15600222,"[5740000.0, nan, 2.0]",tt21149522,"[5430000.0, nan, 2.0]",,,tt13131232,"[3280000.0, nan, 3.0]",tt22352848,"[2880000.0, nan, 3.0]",tt0067883,"[2650000.0, nan, 10.0]"
2023-02-05,tt13802576,"[39420000.0, nan, 2.0]",tt10813940,"[38090000.0, nan, 5.0]",tt13443470,"[28230000.0, nan, 11.0]",tt10813940,"[22550000.0, nan, 5.0]",tt0928414,"[18960000.0, nan, 5.0]",tt11311302,"[14840000.0, nan, 4.0]",tt0928414,"[9370000.0, nan, 1.0]",tt15591076,"[9370000.0, nan, 3.0]",tt15506958,"[8270000.0, nan, 1.0]",tt0928414,"[7910000.0, nan, 1.0]"
2023-02-05,tt15787870,"[50240000.0, nan, 2.0]",tt25274446,"[31300000.0, nan, 2.0]",tt1704637,"[25730000.0, nan, 6.0]",tt13676344,"[18880000.0, nan, 2.0]",tt24578016,"[15550000.0, nan, 1.0]",tt16427924,"[14950000.0, nan, 2.0]",tt20859920,"[11520000.0, nan, 6.0]",tt14579330,"[11230000.0, nan, 3.0]",tt24224910,"[10950000.0, nan, 1.0]",tt16913068,"[10700000.0, nan, 3.0]"
2023-01-29,tt14826022,"[55650000.0, nan, 1.0]",tt0077391,"[11550000.0, nan, 2.0]",,,tt0064714,"[6010000.0, nan, 2.0]",tt0011115,"[5910000.0, nan, 1.0]",tt0969250,"[5800000.0, nan, 3.0]",tt12356620,"[5460000.0, nan, 4.0]",tt0098335,"[5320000.0, nan, 8.0]",,,tt1679335,"[3790000.0, nan, 5.0]"
2023-01-29,,,tt22352848,"[17620000.0, nan, 2.0]",tt13131232,"[10340000.0, nan, 2.0]",tt0020629,"[8170000.0, nan, 10.0]",tt21149522,"[6340000.0, nan, 1.0]",tt15600222,"[4490000.0, nan, 1.0]",tt0067883,"[2570000.0, nan, 9.0]",tt0379245,"[2550000.0, nan, 1.0]",,,tt15229674,"[1990000.0, nan, 7.0]"
2023-01-29,tt10813940,"[55610000.0, nan, 4.0]",tt13443470,"[35860000.0, nan, 10.0]",tt10813940,"[31140000.0, nan, 4.0]",tt15591076,"[26250000.0, nan, 2.0]",tt11311302,"[25120000.0, nan, 3.0]",tt13802576,"[25120000.0, nan, 1.0]",tt0928414,"[14320000.0, nan, 4.0]",tt22481904,"[14280000.0, nan, 1.0]",tt15078760,"[13040000.0, nan, 1.0]",tt0262965,"[12110000.0, nan, 4.0]"
2023-01-29,tt1704637,"[37470000.0, nan, 5.0]",tt16913068,"[33960000.0, nan, 2.0]",tt15787870,"[31830000.0, nan, 1.0]",tt14579330,"[30280000.0, nan, 2.0]",tt13676344,"[29190000.0, nan, 1.0]",tt16427924,"[28330000.0, nan, 1.0]",tt25274446,"[22510000.0, nan, 1.0]",tt4565380,"[19210000.0, nan, 2.0]",tt21344706,"[17360000.0, nan, 5.0]",tt20859920,"[14930000.0, nan, 19.0]"
2023-01-22,tt0969250,"[20910000.0, nan, 2.0]",tt12356620,"[12690000.0, nan, 3.0]",,,tt24509990,"[8230000.0, nan, 2.0]",tt0098335,"[7090000.0, nan, 7.0]",,,tt0064714,"[5860000.0, nan, 1.0]",tt8332922,"[4760000.0, nan, 1.0]",tt1679335,"[4080000.0, nan, 4.0]",tt24640474,"[3790000.0, nan, 1.0]"
2023-01-22,tt22352848,"[19300000.0, nan, 1.0]",tt13131232,"[8940000.0, nan, 1.0]",tt0353814,"[3370000.0, nan, 2.0]",tt0020629,"[2800000.0, nan, 9.0]",tt0067883,"[2590000.0, nan, 8.0]",,,tt15251536,"[2130000.0, nan, 1.0]",tt1740801,"[1740000.0, nan, 3.0]",tt15229674,"[1620000.0, nan, 6.0]",tt22497768,"[1570000.0, nan, 1.0]"
2023-01-22,tt10813940,"[87400000.0, nan, 3.0]",tt11311302,"[55530000.0, nan, 2.0]",tt13443470,"[45740000.0, nan, 9.0]",tt10813940,"[43290000.0, nan, 3.0]",tt15591076,"[41080000.0, nan, 1.0]",tt11311302,"[25370000.0, nan, 7.0]",tt0262965,"[22990000.0, nan, 3.0]",tt8962124,"[15550000.0, nan, 5.0]",tt0928414,"[14640000.0, nan, 3.0]",tt1520211,"[11800000.0, nan, 2.0]"
2023-01-22,tt1704637,"[54090000.0, nan, 4.0]",tt14579330,"[24530000.0, nan, 1.0]",tt21344706,"[24200000.0, nan, 4.0]",tt8690776,"[19070000.0, nan, 2.0]",tt16913068,"[17030000.0, nan, 1.0]",tt10795658,"[15680000.0, nan, 5.0]",tt4565380,"[12050000.0, nan, 1.0]",tt20859920,"[11580000.0, nan, 18.0]",tt5569404,"[11490000.0, nan, 3.0]",tt18482892,"[10570000.0, nan, 3.0]"
2023-01-15,tt12356620,"[39860000.0, nan, 2.0]",tt24509990,"[21270000.0, nan, 1.0]",,,tt0969250,"[18880000.0, nan, 1.0]",tt0098335,"[10400000.0, nan, 6.0]",,,tt7975244,"[6360000.0, nan, 3.0]",tt1399103,"[5630000.0, nan, 1.0]",tt1657507,"[4860000.0, nan, 1.0]",tt0317303,"[4850000.0, nan, 1.0]"
2023-01-15,tt0353814,"[7180000.0, nan, 1.0]",tt10804178,"[6960000.0, nan, 2.0]",tt2265171,"[3840000.0, nan, 2.0]",tt15399372,"[3690000.0, nan, 2.0]",tt21867370,"[3530000.0, nan, 1.0]",tt20838498,"[2870000.0, nan, 1.0]",tt10545704,"[2850000.0, nan, 1.0]",tt0067883,"[2520000.0, nan, 7.0]",tt0020629,"[2220000.0, nan, 8.0]",,
2023-01-15,tt10813940,"[162720000.0, nan, 2.0]",tt10813940,"[63230000.0, nan, 2.0]",tt13443470,"[57820000.0, nan, 8.0]",tt11311302,"[55350000.0, nan, 1.0]",tt0262965,"[46570000.0, nan, 2.0]",tt11311302,"[25500000.0, nan, 6.0]",tt8962124,"[25040000.0, nan, 4.0]",tt0928414,"[18160000.0, nan, 2.0]",tt1520211,"[17940000.0, nan, 1.0]",tt16030542,"[13430000.0, nan, 5.0]"
2023-01-15,tt1704637,"[51930000.0, nan, 3.0]",tt21344706,"[40110000.0, nan, 3.0]",tt5569404,"[28690000.0, nan, 2.0]",tt10795658,"[23220000.0, nan, 4.0]",,,tt18482892,"[15200000.0, nan, 2.0]",tt20859920,"[14980000.0, nan, 5.0]",tt8690776,"[13590000.0, nan, 1.0]",tt15525658,"[12450000.0, nan, 2.0]",tt15018224,"[11920000.0, nan, 2.0]"
2023-01-08,,,tt12356620,"[42960000.0, nan, 1.0]",tt7975244,"[17550000.0, nan, 2.0]",,,tt0375210,"[14340000.0, nan, 2.0]",tt1838556,"[10200000.0, nan, 1.0]",tt0098335,"[9560000.0, nan, 5.0]",tt5961976,"[7470000.0, nan, 2.0]",,,tt1679335,"[6500000.0, nan, 3.0]"
2023-01-08,tt10804178,"[10530000.0, nan, 1.0]",tt2265171,"[5780000.0, nan, 1.0]",tt0073391,"[5430000.0, nan, 2.0]",tt15399372,"[3950000.0, nan, 1.0]",tt0067883,"[3610000.0, nan, 6.0]",tt21617996,"[3600000.0, nan, 1.0]",tt0224005,"[3450000.0, nan, 5.0]",tt15614274,"[3170000.0, nan, 2.0]",tt15206378,"[3080000.0, nan, 2.0]",tt0020629,"[2570000.0, nan, 7.0]"
2023-01-08,tt10813940,"[180470000.0, nan, 1.0]",tt0262965,"[112320000.0, nan, 1.0]",tt13443470,"[81340000.0, nan, 7.0]",tt8962124,"[47780000.0, nan, 3.0]",tt10813940,"[44370000.0, nan, 1.0]",tt16030542,"[23580000.0, nan, 4.0]",tt23732458,"[23030000.0, nan, 1.0]",tt16450274,"[18460000.0, nan, 2.0]",tt12785720,"[17610000.0, nan, 3.0]",tt0928414,"[14800000.0, nan, 1.0]"
2023-01-08,tt21344706,"[82480000.0, nan, 2.0]",tt1704637,"[79250000.0, nan, 2.0]",tt10795658,"[41840000.0, nan, 3.0]",tt15525658,"[34370000.0, nan, 1.0]",tt5569404,"[20740000.0, nan, 1.0]",tt20859920,"[20510000.0, nan, 4.0]",tt10795658,"[19130000.0, nan, 8.0]",tt18482892,"[19090000.0, nan, 1.0]",,,tt15018224,"[14280000.0, nan, 1.0]"
2023-01-01,,,,,tt5961976,"[16760000.0, nan, 1.0]",tt0375210,"[14750000.0, nan, 1.0]",tt0070224,"[12200000.0, nan, 1.0]",,,tt1679335,"[9980000.0, nan, 2.0]",tt13070038,"[7220000.0, nan, 1.0]",tt0170016,"[7190000.0, nan, 3.0]",tt0080479,"[6940000.0, nan, 5.0]"
2023-01-01,tt15206378,"[9980000.0, nan, 1.0]",tt0067883,"[6650000.0, nan, 5.0]",tt23808016,"[6220000.0, nan, 2.0]",tt0224005,"[5600000.0, nan, 4.0]",tt15528292,"[5440000.0, nan, 3.0]",tt15614274,"[5240000.0, nan, 1.0]",tt15229674,"[4390000.0, nan, 5.0]",tt0073391,"[3370000.0, nan, 1.0]",tt0020629,"[3320000.0, nan, 6.0]",,
2023-01-01,tt13443470,"[103960000.0, nan, 6.0]",tt8962124,"[95330000.0, nan, 2.0]",tt12785720,"[64520000.0, nan, 2.0]",tt16450274,"[56060000.0, nan, 1.0]",tt16030542,"[43360000.0, nan, 3.0]",tt23900194,"[22530000.0, nan, 4.0]",tt8962124,"[15210000.0, nan, 6.0]",tt8962124,"[14550000.0, nan, 4.0]",tt13961348,"[13400000.0, nan, 3.0]",tt9012876,"[12770000.0, nan, 5.0]"
2023-01-01,tt10795658,"[74300000.0, nan, 2.0]",tt10795658,"[30220000.0, nan, 7.0]",tt21344706,"[25410000.0, nan, 1.0]",tt11937732,"[22490000.0, nan, 1.0]",tt1704637,"[22410000.0, nan, 1.0]",tt20859920,"[17170000.0, nan, 3.0]",,,,,,,tt18352538,"[11980000.0, nan, 6.0]"
2022-12-25,,,tt21439528,"[25110000.0, nan, 2.0]",,,tt0170016,"[12680000.0, nan, 2.0]",tt6359956,"[10890000.0, nan, 1.0]",tt19631454,"[10090000.0, nan, 2.0]",tt2990140,"[9840000.0, nan, 5.0]",tt14715170,"[7910000.0, nan, 6.0]",tt0080479,"[7250000.0, nan, 4.0]",tt11057644,"[7170000.0, nan, 4.0]"
2022-12-25,tt15528292,"[19740000.0, nan, 2.0]",tt23808016,"[17820000.0, nan, 1.0]",tt0197782,"[9860000.0, nan, 2.0]",tt0224005,"[8270000.0, nan, 3.0]",tt0067883,"[7950000.0, nan, 4.0]",,,tt15229674,"[3980000.0, nan, 4.0]",tt17677744,"[3180000.0, nan, 1.0]",tt9054970,"[3090000.0, nan, 2.0]",,
2022-12-25,tt13443470,"[118540000.0, nan, 5.0]",tt8962124,"[117610000.0, nan, 1.0]",tt16030542,"[95590000.0, nan, 2.0]",tt23900194,"[39740000.0, nan, 3.0]",tt13961348,"[26410000.0, nan, 2.0]",tt12004280,"[16640000.0, nan, 3.0]",tt12785720,"[15870000.0, nan, 1.0]",tt8300324,"[15820000.0, nan, 1.0]",tt9012876,"[14200000.0, nan, 4.0]",tt8962124,"[11500000.0, nan, 3.0]"
2022-12-25,tt10795658,"[61190000.0, nan, 1.0]",tt10795658,"[18660000.0, nan, 6.0]",tt18352538,"[17010000.0, nan, 5.0]",,,tt20859920,"[15060000.0, nan, 2.0]",,,tt15700830,"[13640000.0, nan, 2.0]",tt20859920,"[11830000.0, nan, 17.0]",tt0808013,"[11660000.0, nan, 1.0]",,
2022-12-18,,,tt19631454,"[19960000.0, nan, 1.0]",tt0020291,"[19000000.0, nan, 1.0]",tt0080479,"[13530000.0, nan, 3.0]",tt0047817,"[11090000.0, nan, 3.0]",tt21439528,"[8940000.0, nan, 1.0]",tt0170016,"[7530000.0, nan, 1.0]",tt14715170,"[6400000.0, nan, 5.0]",tt20917338,"[5680000.0, nan, 3.0]",tt13007592,"[5560000.0, nan, 4.0]"
2022-12-18,tt0224005,"[27060000.0, nan, 2.0]",tt15528292,"[16390000.0, nan, 1.0]",tt0067883,"[16270000.0, nan, 3.0]",tt9054970,"[8830000.0, nan, 1.0]",tt15229674,"[7230000.0, nan, 3.0]",tt18688184,"[6970000.0, nan, 2.0]",tt0197782,"[4340000.0, nan, 1.0]",,,,,tt19723342,"[3120000.0, nan, 2.0]"
2022-12-18,tt13443470,"[173960000.0, nan, 4.0]",tt23900194,"[97710000.0, nan, 2.0]",tt16030542,"[52300000.0, nan, 1.0]",tt12004280,"[37830000.0, nan, 2.0]",tt13961348,"[27720000.0, nan, 1.0]",tt9012876,"[26570000.0, nan, 3.0]",tt9319668,"[17850000.0, nan, 5.0]",tt4786824,"[13200000.0, nan, 6.0]",tt23826740,"[10780000.0, nan, 1.0]",tt9012876,"[10660000.0, nan, 2.0]"
2022-12-18,,,tt13696452,"[22340000.0, nan, 5.0]",tt18352538,"[19440000.0, nan, 4.0]",,,tt20859920,"[13500000.0, nan, 16.0]",tt20859920,"[13070000.0, nan, 1.0]",tt15700830,"[12330000.0, nan, 1.0]",tt18562516,"[9960000.0, nan, 2.0]",tt23556972,"[9490000.0, nan, 2.0]",tt22265394,"[9390000.0, nan, 8.0]"
2022-12-11,tt0047817,"[29030000.0, nan, 2.0]",,,tt0080479,"[24620000.0, nan, 2.0]",tt20917338,"[13050000.0, nan, 2.0]",tt3788392,"[11720000.0, nan, 3.0]",tt13007592,"[11580000.0, nan, 3.0]",,,tt0854164,"[10380000.0, nan, 4.0]",,,tt15255876,"[9590000.0, nan, 1.0]"
2022-12-11,tt0067883,"[52270000.0, nan, 2.0]",tt15229674,"[23590000.0, nan, 2.0]",tt0224005,"[17080000.0, nan, 1.0]",tt7375466,"[11620000.0, nan, 2.0]",tt0014253,"[11620000.0, nan, 2.0]",tt23556786,"[8580000.0, nan, 2.0]",tt19723342,"[8100000.0, nan, 1.0]",tt18688184,"[6140000.0, nan, 1.0]",tt0114701,"[4370000.0, nan, 2.0]",,
2022-12-11,tt13443470,"[269670000.0, nan, 3.0]",tt23900194,"[81550000.0, nan, 1.0]",tt9012876,"[50350000.0, nan, 2.0]",tt9319668,"[27530000.0, nan, 4.0]",tt9012876,"[20940000.0, nan, 1.0]",tt12004280,"[20430000.0, nan, 1.0]",tt4786824,"[18900000.0, nan, 5.0]",tt21840894,"[13870000.0, nan, 1.0]",tt8064302,"[11900000.0, nan, 4.0]",tt14738778,"[10540000.0, nan, 6.0]"
2022-12-11,,,,,tt22265394,"[17270000.0, nan, 7.0]",tt18352538,"[16810000.0, nan, 3.0]",tt7134908,"[13400000.0, nan, 4.0]",tt23556972,"[12830000.0, nan, 1.0]",tt13696452,"[12800000.0, nan, 4.0]",tt11988676,"[10910000.0, nan, 1.0]",tt0103421,"[9060000.0, nan, 3.0]",tt18562516,"[8050000.0, nan, 1.0]"
2022-12-04,tt13007592,"[27630000.0, nan, 2.0]",tt3788392,"[27040000.0, nan, 2.0]",tt0047817,"[20000000.0, nan, 1.0]",tt0854164,"[17830000.0, nan, 3.0]",tt0080479,"[11320000.0, nan, 1.0]",tt20561114,"[11110000.0, nan, 2.0]",tt14715170,"[9080000.0, nan, 4.0]",,,tt20917338,"[8170000.0, nan, 1.0]",tt22892896,"[7610000.0, nan, 2.0]"
2022-12-04,tt0067883,"[75860000.0, nan, 1.0]",tt15229674,"[32490000.0, nan, 1.0]",tt23556786,"[15330000.0, nan, 1.0]",tt7375466,"[11970000.0, nan, 1.0]",tt1740801,"[10990000.0, nan, 2.0]",,,tt0014253,"[7800000.0, nan, 1.0]",tt18082726,"[4320000.0, nan, 2.0]",tt0114701,"[4090000.0, nan, 1.0]",,
2022-12-04,tt13443470,"[411290000.0, nan, 2.0]",tt9319668,"[44620000.0, nan, 3.0]",tt9012876,"[29010000.0, nan, 1.0]",tt4786824,"[27790000.0, nan, 4.0]",tt23553310,"[23880000.0, nan, 1.0]",tt8064302,"[19540000.0, nan, 3.0]",tt14738778,"[15380000.0, nan, 5.0]",tt9839146,"[12690000.0, nan, 1.0]",tt14738778,"[11660000.0, nan, 24.0]",tt2102535,"[11180000.0, nan, 2.0]"
2022-12-04,,,,,tt7134908,"[22440000.0, nan, 3.0]",tt22265394,"[19470000.0, nan, 6.0]",tt0103421,"[12300000.0, nan, 2.0]",tt18352538,"[12070000.0, nan, 2.0]",tt23037654,"[11270000.0, nan, 2.0]",tt0248119,"[8770000.0, nan, 2.0]",tt0154063,"[7100000.0, nan, 7.0]",tt20869502,"[5500000.0, nan, 21.0]"
2022-11-27,tt0854164,"[45430000.0, nan, 2.0]",tt13007592,"[36270000.0, nan, 1.0]",tt3788392,"[22480000.0, nan, 1.0]",tt1338709,"[16860000.0, nan, 2.0]",tt14715170,"[14980000.0, nan, 3.0]",tt15824322,"[13800000.0, nan, 2.0]",tt20561114,"[13470000.0, nan, 1.0]",tt14641788,"[9670000.0, nan, 4.0]",tt9411972,"[9640000.0, nan, 3.0]",tt22892896,"[7290000.0, nan, 1.0]"
2022-11-27,tt1740801,"[17310000.0, nan, 1.0]",,,tt0020629,"[4870000.0, nan, 5.0]",,,,,,,tt18082726,"[3180000.0, nan, 1.0]",tt0100081,"[2670000.0, nan, 1.0]",tt0130503,"[2310000.0, nan, 5.0]",tt0326749,"[2230000.0, nan, 8.0]"
2022-11-27,tt13443470,"[341230000.0, nan, 1.0]",tt9319668,"[87890000.0, nan, 2.0]",tt4786824,"[42360000.0, nan, 3.0]",tt8064302,"[33330000.0, nan, 2.0]",tt14738778,"[21600000.0, nan, 4.0]",tt14738778,"[15010000.0, nan, 23.0]",tt23022276,"[14160000.0, nan, 1.0]",tt14738778,"[12260000.0, nan, 8.0]",tt9059350,"[11970000.0, nan, 3.0]",tt8064302,"[11940000.0, nan, 1.0]"
2022-11-27,tt7134908,"[48270000.0, nan, 2.0]",,,tt22265394,"[18080000.0, nan, 5.0]",tt18352538,"[10350000.0, nan, 1.0]",tt12506950,"[9940000.0, nan, 1.0]",,,tt0154063,"[7280000.0, nan, 6.0]",tt0103421,"[7220000.0, nan, 1.0]",tt23037654,"[6330000.0, nan, 1.0]",tt0216459,"[6310000.0, nan, 28.0]"
2022-11-20,tt14715170,"[37850000.0, nan, 2.0]",tt0854164,"[33370000.0, nan, 1.0]",tt1338709,"[26180000.0, nan, 1.0]",tt14641788,"[21420000.0, nan, 3.0]",tt9411972,"[20330000.0, nan, 2.0]",tt15824322,"[17930000.0, nan, 1.0]",,,tt4273800,"[8800000.0, nan, 4.0]",tt7846844,"[7610000.0, nan, 3.0]",tt22440764,"[7500000.0, nan, 1.0]"
2022-11-20,,,tt0020629,"[9490000.0, nan, 4.0]",tt0326749,"[6870000.0, nan, 7.0]",tt0130503,"[6130000.0, nan, 4.0]",tt15128068,"[5840000.0, nan, 2.0]",tt22988228,"[4690000.0, nan, 1.0]",tt14384176,"[3800000.0, nan, 2.0]",tt18450548,"[3410000.0, nan, 2.0]",tt12683756,"[3230000.0, nan, 4.0]",tt10328322,"[2620000.0, nan, 3.0]"
2022-11-20,tt4786824,"[84310000.0, nan, 2.0]",tt9319668,"[79270000.0, nan, 1.0]",tt14738778,"[35730000.0, nan, 3.0]",tt8064302,"[30300000.0, nan, 1.0]",tt9059350,"[27740000.0, nan, 2.0]",tt14738778,"[25940000.0, nan, 22.0]",tt0361148,"[24620000.0, nan, 1.0]",tt9059350,"[20100000.0, nan, 1.0]",tt11252254,"[19880000.0, nan, 5.0]",tt11704040,"[19310000.0, nan, 5.0]"
2022-11-20,,,tt7134908,"[36870000.0, nan, 1.0]",tt22265394,"[15620000.0, nan, 4.0]",tt0078643,"[8590000.0, nan, 11.0]",tt0154063,"[7940000.0, nan, 5.0]",tt0216459,"[6850000.0, nan, 27.0]",tt20869502,"[6780000.0, nan, 20.0]",,,tt22941150,"[5420000.0, nan, 1.0]",tt22071840,"[5400000.0, nan, 4.0]"
2022-11-13,tt14641788,"[62860000.0, nan, 2.0]",tt14715170,"[48360000.0, nan, 1.0]",tt7846844,"[18650000.0, nan, 2.0]",tt1391095,"[18230000.0, nan, 1.0]",tt4273800,"[15060000.0, nan, 3.0]",,,tt1693045,"[12190000.0, nan, 2.0]",tt9411972,"[10830000.0, nan, 1.0]",tt2935622,"[8850000.0, nan, 4.0]",tt0141208,"[7920000.0, nan, 2.0]"
2022-11-13,,,tt0020629,"[17610000.0, nan, 3.0]",tt0130503,"[11250000.0, nan, 3.0]",tt10328322,"[8890000.0, nan, 2.0]",tt12683756,"[6960000.0, nan, 3.0]",tt14384176,"[5710000.0, nan, 1.0]",tt0326749,"[5570000.0, nan, 6.0]",tt15128068,"[4450000.0, nan, 1.0]",tt18450548,"[3770000.0, nan, 1.0]",tt15340724,"[3060000.0, nan, 4.0]"
2022-11-13,tt4786824,"[107390000.0, nan, 1.0]",tt14738778,"[74780000.0, nan, 2.0]",tt11704040,"[47250000.0, nan, 4.0]",tt14738778,"[41990000.0, nan, 21.0]",tt11252254,"[31300000.0, nan, 4.0]",tt9059350,"[26220000.0, nan, 1.0]",tt10948716,"[24970000.0, nan, 2.0]",tt0112218,"[18850000.0, nan, 5.0]",tt14738778,"[18200000.0, nan, 9.0]",tt8415836,"[18170000.0, nan, 3.0]"
2022-11-13,,,,,tt22265394,"[12200000.0, nan, 3.0]",tt0078643,"[10330000.0, nan, 10.0]",tt0388604,"[8920000.0, nan, 3.0]",tt22071840,"[8840000.0, nan, 3.0]",tt0154063,"[7400000.0, nan, 4.0]",tt20869502,"[6980000.0, nan, 19.0]",tt0216459,"[6580000.0, nan, 26.0]",tt14664414,"[6290000.0, nan, 2.0]"
2022-11-06,tt14641788,"[64080000.0, nan, 1.0]",tt4273800,"[36780000.0, nan, 2.0]",tt2935622,"[19030000.0, nan, 3.0]",tt0247812,"[16760000.0, nan, 1.0]",tt0051193,"[16390000.0, nan, 2.0]",tt1693045,"[15910000.0, nan, 1.0]",tt0141208,"[10370000.0, nan, 1.0]",tt7846844,"[9640000.0, nan, 1.0]",tt0110706,"[5860000.0, nan, 1.0]",tt15289240,"[5030000.0, nan, 4.0]"
2022-11-06,tt0020629,"[39950000.0, nan, 2.0]",tt10328322,"[25880000.0, nan, 1.0]",tt0130503,"[20550000.0, nan, 2.0]",tt12683756,"[10360000.0, nan, 2.0]",tt15340724,"[7550000.0, nan, 3.0]",tt0089269,"[6000000.0, nan, 2.0]",tt0326749,"[3930000.0, nan, 5.0]",tt14270848,"[3060000.0, nan, 2.0]",tt22091698,"[2940000.0, nan, 4.0]",tt0057522,"[2880000.0, nan, 1.0]"
2022-11-06,tt14738778,"[57060000.0, nan, 1.0]",tt10948716,"[52940000.0, nan, 1.0]",tt11252254,"[50450000.0, nan, 3.0]",tt11704040,"[47130000.0, nan, 3.0]",tt8415836,"[38800000.0, nan, 2.0]",tt0112218,"[35420000.0, nan, 4.0]",,,,,tt22646714,"[25360000.0, nan, 1.0]",tt14738778,"[20300000.0, nan, 20.0]"
2022-11-06,,,tt22071840,"[20790000.0, nan, 2.0]",tt14664414,"[18860000.0, nan, 1.0]",tt0388604,"[14950000.0, nan, 2.0]",tt0078643,"[11300000.0, nan, 9.0]",tt22265394,"[10420000.0, nan, 2.0]",tt0905688,"[9390000.0, nan, 3.0]",tt21875462,"[9050000.0, nan, 1.0]",tt20869502,"[8370000.0, nan, 18.0]",tt0154063,"[7760000.0, nan, 3.0]"
2022-10-30,tt4273800,"[68310000.0, nan, 1.0]",tt2935622,"[41950000.0, nan, 2.0]",tt0015372,"[9170000.0, nan, 2.0]",tt0051193,"[8890000.0, nan, 1.0]",tt15289240,"[8170000.0, nan, 3.0]",tt4595186,"[8020000.0, nan, 4.0]",tt0098335,"[5420000.0, nan, 4.0]",tt3874544,"[4210000.0, nan, 4.0]",tt10682266,"[3960000.0, nan, 1.0]",tt12610794,"[3940000.0, nan, 1.0]"
2022-10-30,tt0020629,"[31500000.0, nan, 1.0]",tt12683756,"[17360000.0, nan, 1.0]",tt15340724,"[15900000.0, nan, 2.0]",tt0130503,"[12360000.0, nan, 1.0]",tt0089269,"[10470000.0, nan, 1.0]",tt14270848,"[4600000.0, nan, 1.0]",tt22091698,"[4200000.0, nan, 3.0]",tt0326749,"[3250000.0, nan, 4.0]",,,tt10028196,"[1990000.0, nan, 4.0]"
2022-10-30,tt11252254,"[72020000.0, nan, 2.0]",tt0112218,"[67510000.0, nan, 3.0]",tt8415836,"[49950000.0, nan, 1.0]",tt11704040,"[42070000.0, nan, 2.0]",,,tt0094574,"[14060000.0, nan, 2.0]",,,tt22227040,"[13670000.0, nan, 2.0]",tt21195490,"[13590000.0, nan, 1.0]",tt2102535,"[10800000.0, nan, 1.0]"
2022-10-30,,,tt0905688,"[21220000.0, nan, 2.0]",tt22071840,"[13710000.0, nan, 1.0]",tt0078643,"[12290000.0, nan, 8.0]",tt0905688,"[12120000.0, nan, 2.0]",tt22746676,"[10640000.0, nan, 2.0]",tt13720112,"[9990000.0, nan, 5.0]",tt0388604,"[9100000.0, nan, 1.0]",tt20869502,"[8990000.0, nan, 17.0]",tt22265394,"[8010000.0, nan, 1.0]"
2022-10-23,tt2935622,"[78830000.0, nan, 1.0]",tt15289240,"[25340000.0, nan, 2.0]",tt4595186,"[19300000.0, nan, 3.0]",tt0015372,"[17040000.0, nan, 1.0]",tt0032356,"[12120000.0, nan, 2.0]",tt0211268,"[9200000.0, nan, 2.0]",tt0098335,"[7300000.0, nan, 3.0]",tt12908110,"[5770000.0, nan, 3.0]",tt3874544,"[5190000.0, nan, 3.0]",tt0160127,"[4920000.0, nan, 1.0]"
2022-10-23,tt22091698,"[14120000.0, nan, 2.0]",tt15340724,"[8000000.0, nan, 1.0]",tt14042066,"[3780000.0, nan, 2.0]",tt21933110,"[3600000.0, nan, 3.0]",tt10028196,"[3080000.0, nan, 3.0]",tt22038236,"[2050000.0, nan, 2.0]",tt12748300,"[2010000.0, nan, 2.0]",tt14592948,"[1790000.0, nan, 7.0]",tt6402468,"[1510000.0, nan, 16.0]",tt5715464,"[1320000.0, nan, 2.0]"
2022-10-23,tt0112218,"[148240000.0, nan, 2.0]",,,tt11252254,"[32230000.0, nan, 1.0]",tt11704040,"[24890000.0, nan, 1.0]",tt13444912,"[21650000.0, nan, 3.0]",tt0094574,"[18930000.0, nan, 1.0]",tt6048596,"[13240000.0, nan, 3.0]",tt22227040,"[12980000.0, nan, 1.0]",tt0081856,"[12610000.0, nan, 5.0]",tt22085974,"[11550000.0, nan, 1.0]"
2022-10-23,,,tt15576994,"[18590000.0, nan, 2.0]",tt0078643,"[15550000.0, nan, 7.0]",tt13720112,"[15090000.0, nan, 4.0]",tt0905688,"[14590000.0, nan, 1.0]",tt22746676,"[11580000.0, nan, 1.0]",tt11564258,"[10920000.0, nan, 1.0]",tt20869502,"[10490000.0, nan, 16.0]",tt15096728,"[10290000.0, nan, 3.0]",tt0905688,"[8300000.0, nan, 1.0]"
2022-10-16,tt4595186,"[57010000.0, nan, 2.0]",tt15289240,"[25120000.0, nan, 1.0]",tt0032356,"[21090000.0, nan, 1.0]",tt12908110,"[20080000.0, nan, 2.0]",tt0098335,"[12310000.0, nan, 2.0]",tt21837726,"[10290000.0, nan, 2.0]",tt3874544,"[7390000.0, nan, 2.0]",tt0314595,"[6160000.0, nan, 1.0]",tt15223236,"[6090000.0, nan, 3.0]",tt0211268,"[5600000.0, nan, 1.0]"
2022-10-16,tt22091698,"[27380000.0, nan, 1.0]",tt21933110,"[13480000.0, nan, 2.0]",tt1271989,"[6790000.0, nan, 2.0]",tt10028196,"[6490000.0, nan, 2.0]",tt22038236,"[4740000.0, nan, 1.0]",tt22071864,"[3320000.0, nan, 2.0]",,,tt14042066,"[2090000.0, nan, 1.0]",tt15238986,"[1810000.0, nan, 3.0]",tt5715464,"[1540000.0, nan, 1.0]"
2022-10-16,tt0112218,"[125010000.0, nan, 1.0]",,,tt13444912,"[49870000.0, nan, 2.0]",tt21946032,"[27710000.0, nan, 2.0]",tt0081856,"[18230000.0, nan, 4.0]",tt21107718,"[11900000.0, nan, 1.0]",tt2741602,"[11800000.0, nan, 1.0]",tt13660962,"[10630000.0, nan, 2.0]",tt8179402,"[9690000.0, nan, 5.0]",tt0243073,"[9640000.0, nan, 1.0]"
2022-10-16,tt15096728,"[31040000.0, nan, 2.0]",tt13720112,"[28080000.0, nan, 3.0]",tt0078643,"[24990000.0, nan, 6.0]",tt20869502,"[12150000.0, nan, 15.0]",tt16442864,"[9360000.0, nan, 5.0]",tt15576994,"[8510000.0, nan, 1.0]",tt20859920,"[7750000.0, nan, 15.0]",tt14735382,"[7440000.0, nan, 1.0]",tt15514606,"[7070000.0, nan, 8.0]",tt0154063,"[6000000.0, nan, 2.0]"
2022-10-09,tt4595186,"[43080000.0, nan, 1.0]",tt12908110,"[35420000.0, nan, 1.0]",tt10242388,"[18810000.0, nan, 2.0]",tt15223236,"[17410000.0, nan, 2.0]",tt11630044,"[12600000.0, nan, 3.0]",tt3874544,"[8510000.0, nan, 1.0]",tt0098335,"[8420000.0, nan, 1.0]",tt0359658,"[8350000.0, nan, 2.0]",tt21837726,"[7850000.0, nan, 1.0]",,
2022-10-09,,,tt10028196,"[6630000.0, nan, 1.0]",tt21933110,"[6480000.0, nan, 1.0]",tt15238986,"[5130000.0, nan, 2.0]",tt1271989,"[4140000.0, nan, 1.0]",tt22071864,"[3700000.0, nan, 1.0]",tt0046728,"[2830000.0, nan, 3.0]",,,tt15509564,"[1620000.0, nan, 1.0]",tt12874984,"[1370000.0, nan, 1.0]"
2022-10-09,,,tt21946032,"[31400000.0, nan, 1.0]",tt0081856,"[27830000.0, nan, 3.0]",tt13444912,"[18790000.0, nan, 1.0]",tt13660962,"[15210000.0, nan, 1.0]",tt8179402,"[14960000.0, nan, 4.0]",tt7221388,"[13530000.0, nan, 5.0]",tt0108800,"[9480000.0, nan, 3.0]",tt1460534,"[9420000.0, nan, 19.0]",tt18970124,"[8860000.0, nan, 3.0]"
2022-10-09,tt13720112,"[59430000.0, nan, 2.0]",tt15096728,"[45840000.0, nan, 1.0]",tt0078643,"[23580000.0, nan, 5.0]",tt16442864,"[13750000.0, nan, 4.0]",tt20869502,"[12220000.0, nan, 14.0]",tt20859920,"[9780000.0, nan, 14.0]",tt15514606,"[8520000.0, nan, 7.0]",tt12590266,"[8020000.0, nan, 4.0]",tt14518692,"[7580000.0, nan, 5.0]",tt16481820,"[7100000.0, nan, 5.0]"
2022-10-02,tt11630044,"[46190000.0, nan, 2.0]",tt15223236,"[37340000.0, nan, 1.0]",tt13327038,"[15920000.0, nan, 3.0]",tt14307536,"[15670000.0, nan, 2.0]",,,tt10242388,"[8110000.0, nan, 1.0]",tt0359658,"[6700000.0, nan, 1.0]",tt0077391,"[6420000.0, nan, 1.0]",tt14439896,"[5450000.0, nan, 2.0]",tt0091005,"[5170000.0, nan, 1.0]"
2022-10-02,tt0046728,"[13600000.0, nan, 2.0]",tt21916206,"[4500000.0, nan, 2.0]",,,tt15238986,"[3920000.0, nan, 1.0]",,,tt0022211,"[2220000.0, nan, 4.0]",tt4457020,"[2210000.0, nan, 3.0]",tt14592948,"[2160000.0, nan, 6.0]",tt15494038,"[1720000.0, nan, 3.0]",,
2022-10-02,,,tt0081856,"[44610000.0, nan, 2.0]",tt8179402,"[26400000.0, nan, 3.0]",tt7221388,"[20820000.0, nan, 4.0]",tt0108800,"[14880000.0, nan, 2.0]",tt4786824,"[12090000.0, nan, 4.0]",tt4786824,"[11480000.0, nan, 3.0]",tt1460534,"[10340000.0, nan, 18.0]",tt8179402,"[9560000.0, nan, 2.0]",,
2022-10-02,tt13720112,"[47210000.0, nan, 1.0]",tt8726102,"[21230000.0, nan, 2.0]",tt16442864,"[20870000.0, nan, 3.0]",tt0078643,"[18940000.0, nan, 4.0]",tt20869502,"[13370000.0, nan, 13.0]",tt14518692,"[12080000.0, nan, 4.0]",tt12590266,"[11090000.0, nan, 3.0]",tt20859920,"[10980000.0, nan, 13.0]",tt15514606,"[10860000.0, nan, 6.0]",tt16481820,"[10200000.0, nan, 4.0]"
2022-09-25,tt13327038,"[42550000.0, nan, 2.0]",tt11630044,"[40570000.0, nan, 1.0]",tt14439896,"[13770000.0, nan, 1.0]",tt15807910,"[11630000.0, nan, 1.0]",tt14307536,"[7820000.0, nan, 1.0]",tt0996959,"[6230000.0, nan, 5.0]",,,tt0036790,"[5540000.0, nan, 3.0]",tt1245492,"[5320000.0, nan, 2.0]",tt6673612,"[5130000.0, nan, 2.0]"
2022-09-25,tt21916206,"[9380000.0, nan, 1.0]",tt0046728,"[6920000.0, nan, 1.0]",tt0022211,"[5800000.0, nan, 3.0]",tt10345782,"[4900000.0, nan, 2.0]",tt15494038,"[4730000.0, nan, 2.0]",tt11347146,"[4130000.0, nan, 2.0]",tt14592948,"[3860000.0, nan, 5.0]",tt4457020,"[3820000.0, nan, 2.0]",,,tt8983230,"[3210000.0, nan, 2.0]"
2022-09-25,,,tt8179402,"[60970000.0, nan, 2.0]",tt7221388,"[38120000.0, nan, 3.0]",tt4786824,"[25690000.0, nan, 3.0]",tt8179402,"[20250000.0, nan, 1.0]",tt0108800,"[18250000.0, nan, 1.0]",tt4786824,"[17520000.0, nan, 2.0]",tt0081856,"[12830000.0, nan, 1.0]",tt14502728,"[12760000.0, nan, 3.0]",tt21867596,"[12550000.0, nan, 2.0]"
2022-09-25,tt16442864,"[33340000.0, nan, 2.0]",tt14518692,"[27440000.0, nan, 3.0]",tt16481820,"[18020000.0, nan, 3.0]",tt20869502,"[16890000.0, nan, 12.0]",tt0078643,"[15020000.0, nan, 3.0]",tt15514606,"[14740000.0, nan, 5.0]",tt12590266,"[13760000.0, nan, 2.0]",tt8726102,"[13410000.0, nan, 1.0]",tt14278524,"[10650000.0, nan, 1.0]",tt17641200,"[10540000.0, nan, 6.0]"
2022-09-18,tt0036790,"[27190000.0, nan, 2.0]",tt13327038,"[26670000.0, nan, 1.0]",tt15463032,"[8870000.0, nan, 3.0]",tt0996959,"[7910000.0, nan, 4.0]",tt5108870,"[7530000.0, nan, 2.0]",tt15083184,"[7360000.0, nan, 3.0]",tt1690953,"[7160000.0, nan, 9.0]",tt0024184,"[6530000.0, nan, 1.0]",tt6673612,"[5580000.0, nan, 1.0]",tt1245492,"[5250000.0, nan, 1.0]"
2022-09-18,tt0022211,"[25490000.0, nan, 2.0]",tt10345782,"[6430000.0, nan, 1.0]",tt11947158,"[5160000.0, nan, 2.0]",tt14592948,"[4900000.0, nan, 4.0]",tt11347146,"[3970000.0, nan, 1.0]",tt8983230,"[3390000.0, nan, 1.0]",tt1247222,"[3080000.0, nan, 1.0]",tt4457020,"[2970000.0, nan, 1.0]",tt0424083,"[2900000.0, nan, 3.0]",tt15494038,"[2370000.0, nan, 1.0]"
2022-09-18,tt7221388,"[95550000.0, nan, 2.0]",tt8179402,"[48960000.0, nan, 1.0]",tt4786824,"[40790000.0, nan, 2.0]",tt14502728,"[35020000.0, nan, 2.0]",tt15432016,"[29300000.0, nan, 3.0]",tt21867596,"[24390000.0, nan, 1.0]",tt4786824,"[16670000.0, nan, 1.0]",tt11704040,"[14370000.0, nan, 6.0]",tt1460534,"[13480000.0, nan, 17.0]",tt1751634,"[12220000.0, nan, 7.0]"
2022-09-18,tt14518692,"[62650000.0, nan, 2.0]",tt16481820,"[34410000.0, nan, 2.0]",tt16442864,"[22710000.0, nan, 1.0]",tt20869502,"[21970000.0, nan, 11.0]",tt15514606,"[18490000.0, nan, 4.0]",tt17641200,"[16210000.0, nan, 5.0]",tt15264452,"[16040000.0, nan, 1.0]",tt12590266,"[14880000.0, nan, 1.0]",tt0078643,"[12960000.0, nan, 2.0]",tt20859920,"[10890000.0, nan, 12.0]"
2022-09-11,tt0036790,"[30210000.0, nan, 1.0]",tt15463032,"[29530000.0, nan, 2.0]",tt15083184,"[26800000.0, nan, 2.0]",tt0996959,"[20660000.0, nan, 3.0]",tt5108870,"[12200000.0, nan, 1.0]",tt0381707,"[9210000.0, nan, 1.0]",tt1690953,"[7590000.0, nan, 8.0]",tt0993842,"[7120000.0, nan, 1.0]",tt1712261,"[6530000.0, nan, 1.0]",tt0202450,"[6510000.0, nan, 1.0]"
2022-09-11,tt0022211,"[13530000.0, nan, 1.0]",tt14592948,"[12590000.0, nan, 3.0]",tt0424083,"[9830000.0, nan, 2.0]",tt15006754,"[6550000.0, nan, 2.0]",tt11947158,"[4750000.0, nan, 1.0]",tt13611770,"[3760000.0, nan, 3.0]",tt13130760,"[2700000.0, nan, 2.0]",tt0010137,"[2540000.0, nan, 1.0]",tt14210720,"[2370000.0, nan, 1.0]",tt15335282,"[1960000.0, nan, 1.0]"
2022-09-11,tt7221388,"[106700000.0, nan, 1.0]",tt15432016,"[70810000.0, nan, 2.0]",tt14502728,"[24070000.0, nan, 1.0]",tt15292942,"[19800000.0, nan, 1.0]",tt1751634,"[19590000.0, nan, 6.0]",tt15390524,"[18210000.0, nan, 3.0]",tt4786824,"[17570000.0, nan, 1.0]",tt1460534,"[16560000.0, nan, 16.0]",tt0213628,"[14260000.0, nan, 4.0]",tt14738778,"[12410000.0, nan, 19.0]"
2022-09-11,tt20869502,"[31640000.0, nan, 10.0]",tt16481820,"[27980000.0, nan, 1.0]",tt17641200,"[26990000.0, nan, 4.0]",tt15514606,"[21480000.0, nan, 3.0]",tt14518692,"[20600000.0, nan, 1.0]",tt20859920,"[16840000.0, nan, 11.0]",tt0078643,"[9970000.0, nan, 1.0]",tt0387763,"[9630000.0, nan, 8.0]",tt21964626,"[7900000.0, nan, 1.0]",tt0387735,"[7110000.0, nan, 2.0]"
2022-09-04,tt0996959,"[56560000.0, nan, 2.0]",tt15463032,"[41220000.0, nan, 1.0]",tt15083184,"[30790000.0, nan, 1.0]",tt21388556,"[17420000.0, nan, 2.0]",tt0382806,"[11780000.0, nan, 3.0]",tt13314558,"[9450000.0, nan, 4.0]",tt21106646,"[9070000.0, nan, 3.0]",tt0087956,"[7520000.0, nan, 6.0]",tt0360615,"[6260000.0, nan, 6.0]",tt0369339,"[6100000.0, nan, 1.0]"
2022-09-04,tt14592948,"[29940000.0, nan, 2.0]",tt15006754,"[15700000.0, nan, 1.0]",tt0424083,"[9410000.0, nan, 1.0]",tt13611770,"[8670000.0, nan, 2.0]",tt13130760,"[7300000.0, nan, 1.0]",tt21836538,"[3700000.0, nan, 2.0]",tt38633456,"[3420000.0, nan, 1.0]",tt15022184,"[3040000.0, nan, 3.0]",tt3469592,"[2630000.0, nan, 1.0]",tt0069697,"[2580000.0, nan, 2.0]"
2022-09-04,tt0213628,"[36580000.0, nan, 3.0]",tt15432016,"[35370000.0, nan, 1.0]",tt1751634,"[33320000.0, nan, 5.0]",tt15390524,"[31140000.0, nan, 2.0]",tt1460534,"[20280000.0, nan, 15.0]",tt8300324,"[17920000.0, nan, 1.0]",tt14738778,"[16410000.0, nan, 18.0]",tt10062292,"[14820000.0, nan, 4.0]",tt15907000,"[13670000.0, nan, 2.0]",tt14738778,"[11930000.0, nan, 7.0]"
2022-09-04,tt20869502,"[48820000.0, nan, 9.0]",tt17641200,"[44050000.0, nan, 3.0]",tt20859920,"[27200000.0, nan, 10.0]",tt15514606,"[18270000.0, nan, 2.0]",tt15135104,"[12760000.0, nan, 2.0]",tt0387763,"[12160000.0, nan, 7.0]",tt0387735,"[10250000.0, nan, 1.0]",tt21341988,"[9860000.0, nan, 1.0]",tt0840226,"[8620000.0, nan, 1.0]",tt14899624,"[8400000.0, nan, 6.0]"
2022-08-28,tt0996959,"[59230000.0, nan, 1.0]",tt0382806,"[29890000.0, nan, 2.0]",tt21106646,"[27010000.0, nan, 2.0]",tt13314558,"[20460000.0, nan, 3.0]",tt0087956,"[12360000.0, nan, 5.0]",tt0023245,"[11540000.0, nan, 1.0]",tt21379574,"[10630000.0, nan, 1.0]",,,tt21388556,"[10470000.0, nan, 1.0]",tt0056492,"[10090000.0, nan, 1.0]"
2022-08-28,tt14592948,"[17480000.0, nan, 1.0]",tt15022184,"[10440000.0, nan, 2.0]",,,tt13611770,"[7200000.0, nan, 1.0]",tt21836538,"[3460000.0, nan, 1.0]",tt0118648,"[3190000.0, nan, 1.0]",tt6402468,"[2930000.0, nan, 15.0]",tt1378639,"[2890000.0, nan, 4.0]",tt14152140,"[2470000.0, nan, 4.0]",tt0069697,"[2400000.0, nan, 1.0]"
2022-08-28,tt0213628,"[68490000.0, nan, 2.0]",tt1751634,"[53790000.0, nan, 4.0]",tt10062292,"[25640000.0, nan, 3.0]",tt1460534,"[23640000.0, nan, 14.0]",tt14738778,"[19110000.0, nan, 17.0]",tt15907000,"[18680000.0, nan, 1.0]",tt15390524,"[16660000.0, nan, 1.0]",tt3007572,"[14630000.0, nan, 3.0]",tt9077530,"[14460000.0, nan, 6.0]",,
2022-08-28,tt20869502,"[53890000.0, nan, 8.0]",tt17641200,"[53390000.0, nan, 2.0]",tt20859920,"[28590000.0, nan, 9.0]",tt15135104,"[21570000.0, nan, 1.0]",tt13106334,"[16640000.0, nan, 2.0]",tt0387763,"[14770000.0, nan, 6.0]",tt14899624,"[11830000.0, nan, 5.0]",tt15514606,"[8780000.0, nan, 1.0]",tt21289712,"[8130000.0, nan, 3.0]",tt0387763,"[8020000.0, nan, 6.0]"
2022-08-21,tt13314558,"[63390000.0, nan, 2.0]",tt0382806,"[48060000.0, nan, 1.0]",tt21106646,"[39310000.0, nan, 1.0]",tt0087956,"[23410000.0, nan, 4.0]",,,tt0360615,"[14640000.0, nan, 5.0]",tt6095472,"[11470000.0, nan, 1.0]",tt1057576,"[8660000.0, nan, 3.0]",tt0017354,"[8120000.0, nan, 7.0]",tt21340412,"[6990000.0, nan, 1.0]"
2022-08-21,tt15022184,"[11910000.0, nan, 1.0]",,,tt1378639,"[7180000.0, nan, 3.0]",,,tt14152140,"[5640000.0, nan, 3.0]",tt6402468,"[5180000.0, nan, 14.0]",tt21281774,"[4070000.0, nan, 2.0]",,,tt10687220,"[2880000.0, nan, 1.0]",,
2022-08-21,tt1751634,"[77240000.0, nan, 3.0]",tt10062292,"[59450000.0, nan, 2.0]",tt1460534,"[28800000.0, nan, 13.0]",tt3007572,"[28310000.0, nan, 2.0]",tt0213628,"[25630000.0, nan, 1.0]",tt14738778,"[24120000.0, nan, 16.0]",tt9077530,"[20470000.0, nan, 5.0]",tt10062292,"[17010000.0, nan, 2.0]",tt10062292,"[16770000.0, nan, 4.0]",tt14738778,"[16270000.0, nan, 8.0]"
2022-08-21,tt20869502,"[77430000.0, nan, 7.0]",tt17641200,"[27680000.0, nan, 1.0]",tt21289712,"[19770000.0, nan, 2.0]",tt0387763,"[19530000.0, nan, 5.0]",tt20859920,"[18040000.0, nan, 8.0]",tt14899624,"[17300000.0, nan, 4.0]",tt0387763,"[8840000.0, nan, 5.0]",tt12446242,"[8390000.0, nan, 6.0]",tt13106334,"[7920000.0, nan, 1.0]",tt12987918,"[7020000.0, nan, 3.0]"
2022-08-14,tt13314558,"[56510000.0, nan, 1.0]",tt0087956,"[46370000.0, nan, 3.0]",tt1057576,"[23710000.0, nan, 2.0]",tt0360615,"[21160000.0, nan, 4.0]",tt10993824,"[19010000.0, nan, 2.0]",tt0017354,"[10850000.0, nan, 6.0]",tt8579674,"[10840000.0, nan, 1.0]",tt0019884,"[10710000.0, nan, 1.0]",tt0020025,"[8330000.0, nan, 1.0]",tt6467266,"[7270000.0, nan, 8.0]"
2022-08-14,tt1378639,"[26670000.0, nan, 2.0]",tt14152140,"[13960000.0, nan, 2.0]",,,tt21281774,"[6610000.0, nan, 1.0]",,,tt6402468,"[3540000.0, nan, 13.0]",,,tt33377952,"[2880000.0, nan, 3.0]",tt21339860,"[2500000.0, nan, 1.0]",,
2022-08-14,tt1751634,"[127500000.0, nan, 2.0]",tt10062292,"[55010000.0, nan, 1.0]",tt3007572,"[38440000.0, nan, 1.0]",tt1460534,"[35310000.0, nan, 12.0]",tt9077530,"[29550000.0, nan, 4.0]",tt14738778,"[28430000.0, nan, 15.0]",tt21315194,"[26190000.0, nan, 1.0]",tt14117010,"[20920000.0, nan, 3.0]",tt14738778,"[18720000.0, nan, 7.0]",tt14738778,"[18070000.0, nan, 6.0]"
2022-08-14,tt20869502,"[69360000.0, nan, 6.0]",tt0387763,"[23950000.0, nan, 4.0]",tt14899624,"[21990000.0, nan, 3.0]",tt20859920,"[17840000.0, nan, 7.0]",tt12987918,"[12630000.0, nan, 2.0]",tt12446242,"[11670000.0, nan, 5.0]",tt12987918,"[9420000.0, nan, 2.0]",tt0387763,"[9090000.0, nan, 4.0]",tt21289712,"[7060000.0, nan, 1.0]",tt0216459,"[6980000.0, nan, 25.0]"
2022-08-07,tt0087956,"[102590000.0, nan, 2.0]",tt0360615,"[38900000.0, nan, 3.0]",tt1057576,"[20650000.0, nan, 1.0]",tt10993824,"[18600000.0, nan, 1.0]",tt0017354,"[14340000.0, nan, 5.0]",tt6320628,"[11320000.0, nan, 2.0]",tt1655441,"[9340000.0, nan, 1.0]",tt0471042,"[8700000.0, nan, 1.0]",,,tt6467266,"[7950000.0, nan, 7.0]"
2022-08-07,tt1378639,"[27300000.0, nan, 1.0]",,,tt33377952,"[11370000.0, nan, 2.0]",tt14152140,"[10210000.0, nan, 1.0]",tt1650535,"[6460000.0, nan, 2.0]",tt15575356,"[4070000.0, nan, 3.0]",tt1753548,"[3080000.0, nan, 1.0]",tt6402468,"[2590000.0, nan, 12.0]",,,tt10333688,"[2430000.0, nan, 5.0]"
2022-08-07,tt1751634,"[69480000.0, nan, 1.0]",tt14117010,"[54730000.0, nan, 2.0]",tt9077530,"[46930000.0, nan, 3.0]",tt1460534,"[44760000.0, nan, 11.0]",tt14738778,"[36690000.0, nan, 14.0]",tt15466144,"[26520000.0, nan, 1.0]",tt14738778,"[21310000.0, nan, 6.0]",,,tt14738778,"[19880000.0, nan, 5.0]",tt1460534,"[17040000.0, nan, 11.0]"
2022-08-07,tt20869502,"[67010000.0, nan, 5.0]",tt14899624,"[31200000.0, nan, 2.0]",tt0387763,"[29730000.0, nan, 3.0]",tt20859920,"[20100000.0, nan, 6.0]",tt12446242,"[17370000.0, nan, 4.0]",tt12987918,"[14790000.0, nan, 1.0]",tt12987918,"[9260000.0, nan, 1.0]",tt0387763,"[9150000.0, nan, 3.0]",tt0224954,"[8760000.0, nan, 2.0]",tt15268768,"[7540000.0, nan, 4.0]"
2022-07-31,tt0360615,"[96470000.0, nan, 2.0]",tt0087956,"[48230000.0, nan, 1.0]",tt0017354,"[21070000.0, nan, 4.0]",tt12269000,"[11070000.0, nan, 3.0]",tt6467266,"[9370000.0, nan, 6.0]",tt6320628,"[8300000.0, nan, 1.0]",tt0024298,"[7620000.0, nan, 6.0]",,,tt1532538,"[4140000.0, nan, 1.0]",tt7991608,"[4090000.0, nan, 14.0]"
2022-07-31,tt33377952,"[23160000.0, nan, 1.0]",tt15575356,"[11450000.0, nan, 2.0]",tt10333688,"[4120000.0, nan, 4.0]",tt7601480,"[3680000.0, nan, 7.0]",tt1650535,"[3220000.0, nan, 1.0]",tt1548873,"[2740000.0, nan, 1.0]",,,tt12923028,"[2360000.0, nan, 2.0]",,,tt0053002,"[2150000.0, nan, 4.0]"
2022-07-31,tt9077530,"[87940000.0, nan, 2.0]",tt1460534,"[57720000.0, nan, 10.0]",tt14117010,"[48090000.0, nan, 1.0]",tt14738778,"[39760000.0, nan, 13.0]",tt9660182,"[27470000.0, nan, 3.0]",tt21098728,"[24670000.0, nan, 1.0]",tt14738778,"[24170000.0, nan, 5.0]",tt1460534,"[21440000.0, nan, 10.0]",tt14738778,"[20590000.0, nan, 4.0]",tt1460534,"[20170000.0, nan, 10.0]"
2022-07-31,tt20869502,"[65630000.0, nan, 4.0]",tt12446242,"[33520000.0, nan, 3.0]",tt0387763,"[33390000.0, nan, 2.0]",tt20859920,"[19080000.0, nan, 5.0]",tt14899624,"[18100000.0, nan, 1.0]",tt15268768,"[17630000.0, nan, 3.0]",tt0224954,"[15310000.0, nan, 1.0]",tt5189944,"[10460000.0, nan, 2.0]",tt0387763,"[8860000.0, nan, 2.0]",tt0216459,"[8730000.0, nan, 24.0]"
2022-07-24,tt0360615,"[88550000.0, nan, 1.0]",tt0017354,"[34140000.0, nan, 3.0]",tt12269000,"[29040000.0, nan, 2.0]",tt0163587,"[11290000.0, nan, 1.0]",tt7615052,"[11080000.0, nan, 1.0]",tt6467266,"[10150000.0, nan, 5.0]",tt0024298,"[8790000.0, nan, 5.0]",tt21059520,"[7360000.0, nan, 3.0]",tt0147992,"[5080000.0, nan, 2.0]",tt1413492,"[4610000.0, nan, 2.0]"
2022-07-24,tt15575356,"[10880000.0, nan, 1.0]",tt12923028,"[7170000.0, nan, 1.0]",tt10333688,"[5750000.0, nan, 3.0]",tt10127708,"[5320000.0, nan, 2.0]",tt0053002,"[4760000.0, nan, 3.0]",tt0097609,"[4120000.0, nan, 2.0]",tt15311262,"[3630000.0, nan, 2.0]",,,,,,
2022-07-24,tt9077530,"[105440000.0, nan, 1.0]",tt1460534,"[74990000.0, nan, 9.0]",tt9660182,"[73260000.0, nan, 2.0]",tt14738778,"[53240000.0, nan, 12.0]",tt1460534,"[26680000.0, nan, 9.0]",tt1460534,"[25620000.0, nan, 9.0]",tt14738778,"[25400000.0, nan, 4.0]",tt1460534,"[23220000.0, nan, 10.0]",tt18783984,"[21020000.0, nan, 2.0]",tt1312171,"[18250000.0, nan, 5.0]"
2022-07-24,tt12446242,"[57740000.0, nan, 2.0]",tt20869502,"[55070000.0, nan, 3.0]",tt15268768,"[31510000.0, nan, 2.0]",tt0387763,"[16110000.0, nan, 1.0]",tt20859920,"[15760000.0, nan, 4.0]",tt12516712,"[10130000.0, nan, 1.0]",tt0216459,"[9920000.0, nan, 23.0]",tt8165086,"[9240000.0, nan, 2.0]",tt14463552,"[8440000.0, nan, 3.0]",tt5189944,"[7060000.0, nan, 1.0]"
2022-07-17,tt0017354,"[68110000.0, nan, 2.0]",tt12269000,"[28720000.0, nan, 1.0]",tt21059520,"[23590000.0, nan, 2.0]",tt0024298,"[13500000.0, nan, 4.0]",tt6467266,"[12220000.0, nan, 4.0]",tt1413492,"[11810000.0, nan, 1.0]",tt10872600,"[8080000.0, nan, 1.0]",tt0147992,"[7480000.0, nan, 1.0]",tt0073133,"[6450000.0, nan, 6.0]",,
2022-07-17,tt10127708,"[17840000.0, nan, 1.0]",tt0053002,"[16230000.0, nan, 2.0]",tt10333688,"[10850000.0, nan, 2.0]",tt15311262,"[6470000.0, nan, 1.0]",,,,,tt0097609,"[3250000.0, nan, 1.0]",,,,,,
2022-07-17,tt1460534,"[102330000.0, nan, 8.0]",tt9660182,"[72670000.0, nan, 1.0]",tt14738778,"[38200000.0, nan, 11.0]",tt1460534,"[33790000.0, nan, 8.0]",tt1460534,"[33050000.0, nan, 8.0]",tt1460534,"[31540000.0, nan, 9.0]",tt1312171,"[27250000.0, nan, 4.0]",tt18783984,"[21180000.0, nan, 1.0]",tt14097144,"[20610000.0, nan, 1.0]",tt11214572,"[15590000.0, nan, 2.0]"
2022-07-17,tt20869502,"[45580000.0, nan, 2.0]",tt14463552,"[24200000.0, nan, 2.0]",tt8165086,"[23020000.0, nan, 1.0]",tt12446242,"[19920000.0, nan, 1.0]",tt20859920,"[14640000.0, nan, 3.0]",tt11937662,"[13090000.0, nan, 2.0]",tt0216459,"[11210000.0, nan, 22.0]",tt15268768,"[11170000.0, nan, 1.0]",tt13446244,"[10420000.0, nan, 1.0]",tt10483610,"[9480000.0, nan, 1.0]"
2022-07-10,tt0017354,"[33520000.0, nan, 1.0]",tt21059520,"[28380000.0, nan, 1.0]",tt0024298,"[24380000.0, nan, 3.0]",tt6467266,"[16580000.0, nan, 3.0]",tt1961175,"[13360000.0, nan, 1.0]",tt0101970,"[11460000.0, nan, 1.0]",,,tt0073133,"[9400000.0, nan, 5.0]",tt0377092,"[8110000.0, nan, 1.0]",tt1345836,"[7750000.0, nan, 1.0]"
2022-07-10,tt0053002,"[11010000.0, nan, 1.0]",,,tt3896102,"[4300000.0, nan, 2.0]",tt10333688,"[3240000.0, nan, 1.0]",,,,,tt11894486,"[2170000.0, nan, 2.0]",,,tt18923048,"[1940000.0, nan, 1.0]",tt6455162,"[1850000.0, nan, 4.0]"
2022-07-10,tt1460534,"[188190000.0, nan, 7.0]",tt1460534,"[45220000.0, nan, 8.0]",tt1312171,"[43840000.0, nan, 3.0]",tt1460534,"[41110000.0, nan, 7.0]",tt1460534,"[36590000.0, nan, 7.0]",tt14738778,"[28360000.0, nan, 10.0]",tt1312171,"[18180000.0, nan, 3.0]",tt1312171,"[14230000.0, nan, 2.0]",tt2442560,"[13060000.0, nan, 5.0]",tt11214572,"[11440000.0, nan, 1.0]"
2022-07-10,tt20869502,"[23950000.0, nan, 1.0]",tt11937662,"[18080000.0, nan, 1.0]",tt13696452,"[15630000.0, nan, 3.0]",tt14463552,"[12720000.0, nan, 1.0]",tt20859920,"[12310000.0, nan, 2.0]",tt0233127,"[12190000.0, nan, 30.0]",tt0216459,"[11490000.0, nan, 21.0]",,,tt16493854,"[7650000.0, nan, 2.0]",,
2022-07-03,tt0024298,"[62640000.0, nan, 2.0]",tt6467266,"[24080000.0, nan, 2.0]",tt15521050,"[18900000.0, nan, 2.0]",tt0073133,"[14640000.0, nan, 4.0]",tt0137780,"[12390000.0, nan, 1.0]",tt2312718,"[11000000.0, nan, 1.0]",tt9783600,"[9520000.0, nan, 3.0]",tt0884328,"[6230000.0, nan, 2.0]",tt12532368,"[5980000.0, nan, 4.0]",tt3588588,"[4530000.0, nan, 1.0]"
2022-07-03,tt11894486,"[8410000.0, nan, 1.0]",tt13919802,"[4900000.0, nan, 1.0]",tt6455162,"[3690000.0, nan, 3.0]",tt14369296,"[3530000.0, nan, 2.0]",tt20597408,"[3530000.0, nan, 3.0]",,,tt0069515,"[2620000.0, nan, 3.0]",,,tt3896102,"[1980000.0, nan, 1.0]",tt0341429,"[1880000.0, nan, 5.0]"
2022-07-03,tt1460534,"[301280000.0, nan, 6.0]",tt1312171,"[87980000.0, nan, 2.0]",tt1460534,"[34470000.0, nan, 7.0]",tt1312171,"[32840000.0, nan, 2.0]",tt1460534,"[30280000.0, nan, 6.0]",tt1460534,"[30260000.0, nan, 6.0]",tt13640670,"[25400000.0, nan, 2.0]",tt1312171,"[20300000.0, nan, 1.0]",tt2442560,"[18440000.0, nan, 4.0]",tt15292870,"[15020000.0, nan, 1.0]"
2022-07-03,tt13696452,"[49000000.0, nan, 2.0]",tt0233127,"[11880000.0, nan, 29.0]",tt0216459,"[11570000.0, nan, 20.0]",tt14463542,"[10800000.0, nan, 4.0]",tt20859920,"[9920000.0, nan, 1.0]",tt16493854,"[9870000.0, nan, 1.0]",,,,,tt6468322,"[8570000.0, nan, 8.0]",tt0105937,"[7400000.0, nan, 1.0]"
2022-06-26,tt0024298,"[53890000.0, nan, 1.0]",tt9783600,"[38300000.0, nan, 2.0]",tt0073133,"[26050000.0, nan, 3.0]",tt15521050,"[25790000.0, nan, 1.0]",tt6467266,"[24270000.0, nan, 1.0]",tt12532368,"[10960000.0, nan, 3.0]",tt0022772,"[8450000.0, nan, 2.0]",tt0884328,"[8400000.0, nan, 1.0]",tt19637852,"[8370000.0, nan, 2.0]",tt0018033,"[8350000.0, nan, 1.0]"
2022-06-26,tt6455162,"[12290000.0, nan, 2.0]",tt20597408,"[9100000.0, nan, 2.0]",tt0069515,"[8450000.0, nan, 2.0]",tt0094851,"[6510000.0, nan, 2.0]",tt14369296,"[5920000.0, nan, 1.0]",tt7126758,"[3570000.0, nan, 2.0]",,,tt7311164,"[1770000.0, nan, 3.0]",tt12663772,"[1730000.0, nan, 1.0]",tt14463484,"[1500000.0, nan, 13.0]"
2022-06-26,tt1312171,"[124530000.0, nan, 1.0]",tt1460534,"[76910000.0, nan, 5.0]",tt1460534,"[32230000.0, nan, 5.0]",tt1460534,"[31190000.0, nan, 5.0]",tt2442560,"[30350000.0, nan, 3.0]",tt1460534,"[29210000.0, nan, 6.0]",tt1312171,"[27230000.0, nan, 1.0]",tt12005828,"[21910000.0, nan, 1.0]",tt13315156,"[18550000.0, nan, 3.0]",tt13640670,"[18210000.0, nan, 1.0]"
2022-06-26,tt13696452,"[33740000.0, nan, 1.0]",tt14463542,"[16560000.0, nan, 3.0]",tt0233127,"[12570000.0, nan, 28.0]",,,tt0216459,"[10820000.0, nan, 19.0]",tt14821886,"[10150000.0, nan, 2.0]",tt0164286,"[9490000.0, nan, 1.0]",tt19115260,"[9250000.0, nan, 9.0]",tt10011306,"[9120000.0, nan, 1.0]",tt13561292,"[8460000.0, nan, 2.0]"
2022-06-19,tt0073133,"[57190000.0, nan, 2.0]",tt9783600,"[35400000.0, nan, 1.0]",tt12532368,"[23750000.0, nan, 2.0]",tt19637852,"[18880000.0, nan, 1.0]",tt0104516,"[13110000.0, nan, 3.0]",tt0022772,"[12960000.0, nan, 1.0]",tt11316680,"[9380000.0, nan, 1.0]",tt3794354,"[4570000.0, nan, 8.0]",tt15215512,"[4440000.0, nan, 5.0]",tt17050828,"[4200000.0, nan, 6.0]"
2022-06-19,tt0069515,"[17230000.0, nan, 1.0]",tt0094851,"[13870000.0, nan, 1.0]",tt20597408,"[12400000.0, nan, 1.0]",tt7311164,"[6090000.0, nan, 2.0]",tt6455162,"[4120000.0, nan, 1.0]",tt7126758,"[3970000.0, nan, 1.0]",,,tt0077451,"[2740000.0, nan, 2.0]",tt13393058,"[1950000.0, nan, 1.0]",tt3662308,"[1860000.0, nan, 2.0]"
2022-06-19,tt1460534,"[102260000.0, nan, 4.0]",tt2442560,"[61360000.0, nan, 2.0]",tt13315156,"[48770000.0, nan, 2.0]",tt1460534,"[38900000.0, nan, 4.0]",tt1460534,"[38660000.0, nan, 4.0]",tt1460534,"[35880000.0, nan, 5.0]",tt20560404,"[27640000.0, nan, 2.0]",tt13861620,"[22480000.0, nan, 1.0]",tt13833978,"[17550000.0, nan, 6.0]",tt2442560,"[16420000.0, nan, 1.0]"
2022-06-19,tt14463542,"[30210000.0, nan, 2.0]",tt19115260,"[15000000.0, nan, 8.0]",,,tt0233127,"[11480000.0, nan, 27.0]",tt13561292,"[11300000.0, nan, 1.0]",tt0216459,"[9760000.0, nan, 18.0]",tt13980362,"[9680000.0, nan, 5.0]",tt14821886,"[7710000.0, nan, 1.0]",tt0192878,"[7640000.0, nan, 2.0]",tt10919420,"[7480000.0, nan, 20.0]"
2022-06-12,tt0073133,"[84580000.0, nan, 1.0]",tt0104516,"[40700000.0, nan, 2.0]",tt12532368,"[9820000.0, nan, 1.0]",tt0948470,"[8440000.0, nan, 2.0]",tt17050828,"[7220000.0, nan, 5.0]",tt15215512,"[7130000.0, nan, 4.0]",tt1229238,"[6550000.0, nan, 1.0]",tt1206885,"[6530000.0, nan, 1.0]",tt0120647,"[6260000.0, nan, 1.0]",tt3794354,"[5510000.0, nan, 7.0]"
2022-06-12,,,tt16636178,"[5000000.0, nan, 1.0]",tt0077451,"[3640000.0, nan, 1.0]",tt13276352,"[2720000.0, nan, 4.0]",tt10607266,"[2230000.0, nan, 6.0]",tt3662308,"[2060000.0, nan, 1.0]",tt15432804,"[2010000.0, nan, 4.0]",tt11924738,"[1870000.0, nan, 5.0]",tt20420316,"[1830000.0, nan, 1.0]",tt7311164,"[1710000.0, nan, 1.0]"
2022-06-12,tt1460534,"[159240000.0, nan, 3.0]",tt1460534,"[51420000.0, nan, 3.0]",tt1460534,"[50290000.0, nan, 4.0]",tt1460534,"[47600000.0, nan, 3.0]",tt2442560,"[45710000.0, nan, 1.0]",tt20560404,"[31140000.0, nan, 1.0]",tt13315156,"[30340000.0, nan, 1.0]",tt13833978,"[27190000.0, nan, 5.0]",tt7414406,"[26690000.0, nan, 2.0]",tt13925166,"[20300000.0, nan, 1.0]"
2022-06-12,tt13980362,"[19400000.0, nan, 4.0]",tt0192878,"[18310000.0, nan, 1.0]",tt15341198,"[16150000.0, nan, 2.0]",tt14463542,"[15900000.0, nan, 1.0]",tt19115260,"[14910000.0, nan, 7.0]",,,tt13018574,"[12210000.0, nan, 1.0]",,,tt0233127,"[9680000.0, nan, 26.0]",tt11937816,"[9030000.0, nan, 4.0]"
2022-06-05,tt0104516,"[35600000.0, nan, 1.0]",tt15215512,"[14410000.0, nan, 3.0]",tt0948470,"[13500000.0, nan, 1.0]",tt17050828,"[13260000.0, nan, 4.0]",tt0397535,"[10200000.0, nan, 1.0]",tt0114070,"[10120000.0, nan, 1.0]",tt5919756,"[8670000.0, nan, 1.0]",tt3794354,"[6500000.0, nan, 6.0]",tt0790724,"[5370000.0, nan, 1.0]",,
2022-06-05,,,tt13276352,"[5540000.0, nan, 3.0]",tt15432804,"[4780000.0, nan, 3.0]",tt10607266,"[3670000.0, nan, 5.0]",tt11924738,"[3040000.0, nan, 4.0]",tt10083340,"[2840000.0, nan, 6.0]",,,tt13391710,"[2230000.0, nan, 1.0]",tt16383308,"[2110000.0, nan, 3.0]",tt14278520,"[1920000.0, nan, 1.0]"
2022-06-05,tt1460534,"[335010000.0, nan, 2.0]",tt1460534,"[75080000.0, nan, 3.0]",tt1460534,"[58270000.0, nan, 2.0]",tt1460534,"[47420000.0, nan, 2.0]",tt13833978,"[42530000.0, nan, 4.0]",tt7414406,"[30640000.0, nan, 1.0]",tt5071412,"[16770000.0, nan, 13.0]",tt19361940,"[10530000.0, nan, 3.0]",tt8740790,"[9990000.0, nan, 11.0]",tt2741602,"[8710000.0, nan, 1.0]"
2022-06-05,tt13980362,"[37160000.0, nan, 3.0]",tt11937816,"[15570000.0, nan, 3.0]",,,tt19115260,"[12910000.0, nan, 6.0]",tt15341198,"[12090000.0, nan, 1.0]",tt18974572,"[9870000.0, nan, 7.0]",tt0233127,"[9400000.0, nan, 25.0]",tt13457822,"[9030000.0, nan, 5.0]",tt0367409,"[8770000.0, nan, 2.0]",tt14819828,"[8270000.0, nan, 13.0]"
2022-05-29,tt15215512,"[32630000.0, nan, 2.0]",tt17050828,"[24560000.0, nan, 3.0]",,,tt0026261,"[11740000.0, nan, 2.0]",tt3794354,"[8910000.0, nan, 5.0]",tt0048734,"[6440000.0, nan, 1.0]",,,tt1860353,"[5310000.0, nan, 1.0]",tt0307913,"[5150000.0, nan, 3.0]",tt7545524,"[4610000.0, nan, 1.0]"
2022-05-29,,,tt15432804,"[15600000.0, nan, 2.0]",tt13276352,"[14000000.0, nan, 2.0]",tt10607266,"[6090000.0, nan, 4.0]",tt16383308,"[5490000.0, nan, 2.0]",tt11924738,"[4840000.0, nan, 3.0]",tt10083340,"[4840000.0, nan, 5.0]",tt11321584,"[4640000.0, nan, 1.0]",,,tt13623916,"[2960000.0, nan, 1.0]"
2022-05-29,tt1460534,"[286790000.0, nan, 1.0]",tt13833978,"[64820000.0, nan, 3.0]",tt1460534,"[38050000.0, nan, 2.0]",tt1460534,"[24290000.0, nan, 1.0]",tt1460534,"[22210000.0, nan, 1.0]",tt5071412,"[21910000.0, nan, 12.0]",tt19361940,"[19890000.0, nan, 2.0]",tt9561862,"[15390000.0, nan, 2.0]",tt8740790,"[11340000.0, nan, 10.0]",tt10547554,"[10260000.0, nan, 3.0]"
2022-05-29,tt13980362,"[61620000.0, nan, 2.0]",tt11937816,"[31840000.0, nan, 2.0]",tt11937816,"[14600000.0, nan, 2.0]",tt13457822,"[14340000.0, nan, 4.0]",,,tt18974572,"[12880000.0, nan, 6.0]",tt19115260,"[12720000.0, nan, 5.0]",tt11937816,"[11770000.0, nan, 1.0]",tt11323608,"[11120000.0, nan, 3.0]",tt14819828,"[9990000.0, nan, 12.0]"
2022-05-22,tt17050828,"[62420000.0, nan, 2.0]",tt15215512,"[33000000.0, nan, 1.0]",tt0026261,"[18060000.0, nan, 1.0]",tt3794354,"[15990000.0, nan, 4.0]",tt0307913,"[13580000.0, nan, 2.0]",,,tt1392197,"[7480000.0, nan, 3.0]",tt1879016,"[6720000.0, nan, 2.0]",tt12996154,"[6110000.0, nan, 4.0]",tt11851950,"[6080000.0, nan, 1.0]"
2022-05-22,tt13276352,"[14830000.0, nan, 1.0]",tt11924738,"[14400000.0, nan, 2.0]",tt10607266,"[10820000.0, nan, 3.0]",tt10083340,"[8800000.0, nan, 4.0]",tt15432804,"[8380000.0, nan, 1.0]",,,tt16383308,"[4470000.0, nan, 1.0]",tt19768508,"[3430000.0, nan, 1.0]",,,,
2022-05-22,tt13833978,"[108090000.0, nan, 2.0]",tt5071412,"[31400000.0, nan, 11.0]",tt19361940,"[16520000.0, nan, 1.0]",tt10547554,"[15440000.0, nan, 2.0]",tt13660962,"[15230000.0, nan, 2.0]",tt9561862,"[14420000.0, nan, 1.0]",tt8740790,"[13660000.0, nan, 9.0]",tt6143796,"[12740000.0, nan, 2.0]",tt19671142,"[11390000.0, nan, 2.0]",tt1460534,"[9490000.0, nan, 1.0]"
2022-05-22,tt11937816,"[46590000.0, nan, 1.0]",tt13457822,"[28660000.0, nan, 3.0]",tt13980362,"[20200000.0, nan, 1.0]",tt18974572,"[19220000.0, nan, 5.0]",tt11937816,"[14210000.0, nan, 1.0]",tt14819828,"[13220000.0, nan, 11.0]",tt11323608,"[11990000.0, nan, 2.0]",tt19115260,"[10850000.0, nan, 4.0]",,,tt0233127,"[9650000.0, nan, 24.0]"
2022-05-15,tt17050828,"[55940000.0, nan, 1.0]",tt0307913,"[23870000.0, nan, 1.0]",tt1392197,"[15030000.0, nan, 2.0]",tt0206545,"[13310000.0, nan, 2.0]",tt1879016,"[12620000.0, nan, 1.0]",tt3794354,"[12290000.0, nan, 3.0]",tt12996154,"[10580000.0, nan, 3.0]",tt0120873,"[5520000.0, nan, 2.0]",tt1259528,"[5420000.0, nan, 1.0]",tt2283336,"[4650000.0, nan, 2.0]"
2022-05-15,tt10607266,"[32370000.0, nan, 2.0]",tt11924738,"[21590000.0, nan, 1.0]",tt10083340,"[12190000.0, nan, 3.0]",,,,,tt14479746,"[4270000.0, nan, 2.0]",,,tt10516196,"[3240000.0, nan, 1.0]",tt16969906,"[2840000.0, nan, 2.0]",,
2022-05-15,tt5071412,"[48620000.0, nan, 10.0]",tt13833978,"[45090000.0, nan, 1.0]",tt6143796,"[19190000.0, nan, 1.0]",tt8740790,"[16020000.0, nan, 8.0]",tt10547554,"[14120000.0, nan, 1.0]",tt3609352,"[12260000.0, nan, 3.0]",tt9817298,"[10860000.0, nan, 4.0]",tt13660962,"[10750000.0, nan, 1.0]",tt19671142,"[10630000.0, nan, 1.0]",tt12748084,"[9670000.0, nan, 5.0]"
2022-05-15,tt13457822,"[62490000.0, nan, 2.0]",tt18974572,"[28930000.0, nan, 4.0]",tt14819828,"[20160000.0, nan, 10.0]",tt14460684,"[16930000.0, nan, 2.0]",tt12304420,"[10480000.0, nan, 1.0]",tt19115260,"[10050000.0, nan, 3.0]",tt15090462,"[9920000.0, nan, 1.0]",tt0283770,"[9820000.0, nan, 4.0]",tt11323608,"[9690000.0, nan, 1.0]",tt0233127,"[9440000.0, nan, 23.0]"
2022-05-08,tt12996154,"[27530000.0, nan, 2.0]",tt3794354,"[17150000.0, nan, 2.0]",tt18563148,"[11150000.0, nan, 2.0]",tt0206545,"[10840000.0, nan, 1.0]",tt0059265,"[8610000.0, nan, 1.0]",tt0120873,"[8080000.0, nan, 1.0]",tt19034332,"[7590000.0, nan, 2.0]",tt2283336,"[7370000.0, nan, 1.0]",tt1392197,"[7010000.0, nan, 1.0]",tt0920451,"[6290000.0, nan, 2.0]"
2022-05-08,tt10607266,"[27090000.0, nan, 1.0]",,,tt10083340,"[8320000.0, nan, 2.0]",tt16969906,"[6960000.0, nan, 1.0]",,,tt0454792,"[4380000.0, nan, 2.0]",,,,,tt14479746,"[3610000.0, nan, 1.0]",tt12738164,"[2050000.0, nan, 1.0]"
2022-05-08,tt5071412,"[102120000.0, nan, 9.0]",tt3609352,"[23180000.0, nan, 2.0]",tt8740790,"[21240000.0, nan, 7.0]",tt9817298,"[17410000.0, nan, 3.0]",tt12748084,"[15340000.0, nan, 4.0]",tt10638036,"[14970000.0, nan, 3.0]",tt5071412,"[13640000.0, nan, 4.0]",,,tt10462178,"[11070000.0, nan, 1.0]",tt19757508,"[10850000.0, nan, 1.0]"
2022-05-08,tt18974572,"[48550000.0, nan, 3.0]",tt13457822,"[25820000.0, nan, 1.0]",tt14819828,"[19100000.0, nan, 9.0]",tt5820976,"[13260000.0, nan, 1.0]",tt14140886,"[12280000.0, nan, 2.0]",tt19115260,"[10370000.0, nan, 2.0]",tt0283770,"[10080000.0, nan, 3.0]",tt14460684,"[9640000.0, nan, 1.0]",tt0233127,"[9530000.0, nan, 22.0]",tt7134908,"[9490000.0, nan, 5.0]"
2022-05-01,tt12996154,"[77980000.0, nan, 1.0]",tt18563148,"[20280000.0, nan, 1.0]",tt19034332,"[15360000.0, nan, 1.0]",tt0920451,"[10040000.0, nan, 1.0]",tt0386846,"[6660000.0, nan, 3.0]",tt13648228,"[6640000.0, nan, 4.0]",tt30835200,"[6050000.0, nan, 4.0]",tt2463208,"[5660000.0, nan, 8.0]",tt3794354,"[4920000.0, nan, 1.0]",tt0126029,"[4540000.0, nan, 7.0]"
2022-05-01,tt10083340,"[13810000.0, nan, 1.0]",,,tt0454792,"[4450000.0, nan, 1.0]",tt0037426,"[3060000.0, nan, 2.0]",tt10515864,"[2620000.0, nan, 4.0]",tt12663250,"[2520000.0, nan, 4.0]",tt18970380,"[2400000.0, nan, 3.0]",tt14463484,"[1990000.0, nan, 12.0]",,,tt16024152,"[1260000.0, nan, 1.0]"
2022-05-01,tt5071412,"[78400000.0, nan, 8.0]",tt9817298,"[34310000.0, nan, 2.0]",tt12748084,"[30170000.0, nan, 3.0]",tt8740790,"[29740000.0, nan, 6.0]",tt10638036,"[23940000.0, nan, 2.0]",tt18970124,"[20910000.0, nan, 2.0]",tt3609352,"[15470000.0, nan, 1.0]",tt18396952,"[13140000.0, nan, 4.0]",tt8740790,"[12130000.0, nan, 6.0]",tt15527326,"[11760000.0, nan, 2.0]"
2022-05-01,tt18974572,"[85260000.0, nan, 2.0]",tt15019128,"[25120000.0, nan, 2.0]",tt14819828,"[19500000.0, nan, 8.0]",tt7134908,"[14890000.0, nan, 4.0]",tt13317454,"[13000000.0, nan, 2.0]",tt14140886,"[11230000.0, nan, 1.0]",tt0283770,"[10460000.0, nan, 2.0]",tt0233127,"[9800000.0, nan, 21.0]",tt17513352,"[9580000.0, nan, 10.0]",tt19115260,"[9090000.0, nan, 1.0]"
2022-04-24,tt11514780,"[15260000.0, nan, 2.0]",tt30835200,"[13350000.0, nan, 3.0]",tt19034522,"[9920000.0, nan, 1.0]",tt13648228,"[8280000.0, nan, 3.0]",tt10715446,"[7490000.0, nan, 1.0]",tt2463208,"[7480000.0, nan, 7.0]",tt0007190,"[6750000.0, nan, 1.0]",tt0386846,"[6620000.0, nan, 2.0]",tt0126029,"[5310000.0, nan, 6.0]",tt0416645,"[4920000.0, nan, 2.0]"
2022-04-24,tt18970380,"[9330000.0, nan, 2.0]",tt10515864,"[6150000.0, nan, 3.0]",tt12663250,"[5080000.0, nan, 3.0]",tt0037426,"[2810000.0, nan, 1.0]",tt2375379,"[2220000.0, nan, 1.0]",tt14463484,"[2200000.0, nan, 11.0]",tt16427718,"[1920000.0, nan, 4.0]",tt6708668,"[1830000.0, nan, 6.0]",tt14898794,"[1700000.0, nan, 5.0]",tt14107554,"[1620000.0, nan, 3.0]"
2022-04-24,tt12748084,"[75560000.0, nan, 2.0]",tt8740790,"[46130000.0, nan, 5.0]",tt18970124,"[37460000.0, nan, 1.0]",tt18396952,"[29010000.0, nan, 3.0]",tt9817298,"[28360000.0, nan, 1.0]",tt8740790,"[17280000.0, nan, 5.0]",tt10638036,"[14550000.0, nan, 1.0]",tt15527326,"[13560000.0, nan, 1.0]",tt15254812,"[12810000.0, nan, 1.0]",tt18750552,"[11780000.0, nan, 2.0]"
2022-04-24,tt18974572,"[68040000.0, nan, 1.0]",tt7134908,"[29490000.0, nan, 3.0]",tt13317454,"[22060000.0, nan, 1.0]",tt14819828,"[20380000.0, nan, 7.0]",tt13308276,"[18840000.0, nan, 2.0]",tt15019128,"[17320000.0, nan, 1.0]",tt17513352,"[11340000.0, nan, 9.0]",tt0146376,"[10820000.0, nan, 2.0]",tt0233127,"[10490000.0, nan, 20.0]",tt0216459,"[10390000.0, nan, 17.0]"
2022-04-17,tt30835200,"[35900000.0, nan, 2.0]",tt11514780,"[16000000.0, nan, 1.0]",tt3758162,"[9750000.0, nan, 1.0]",tt2463208,"[9270000.0, nan, 6.0]",tt12141112,"[8740000.0, nan, 1.0]",tt13648228,"[8600000.0, nan, 2.0]",tt0118139,"[7710000.0, nan, 1.0]",tt18555320,"[7150000.0, nan, 2.0]",tt0416645,"[6770000.0, nan, 1.0]",tt7616798,"[5750000.0, nan, 1.0]"
2022-04-17,tt10515864,"[17800000.0, nan, 2.0]",tt18970380,"[17020000.0, nan, 1.0]",tt12663250,"[16380000.0, nan, 2.0]",tt14118046,"[5230000.0, nan, 1.0]",tt16427718,"[4320000.0, nan, 3.0]",tt14107554,"[4020000.0, nan, 2.0]",tt6708668,"[3040000.0, nan, 5.0]",tt14898794,"[2550000.0, nan, 4.0]",tt6471264,"[2400000.0, nan, 1.0]",tt14463484,"[2280000.0, nan, 10.0]"
2022-04-17,tt8740790,"[66610000.0, nan, 4.0]",tt18396952,"[58470000.0, nan, 2.0]",tt12748084,"[40280000.0, nan, 1.0]",tt8740790,"[23300000.0, nan, 4.0]",tt18750552,"[17090000.0, nan, 1.0]",tt8740976,"[13690000.0, nan, 10.0]",tt1064899,"[13100000.0, nan, 2.0]",tt3032476,"[12430000.0, nan, 2.0]",tt18970454,"[11410000.0, nan, 2.0]",tt18314214,"[11210000.0, nan, 4.0]"
2022-04-17,tt7134908,"[67390000.0, nan, 2.0]",tt14819828,"[24190000.0, nan, 6.0]",tt17513352,"[14080000.0, nan, 8.0]",tt13308276,"[11810000.0, nan, 1.0]",tt0216459,"[11350000.0, nan, 16.0]",tt15353358,"[11070000.0, nan, 1.0]",tt0146376,"[10940000.0, nan, 1.0]",tt0233127,"[10400000.0, nan, 19.0]",tt7134908,"[10110000.0, nan, 2.0]",tt15140592,"[9410000.0, nan, 8.0]"
2022-04-10,tt30835200,"[26770000.0, nan, 1.0]",tt2463208,"[10900000.0, nan, 5.0]",tt0060396,"[9950000.0, nan, 2.0]",tt0892791,"[9770000.0, nan, 2.0]",tt0878804,"[8710000.0, nan, 2.0]",tt0430105,"[8170000.0, nan, 1.0]",tt0278435,"[5790000.0, nan, 1.0]",tt13648228,"[5650000.0, nan, 1.0]",tt0126029,"[5340000.0, nan, 5.0]",tt18555320,"[4550000.0, nan, 1.0]"
2022-04-10,tt10515864,"[23960000.0, nan, 1.0]",tt16427718,"[13300000.0, nan, 2.0]",tt12663250,"[12540000.0, nan, 1.0]",tt14107554,"[5690000.0, nan, 1.0]",tt6708668,"[4660000.0, nan, 4.0]",tt14915608,"[4610000.0, nan, 2.0]",tt11081050,"[4020000.0, nan, 1.0]",tt14898794,"[4010000.0, nan, 3.0]",tt11655202,"[3710000.0, nan, 1.0]",tt7948540,"[3580000.0, nan, 2.0]"
2022-04-10,tt8740790,"[115750000.0, nan, 3.0]",tt18396952,"[43710000.0, nan, 1.0]",tt8740790,"[35760000.0, nan, 3.0]",tt18970454,"[17700000.0, nan, 1.0]",tt8740976,"[17320000.0, nan, 9.0]",tt3032476,"[15170000.0, nan, 1.0]",tt18314214,"[14760000.0, nan, 3.0]",tt18469966,"[13770000.0, nan, 1.0]",tt4179452,"[12970000.0, nan, 5.0]",tt12427840,"[12630000.0, nan, 1.0]"
2022-04-10,tt7134908,"[51380000.0, nan, 1.0]",tt14819828,"[41460000.0, nan, 5.0]",tt17513352,"[22530000.0, nan, 7.0]",tt15140592,"[14830000.0, nan, 7.0]",tt0216459,"[13050000.0, nan, 15.0]",tt0233127,"[10590000.0, nan, 18.0]",tt26348840,"[9040000.0, nan, 5.0]",tt14169960,"[8130000.0, nan, 11.0]",tt0283770,"[6890000.0, nan, 1.0]",tt15553922,"[6210000.0, nan, 7.0]"
2022-04-03,tt2463208,"[17720000.0, nan, 4.0]",tt0060396,"[12450000.0, nan, 1.0]",tt15479902,"[12070000.0, nan, 1.0]",tt0878804,"[9880000.0, nan, 1.0]",tt8106534,"[8730000.0, nan, 3.0]",tt1856101,"[7850000.0, nan, 1.0]",tt0892791,"[7690000.0, nan, 1.0]",tt1025100,"[7000000.0, nan, 3.0]",tt11278476,"[6380000.0, nan, 3.0]",tt39480694,"[6140000.0, nan, 1.0]"
2022-04-03,tt16427718,"[24280000.0, nan, 1.0]",tt6708668,"[11270000.0, nan, 3.0]",tt14898794,"[10810000.0, nan, 2.0]",tt7948540,"[3850000.0, nan, 1.0]",,,tt13350858,"[3440000.0, nan, 1.0]",tt14915608,"[3290000.0, nan, 1.0]",tt7518786,"[3120000.0, nan, 2.0]",tt14362698,"[2770000.0, nan, 1.0]",tt14463484,"[2410000.0, nan, 9.0]"
2022-04-03,tt8740790,"[251740000.0, nan, 2.0]",tt8740790,"[53020000.0, nan, 2.0]",tt18314214,"[26510000.0, nan, 2.0]",tt8740976,"[21960000.0, nan, 8.0]",tt4179452,"[19110000.0, nan, 4.0]",tt1830379,"[16490000.0, nan, 3.0]",tt9170236,"[16220000.0, nan, 5.0]",tt1830379,"[13200000.0, nan, 2.0]",tt11311302,"[10050000.0, nan, 5.0]",tt0330958,"[8310000.0, nan, 2.0]"
2022-04-03,tt14819828,"[32520000.0, nan, 4.0]",tt17513352,"[26210000.0, nan, 6.0]",tt0216459,"[15230000.0, nan, 14.0]",tt15140592,"[15020000.0, nan, 6.0]",tt26348840,"[13510000.0, nan, 4.0]",tt0233127,"[10890000.0, nan, 17.0]",tt14169960,"[9430000.0, nan, 10.0]",tt15553922,"[9340000.0, nan, 6.0]",tt8560918,"[6640000.0, nan, 16.0]",tt0387763,"[5530000.0, nan, 1.0]"
2022-03-27,tt2463208,"[31700000.0, nan, 3.0]",tt11278476,"[17030000.0, nan, 2.0]",tt1025100,"[16450000.0, nan, 2.0]",tt0027219,"[15490000.0, nan, 2.0]",tt4425200,"[7800000.0, nan, 1.0]",tt8695030,"[7570000.0, nan, 1.0]",tt8106534,"[7440000.0, nan, 2.0]",tt0365907,"[6740000.0, nan, 2.0]",tt0126029,"[6350000.0, nan, 4.0]",tt1690953,"[5750000.0, nan, 7.0]"
2022-03-27,tt6708668,"[40510000.0, nan, 2.0]",tt14898794,"[28930000.0, nan, 1.0]",,,tt7518786,"[10530000.0, nan, 1.0]",,,tt0183700,"[3030000.0, nan, 5.0]",tt14463484,"[2520000.0, nan, 8.0]",tt11592014,"[2270000.0, nan, 2.0]",tt17491040,"[2260000.0, nan, 4.0]",tt14227972,"[2210000.0, nan, 1.0]"
2022-03-27,tt8740790,"[193020000.0, nan, 1.0]",tt18314214,"[48940000.0, nan, 1.0]",tt8740790,"[32280000.0, nan, 1.0]",tt1830379,"[30640000.0, nan, 2.0]",tt8740976,"[28990000.0, nan, 7.0]",tt4179452,"[27820000.0, nan, 3.0]",tt9170236,"[21770000.0, nan, 4.0]",tt1830379,"[19260000.0, nan, 1.0]",tt18260538,"[17570000.0, nan, 2.0]",tt11092142,"[16230000.0, nan, 1.0]"
2022-03-27,tt14819828,"[30940000.0, nan, 3.0]",tt17513352,"[24150000.0, nan, 5.0]",tt0216459,"[18270000.0, nan, 13.0]",tt15140592,"[14480000.0, nan, 5.0]",tt15096836,"[13260000.0, nan, 1.0]",tt15553922,"[12510000.0, nan, 5.0]",tt14169960,"[11380000.0, nan, 9.0]",tt0233127,"[11160000.0, nan, 16.0]",tt26348840,"[10430000.0, nan, 3.0]",tt18568732,"[8150000.0, nan, 1.0]"
2022-03-20,tt2463208,"[85360000.0, nan, 2.0]",tt11278476,"[19940000.0, nan, 1.0]",tt1025100,"[11840000.0, nan, 1.0]",tt2458296,"[11650000.0, nan, 2.0]",tt14817272,"[9240000.0, nan, 3.0]",tt0365907,"[9030000.0, nan, 1.0]",tt0027219,"[8360000.0, nan, 1.0]",tt0126029,"[7870000.0, nan, 3.0]",tt0298148,"[6750000.0, nan, 3.0]",tt14813966,"[5790000.0, nan, 4.0]"
2022-03-20,tt6708668,"[35920000.0, nan, 1.0]",,,,,tt11934846,"[6130000.0, nan, 2.0]",tt0183700,"[4560000.0, nan, 4.0]",,,tt17491040,"[4390000.0, nan, 3.0]",,,tt14463484,"[3050000.0, nan, 7.0]",tt11592014,"[2640000.0, nan, 1.0]"
2022-03-20,tt4179452,"[48950000.0, nan, 2.0]",tt9170236,"[40080000.0, nan, 3.0]",tt8740976,"[39090000.0, nan, 6.0]",tt8289930,"[29020000.0, nan, 2.0]",tt18260538,"[26960000.0, nan, 1.0]",tt0330958,"[24150000.0, nan, 1.0]",tt1830379,"[21740000.0, nan, 1.0]",tt11311302,"[19800000.0, nan, 4.0]",tt18217272,"[19580000.0, nan, 1.0]",tt27897191,"[17490000.0, nan, 6.0]"
2022-03-20,tt14819828,"[23480000.0, nan, 2.0]",tt17513352,"[21040000.0, nan, 4.0]",tt0216459,"[20210000.0, nan, 12.0]",tt15553922,"[17220000.0, nan, 4.0]",tt14169960,"[13820000.0, nan, 8.0]",tt15140592,"[13050000.0, nan, 4.0]",tt18274172,"[10880000.0, nan, 1.0]",tt0233127,"[10570000.0, nan, 15.0]",,,tt26348840,"[9180000.0, nan, 2.0]"
2022-03-13,tt2463208,"[92430000.0, nan, 1.0]",tt14817272,"[26260000.0, nan, 2.0]",tt13873302,"[12730000.0, nan, 2.0]",tt0126029,"[10380000.0, nan, 2.0]",tt0298148,"[9900000.0, nan, 2.0]",tt14813966,"[9030000.0, nan, 3.0]",tt0822854,"[7390000.0, nan, 1.0]",tt4633694,"[5910000.0, nan, 2.0]",tt1690953,"[5720000.0, nan, 6.0]",tt0393162,"[5450000.0, nan, 1.0]"
2022-03-13,,,tt17491040,"[12230000.0, nan, 2.0]",tt0183700,"[6990000.0, nan, 3.0]",tt11934846,"[5640000.0, nan, 1.0]",,,tt13691036,"[4190000.0, nan, 2.0]",tt14463484,"[3580000.0, nan, 6.0]",tt14540892,"[3140000.0, nan, 1.0]",tt14486678,"[2620000.0, nan, 5.0]",tt9660688,"[1600000.0, nan, 1.0]"
2022-03-13,tt9170236,"[95720000.0, nan, 2.0]",tt4179452,"[63540000.0, nan, 1.0]",tt8740976,"[51840000.0, nan, 5.0]",tt11311302,"[41760000.0, nan, 3.0]",tt8289930,"[28010000.0, nan, 1.0]",tt8323702,"[26290000.0, nan, 2.0]",tt27897191,"[24500000.0, nan, 5.0]",tt11704040,"[24240000.0, nan, 5.0]",tt4179452,"[17180000.0, nan, 1.0]",tt1064899,"[11460000.0, nan, 1.0]"
2022-03-13,tt15553922,"[25940000.0, nan, 3.0]",tt0216459,"[23060000.0, nan, 11.0]",,,tt14169960,"[17480000.0, nan, 7.0]",tt17513352,"[17110000.0, nan, 3.0]",tt14819828,"[15900000.0, nan, 1.0]",tt13317508,"[14690000.0, nan, 2.0]",tt15140592,"[12250000.0, nan, 3.0]",tt0233127,"[10340000.0, nan, 14.0]",tt8560918,"[8410000.0, nan, 15.0]"
2022-03-06,tt14817272,"[44450000.0, nan, 1.0]",tt13873302,"[30730000.0, nan, 1.0]",tt14813966,"[26410000.0, nan, 2.0]",tt4633694,"[13940000.0, nan, 1.0]",tt0298148,"[13040000.0, nan, 1.0]",tt14992922,"[9510000.0, nan, 5.0]",tt0126029,"[7780000.0, nan, 1.0]",tt0021017,"[7160000.0, nan, 1.0]",tt1690953,"[6890000.0, nan, 5.0]",tt1440129,"[6710000.0, nan, 1.0]"
2022-03-06,tt0183700,"[26030000.0, nan, 2.0]",tt17491040,"[17710000.0, nan, 1.0]",,,tt14463484,"[5510000.0, nan, 5.0]",tt14486678,"[3660000.0, nan, 4.0]",tt13691036,"[2940000.0, nan, 1.0]",tt31974262,"[2860000.0, nan, 2.0]",tt13164942,"[2500000.0, nan, 1.0]",tt12904712,"[2440000.0, nan, 2.0]",,
2022-03-06,tt11311302,"[113380000.0, nan, 2.0]",tt8740976,"[77590000.0, nan, 4.0]",tt9170236,"[53680000.0, nan, 1.0]",tt8323702,"[52380000.0, nan, 1.0]",tt11704040,"[39750000.0, nan, 4.0]",tt8354062,"[16550000.0, nan, 3.0]",tt14599438,"[12200000.0, nan, 2.0]",tt10611608,"[11810000.0, nan, 3.0]",tt9077540,"[11780000.0, nan, 5.0]",tt5071412,"[9110000.0, nan, 7.0]"
2022-03-06,tt15553922,"[45930000.0, nan, 2.0]",tt0216459,"[27540000.0, nan, 10.0]",tt14169960,"[24020000.0, nan, 6.0]",tt15301854,"[18060000.0, nan, 1.0]",tt17513352,"[13720000.0, nan, 2.0]",tt1305892,"[11610000.0, nan, 1.0]",tt15140592,"[10790000.0, nan, 2.0]",tt13317508,"[10780000.0, nan, 1.0]",tt26348840,"[10490000.0, nan, 1.0]",tt12540080,"[10400000.0, nan, 5.0]"
2022-02-27,tt14813966,"[31560000.0, nan, 1.0]",tt14992922,"[17670000.0, nan, 4.0]",tt11755740,"[17440000.0, nan, 2.0]",tt11893274,"[9910000.0, nan, 2.0]",tt1690953,"[9750000.0, nan, 4.0]",tt14158554,"[7560000.0, nan, 2.0]",tt16085592,"[7470000.0, nan, 3.0]",tt0402743,"[7330000.0, nan, 2.0]",tt1323594,"[5590000.0, nan, 4.0]",tt7991608,"[4970000.0, nan, 13.0]"
2022-02-27,tt0183700,"[19810000.0, nan, 1.0]",tt11116374,"[12090000.0, nan, 1.0]",tt14463484,"[7760000.0, nan, 4.0]",tt14486678,"[5620000.0, nan, 3.0]",tt12618926,"[4820000.0, nan, 2.0]",tt12904712,"[4270000.0, nan, 1.0]",tt31974262,"[3850000.0, nan, 1.0]",tt5537228,"[3670000.0, nan, 1.0]",tt1456101,"[3310000.0, nan, 1.0]",tt0055954,"[3310000.0, nan, 1.0]"
2022-02-27,tt8740976,"[130800000.0, nan, 3.0]",tt11311302,"[80560000.0, nan, 1.0]",tt11704040,"[53600000.0, nan, 3.0]",tt8354062,"[33750000.0, nan, 2.0]",tt10611608,"[20850000.0, nan, 2.0]",tt9077540,"[18610000.0, nan, 4.0]",tt5071412,"[12860000.0, nan, 6.0]",tt9612516,"[12320000.0, nan, 1.0]",tt7826108,"[11760000.0, nan, 4.0]",tt14599438,"[11460000.0, nan, 1.0]"
2022-02-27,tt14169960,"[38860000.0, nan, 5.0]",tt0216459,"[32540000.0, nan, 9.0]",tt15553922,"[17410000.0, nan, 1.0]",tt12540080,"[15010000.0, nan, 4.0]",tt8693266,"[12750000.0, nan, 3.0]",tt8693266,"[12700000.0, nan, 3.0]",tt17513352,"[11850000.0, nan, 1.0]",tt15410190,"[11080000.0, nan, 2.0]",tt15140592,"[11020000.0, nan, 1.0]",,
2022-02-20,tt14992922,"[34450000.0, nan, 3.0]",tt11755740,"[29180000.0, nan, 1.0]",tt16085592,"[21740000.0, nan, 2.0]",tt14158554,"[18300000.0, nan, 1.0]",tt1690953,"[11510000.0, nan, 3.0]",tt0402743,"[8960000.0, nan, 1.0]",tt1373238,"[7640000.0, nan, 1.0]",tt11893274,"[7420000.0, nan, 1.0]",tt1323594,"[7170000.0, nan, 3.0]",tt0096163,"[7030000.0, nan, 1.0]"
2022-02-20,tt14486678,"[16860000.0, nan, 2.0]",tt14463484,"[13300000.0, nan, 3.0]",tt11541872,"[8110000.0, nan, 2.0]",tt15553956,"[7420000.0, nan, 2.0]",,,tt12618926,"[6510000.0, nan, 1.0]",tt0819105,"[4890000.0, nan, 2.0]",tt5223624,"[2710000.0, nan, 1.0]",tt10360772,"[2510000.0, nan, 3.0]",tt0028364,"[2190000.0, nan, 1.0]"
2022-02-20,tt8740976,"[195970000.0, nan, 2.0]",tt11704040,"[58960000.0, nan, 2.0]",tt9077540,"[29760000.0, nan, 3.0]",tt5071412,"[17990000.0, nan, 5.0]",tt7826108,"[17550000.0, nan, 3.0]",tt8354062,"[15390000.0, nan, 1.0]",tt10611608,"[14630000.0, nan, 1.0]",tt7826108,"[14140000.0, nan, 3.0]",tt5363918,"[12300000.0, nan, 2.0]",tt13315324,"[11040000.0, nan, 4.0]"
2022-02-20,tt14169960,"[62130000.0, nan, 4.0]",tt0216459,"[39750000.0, nan, 8.0]",tt8693266,"[23810000.0, nan, 2.0]",tt12540080,"[22950000.0, nan, 3.0]",tt8693266,"[21460000.0, nan, 2.0]",,,tt15410190,"[15940000.0, nan, 1.0]",tt12540080,"[12590000.0, nan, 3.0]",tt8560918,"[11420000.0, nan, 14.0]",tt0233127,"[10320000.0, nan, 13.0]"
2022-02-13,tt14992922,"[64700000.0, nan, 2.0]",tt16085592,"[27440000.0, nan, 1.0]",tt4172430,"[13270000.0, nan, 2.0]",tt1690953,"[13080000.0, nan, 2.0]",tt0225947,"[10550000.0, nan, 3.0]",tt1323594,"[8950000.0, nan, 2.0]",tt7547410,"[8750000.0, nan, 1.0]",tt0368721,"[6850000.0, nan, 2.0]",tt10293406,"[5460000.0, nan, 3.0]",tt0229499,"[5360000.0, nan, 8.0]"
2022-02-13,tt14463484,"[34700000.0, nan, 2.0]",,,tt0819105,"[10710000.0, nan, 1.0]",tt14486678,"[8960000.0, nan, 1.0]",tt15553956,"[6680000.0, nan, 1.0]",tt10360772,"[5680000.0, nan, 2.0]",tt11541872,"[4400000.0, nan, 1.0]",tt13057626,"[2660000.0, nan, 1.0]",tt8907974,"[2440000.0, nan, 2.0]",,
2022-02-13,tt8740976,"[77310000.0, nan, 1.0]",tt9077540,"[58150000.0, nan, 2.0]",tt7826108,"[30350000.0, nan, 2.0]",tt5071412,"[24770000.0, nan, 4.0]",tt7826108,"[23520000.0, nan, 2.0]",tt13315324,"[22020000.0, nan, 3.0]",tt11704040,"[21780000.0, nan, 1.0]",tt9077540,"[21640000.0, nan, 1.0]",tt5363918,"[17090000.0, nan, 1.0]",tt11859542,"[16310000.0, nan, 3.0]"
2022-02-13,tt14169960,"[113240000.0, nan, 3.0]",tt0216459,"[51840000.0, nan, 7.0]",tt12540080,"[43760000.0, nan, 2.0]",tt12540080,"[23650000.0, nan, 2.0]",tt8693266,"[18250000.0, nan, 1.0]",tt8693266,"[15870000.0, nan, 1.0]",tt8560918,"[13070000.0, nan, 13.0]",tt15494864,"[11920000.0, nan, 3.0]",tt15026724,"[11910000.0, nan, 8.0]",tt0233127,"[11050000.0, nan, 12.0]"
2022-02-06,tt14992922,"[45800000.0, nan, 1.0]",tt0225947,"[33630000.0, nan, 2.0]",tt1690953,"[14340000.0, nan, 1.0]",tt4172430,"[12980000.0, nan, 1.0]",tt1055369,"[9790000.0, nan, 1.0]",tt13989030,"[8510000.0, nan, 3.0]",tt0229499,"[6930000.0, nan, 7.0]",tt1323594,"[6850000.0, nan, 1.0]",tt8707922,"[6410000.0, nan, 1.0]",tt0368721,"[6370000.0, nan, 1.0]"
2022-02-06,tt14463484,"[33250000.0, nan, 1.0]",tt10360772,"[18720000.0, nan, 1.0]",tt14369276,"[4840000.0, nan, 3.0]",tt8907974,"[2460000.0, nan, 1.0]",tt0326749,"[1570000.0, nan, 3.0]",,,tt14840634,"[1370000.0, nan, 3.0]",tt16453244,"[1270000.0, nan, 5.0]",tt11692986,"[1250000.0, nan, 2.0]",tt0012452,"[1180000.0, nan, 1.0]"
2022-02-06,tt13315324,"[60480000.0, nan, 2.0]",tt7826108,"[49090000.0, nan, 1.0]",tt11859542,"[44800000.0, nan, 2.0]",tt5071412,"[44630000.0, nan, 3.0]",tt9077540,"[43000000.0, nan, 1.0]",tt7826108,"[26460000.0, nan, 1.0]",tt5071412,"[19930000.0, nan, 3.0]",tt5071412,"[17360000.0, nan, 2.0]",tt5071412,"[17210000.0, nan, 2.0]",tt6048596,"[16690000.0, nan, 2.0]"
2022-02-06,tt14169960,"[236230000.0, nan, 2.0]",tt0216459,"[65860000.0, nan, 6.0]",tt12540080,"[49590000.0, nan, 1.0]",tt15494864,"[28740000.0, nan, 2.0]",tt12540080,"[24990000.0, nan, 1.0]",tt15026724,"[16030000.0, nan, 7.0]",tt13323004,"[15960000.0, nan, 1.0]",tt8560918,"[15050000.0, nan, 12.0]",tt6342474,"[14360000.0, nan, 1.0]",tt0233127,"[11210000.0, nan, 11.0]"
2022-01-30,tt13989030,"[26580000.0, nan, 2.0]",tt0225947,"[21050000.0, nan, 1.0]",,,tt0229499,"[10250000.0, nan, 6.0]",tt5113040,"[7850000.0, nan, 3.0]",tt7991608,"[6540000.0, nan, 12.0]",tt5220122,"[6280000.0, nan, 5.0]",tt13978306,"[5840000.0, nan, 3.0]",tt5734576,"[5760000.0, nan, 1.0]",tt9421200,"[4870000.0, nan, 1.0]"
2022-01-30,tt14369276,"[12380000.0, nan, 2.0]",tt14840634,"[7990000.0, nan, 2.0]",,,tt13349716,"[2880000.0, nan, 2.0]",tt0326749,"[2630000.0, nan, 2.0]",tt16453244,"[2610000.0, nan, 4.0]",tt13729220,"[1740000.0, nan, 3.0]",tt6402468,"[1690000.0, nan, 11.0]",tt10127684,"[1400000.0, nan, 2.0]",tt10945274,"[1400000.0, nan, 6.0]"
2022-01-30,tt5071412,"[96340000.0, nan, 2.0]",tt13315324,"[40080000.0, nan, 1.0]",tt13365348,"[36270000.0, nan, 3.0]",tt5071412,"[35230000.0, nan, 2.0]",tt12004280,"[31740000.0, nan, 2.0]",tt11859542,"[24720000.0, nan, 1.0]",tt5071412,"[21540000.0, nan, 1.0]",tt6048596,"[21320000.0, nan, 1.0]",tt5071412,"[20280000.0, nan, 1.0]",tt0125643,"[16460000.0, nan, 1.0]"
2022-01-30,tt14169960,"[124790000.0, nan, 1.0]",tt0216459,"[82750000.0, nan, 5.0]",tt15494864,"[30630000.0, nan, 1.0]",tt16428640,"[26340000.0, nan, 1.0]",tt15026724,"[22730000.0, nan, 6.0]",tt8560918,"[17800000.0, nan, 11.0]",tt0233127,"[11730000.0, nan, 10.0]",tt14655298,"[11470000.0, nan, 1.0]",tt5820976,"[10710000.0, nan, 2.0]",tt6267820,"[10400000.0, nan, 15.0]"
2022-01-23,tt13989030,"[42490000.0, nan, 1.0]",tt13978306,"[28570000.0, nan, 2.0]",tt0229499,"[17130000.0, nan, 5.0]",tt5113040,"[16800000.0, nan, 2.0]",tt10841088,"[11840000.0, nan, 2.0]",,,tt13069986,"[8980000.0, nan, 1.0]",tt7991608,"[7310000.0, nan, 11.0]",tt13575806,"[6320000.0, nan, 7.0]",tt13029044,"[5330000.0, nan, 3.0]"
2022-01-23,tt16453244,"[8690000.0, nan, 3.0]",tt13729220,"[6920000.0, nan, 2.0]",tt13349716,"[3590000.0, nan, 1.0]",tt14369276,"[3170000.0, nan, 1.0]",,,tt10127684,"[2450000.0, nan, 1.0]",tt14840634,"[2380000.0, nan, 1.0]",tt0326749,"[2050000.0, nan, 1.0]",tt6402468,"[1870000.0, nan, 10.0]",tt10945274,"[1780000.0, nan, 5.0]"
2022-01-23,tt5071412,"[77010000.0, nan, 1.0]",tt13365348,"[70980000.0, nan, 2.0]",tt12004280,"[41100000.0, nan, 1.0]",tt2201227,"[26980000.0, nan, 4.0]",tt5071412,"[24480000.0, nan, 1.0]",tt7221388,"[23840000.0, nan, 4.0]",tt5180504,"[22640000.0, nan, 6.0]",tt14738778,"[20760000.0, nan, 9.0]",tt11426660,"[20700000.0, nan, 2.0]",tt8962124,"[18240000.0, nan, 5.0]"
2022-01-23,tt0216459,"[96360000.0, nan, 4.0]",tt5820976,"[21730000.0, nan, 1.0]",tt8560918,"[21200000.0, nan, 10.0]",tt15026724,"[19740000.0, nan, 5.0]",tt0233127,"[11640000.0, nan, 9.0]",tt14160712,"[11260000.0, nan, 1.0]",tt6267820,"[10690000.0, nan, 14.0]",tt10919420,"[10200000.0, nan, 19.0]",tt6468322,"[10000000.0, nan, 14.0]",tt8560918,"[9950000.0, nan, 8.0]"
2022-01-16,tt13978306,"[45340000.0, nan, 1.0]",tt0229499,"[28390000.0, nan, 4.0]",tt13029044,"[23170000.0, nan, 2.0]",tt5113040,"[9390000.0, nan, 1.0]",tt1564367,"[8790000.0, nan, 3.0]",tt7991608,"[8710000.0, nan, 10.0]",tt13575806,"[8710000.0, nan, 6.0]",tt1006917,"[8470000.0, nan, 1.0]",tt10841088,"[7860000.0, nan, 1.0]",tt6269368,"[7000000.0, nan, 1.0]"
2022-01-16,tt16453244,"[11510000.0, nan, 2.0]",tt14247286,"[4750000.0, nan, 2.0]",tt0195335,"[4640000.0, nan, 2.0]",tt12861850,"[4610000.0, nan, 2.0]",tt13729220,"[4440000.0, nan, 1.0]",tt7601480,"[3120000.0, nan, 6.0]",tt7268738,"[2510000.0, nan, 4.0]",tt10945274,"[2070000.0, nan, 4.0]",tt16282866,"[2000000.0, nan, 3.0]",tt1127715,"[1830000.0, nan, 2.0]"
2022-01-16,tt2201227,"[53720000.0, nan, 3.0]",tt7221388,"[41240000.0, nan, 3.0]",tt5180504,"[34350000.0, nan, 5.0]",tt8962124,"[30020000.0, nan, 4.0]",tt11426660,"[29080000.0, nan, 1.0]",tt14738778,"[28120000.0, nan, 8.0]",tt13365348,"[22220000.0, nan, 1.0]",tt5180504,"[18580000.0, nan, 6.0]",tt14738778,"[14810000.0, nan, 3.0]",tt7221388,"[13950000.0, nan, 2.0]"
2022-01-16,tt0216459,"[98850000.0, nan, 3.0]",tt8560918,"[24210000.0, nan, 9.0]",tt0224954,"[23880000.0, nan, 2.0]",,,tt15026724,"[18710000.0, nan, 4.0]",tt12516206,"[16830000.0, nan, 1.0]",tt6468322,"[13000000.0, nan, 13.0]",tt12516206,"[12070000.0, nan, 1.0]",tt6267820,"[11860000.0, nan, 13.0]",tt10919420,"[11780000.0, nan, 18.0]"
2022-01-09,tt0229499,"[58200000.0, nan, 3.0]",tt13029044,"[29730000.0, nan, 1.0]",tt14445366,"[20370000.0, nan, 2.0]",tt13575806,"[12430000.0, nan, 5.0]",tt11233960,"[11340000.0, nan, 5.0]",tt7991608,"[11090000.0, nan, 9.0]",tt1564367,"[10530000.0, nan, 2.0]",tt1397514,"[10520000.0, nan, 2.0]",tt8456190,"[10310000.0, nan, 1.0]",tt0071771,"[9960000.0, nan, 1.0]"
2022-01-09,tt0195335,"[11930000.0, nan, 1.0]",tt14247286,"[7440000.0, nan, 1.0]",tt16453244,"[6150000.0, nan, 1.0]",tt12861850,"[5300000.0, nan, 1.0]",tt7268738,"[5080000.0, nan, 3.0]",tt16282866,"[4020000.0, nan, 2.0]",tt10945274,"[3830000.0, nan, 3.0]",tt7601480,"[2830000.0, nan, 5.0]",tt13428402,"[2410000.0, nan, 3.0]",tt1127715,"[2300000.0, nan, 1.0]"
2022-01-09,tt7221388,"[107810000.0, nan, 2.0]",tt2201227,"[91180000.0, nan, 2.0]",tt5180504,"[57340000.0, nan, 4.0]",tt8962124,"[50540000.0, nan, 3.0]",tt14738778,"[30160000.0, nan, 7.0]",tt5180504,"[28510000.0, nan, 5.0]",tt7221388,"[23850000.0, nan, 2.0]",tt0358332,"[23060000.0, nan, 2.0]",tt7221388,"[20100000.0, nan, 1.0]",tt7221388,"[19340000.0, nan, 1.0]"
2022-01-09,tt0216459,"[82980000.0, nan, 2.0]",tt0224954,"[33180000.0, nan, 1.0]",tt8560918,"[28480000.0, nan, 8.0]",,,tt11570202,"[19710000.0, nan, 3.0]",tt6468322,"[18770000.0, nan, 12.0]",tt15026724,"[15950000.0, nan, 3.0]",tt10919420,"[14980000.0, nan, 17.0]",tt12104930,"[14650000.0, nan, 1.0]",tt11937732,"[13340000.0, nan, 3.0]"
2022-01-02,tt0229499,"[152290000.0, nan, 2.0]",tt11233960,"[21310000.0, nan, 4.0]",tt14445366,"[18260000.0, nan, 1.0]",tt13575806,"[17720000.0, nan, 4.0]",tt7991608,"[14540000.0, nan, 8.0]",tt2250912,"[14180000.0, nan, 3.0]",tt6806448,"[12870000.0, nan, 2.0]",,,tt1397514,"[5440000.0, nan, 1.0]",tt0145487,"[5430000.0, nan, 1.0]"
2022-01-02,tt16282866,"[15210000.0, nan, 1.0]",tt10945274,"[15160000.0, nan, 2.0]",tt7268738,"[11440000.0, nan, 2.0]",tt13428402,"[6730000.0, nan, 2.0]",tt13782052,"[6650000.0, nan, 2.0]",tt32881460,"[3650000.0, nan, 1.0]",tt0052391,"[2780000.0, nan, 5.0]",tt0364949,"[2060000.0, nan, 4.0]",tt0287150,"[2000000.0, nan, 3.0]",tt9531772,"[1970000.0, nan, 5.0]"
2022-01-02,tt7221388,"[120060000.0, nan, 1.0]",tt5180504,"[94270000.0, nan, 3.0]",tt8962124,"[91980000.0, nan, 2.0]",tt5180504,"[42890000.0, nan, 4.0]",tt2201227,"[31290000.0, nan, 1.0]",tt8962124,"[25170000.0, nan, 2.0]",tt0358332,"[14420000.0, nan, 1.0]",tt7221388,"[13450000.0, nan, 1.0]",tt16027926,"[13070000.0, nan, 1.0]",tt16477402,"[12680000.0, nan, 2.0]"
2022-01-02,tt11570202,"[47830000.0, nan, 2.0]",tt8560918,"[29530000.0, nan, 7.0]",tt6468322,"[26310000.0, nan, 11.0]",tt11937732,"[24000000.0, nan, 2.0]",tt0216459,"[23230000.0, nan, 1.0]",tt10919420,"[18110000.0, nan, 16.0]",tt13968792,"[17460000.0, nan, 2.0]",,,tt15026724,"[13840000.0, nan, 2.0]",tt8560918,"[11280000.0, nan, 7.0]"
2021-12-26,tt0229499,"[111030000.0, nan, 1.0]",tt11233960,"[26600000.0, nan, 3.0]",tt6806448,"[26590000.0, nan, 1.0]",tt13575806,"[24750000.0, nan, 3.0]",tt2250912,"[20000000.0, nan, 2.0]",tt2990140,"[12910000.0, nan, 4.0]",tt7991608,"[12140000.0, nan, 7.0]",tt13701962,"[11630000.0, nan, 2.0]",tt11057644,"[10990000.0, nan, 3.0]",tt10187208,"[9120000.0, nan, 5.0]"
2021-12-26,tt10945274,"[8150000.0, nan, 1.0]",tt15565724,"[8140000.0, nan, 1.0]",tt13782052,"[6940000.0, nan, 1.0]",tt7268738,"[5990000.0, nan, 1.0]",tt13428402,"[2990000.0, nan, 1.0]",tt0052391,"[2970000.0, nan, 4.0]",tt0287150,"[2940000.0, nan, 2.0]",tt0364949,"[2800000.0, nan, 3.0]",tt15565714,"[2450000.0, nan, 3.0]",tt9531772,"[2390000.0, nan, 4.0]"
2021-12-26,tt5180504,"[168460000.0, nan, 2.0]",tt8962124,"[107640000.0, nan, 1.0]",tt5180504,"[60670000.0, nan, 3.0]",tt8962124,"[18040000.0, nan, 1.0]",tt0243732,"[12560000.0, nan, 3.0]",tt0058824,"[11650000.0, nan, 4.0]",tt16477402,"[9510000.0, nan, 1.0]",tt3121722,"[9360000.0, nan, 2.0]",tt12427840,"[9260000.0, nan, 5.0]",tt11337908,"[8750000.0, nan, 13.0]"
2021-12-26,tt6468322,"[33470000.0, nan, 10.0]",tt8560918,"[30560000.0, nan, 6.0]",tt11570202,"[22230000.0, nan, 1.0]",tt13968792,"[19780000.0, nan, 1.0]",tt10919420,"[15100000.0, nan, 15.0]",tt14609428,"[13050000.0, nan, 10.0]",tt11937732,"[13040000.0, nan, 1.0]",tt8560918,"[10810000.0, nan, 6.0]",tt15026724,"[9980000.0, nan, 1.0]",tt6267820,"[9420000.0, nan, 12.0]"
2021-12-19,tt11233960,"[74440000.0, nan, 2.0]",tt13575806,"[38990000.0, nan, 2.0]",tt13701962,"[22860000.0, nan, 1.0]",tt7991608,"[12710000.0, nan, 6.0]",tt2872518,"[11730000.0, nan, 1.0]",tt2250912,"[9370000.0, nan, 1.0]",tt6146586,"[8790000.0, nan, 1.0]",tt2990140,"[8430000.0, nan, 3.0]",tt11057644,"[7840000.0, nan, 2.0]",tt10187208,"[7270000.0, nan, 4.0]"
2021-12-19,tt0364949,"[12020000.0, nan, 2.0]",tt0287150,"[7710000.0, nan, 1.0]",tt0072332,"[6000000.0, nan, 2.0]",tt0052391,"[4640000.0, nan, 3.0]",tt9531772,"[4000000.0, nan, 3.0]",,,tt15565714,"[3360000.0, nan, 2.0]",tt13079150,"[3350000.0, nan, 4.0]",tt14810692,"[3260000.0, nan, 1.0]",tt0106559,"[2970000.0, nan, 3.0]"
2021-12-19,tt5180504,"[142430000.0, nan, 1.0]",tt5180504,"[49180000.0, nan, 2.0]",tt0243732,"[23810000.0, nan, 2.0]",tt0058824,"[19010000.0, nan, 3.0]",tt16227948,"[14230000.0, nan, 1.0]",tt0058824,"[11960000.0, nan, 3.0]",tt11337908,"[10620000.0, nan, 12.0]",tt0243732,"[10340000.0, nan, 1.0]",tt11126994,"[10010000.0, nan, 6.0]",tt12427840,"[10000000.0, nan, 4.0]"
2021-12-19,tt6468322,"[55010000.0, nan, 9.0]",tt8560918,"[39980000.0, nan, 5.0]",tt14609428,"[18120000.0, nan, 9.0]",tt10919420,"[15430000.0, nan, 14.0]",tt8560918,"[12970000.0, nan, 5.0]",tt6468322,"[12590000.0, nan, 7.0]",tt6267820,"[11290000.0, nan, 11.0]",tt14167344,"[10360000.0, nan, 1.0]",tt0233127,"[8010000.0, nan, 8.0]",tt14518756,"[7520000.0, nan, 16.0]"
2021-12-12,tt11233960,"[85860000.0, nan, 1.0]",tt7991608,"[18010000.0, nan, 5.0]",tt13575806,"[16170000.0, nan, 1.0]",tt10293406,"[13280000.0, nan, 2.0]",tt14315756,"[11140000.0, nan, 2.0]",tt10187208,"[10750000.0, nan, 3.0]",tt13070602,"[10050000.0, nan, 3.0]",tt4439620,"[9790000.0, nan, 1.0]",tt0383232,"[8970000.0, nan, 3.0]",tt2990140,"[8510000.0, nan, 2.0]"
2021-12-12,tt0052391,"[10540000.0, nan, 2.0]",tt13079150,"[9820000.0, nan, 3.0]",tt15565714,"[9110000.0, nan, 1.0]",tt0364949,"[8970000.0, nan, 1.0]",tt9531772,"[8840000.0, nan, 2.0]",tt0106559,"[6920000.0, nan, 2.0]",tt6925902,"[6010000.0, nan, 2.0]",,,tt0072332,"[5020000.0, nan, 1.0]",tt12459520,"[2610000.0, nan, 6.0]"
2021-12-12,tt0058824,"[35820000.0, nan, 2.0]",tt0243732,"[26000000.0, nan, 1.0]",tt0058824,"[23200000.0, nan, 2.0]",,,tt0058824,"[15240000.0, nan, 1.0]",tt5180504,"[14180000.0, nan, 1.0]",tt11126994,"[13470000.0, nan, 5.0]",tt11337908,"[12540000.0, nan, 11.0]",tt0417371,"[12160000.0, nan, 3.0]",tt9817298,"[11100000.0, nan, 3.0]"
2021-12-12,tt6468322,"[147950000.0, nan, 8.0]",tt8560918,"[49990000.0, nan, 4.0]",tt6468322,"[19870000.0, nan, 6.0]",tt10919420,"[18170000.0, nan, 13.0]",tt14609428,"[16650000.0, nan, 8.0]",tt8560918,"[14520000.0, nan, 4.0]",tt6267820,"[11230000.0, nan, 10.0]",tt14518756,"[9680000.0, nan, 15.0]",tt12235718,"[9470000.0, nan, 4.0]",tt6468322,"[8170000.0, nan, 3.0]"
2021-12-05,tt10293406,"[27200000.0, nan, 1.0]",tt13070602,"[25550000.0, nan, 2.0]",tt7991608,"[25400000.0, nan, 4.0]",tt0383232,"[23370000.0, nan, 2.0]",tt10187208,"[19360000.0, nan, 2.0]",tt14315756,"[13820000.0, nan, 1.0]",tt14079374,"[12170000.0, nan, 1.0]",tt2990140,"[7940000.0, nan, 1.0]",tt11057644,"[7790000.0, nan, 1.0]",tt10752004,"[7240000.0, nan, 5.0]"
2021-12-05,tt13079150,"[26730000.0, nan, 2.0]",tt0052391,"[11950000.0, nan, 1.0]",tt0106559,"[10650000.0, nan, 1.0]",tt6925902,"[10320000.0, nan, 1.0]",tt9531772,"[7110000.0, nan, 1.0]",tt0089300,"[3200000.0, nan, 2.0]",tt12459520,"[2870000.0, nan, 5.0]",tt15863594,"[2460000.0, nan, 3.0]",tt0379245,"[2350000.0, nan, 3.0]",,
2021-12-05,tt0058824,"[47380000.0, nan, 1.0]",tt0417371,"[29810000.0, nan, 2.0]",tt9817298,"[23660000.0, nan, 2.0]",tt0058824,"[20920000.0, nan, 1.0]",tt11126994,"[18180000.0, nan, 4.0]",tt15172154,"[17090000.0, nan, 1.0]",,,tt11337908,"[15800000.0, nan, 10.0]",tt0213338,"[15260000.0, nan, 3.0]",tt1487831,"[12490000.0, nan, 8.0]"
2021-12-05,tt6468322,"[189920000.0, nan, 7.0]",tt8560918,"[59460000.0, nan, 3.0]",tt12235718,"[22380000.0, nan, 3.0]",tt10919420,"[21200000.0, nan, 12.0]",tt13231962,"[17940000.0, nan, 2.0]",tt14609428,"[16360000.0, nan, 7.0]",tt8560918,"[14960000.0, nan, 3.0]",tt0248119,"[13980000.0, nan, 1.0]",tt6267820,"[11720000.0, nan, 9.0]",tt14518756,"[11560000.0, nan, 14.0]"
2021-11-28,tt7991608,"[50650000.0, nan, 3.0]",tt0383232,"[47700000.0, nan, 1.0]",tt10187208,"[26820000.0, nan, 1.0]",tt13070602,"[20870000.0, nan, 1.0]",tt14731142,"[16250000.0, nan, 2.0]",tt0481499,"[15860000.0, nan, 2.0]",tt3393786,"[14670000.0, nan, 1.0]",tt27996204,"[13320000.0, nan, 1.0]",tt1489889,"[10520000.0, nan, 2.0]",tt10752004,"[9780000.0, nan, 4.0]"
2021-11-28,tt13079150,"[15830000.0, nan, 1.0]",tt0089300,"[8730000.0, nan, 1.0]",tt15863594,"[8210000.0, nan, 2.0]",tt13161356,"[5880000.0, nan, 2.0]",tt0379245,"[4820000.0, nan, 2.0]",,,tt10366574,"[2780000.0, nan, 2.0]",tt0180320,"[2640000.0, nan, 4.0]",tt12459520,"[2500000.0, nan, 4.0]",tt0384538,"[2260000.0, nan, 1.0]"
2021-11-28,tt0417371,"[48850000.0, nan, 1.0]",tt0213338,"[36950000.0, nan, 2.0]",tt9817298,"[33080000.0, nan, 1.0]",tt11126994,"[29660000.0, nan, 3.0]",tt11337908,"[20490000.0, nan, 9.0]",tt8714904,"[17430000.0, nan, 4.0]",tt1487831,"[17070000.0, nan, 7.0]",tt11823076,"[16430000.0, nan, 2.0]",tt12427840,"[11050000.0, nan, 3.0]",tt0081856,"[10560000.0, nan, 6.0]"
2021-11-28,tt8560918,"[69030000.0, nan, 2.0]",tt12235718,"[67520000.0, nan, 2.0]",tt10919420,"[25730000.0, nan, 11.0]",tt14609428,"[15920000.0, nan, 6.0]",tt8560918,"[14460000.0, nan, 2.0]",tt14518756,"[13310000.0, nan, 13.0]",tt6267820,"[12410000.0, nan, 8.0]",tt0233127,"[8130000.0, nan, 7.0]",tt13167196,"[7470000.0, nan, 1.0]",tt13231962,"[6660000.0, nan, 1.0]"
2021-11-21,tt7991608,"[129110000.0, nan, 2.0]",tt14731142,"[24770000.0, nan, 1.0]",tt10752004,"[21240000.0, nan, 3.0]",tt1489889,"[14910000.0, nan, 1.0]",tt0049291,"[13770000.0, nan, 3.0]",tt0481499,"[13440000.0, nan, 1.0]",tt13024674,"[12260000.0, nan, 4.0]",tt1679335,"[10120000.0, nan, 1.0]",tt8106534,"[7770000.0, nan, 1.0]",tt5664636,"[7680000.0, nan, 1.0]"
2021-11-21,tt15863594,"[9630000.0, nan, 1.0]",tt14168118,"[9570000.0, nan, 2.0]",tt0180320,"[5660000.0, nan, 3.0]",tt10366574,"[4700000.0, nan, 1.0]",tt0379245,"[4200000.0, nan, 1.0]",tt13161356,"[3000000.0, nan, 1.0]",tt12459520,"[2420000.0, nan, 3.0]",,,tt10521092,"[1940000.0, nan, 6.0]",tt13529034,"[1900000.0, nan, 3.0]"
2021-11-21,tt11126994,"[38420000.0, nan, 2.0]",tt11823076,"[30030000.0, nan, 1.0]",tt8714904,"[27540000.0, nan, 3.0]",tt11337908,"[23920000.0, nan, 8.0]",tt1487831,"[23460000.0, nan, 6.0]",tt0213338,"[21630000.0, nan, 1.0]",tt0081856,"[15060000.0, nan, 5.0]",tt3007572,"[12340000.0, nan, 5.0]",tt1487831,"[11670000.0, nan, 5.0]",tt21195490,"[11410000.0, nan, 3.0]"
2021-11-21,tt12235718,"[43480000.0, nan, 1.0]",tt8560918,"[38640000.0, nan, 1.0]",tt10919420,"[30410000.0, nan, 10.0]",tt14609428,"[15640000.0, nan, 5.0]",tt6267820,"[13180000.0, nan, 7.0]",tt14518756,"[13150000.0, nan, 12.0]",tt15340790,"[9720000.0, nan, 1.0]",tt8560918,"[8810000.0, nan, 1.0]",tt14540924,"[8370000.0, nan, 1.0]",tt0233127,"[7800000.0, nan, 6.0]"
2021-11-14,tt7991608,"[148720000.0, nan, 1.0]",tt10752004,"[58560000.0, nan, 2.0]",tt0049291,"[33060000.0, nan, 2.0]",tt13024674,"[20560000.0, nan, 3.0]",tt13103340,"[13780000.0, nan, 1.0]",tt4976192,"[7900000.0, nan, 1.0]",tt0993840,"[7620000.0, nan, 3.0]",tt15836418,"[7490000.0, nan, 1.0]",tt3371366,"[6920000.0, nan, 2.0]",tt7975244,"[6760000.0, nan, 1.0]"
2021-11-14,tt0180320,"[17950000.0, nan, 2.0]",tt14168118,"[9690000.0, nan, 1.0]",tt12459520,"[4440000.0, nan, 2.0]",tt13529034,"[4410000.0, nan, 2.0]",tt10521092,"[2630000.0, nan, 5.0]",tt13834006,"[2610000.0, nan, 4.0]",tt15711402,"[2120000.0, nan, 1.0]",tt11692986,"[1800000.0, nan, 1.0]",tt8739752,"[1590000.0, nan, 2.0]",,
2021-11-14,tt8714904,"[50290000.0, nan, 2.0]",tt11126994,"[34170000.0, nan, 1.0]",tt1487831,"[33720000.0, nan, 5.0]",tt11337908,"[29480000.0, nan, 7.0]",tt21195490,"[25390000.0, nan, 2.0]",tt0081856,"[21020000.0, nan, 4.0]",tt3007572,"[18770000.0, nan, 4.0]",tt8714904,"[15570000.0, nan, 1.0]",tt1487831,"[15520000.0, nan, 4.0]",tt1487831,"[14570000.0, nan, 5.0]"
2021-11-14,tt10919420,"[42790000.0, nan, 9.0]",tt14609428,"[14120000.0, nan, 4.0]",tt14518756,"[13820000.0, nan, 11.0]",tt6267820,"[13660000.0, nan, 6.0]",tt12940504,"[10820000.0, nan, 5.0]",tt15796898,"[8640000.0, nan, 1.0]",tt15377930,"[8490000.0, nan, 6.0]",tt0357357,"[7860000.0, nan, 1.0]",tt0233127,"[7650000.0, nan, 5.0]",tt9335498,"[6060000.0, nan, 2.0]"
2021-11-07,tt13024674,"[71610000.0, nan, 2.0]",tt0049291,"[64760000.0, nan, 1.0]",tt10752004,"[40530000.0, nan, 1.0]",tt0993840,"[16910000.0, nan, 2.0]",tt3371366,"[13180000.0, nan, 1.0]",tt1232829,"[11690000.0, nan, 1.0]",tt12383460,"[11140000.0, nan, 2.0]",tt5177088,"[6580000.0, nan, 1.0]",tt0261164,"[6110000.0, nan, 1.0]",tt1564367,"[5740000.0, nan, 1.0]"
2021-11-07,tt0180320,"[11610000.0, nan, 1.0]",tt12459520,"[6760000.0, nan, 1.0]",tt13834006,"[5780000.0, nan, 3.0]",tt10521092,"[3860000.0, nan, 4.0]",tt8739752,"[3230000.0, nan, 1.0]",tt13529034,"[2820000.0, nan, 1.0]",tt14315500,"[2660000.0, nan, 2.0]",tt3594826,"[1590000.0, nan, 1.0]",tt0062395,"[1540000.0, nan, 4.0]",,
2021-11-07,tt1487831,"[52590000.0, nan, 4.0]",tt11337908,"[41290000.0, nan, 6.0]",tt3007572,"[32250000.0, nan, 3.0]",tt0081856,"[32050000.0, nan, 3.0]",tt8714904,"[28150000.0, nan, 1.0]",tt1487831,"[21660000.0, nan, 3.0]",tt8787772,"[21470000.0, nan, 2.0]",tt1487831,"[20910000.0, nan, 4.0]",tt21195490,"[19570000.0, nan, 1.0]",tt3007572,"[15950000.0, nan, 3.0]"
2021-11-07,tt10919420,"[65000000.0, nan, 8.0]",tt12940504,"[18430000.0, nan, 4.0]",tt14518756,"[16010000.0, nan, 10.0]",tt6267820,"[14090000.0, nan, 5.0]",tt15377930,"[13000000.0, nan, 5.0]",tt14609428,"[11990000.0, nan, 3.0]",tt8165086,"[11010000.0, nan, 2.0]",,,tt9335498,"[7940000.0, nan, 1.0]",tt0233127,"[7710000.0, nan, 4.0]"
2021-10-31,tt13024674,"[49640000.0, nan, 1.0]",tt12383460,"[24620000.0, nan, 1.0]",tt10763820,"[17010000.0, nan, 2.0]",tt0975668,"[9840000.0, nan, 1.0]",tt1972591,"[9150000.0, nan, 1.0]",,,tt0993840,"[5780000.0, nan, 1.0]",tt1634106,"[5600000.0, nan, 1.0]",tt8385474,"[5350000.0, nan, 2.0]",tt0067934,"[4190000.0, nan, 4.0]"
2021-10-31,tt13834006,"[12000000.0, nan, 2.0]",tt10521092,"[8410000.0, nan, 3.0]",tt14315500,"[6560000.0, nan, 1.0]",tt13377488,"[4790000.0, nan, 2.0]",tt0062395,"[3310000.0, nan, 3.0]",tt11240506,"[1900000.0, nan, 1.0]",tt14700948,"[1410000.0, nan, 5.0]",tt0068765,"[1190000.0, nan, 2.0]",tt1180300,"[1170000.0, nan, 1.0]",tt0341429,"[1110000.0, nan, 4.0]"
2021-10-31,tt1487831,"[82790000.0, nan, 3.0]",tt11337908,"[56700000.0, nan, 5.0]",tt3007572,"[56490000.0, nan, 2.0]",tt0081856,"[47820000.0, nan, 2.0]",tt8787772,"[34000000.0, nan, 1.0]",tt1487831,"[29880000.0, nan, 3.0]",tt1487831,"[28050000.0, nan, 2.0]",tt3007572,"[24590000.0, nan, 2.0]",tt10231312,"[21240000.0, nan, 1.0]",tt12427840,"[13710000.0, nan, 2.0]"
2021-10-31,tt10919420,"[90100000.0, nan, 7.0]",tt12940504,"[38580000.0, nan, 3.0]",tt8165086,"[25890000.0, nan, 1.0]",tt15377930,"[19410000.0, nan, 4.0]",tt14518756,"[18290000.0, nan, 9.0]",tt6267820,"[14070000.0, nan, 4.0]",,,tt14609428,"[9740000.0, nan, 2.0]",tt15018224,"[9130000.0, nan, 3.0]",tt10834220,"[8910000.0, nan, 5.0]"
2021-10-24,tt10763820,"[31870000.0, nan, 1.0]",tt0067934,"[7900000.0, nan, 3.0]",tt1033643,"[7380000.0, nan, 1.0]",tt8385474,"[5780000.0, nan, 1.0]",tt10101702,"[5570000.0, nan, 5.0]",tt0022520,"[5350000.0, nan, 1.0]",tt0079219,"[4520000.0, nan, 2.0]",tt0039439,"[4400000.0, nan, 4.0]",tt0421073,"[3440000.0, nan, 1.0]",tt5220122,"[3430000.0, nan, 4.0]"
2021-10-24,tt10521092,"[25800000.0, nan, 2.0]",tt0062395,"[11550000.0, nan, 2.0]",tt13834006,"[9000000.0, nan, 1.0]",tt13377488,"[6520000.0, nan, 1.0]",tt0068765,"[4140000.0, nan, 1.0]",tt13003996,"[2680000.0, nan, 3.0]",tt0341429,"[2240000.0, nan, 3.0]",tt14700948,"[1910000.0, nan, 4.0]",tt15204288,"[1400000.0, nan, 5.0]",tt0038348,"[1150000.0, nan, 4.0]"
2021-10-24,tt1487831,"[179000000.0, nan, 2.0]",tt11337908,"[79040000.0, nan, 4.0]",tt1487831,"[44810000.0, nan, 2.0]",tt3007572,"[35530000.0, nan, 1.0]",tt1487831,"[33120000.0, nan, 1.0]",tt0081856,"[19970000.0, nan, 1.0]",tt7767422,"[18380000.0, nan, 6.0]",tt12427840,"[15930000.0, nan, 1.0]",tt0135078,"[15760000.0, nan, 1.0]",tt3007572,"[15710000.0, nan, 1.0]"
2021-10-24,tt10919420,"[147560000.0, nan, 6.0]",tt12940504,"[84530000.0, nan, 2.0]",tt15377930,"[34600000.0, nan, 3.0]",tt14518756,"[31840000.0, nan, 8.0]",tt15018224,"[16290000.0, nan, 2.0]",tt6267820,"[13930000.0, nan, 3.0]",tt10834220,"[12900000.0, nan, 4.0]",tt10795658,"[8700000.0, nan, 5.0]",tt0233127,"[7710000.0, nan, 3.0]",tt14609428,"[6950000.0, nan, 1.0]"
2021-10-17,tt0067934,"[20410000.0, nan, 2.0]",tt0039439,"[12590000.0, nan, 3.0]",tt0359954,"[9470000.0, nan, 2.0]",tt10101702,"[8220000.0, nan, 4.0]",tt8150814,"[7380000.0, nan, 2.0]",tt11819890,"[7300000.0, nan, 2.0]",tt0021292,"[5800000.0, nan, 1.0]",tt0036443,"[5000000.0, nan, 2.0]",tt0079219,"[4950000.0, nan, 1.0]",tt1013743,"[4770000.0, nan, 1.0]"
2021-10-17,tt10521092,"[21460000.0, nan, 1.0]",tt13003996,"[7360000.0, nan, 2.0]",tt0341429,"[6060000.0, nan, 2.0]",tt30395629,"[6030000.0, nan, 1.0]",tt0062395,"[3390000.0, nan, 1.0]",tt14700948,"[3340000.0, nan, 3.0]",tt15204288,"[2120000.0, nan, 4.0]",tt8696442,"[1870000.0, nan, 1.0]",,,tt0038348,"[1800000.0, nan, 3.0]"
2021-10-17,tt1487831,"[133120000.0, nan, 1.0]",tt11337908,"[129280000.0, nan, 3.0]",tt7767422,"[28190000.0, nan, 5.0]",,,tt1487831,"[23050000.0, nan, 1.0]",tt10574558,"[20940000.0, nan, 4.0]",tt2386826,"[18730000.0, nan, 1.0]",tt7879820,"[17360000.0, nan, 2.0]",tt0125602,"[17030000.0, nan, 1.0]",tt0413573,"[15990000.0, nan, 3.0]"
2021-10-17,tt10919420,"[258840000.0, nan, 5.0]",tt15377930,"[62890000.0, nan, 2.0]",tt12940504,"[41780000.0, nan, 1.0]",tt14518756,"[37740000.0, nan, 7.0]",tt10834220,"[20720000.0, nan, 3.0]",tt10795658,"[16310000.0, nan, 4.0]",tt15018224,"[13770000.0, nan, 1.0]",tt6267820,"[12760000.0, nan, 2.0]",tt14518284,"[10080000.0, nan, 7.0]",tt14167390,"[9220000.0, nan, 1.0]"
2021-10-10,tt0039439,"[42280000.0, nan, 2.0]",tt8150814,"[20480000.0, nan, 1.0]",tt0067934,"[13920000.0, nan, 1.0]",tt10101702,"[13370000.0, nan, 3.0]",tt0036443,"[10270000.0, nan, 1.0]",tt2869728,"[8030000.0, nan, 1.0]",tt0068688,"[7650000.0, nan, 1.0]",tt11819890,"[7520000.0, nan, 1.0]",tt0033922,"[7180000.0, nan, 1.0]",tt0359954,"[6830000.0, nan, 1.0]"
2021-10-10,tt14700948,"[7210000.0, nan, 2.0]",tt13884144,"[4070000.0, nan, 2.0]",tt11698662,"[3600000.0, nan, 2.0]",tt15204288,"[2730000.0, nan, 3.0]",tt12748300,"[2540000.0, nan, 1.0]",,,tt0341429,"[1940000.0, nan, 1.0]",tt15268100,"[1830000.0, nan, 1.0]",tt0038348,"[1790000.0, nan, 2.0]",tt13003996,"[1670000.0, nan, 1.0]"
2021-10-10,tt11337908,"[166520000.0, nan, 2.0]",tt7879820,"[63520000.0, nan, 1.0]",tt7767422,"[42120000.0, nan, 4.0]",tt0413573,"[29650000.0, nan, 2.0]",tt10574558,"[29020000.0, nan, 3.0]",tt3121722,"[19910000.0, nan, 1.0]",tt4052886,"[16730000.0, nan, 5.0]",,,tt7767422,"[12760000.0, nan, 3.0]",tt15387774,"[12520000.0, nan, 1.0]"
2021-10-10,tt10919420,"[412940000.0, nan, 4.0]",tt15377930,"[39460000.0, nan, 1.0]",tt14518756,"[32890000.0, nan, 6.0]",tt10834220,"[30300000.0, nan, 2.0]",tt10795658,"[22220000.0, nan, 3.0]",tt13357140,"[14560000.0, nan, 2.0]",tt13278100,"[11210000.0, nan, 3.0]",tt6267820,"[10240000.0, nan, 1.0]",tt6468322,"[9730000.0, nan, 6.0]",tt14518284,"[8570000.0, nan, 6.0]"
2021-10-03,tt0039439,"[47600000.0, nan, 1.0]",tt10101702,"[24510000.0, nan, 2.0]",tt5164438,"[20130000.0, nan, 2.0]",tt13056008,"[17010000.0, nan, 1.0]",tt15469820,"[16750000.0, nan, 1.0]",tt12362822,"[12050000.0, nan, 2.0]",tt1375670,"[8130000.0, nan, 2.0]",tt34625555,"[5680000.0, nan, 4.0]",tt0050682,"[4960000.0, nan, 3.0]",tt14366176,"[4160000.0, nan, 7.0]"
2021-10-03,tt14700948,"[8740000.0, nan, 1.0]",tt11698662,"[7100000.0, nan, 1.0]",tt15204288,"[6350000.0, nan, 2.0]",tt13884144,"[4650000.0, nan, 1.0]",,,tt8886670,"[2940000.0, nan, 3.0]",tt0038348,"[2740000.0, nan, 1.0]",tt9205538,"[2140000.0, nan, 1.0]",tt10404944,"[1840000.0, nan, 3.0]",,
2021-10-03,tt7767422,"[72870000.0, nan, 3.0]",tt11337908,"[61080000.0, nan, 1.0]",tt10574558,"[59120000.0, nan, 2.0]",tt4052886,"[25110000.0, nan, 4.0]",tt0413573,"[18680000.0, nan, 1.0]",tt7767422,"[18420000.0, nan, 3.0]",tt7767422,"[18140000.0, nan, 2.0]",tt9839146,"[15870000.0, nan, 1.0]",tt10888878,"[13210000.0, nan, 6.0]",tt12427840,"[10690000.0, nan, 5.0]"
2021-10-03,tt10919420,"[571760000.0, nan, 3.0]",tt10834220,"[31380000.0, nan, 1.0]",tt14518756,"[28330000.0, nan, 5.0]",tt13278100,"[27030000.0, nan, 2.0]",tt10795658,"[26280000.0, nan, 2.0]",tt13357140,"[20090000.0, nan, 1.0]",tt6468322,"[14250000.0, nan, 5.0]",tt3909224,"[13420000.0, nan, 4.0]",tt10516352,"[12600000.0, nan, 1.0]",tt6468322,"[9370000.0, nan, 5.0]"
2021-09-26,tt12362822,"[30040000.0, nan, 1.0]",tt5164438,"[16670000.0, nan, 1.0]",tt10101702,"[15510000.0, nan, 1.0]",tt0050682,"[12590000.0, nan, 2.0]",tt34625555,"[11280000.0, nan, 3.0]",tt1375670,"[9250000.0, nan, 1.0]",tt10322274,"[8040000.0, nan, 2.0]",tt0120051,"[6930000.0, nan, 2.0]",tt10521144,"[6790000.0, nan, 2.0]",tt0046047,"[5210000.0, nan, 2.0]"
2021-09-26,tt8886670,"[16120000.0, nan, 2.0]",tt10404944,"[9490000.0, nan, 2.0]",tt15204288,"[7130000.0, nan, 1.0]",tt0086872,"[2330000.0, nan, 3.0]",,,tt15250998,"[1260000.0, nan, 1.0]",tt6402468,"[1120000.0, nan, 9.0]",,,tt11658120,"[1030000.0, nan, 3.0]",,
2021-09-26,tt7767422,"[160420000.0, nan, 2.0]",tt4052886,"[42990000.0, nan, 3.0]",tt10574558,"[33200000.0, nan, 1.0]",tt7767422,"[27380000.0, nan, 2.0]",tt10888878,"[22150000.0, nan, 5.0]",tt7767422,"[22030000.0, nan, 1.0]",tt10547554,"[15850000.0, nan, 2.0]",tt15287836,"[15150000.0, nan, 1.0]",tt27897191,"[12920000.0, nan, 4.0]",tt4052886,"[12180000.0, nan, 5.0]"
2021-09-26,tt10919420,"[448730000.0, nan, 2.0]",tt14518756,"[23360000.0, nan, 4.0]",tt6468322,"[21830000.0, nan, 4.0]",tt13278100,"[16260000.0, nan, 1.0]",tt3909224,"[14020000.0, nan, 3.0]",tt6468322,"[12150000.0, nan, 4.0]",tt11698590,"[11620000.0, nan, 1.0]",tt10795658,"[10890000.0, nan, 1.0]",tt6468322,"[8680000.0, nan, 4.0]",tt32375039,"[8410000.0, nan, 13.0]"
2021-09-19,tt34625555,"[37400000.0, nan, 2.0]",tt10322274,"[17290000.0, nan, 1.0]",tt0050682,"[16160000.0, nan, 1.0]",tt0046047,"[14680000.0, nan, 1.0]",tt10521144,"[13160000.0, nan, 1.0]",tt3766354,"[12310000.0, nan, 1.0]",,,tt0120051,"[9060000.0, nan, 1.0]",tt11742798,"[8100000.0, nan, 3.0]",tt0312693,"[6950000.0, nan, 1.0]"
2021-09-19,tt8886670,"[14830000.0, nan, 1.0]",tt0086872,"[14270000.0, nan, 2.0]",tt10404944,"[10360000.0, nan, 1.0]",tt12299824,"[3140000.0, nan, 2.0]",tt8837044,"[2610000.0, nan, 1.0]",,,tt3344928,"[1880000.0, nan, 2.0]",tt0373074,"[1800000.0, nan, 2.0]",tt15216504,"[1470000.0, nan, 2.0]",tt0245712,"[1450000.0, nan, 1.0]"
2021-09-19,tt7767422,"[125770000.0, nan, 1.0]",tt4052886,"[98140000.0, nan, 2.0]",tt10888878,"[35020000.0, nan, 4.0]",tt27897191,"[19310000.0, nan, 3.0]",tt15260794,"[18720000.0, nan, 3.0]",tt4052886,"[16240000.0, nan, 4.0]",tt7767422,"[14880000.0, nan, 1.0]",tt10547554,"[14350000.0, nan, 1.0]",tt12211696,"[14180000.0, nan, 2.0]",tt4052886,"[11560000.0, nan, 1.0]"
2021-09-19,tt10919420,"[63190000.0, nan, 1.0]",tt6468322,"[39910000.0, nan, 3.0]",tt6468322,"[19340000.0, nan, 3.0]",tt14518756,"[18580000.0, nan, 3.0]",tt11769304,"[13050000.0, nan, 7.0]",tt6468322,"[12270000.0, nan, 3.0]",tt6468322,"[11940000.0, nan, 2.0]",tt6468322,"[11490000.0, nan, 3.0]",tt32375039,"[9320000.0, nan, 12.0]",tt11974324,"[7870000.0, nan, 10.0]"
2021-09-12,tt34625555,"[38780000.0, nan, 1.0]",tt11742798,"[23790000.0, nan, 2.0]",tt11575056,"[13560000.0, nan, 2.0]",tt4590256,"[10930000.0, nan, 3.0]",tt4479380,"[9930000.0, nan, 3.0]",tt1637688,"[8930000.0, nan, 1.0]",tt10175340,"[7770000.0, nan, 1.0]",tt14366176,"[6960000.0, nan, 6.0]",tt10731768,"[6570000.0, nan, 4.0]",tt0017166,"[6200000.0, nan, 1.0]"
2021-09-12,tt0086872,"[13440000.0, nan, 1.0]",tt12299824,"[5410000.0, nan, 1.0]",tt0373074,"[3250000.0, nan, 1.0]",tt0025311,"[2990000.0, nan, 2.0]",tt15216504,"[2060000.0, nan, 1.0]",tt6402468,"[1780000.0, nan, 8.0]",tt3344928,"[1530000.0, nan, 1.0]",tt11594766,"[1450000.0, nan, 4.0]",tt11154906,"[1440000.0, nan, 4.0]",tt0036098,"[1410000.0, nan, 1.0]"
2021-09-12,tt4052886,"[75940000.0, nan, 1.0]",tt10888878,"[54420000.0, nan, 3.0]",tt15260794,"[37910000.0, nan, 2.0]",tt27897191,"[31750000.0, nan, 2.0]",tt12211696,"[19590000.0, nan, 1.0]",tt2661044,"[12990000.0, nan, 2.0]",tt4052886,"[12260000.0, nan, 3.0]",tt15211330,"[11730000.0, nan, 1.0]",tt13275052,"[11480000.0, nan, 1.0]",tt14738778,"[11150000.0, nan, 3.0]"
2021-09-12,tt6468322,"[123170000.0, nan, 2.0]",tt6468322,"[38030000.0, nan, 2.0]",tt6468322,"[16720000.0, nan, 1.0]",tt6468322,"[16720000.0, nan, 2.0]",tt14518756,"[14870000.0, nan, 2.0]",tt6468322,"[14410000.0, nan, 2.0]",tt11769304,"[11590000.0, nan, 6.0]",tt0292806,"[10630000.0, nan, 1.0]",tt32375039,"[10350000.0, nan, 11.0]",tt10220588,"[9980000.0, nan, 1.0]"
2021-09-05,tt4590256,"[36730000.0, nan, 2.0]",tt4479380,"[32730000.0, nan, 2.0]",tt11742798,"[26710000.0, nan, 1.0]",tt10731768,"[13390000.0, nan, 3.0]",tt14366176,"[9380000.0, nan, 5.0]",tt6714432,"[6640000.0, nan, 3.0]",tt11575056,"[6480000.0, nan, 1.0]",tt2709768,"[6450000.0, nan, 3.0]",tt0494652,"[6270000.0, nan, 1.0]",tt1133985,"[6230000.0, nan, 1.0]"
2021-09-05,tt0025311,"[7340000.0, nan, 1.0]",tt11154906,"[2270000.0, nan, 3.0]",tt11594766,"[2100000.0, nan, 3.0]",tt6402468,"[2080000.0, nan, 7.0]",tt12268678,"[1830000.0, nan, 1.0]",tt0309368,"[1420000.0, nan, 3.0]",,,,,tt2539482,"[1130000.0, nan, 1.0]",,
2021-09-05,tt10888878,"[76540000.0, nan, 2.0]",tt27897191,"[37580000.0, nan, 1.0]",tt15260794,"[24050000.0, nan, 1.0]",tt14738778,"[15660000.0, nan, 2.0]",tt2661044,"[13590000.0, nan, 1.0]",tt10293938,"[12910000.0, nan, 6.0]",tt12427840,"[11050000.0, nan, 4.0]",tt14738778,"[10320000.0, nan, 6.0]",tt27897191,"[9590000.0, nan, 1.0]",tt12427840,"[9140000.0, nan, 1.0]"
2021-09-05,tt6468322,"[201910000.0, nan, 1.0]",tt6468322,"[22710000.0, nan, 1.0]",tt13024974,"[19170000.0, nan, 2.0]",tt6468322,"[14870000.0, nan, 1.0]",tt14417802,"[11530000.0, nan, 6.0]",tt32375039,"[11100000.0, nan, 10.0]",tt14518756,"[9630000.0, nan, 1.0]",tt11974324,"[9010000.0, nan, 9.0]",tt0233127,"[7200000.0, nan, 2.0]",tt6468322,"[7070000.0, nan, 1.0]"
2021-08-29,tt10731768,"[48140000.0, nan, 2.0]",tt4590256,"[42810000.0, nan, 1.0]",tt4479380,"[35650000.0, nan, 1.0]",tt6714432,"[16910000.0, nan, 2.0]",tt12829958,"[13720000.0, nan, 1.0]",tt14366176,"[13430000.0, nan, 4.0]",tt11657662,"[13300000.0, nan, 1.0]",tt2709768,"[10860000.0, nan, 2.0]",tt12783454,"[9560000.0, nan, 3.0]",tt1365519,"[8430000.0, nan, 1.0]"
2021-08-29,tt0309368,"[6570000.0, nan, 2.0]",tt11154906,"[5790000.0, nan, 2.0]",tt11594766,"[5090000.0, nan, 2.0]",tt6402468,"[3020000.0, nan, 6.0]",,,tt12808182,"[2000000.0, nan, 5.0]",tt1692190,"[1560000.0, nan, 4.0]",tt0026718,"[1510000.0, nan, 5.0]",tt14315566,"[1460000.0, nan, 3.0]",tt15036416,"[1440000.0, nan, 4.0]"
2021-08-29,tt10888878,"[51280000.0, nan, 1.0]",tt10293938,"[20790000.0, nan, 5.0]",tt14738778,"[17740000.0, nan, 1.0]",tt0306295,"[14020000.0, nan, 1.0]",tt10293938,"[13860000.0, nan, 5.0]",tt14738778,"[12410000.0, nan, 5.0]",tt10327830,"[11180000.0, nan, 3.0]",tt12427840,"[11030000.0, nan, 3.0]",tt7414406,"[10480000.0, nan, 5.0]",tt19879648,"[10090000.0, nan, 4.0]"
2021-08-29,tt14417802,"[15480000.0, nan, 5.0]",tt32375039,"[12120000.0, nan, 9.0]",tt10183912,"[11500000.0, nan, 3.0]",tt11769304,"[10980000.0, nan, 5.0]",tt11974324,"[9750000.0, nan, 8.0]",tt0259816,"[9020000.0, nan, 3.0]",tt13024974,"[8430000.0, nan, 1.0]",tt13495314,"[8220000.0, nan, 1.0]",tt12626014,"[7550000.0, nan, 8.0]",tt0233127,"[7340000.0, nan, 1.0]"
2021-08-22,tt10731768,"[57160000.0, nan, 1.0]",tt12783454,"[26170000.0, nan, 2.0]",tt10230994,"[23870000.0, nan, 2.0]",tt14366176,"[21960000.0, nan, 3.0]",tt6714432,"[13860000.0, nan, 1.0]",tt2709768,"[10110000.0, nan, 1.0]",tt5220122,"[8550000.0, nan, 3.0]",tt0045815,"[6900000.0, nan, 1.0]",tt1615918,"[6870000.0, nan, 1.0]",tt12929990,"[6320000.0, nan, 4.0]"
2021-08-22,tt0309368,"[17330000.0, nan, 1.0]",tt11594766,"[7910000.0, nan, 1.0]",tt11154906,"[7120000.0, nan, 1.0]",tt6402468,"[4520000.0, nan, 5.0]",,,tt12808182,"[3340000.0, nan, 4.0]",tt0052232,"[3290000.0, nan, 1.0]",tt1692190,"[2650000.0, nan, 3.0]",tt0026718,"[2340000.0, nan, 4.0]",tt15036416,"[2250000.0, nan, 3.0]"
2021-08-22,tt10293938,"[31800000.0, nan, 4.0]",tt19879648,"[20660000.0, nan, 3.0]",tt10293938,"[20300000.0, nan, 4.0]",tt7414406,"[14990000.0, nan, 4.0]",tt10327830,"[14540000.0, nan, 2.0]",tt15078760,"[13220000.0, nan, 1.0]",tt9165438,"[12180000.0, nan, 2.0]",tt11343600,"[11140000.0, nan, 1.0]",tt12427840,"[10990000.0, nan, 2.0]",tt38960977,"[10430000.0, nan, 6.0]"
2021-08-22,tt14417802,"[19260000.0, nan, 4.0]",tt10183912,"[18070000.0, nan, 2.0]",tt0259816,"[15640000.0, nan, 2.0]",tt14252964,"[14920000.0, nan, 2.0]",tt32375039,"[12080000.0, nan, 8.0]",tt11769304,"[10340000.0, nan, 4.0]",tt11974324,"[9860000.0, nan, 7.0]",tt14518284,"[9030000.0, nan, 5.0]",tt12626014,"[8820000.0, nan, 7.0]",tt11937662,"[8250000.0, nan, 3.0]"
2021-08-15,tt12783454,"[90860000.0, nan, 1.0]",tt14366176,"[37050000.0, nan, 2.0]",tt10230994,"[23580000.0, nan, 1.0]",tt5220122,"[21460000.0, nan, 2.0]",tt0003606,"[15870000.0, nan, 2.0]",tt12929990,"[9860000.0, nan, 3.0]",tt3799232,"[8590000.0, nan, 1.0]",tt9784456,"[8370000.0, nan, 1.0]",tt2101341,"[7580000.0, nan, 2.0]",,
2021-08-15,tt0078350,"[11470000.0, nan, 2.0]",tt12808182,"[7570000.0, nan, 3.0]",,,tt6402468,"[6470000.0, nan, 4.0]",tt1692190,"[4890000.0, nan, 2.0]",tt0026718,"[3630000.0, nan, 3.0]",tt15036416,"[3440000.0, nan, 2.0]",,,tt0781434,"[2800000.0, nan, 2.0]",,
2021-08-15,tt10293938,"[51600000.0, nan, 3.0]",tt19879648,"[45190000.0, nan, 2.0]",tt10293938,"[30390000.0, nan, 3.0]",tt7414406,"[20870000.0, nan, 3.0]",tt15049206,"[13870000.0, nan, 2.0]",tt10327830,"[13790000.0, nan, 1.0]",tt9077530,"[13220000.0, nan, 6.0]",tt9165438,"[13170000.0, nan, 1.0]",tt0179609,"[12190000.0, nan, 7.0]",tt38960977,"[11810000.0, nan, 5.0]"
2021-08-15,tt14417802,"[23840000.0, nan, 3.0]",tt11937662,"[16400000.0, nan, 2.0]",tt0367409,"[12970000.0, nan, 1.0]",tt32375039,"[12750000.0, nan, 7.0]",tt12626014,"[11950000.0, nan, 6.0]",tt10183912,"[11620000.0, nan, 1.0]",tt11974324,"[10640000.0, nan, 6.0]",tt14252964,"[9750000.0, nan, 1.0]",tt0259816,"[9600000.0, nan, 1.0]",tt11769304,"[9500000.0, nan, 3.0]"
2021-08-08,tt0003606,"[24200000.0, nan, 1.0]",tt12929990,"[23480000.0, nan, 2.0]",tt14366176,"[21940000.0, nan, 1.0]",tt0386846,"[10870000.0, nan, 1.0]",tt0066126,"[8040000.0, nan, 1.0]",tt1893273,"[6850000.0, nan, 3.0]",tt5220122,"[6250000.0, nan, 1.0]",tt2101341,"[5840000.0, nan, 1.0]",tt5562070,"[5150000.0, nan, 5.0]",tt0469641,"[5050000.0, nan, 1.0]"
2021-08-08,tt12808182,"[23890000.0, nan, 2.0]",,,tt6402468,"[13300000.0, nan, 3.0]",tt0078350,"[11380000.0, nan, 1.0]",tt0026718,"[5140000.0, nan, 2.0]",tt14315566,"[4570000.0, nan, 2.0]",tt1692190,"[4420000.0, nan, 1.0]",tt0781434,"[3520000.0, nan, 1.0]",,,tt15036416,"[3340000.0, nan, 1.0]"
2021-08-08,tt10293938,"[105330000.0, nan, 2.0]",tt10293938,"[45080000.0, nan, 2.0]",tt7414406,"[33020000.0, nan, 2.0]",tt19879648,"[23570000.0, nan, 1.0]",tt15049206,"[18890000.0, nan, 1.0]",tt9077530,"[18840000.0, nan, 5.0]",tt14992232,"[17040000.0, nan, 1.0]",tt0179609,"[15500000.0, nan, 6.0]",tt38960977,"[14090000.0, nan, 4.0]",tt8893550,"[13930000.0, nan, 1.0]"
2021-08-08,tt14417802,"[26880000.0, nan, 2.0]",tt11937662,"[25430000.0, nan, 1.0]",tt12626014,"[15800000.0, nan, 5.0]",tt32375039,"[14510000.0, nan, 6.0]",tt11974324,"[11280000.0, nan, 5.0]",,,tt11937662,"[8580000.0, nan, 1.0]",tt9184994,"[8580000.0, nan, 2.0]",tt14518284,"[7960000.0, nan, 4.0]",tt14902484,"[7470000.0, nan, 3.0]"
2021-08-01,tt12929990,"[28050000.0, nan, 1.0]",tt1893273,"[18890000.0, nan, 2.0]",tt12851396,"[8960000.0, nan, 2.0]",,,tt5562070,"[6290000.0, nan, 4.0]",,,tt0035912,"[5840000.0, nan, 3.0]",,,,,tt1259571,"[5030000.0, nan, 2.0]"
2021-08-01,tt6402468,"[52370000.0, nan, 2.0]",tt12808182,"[16120000.0, nan, 1.0]",,,tt0026718,"[9210000.0, nan, 1.0]",tt14315566,"[9210000.0, nan, 1.0]",,,,,tt0391397,"[3130000.0, nan, 3.0]",tt7601480,"[2770000.0, nan, 4.0]",tt12735338,"[2180000.0, nan, 1.0]"
2021-08-01,tt10293938,"[100160000.0, nan, 1.0]",tt7414406,"[43970000.0, nan, 1.0]",tt9077530,"[28320000.0, nan, 4.0]",tt10293938,"[26240000.0, nan, 1.0]",tt10062292,"[23570000.0, nan, 3.0]",tt0179609,"[21620000.0, nan, 5.0]",tt11704040,"[19370000.0, nan, 1.0]",tt38960977,"[18510000.0, nan, 3.0]",tt1520211,"[15050000.0, nan, 1.0]",tt38960977,"[13240000.0, nan, 1.0]"
2021-08-01,tt12626014,"[24170000.0, nan, 4.0]",tt32375039,"[16700000.0, nan, 5.0]",tt9184994,"[16470000.0, nan, 1.0]",tt8690776,"[15660000.0, nan, 2.0]",tt14417802,"[15150000.0, nan, 1.0]",tt14902484,"[14230000.0, nan, 2.0]",tt11974324,"[12730000.0, nan, 4.0]",tt14518284,"[7710000.0, nan, 3.0]",tt0154063,"[7020000.0, nan, 1.0]",tt7134908,"[6920000.0, nan, 5.0]"
2021-07-25,tt12851396,"[16130000.0, nan, 1.0]",tt1893273,"[13140000.0, nan, 1.0]",tt0035912,"[12550000.0, nan, 2.0]",,,tt1259571,"[10320000.0, nan, 1.0]",,,,,tt1325004,"[9220000.0, nan, 1.0]",,,,
2021-07-25,tt6402468,"[35930000.0, nan, 1.0]",,,,,tt0391397,"[8000000.0, nan, 2.0]",tt7601480,"[7190000.0, nan, 3.0]",tt11991786,"[4580000.0, nan, 2.0]",tt12877640,"[4060000.0, nan, 2.0]",tt0422634,"[3200000.0, nan, 1.0]",,,tt11027830,"[2620000.0, nan, 4.0]"
2021-07-25,tt10062292,"[50190000.0, nan, 2.0]",tt9077530,"[44890000.0, nan, 3.0]",tt0179609,"[31200000.0, nan, 4.0]",tt38960977,"[25520000.0, nan, 2.0]",tt10062292,"[17400000.0, nan, 1.0]",tt14738778,"[16220000.0, nan, 4.0]",tt6315640,"[15920000.0, nan, 3.0]",tt0491281,"[15390000.0, nan, 2.0]",tt9077530,"[14360000.0, nan, 3.0]",tt9077530,"[13770000.0, nan, 2.0]"
2021-07-25,tt12626014,"[36650000.0, nan, 3.0]",tt32375039,"[19070000.0, nan, 4.0]",tt8690776,"[12980000.0, nan, 1.0]",tt11974324,"[12150000.0, nan, 3.0]",tt14821886,"[9730000.0, nan, 3.0]",tt14902484,"[9450000.0, nan, 1.0]",tt7134908,"[9410000.0, nan, 4.0]",tt11769304,"[8070000.0, nan, 2.0]",tt14518284,"[7880000.0, nan, 2.0]",tt1018841,"[6840000.0, nan, 4.0]"
2021-07-18,,,,,,,tt8368408,"[11770000.0, nan, 1.0]",tt4779326,"[11630000.0, nan, 1.0]",tt12546872,"[8810000.0, nan, 2.0]",tt5562070,"[8550000.0, nan, 3.0]",tt0005308,"[7790000.0, nan, 3.0]",tt0035912,"[7640000.0, nan, 1.0]",tt6610158,"[6560000.0, nan, 1.0]"
2021-07-18,tt7601480,"[21050000.0, nan, 2.0]",,,tt12877640,"[9090000.0, nan, 1.0]",tt11991786,"[5130000.0, nan, 1.0]",tt11027830,"[4430000.0, nan, 3.0]",tt0391397,"[3170000.0, nan, 1.0]",tt0064573,"[2420000.0, nan, 2.0]",,,tt14781176,"[1860000.0, nan, 3.0]",tt0132513,"[1780000.0, nan, 3.0]"
2021-07-18,tt9077530,"[87270000.0, nan, 2.0]",tt10062292,"[58380000.0, nan, 1.0]",tt0179609,"[45000000.0, nan, 3.0]",tt6315640,"[29680000.0, nan, 2.0]",tt14738778,"[21350000.0, nan, 3.0]",tt9077530,"[20080000.0, nan, 2.0]",tt38960977,"[18980000.0, nan, 1.0]",tt0491281,"[18710000.0, nan, 1.0]",tt9077530,"[17000000.0, nan, 1.0]",tt12004280,"[16110000.0, nan, 3.0]"
2021-07-18,tt12626014,"[51570000.0, nan, 2.0]",tt32375039,"[21450000.0, nan, 3.0]",tt14821886,"[14360000.0, nan, 2.0]",tt7134908,"[14240000.0, nan, 3.0]",tt14856998,"[12510000.0, nan, 2.0]",tt11974324,"[11620000.0, nan, 2.0]",tt1018841,"[9280000.0, nan, 3.0]",tt11769304,"[8530000.0, nan, 1.0]",tt14518284,"[8130000.0, nan, 1.0]",tt9849210,"[7500000.0, nan, 1.0]"
2021-07-11,,,,,tt0005308,"[12830000.0, nan, 2.0]",tt0803096,"[10990000.0, nan, 2.0]",tt5562070,"[10590000.0, nan, 2.0]",tt12546872,"[9390000.0, nan, 1.0]",tt0081186,"[9200000.0, nan, 1.0]",tt2386490,"[9030000.0, nan, 1.0]",tt2267968,"[8870000.0, nan, 2.0]",tt2381991,"[7460000.0, nan, 1.0]"
2021-07-11,tt7601480,"[26150000.0, nan, 1.0]",tt11027830,"[10210000.0, nan, 2.0]",,,tt14781176,"[5960000.0, nan, 2.0]",tt0132513,"[3110000.0, nan, 2.0]",,,tt7587604,"[2420000.0, nan, 2.0]",tt11658120,"[1710000.0, nan, 2.0]",tt4083076,"[1280000.0, nan, 1.0]",tt0064573,"[1270000.0, nan, 1.0]"
2021-07-11,tt0179609,"[69860000.0, nan, 2.0]",tt9077530,"[62580000.0, nan, 1.0]",tt12004280,"[33420000.0, nan, 2.0]",tt14738778,"[31940000.0, nan, 2.0]",tt14033496,"[21870000.0, nan, 2.0]",tt6315640,"[20620000.0, nan, 1.0]",tt14738778,"[20070000.0, nan, 2.0]",tt9077530,"[13590000.0, nan, 1.0]",tt4052886,"[13440000.0, nan, 2.0]",tt12809988,"[13100000.0, nan, 2.0]"
2021-07-11,tt32375039,"[24990000.0, nan, 2.0]",tt7134908,"[21780000.0, nan, 2.0]",tt12626014,"[16960000.0, nan, 1.0]",tt14821886,"[13970000.0, nan, 1.0]",tt1018841,"[13150000.0, nan, 2.0]",tt14856998,"[11700000.0, nan, 1.0]",tt3909224,"[10110000.0, nan, 2.0]",tt14664414,"[9820000.0, nan, 1.0]",tt11974324,"[9790000.0, nan, 1.0]",tt14719590,"[9420000.0, nan, 2.0]"
2021-07-04,tt0005308,"[25680000.0, nan, 1.0]",,,tt5562070,"[15260000.0, nan, 1.0]",tt2458296,"[13690000.0, nan, 1.0]",tt8231668,"[10580000.0, nan, 1.0]",tt2267968,"[7690000.0, nan, 1.0]",tt0803096,"[7650000.0, nan, 1.0]",tt1616102,"[6460000.0, nan, 1.0]",tt9387250,"[6130000.0, nan, 1.0]",tt7979580,"[4890000.0, nan, 1.0]"
2021-07-04,tt0132513,"[7390000.0, nan, 1.0]",tt11027830,"[7370000.0, nan, 1.0]",,,tt14781176,"[4480000.0, nan, 1.0]",tt7587604,"[4100000.0, nan, 1.0]",tt0359954,"[2950000.0, nan, 1.0]",tt13323092,"[2690000.0, nan, 1.0]",tt11658120,"[2650000.0, nan, 1.0]",,,tt0162854,"[2080000.0, nan, 1.0]"
2021-07-04,tt0179609,"[86730000.0, nan, 1.0]",tt12004280,"[62150000.0, nan, 1.0]",tt14738778,"[36330000.0, nan, 1.0]",tt12809988,"[21350000.0, nan, 1.0]",tt14738778,"[21330000.0, nan, 1.0]",tt4052886,"[16890000.0, nan, 1.0]",tt14033496,"[15350000.0, nan, 1.0]",tt14681732,"[12800000.0, nan, 1.0]",tt12427840,"[11430000.0, nan, 1.0]",tt4052886,"[9550000.0, nan, 1.0]"
2021-07-04,tt7134908,"[38720000.0, nan, 1.0]",tt3909224,"[33240000.0, nan, 1.0]",tt32375039,"[28270000.0, nan, 1.0]",tt1018841,"[20970000.0, nan, 1.0]",tt14719590,"[11510000.0, nan, 1.0]",tt7134908,"[10530000.0, nan, 1.0]",tt7134908,"[10200000.0, nan, 1.0]",tt7134908,"[10140000.0, nan, 1.0]",tt11102190,"[9190000.0, nan, 1.0]",tt13676344,"[9140000.0, nan, 1.0]"
