week,category,weekly_rank,show_title,season_title,runtime,weekly_views,imdb_tconst
2023-12-17,Films (English),1,Leave the World Behind,,2.3667,44900000.0,tt12747748
2023-12-17,Films (English),2,Chicken Run: Dawn of the Nugget,,1.7,11900000.0,tt8337264
2023-12-17,Films (English),3,Leo,,1.7833,9400000.0,tt2320142
2023-12-17,Films (English),4,Family Switch,,1.7667,9400000.0,tt14227048
2023-12-17,Films (English),5,The Super Mario Bros. Movie,,1.5333,8900000.0,tt6718170
2023-12-17,Films (English),6,Underwater,,1.5833,5800000.0,tt5774060
2023-12-17,Films (English),7,Old,,1.8,5600000.0,tt10954652
2023-12-17,Films (English),8,Christmas as Usual,,1.4833,4800000.0,tt23790418
2023-12-17,Films (English),10,Holiday in the Vineyards,,1.7833,3900000.0,tt27195023
2023-12-17,Films (Non-English),1,Blood Vessel,,1.9833,4400000.0,tt30096240
2023-12-17,Films (Non-English),2,Stolen Vacation,,1.5333,2100000.0,tt12303550
2023-12-17,Films (Non-English),3,Dhak Dhak,,2.2833,1600000.0,tt27330026
2023-12-17,Films (Non-English),4,The Archies,,2.4,1300000.0,tt15979666
2023-12-17,Films (Non-English),6,Familia,,1.7667,1000000.0,tt27828085
2023-12-17,Films (Non-English),7,NAGA,,1.8833,1000000.0,tt28554013
2023-12-17,Films (Non-English),8,Nowhere,,1.8167,1000000.0,tt15789472
2023-12-17,Films (Non-English),9,Women on the Edge,,1.5833,900000.0,tt2065946
2023-12-17,Films (Non-English),10,Japan,,2.5667,900000.0,tt23474462
2023-12-17,TV (English),1,My Life With the Walter Boys,1.0,7.6167,12800000.0,tt8323628
2023-12-17,TV (English),2,The Crown,6.0,8.75,5800000.0,tt4786824
2023-12-17,TV (English),3,Obliterated,1.0,6.8333,5200000.0,tt11097240
2023-12-17,TV (English),4,World War II: From the Frontlines,1.0,4.85,4400000.0,tt28756878
2023-12-17,TV (English),5,Squid Game: The Challenge,1.0,8.1667,3000000.0,tt28104766
2023-12-17,TV (English),6,Car Masters: Rust to Riches,5.0,5.3,2400000.0,tt8893550
2023-12-17,TV (English),7,Bad Surgeon: Love Under the Knife,1.0,2.6667,2300000.0,tt28197236
2023-12-17,TV (English),8,CoComelon Lane,1.0,3.9167,2000000.0,tt15040002
2023-12-17,TV (English),9,Young Sheldon,1.0,7.2167,1600000.0,tt6226232
2023-12-17,TV (English),10,School Spirits,1.0,6.2,1400000.0,tt1821156
2023-12-17,TV (Non-English),1,Yu Yu Hakusho,1.0,4.1833,7700000.0,tt13664452
2023-12-17,TV (Non-English),2,My Demon,1.0,0.0,4200000.0,tt29569035
2023-12-17,TV (Non-English),3,Blood Coast,1.0,5.2833,3800000.0,tt28129282
2023-12-17,TV (Non-English),5,High Tides,1.0,5.7667,3300000.0,tt21093806
2023-12-17,TV (Non-English),6,True Beauty,,20.0167,3200000.0,tt13274038
2023-12-17,TV (Non-English),7,A Nearly Normal Family,1.0,4.5333,2700000.0,tt22780536
2023-12-17,TV (Non-English),8,If I Were Luísa Sonza,1.0,1.85,2200000.0,tt28995977
2023-12-17,TV (Non-English),9,Dubai Bling,2.0,6.4833,1900000.0,tt22071840
2023-12-10,Films (English),1,Leave the World Behind,,2.3667,41700000.0,tt12747748
2023-12-10,Films (English),2,Family Switch,,1.7667,18600000.0,tt14227048
2023-12-10,Films (English),3,Leo,,1.7833,14200000.0,tt2320142
2023-12-10,Films (English),4,The Super Mario Bros. Movie,,1.5333,13200000.0,tt6718170
2023-12-10,Films (English),6,Nobody,,1.5333,6900000.0,tt7888964
2023-12-10,Films (English),7,Christmas as Usual,,1.4833,6700000.0,tt23790418
2023-12-10,Films (English),8,The Fast and the Furious,,1.7667,6300000.0,tt0232500
2023-12-10,Films (English),9,The Fate of the Furious,,2.2667,6000000.0,tt4630562
2023-12-10,Films (Non-English),1,Mission Raniganj: The Great Bharat Rescue,,2.25,2500000.0,tt21262240
2023-12-10,Films (Non-English),2,Stolen Vacation,,1.5333,2500000.0,tt12303550
2023-12-10,Films (Non-English),3,The Archies,,2.4,2200000.0,tt15979666
2023-12-10,Films (Non-English),4,Women on the Edge,,1.5833,1900000.0,tt2065946
2023-12-10,Films (Non-English),6,Last Call for Istanbul,,1.5167,1800000.0,tt23334616
2023-12-10,Films (Non-English),7,Thank You for Coming,,1.9667,1500000.0,tt23036080
2023-12-10,Films (Non-English),8,Concrete Utopia,,2.1667,1400000.0,tt13086266
2023-12-10,Films (Non-English),9,Hard Days,,1.9667,1300000.0,tt26594589
2023-12-10,Films (Non-English),10,Blood Vessel,,1.9833,1200000.0,tt30096240
2023-12-10,TV (English),1,Obliterated,1.0,6.8333,9000000.0,tt11097240
2023-12-10,TV (English),2,My Life With the Walter Boys,1.0,7.6167,7500000.0,tt8323628
2023-12-10,TV (English),3,Squid Game: The Challenge,1.0,8.1667,6600000.0,tt28104766
2023-12-10,TV (English),4,Bad Surgeon: Love Under the Knife,1.0,2.6667,5000000.0,tt28197236
2023-12-10,TV (English),5,World War II: From the Frontlines,1.0,4.85,4200000.0,tt28756878
2023-12-10,TV (English),6,The Crown,6.0,3.3167,2500000.0,tt4786824
2023-12-10,TV (English),7,CoComelon Lane,1.0,3.9167,2400000.0,tt15040002
2023-12-10,TV (English),8,Virgin River,5.0,9.2667,2200000.0,tt9077530
2023-12-10,TV (English),9,Young Sheldon,1.0,7.2167,1900000.0,tt6226232
2023-12-10,TV (English),10,Young Sheldon,2.0,7.1667,1400000.0,tt6226232
2023-12-10,TV (Non-English),1,Blood Coast,1.0,5.2833,5600000.0,tt28129282
2023-12-10,TV (Non-English),2,A Nearly Normal Family,1.0,4.5333,5400000.0,tt22780536
2023-12-10,TV (Non-English),3,My Demon,1.0,0.0,4900000.0,tt29569035
2023-12-10,TV (Non-English),4,Sweet Home,2.0,9.5167,3900000.0,tt11612120
2023-12-10,TV (Non-English),6,Criminal Code,1.0,7.7667,2000000.0,tt22459586
2023-12-10,TV (Non-English),7,Sweet Home,1.0,8.6,1900000.0,tt11612120
2023-12-10,TV (Non-English),8,Castaway Diva,1.0,0.0,1200000.0,tt28348835
2023-12-10,TV (Non-English),9,I Hate Christmas,2.0,3.3,1100000.0,tt23556972
2023-12-10,TV (Non-English),10,High Tides,1.0,5.7667,1100000.0,tt21093806
2023-12-03,Films (English),1,Leo,,1.7833,23600000.0,tt2320142
2023-12-03,Films (English),2,Family Switch,,1.7667,22200000.0,tt14227048
2023-12-03,Films (English),3,Best. Christmas. Ever!,,1.3667,7000000.0,tt7038762
2023-12-03,Films (English),5,Sonic the Hedgehog 2,,2.0667,4000000.0,tt12412888
2023-12-03,Films (English),6,The Silencing,,1.5667,3700000.0,tt7149730
2023-12-03,Films (English),7,The Killer,,2.0,3600000.0,tt1136617
2023-12-03,Films (English),9,The Super Mario Bros. Movie,,1.5333,3100000.0,tt6718170
2023-12-03,Films (English),10,The Christmas Chronicles,,1.75,3000000.0,tt2990140
2023-12-03,Films (Non-English),1,Last Call for Istanbul,,1.5167,8800000.0,tt23334616
2023-12-03,Films (Non-English),2,Crime Diaries: The Celebrity Stylist,,1.1833,3500000.0,tt29692772
2023-12-03,Films (Non-English),5,Mission Raniganj: The Great Bharat Rescue,,2.25,2400000.0,tt21262240
2023-12-03,Films (Non-English),6,Elena Knows,,1.6833,2400000.0,tt28081899
2023-12-03,Films (Non-English),7,All-Time High,,1.7167,2000000.0,tt27921620
2023-12-03,Films (Non-English),8,Believer 2,,1.9333,1800000.0,tt26258204
2023-12-03,Films (Non-English),9,Women on the Edge,,1.5833,1700000.0,tt2065946
2023-12-03,TV (English),1,Squid Game: The Challenge,1.0,7.4333,11400000.0,tt28104766
2023-12-03,TV (English),2,Bad Surgeon: Love Under the Knife,1.0,2.6667,7400000.0,tt28197236
2023-12-03,TV (English),3,Obliterated,1.0,6.8333,7000000.0,tt11097240
2023-12-03,TV (English),4,The Crown,6.0,3.3167,3900000.0,tt4786824
2023-12-03,TV (English),5,CoComelon Lane,1.0,3.9167,2800000.0,tt15040002
2023-12-03,TV (English),6,Virgin River,5.0,9.2667,2700000.0,tt9077530
2023-12-03,TV (English),7,Young Sheldon,1.0,7.2167,2700000.0,tt6226232
2023-12-03,TV (English),8,All the Light We Cannot See,1.0,3.8333,2000000.0,tt15320362
2023-12-03,TV (English),9,Young Sheldon,2.0,7.1667,1700000.0,tt6226232
2023-12-03,TV (English),10,First Wives Club,1.0,3.9833,1500000.0,tt7546362
2023-12-03,TV (Non-English),1,A Nearly Normal Family,1.0,4.5333,10500000.0,tt22780536
2023-12-03,TV (Non-English),2,My Demon,1.0,0.0,5400000.0,tt29569035
2023-12-03,TV (Non-English),3,Criminal Code,1.0,7.7667,3500000.0,tt22459586
2023-12-03,TV (Non-English),4,Sweet Home,2.0,9.5167,2500000.0,tt11612120
2023-12-03,TV (Non-English),6,Nothing to See Here,1.0,3.3833,1900000.0,tt27787856
2023-12-03,TV (Non-English),7,Squid Game,1.0,8.3167,1500000.0,tt10919420
2023-12-03,TV (Non-English),8,Castaway Diva,1.0,0.0,1400000.0,tt28348835
2023-12-03,TV (Non-English),9,Replacing Chef Chico,1.0,4.5333,1300000.0,tt27055592
2023-12-03,TV (Non-English),10,Strong Girl Nam-soon,1.0,16.95,1200000.0,tt29225198
2023-11-26,Films (English),1,Leo,,1.7833,34600000.0,tt2320142
2023-11-26,Films (English),2,Best. Christmas. Ever!,,1.3667,13300000.0,tt7038762
2023-11-26,Films (English),3,The Killer,,2.0,8800000.0,tt1136617
2023-11-26,Films (English),4,See You on Venus,,1.5833,7100000.0,tt14960612
2023-11-26,Films (English),5,Jules,,1.45,4600000.0,tt15428940
2023-11-26,Films (English),6,Triple Frontier,,2.1,3600000.0,tt1488606
2023-11-26,Films (English),7,The Christmas Chronicles,,1.75,3400000.0,tt2990140
2023-11-26,Films (English),9,Lone Survivor,,2.0167,2700000.0,tt1091191
2023-11-26,Films (English),10,Falling for Christmas,,1.5833,2700000.0,tt14715170
2023-11-26,Films (Non-English),1,Last Call for Istanbul,,1.5167,10700000.0,tt23334616
2023-11-26,Films (Non-English),2,Believer 2,,1.9333,6400000.0,tt26258204
2023-11-26,Films (Non-English),3,All-Time High,,1.7167,5100000.0,tt27921620
2023-11-26,Films (Non-English),4,Crime Diaries: The Celebrity Stylist,,1.1833,4200000.0,tt29692772
2023-11-26,Films (Non-English),5,Sukhee,,2.3,2300000.0,tt18266472
2023-11-26,Films (Non-English),7,Wingwomen,,1.9333,1900000.0,tt21638298
2023-11-26,Films (Non-English),9,Elena Knows,,1.6833,1600000.0,tt28081899
2023-11-26,Films (Non-English),10,The Queenstown Kings,,2.2833,1600000.0,tt21448346
2023-11-26,TV (English),1,Squid Game: The Challenge,1.0,4.2667,20100000.0,tt28104766
2023-11-26,TV (English),2,The Crown,6.0,3.3167,8800000.0,tt4786824
2023-11-26,TV (English),3,CoComelon Lane,1.0,3.9167,3400000.0,tt15040002
2023-11-26,TV (English),4,All the Light We Cannot See,1.0,3.8333,3300000.0,tt15320362
2023-11-26,TV (English),6,Young Sheldon,1.0,7.2167,2100000.0,tt6226232
2023-11-26,TV (English),7,Scott Pilgrim Takes Off,1.0,3.6833,2000000.0,tt16969708
2023-11-26,TV (English),8,First Wives Club,1.0,3.9833,1700000.0,tt7546362
2023-11-26,TV (English),9,Escaping Twin Flames,1.0,2.9167,1600000.0,tt29388212
2023-11-26,TV (Non-English),1,A Nearly Normal Family,1.0,4.5333,6400000.0,tt22780536
2023-11-26,TV (Non-English),2,Criminal Code,1.0,7.7667,5300000.0,tt22459586
2023-11-26,TV (Non-English),4,My Demon,1.0,2.2,3000000.0,tt29569035
2023-11-26,TV (Non-English),5,Nothing to See Here,1.0,3.3833,2400000.0,tt27787856
2023-11-26,TV (Non-English),6,Squid Game,1.0,8.3167,1600000.0,tt10919420
2023-11-26,TV (Non-English),7,Castaway Diva,1.0,0.0,1600000.0,tt28348835
2023-11-26,TV (Non-English),8,Strong Girl Nam-soon,1.0,0.0,1500000.0,tt29225198
2023-11-26,TV (Non-English),9,Holy Family,2.0,5.3833,1400000.0,tt15576994
2023-11-26,TV (Non-English),10,Suburræterna,1.0,6.0333,1200000.0,tt28019928
2023-11-19,Films (English),1,The Killer,,2.0,22300000.0,tt1136617
2023-11-19,Films (English),2,Best. Christmas. Ever!,,1.3667,16300000.0,tt7038762
2023-11-19,Films (English),3,Monster Hunter,,1.7167,6100000.0,tt6475714
2023-11-19,Films (English),4,Locked In,,1.6167,5100000.0,tt24870072
2023-11-19,Films (English),5,F9: The Fast Saga,,2.3833,4300000.0,tt5433138
2023-11-19,Films (English),6,Lone Survivor,,2.0167,4000000.0,tt1091191
2023-11-19,Films (English),7,Cold Pursuit,,1.9667,3000000.0,tt5719748
2023-11-19,Films (English),8,Paw Patrol: The Movie,,1.4333,2700000.0,tt11832046
2023-11-19,Films (English),9,Pain Hustlers,,2.0833,2600000.0,tt15257160
2023-11-19,Films (English),10,See You on Venus,,1.5833,2500000.0,tt14960612
2023-11-19,Films (Non-English),1,Believer 2,,1.9333,5600000.0,tt26258204
2023-11-19,Films (Non-English),2,Wingwomen,,1.9333,4600000.0,tt21638298
2023-11-19,Films (Non-English),3,All-Time High,,1.7167,2700000.0,tt27921620
2023-11-19,Films (Non-English),4,Summer Vacation,,1.6667,2200000.0,tt1091844
2023-11-19,Films (Non-English),6,Burning Betrayal,,1.65,1900000.0,tt26787296
2023-11-19,Films (Non-English),7,In Love and Deep Water,,2.1167,1500000.0,tt21211474
2023-11-19,Films (Non-English),8,Nowhere,,1.8167,1400000.0,tt15789472
2023-11-19,Films (Non-English),9,The Claus Family 3,,1.2167,1400000.0,tt19072084
2023-11-19,Films (Non-English),10,Forgotten Love,,2.3333,1000000.0,tt26596953
2023-11-19,TV (English),1,The Crown,6.0,3.3167,11100000.0,tt4786824
2023-11-19,TV (English),3,All the Light We Cannot See,1.0,3.8333,5700000.0,tt15320362
2023-11-19,TV (English),4,How to Become a Mob Boss,1.0,3.0333,3900000.0,tt29541632
2023-11-19,TV (English),5,Escaping Twin Flames,1.0,2.9167,3200000.0,tt29388212
2023-11-19,TV (English),6,Selling Sunset,7.0,7.7667,2400000.0,tt9817298
2023-11-19,TV (English),7,Robbie Williams,1.0,3.3333,2200000.0,tt28210840
2023-11-19,TV (English),8,Unicorn Academy,1.0,4.6333,2100000.0,tt27423738
2023-11-19,TV (English),9,Life on Our Planet,1.0,6.9333,2000000.0,tt23181388
2023-11-19,TV (English),10,BLUE EYE SAMURAI,1.0,6.35,1900000.0,tt13309742
2023-11-19,TV (Non-English),1,Criminal Code,1.0,7.7667,6500000.0,tt22459586
2023-11-19,TV (Non-English),2,Suburræterna,1.0,6.0333,2600000.0,tt28019928
2023-11-19,TV (Non-English),4,The Tailor,3.0,5.0833,2000000.0,tt15473010
2023-11-19,TV (Non-English),5,Castaway Diva,1.0,0.0,2000000.0,tt28348835
2023-11-19,TV (Non-English),6,Daily Dose of Sunshine,1.0,12.95,1800000.0,tt26258202
2023-11-19,TV (Non-English),7,Strong Girl Nam-soon,1.0,0.0,1600000.0,tt29225198
2023-11-19,TV (Non-English),9,Lupin,3.0,5.5167,1500000.0,tt1018841
2023-11-19,TV (Non-English),10,Cigarette Girl,1.0,5.4167,1500000.0,tt21279114
2023-11-12,Films (English),1,The Killer,,2.0,27900000.0,tt1136617
2023-11-12,Films (English),2,Locked In,,1.6167,13200000.0,tt24870072
2023-11-12,Films (English),3,F9: The Fast Saga,,2.3833,10400000.0,tt5433138
2023-11-12,Films (English),4,Sly,,1.6,5900000.0,tt28254460
2023-11-12,Films (English),5,NYAD,,2.0167,5800000.0,tt5302918
2023-11-12,Films (English),6,Pain Hustlers,,2.0833,5100000.0,tt15257160
2023-11-12,Films (English),7,Spider-Man: Across the Spider-Verse,,2.3333,4400000.0,tt9362722
2023-11-12,Films (English),8,Deep Fear,,1.4167,4300000.0,tt14865406
2023-11-12,Films (English),9,13 Hours: The Secret Soldiers of Benghazi,,2.4,4100000.0,tt4172430
2023-11-12,Films (English),10,Cold Pursuit,,1.9667,3400000.0,tt5719748
2023-11-12,Films (Non-English),1,Wingwomen,,1.9333,11600000.0,tt21638298
2023-11-12,Films (Non-English),2,Summer Vacation,,1.6667,5400000.0,tt1091844
2023-11-12,Films (Non-English),4,The Claus Family 3,,1.2167,2800000.0,tt19072084
2023-11-12,Films (Non-English),5,Burning Betrayal,,1.65,2600000.0,tt26787296
2023-11-12,Films (Non-English),6,Nowhere,,1.8167,1600000.0,tt15789472
2023-11-12,Films (Non-English),7,Sister Death,,1.5167,1300000.0,tt19175696
2023-11-12,Films (Non-English),8,Ransomed,,2.2,1300000.0,tt27795356
2023-11-12,Films (Non-English),9,Irugapatru,,2.55,1200000.0,tt16103606
2023-11-12,Films (Non-English),10,Forgotten Love,,2.3333,1200000.0,tt26596953
2023-11-12,TV (English),1,All the Light We Cannot See,1.0,3.8333,10100000.0,tt15320362
2023-11-12,TV (English),2,Selling Sunset,7.0,6.4333,4700000.0,tt9817298
2023-11-12,TV (English),3,Escaping Twin Flames,1.0,2.9167,4100000.0,tt29388212
2023-11-12,TV (English),4,Robbie Williams,1.0,3.3333,3900000.0,tt28210840
2023-11-12,TV (English),5,Unicorn Academy,1.0,4.6333,3300000.0,tt27423738
2023-11-12,TV (English),6,BLUE EYE SAMURAI,1.0,6.35,2900000.0,tt13309742
2023-11-12,TV (English),7,Till Murder Do Us Part: Soering vs. Haysom,1.0,3.2167,2800000.0,tt28466971
2023-11-12,TV (English),8,Life on Our Planet,1.0,6.9333,2700000.0,tt23181388
2023-11-12,TV (English),9,Bodies,1.0,7.6333,2600000.0,tt18347622
2023-11-12,TV (English),10,Beckham,1.0,4.75,1700000.0,tt14524712
2023-11-12,TV (Non-English),1,The Tailor,3.0,5.0833,4400000.0,tt15473010
2023-11-12,TV (Non-English),3,Ferry: The Series,1.0,6.1,3100000.0,tt28466970
2023-11-12,TV (Non-English),4,Daily Dose of Sunshine,1.0,12.95,2800000.0,tt26258202
2023-11-12,TV (Non-English),5,Lupin,3.0,5.5167,2000000.0,tt1018841
2023-11-12,TV (Non-English),6,Castaway Diva,1.0,0.0,1900000.0,tt28348835
2023-11-12,TV (Non-English),7,Strong Girl Nam-soon,1.0,0.0,1900000.0,tt29225198
2023-11-12,TV (Non-English),8,Pact of Silence,1.0,12.0333,1800000.0,tt29195231
2023-11-12,TV (Non-English),9,Attack on Titan,3.0,0.0,1700000.0,tt2560140
2023-11-12,TV (Non-English),10,Cigarette Girl,1.0,5.4167,1600000.0,tt21279114
2023-11-05,Films (English),1,Locked In,,1.6167,17800000.0,tt24870072
2023-11-05,Films (English),2,Pain Hustlers,,2.0833,15200000.0,tt15257160
2023-11-05,Films (English),3,Cold Pursuit,,1.9667,8800000.0,tt5719748
2023-11-05,Films (English),4,Spider-Man: Across the Spider-Verse,,2.3333,8600000.0,tt9362722
2023-11-05,Films (English),5,Old Dads,,1.7333,5000000.0,tt18394190
2023-11-05,Films (English),6,NYAD,,2.0167,4700000.0,tt5302918
2023-11-05,Films (English),7,Sly,,1.6,4700000.0,tt28254460
2023-11-05,Films (English),9,Minions,,1.5167,4400000.0,tt2293640
2023-11-05,Films (English),10,Herself,,1.6167,4100000.0,tt9902160
2023-11-05,Films (Non-English),1,Wingwomen,,1.9333,18500000.0,tt21638298
2023-11-05,Films (Non-English),2,Burning Betrayal,,1.65,6500000.0,tt26787296
2023-11-05,Films (Non-English),3,Sister Death,,1.5167,6100000.0,tt19175696
2023-11-05,Films (Non-English),5,Nowhere,,1.8167,2000000.0,tt15789472
2023-11-05,Films (Non-English),6,Forgotten Love,,2.3333,1700000.0,tt26596953
2023-11-05,Films (Non-English),7,A Deadly Invitation,,1.55,1400000.0,tt13022120
2023-11-05,Films (Non-English),8,Hatching,,1.5167,1300000.0,tt12519030
2023-11-05,Films (Non-English),9,The Takedown,,2.0167,1300000.0,tt13822738
2023-11-05,Films (Non-English),10,Ballerina,,1.5667,1300000.0,tt0048979
2023-11-05,TV (English),1,All the Light We Cannot See,1.0,3.8333,9800000.0,tt15320362
2023-11-05,TV (English),2,Till Murder Do Us Part: Soering vs. Haysom,1.0,3.2167,4700000.0,tt28466971
2023-11-05,TV (English),3,Bodies,1.0,7.6333,4300000.0,tt18347622
2023-11-05,TV (English),4,Life on Our Planet,1.0,6.9333,4300000.0,tt23181388
2023-11-05,TV (English),5,Unicorn Academy,1.0,4.6333,3300000.0,tt27423738
2023-11-05,TV (English),6,Get Gotti,1.0,2.5333,3200000.0,tt29333646
2023-11-05,TV (English),7,The Fall of the House of Usher,1.0,8.2833,2800000.0,tt15567174
2023-11-05,TV (English),8,Selling Sunset,7.0,6.4333,2800000.0,tt9817298
2023-11-05,TV (English),9,Beckham,1.0,4.75,2700000.0,tt14524712
2023-11-05,TV (English),10,Mysteries of the Faith,1.0,2.8167,2300000.0,tt29416049
2023-11-05,TV (Non-English),1,Lupin,3.0,5.5167,3300000.0,tt1018841
2023-11-05,TV (Non-English),2,Pact of Silence,1.0,12.0333,2800000.0,tt29195231
2023-11-05,TV (Non-English),3,Elite,7.0,7.0333,2600000.0,tt7134908
2023-11-05,TV (Non-English),4,Strong Girl Nam-soon,1.0,0.0,2300000.0,tt29225198
2023-11-05,TV (Non-English),5,Doona!,1.0,7.0,2100000.0,tt24245988
2023-11-05,TV (Non-English),6,The Tailor,3.0,5.0833,2000000.0,tt15473010
2023-11-05,TV (Non-English),7,Onimusha,1.0,3.7167,1800000.0,tt22301234
2023-11-05,TV (Non-English),8,Ferry: The Series,1.0,6.1,1700000.0,tt28466970
2023-11-05,TV (Non-English),9,Castaway Diva,1.0,4.8333,1600000.0,tt28348835
2023-11-05,TV (Non-English),10,Lupin,1.0,3.9833,1500000.0,tt1018841
2023-10-29,Films (English),1,Old Dads,,1.7333,16300000.0,tt18394190
2023-10-29,Films (English),2,Pain Hustlers,,2.0833,14100000.0,tt15257160
2023-10-29,Films (English),3,No Hard Feelings,,1.7333,13100000.0,tt15671028
2023-10-29,Films (English),4,Cold Pursuit,,1.9667,6700000.0,tt5719748
2023-10-29,Films (English),5,Alvin and the Chipmunks: Chipwrecked,,1.45,3900000.0,tt1615918
2023-10-29,Films (English),7,Reptile,,2.2667,3500000.0,tt13274016
2023-10-29,Films (English),8,Minions,,1.5167,3000000.0,tt2293640
2023-10-29,Films (English),9,Hotel Transylvania 2,,1.5,2800000.0,tt2510894
2023-10-29,Films (English),10,Alvin and the Chipmunks: The Squeakquel,,1.4833,2600000.0,tt1231580
2023-10-29,Films (Non-English),1,Burning Betrayal,,1.65,14700000.0,tt26787296
2023-10-29,Films (Non-English),2,Sister Death,,1.5167,6200000.0,tt19175696
2023-10-29,Films (Non-English),3,The Quake,,1.7167,3600000.0,tt6523720
2023-10-29,Films (Non-English),4,Dream Girl 2,,2.1167,3000000.0,tt22086334
2023-10-29,Films (Non-English),5,Heaven in Hell,,2.0,2900000.0,tt21249656
2023-10-29,Films (Non-English),6,The Burning Sea,,1.7667,2800000.0,tt12753120
2023-10-29,Films (Non-English),7,Nowhere,,1.8167,2500000.0,tt15789472
2023-10-29,Films (Non-English),8,Crypto Boy,,1.7167,2200000.0,tt24785544
2023-10-29,Films (Non-English),9,Forgotten Love,,2.3333,2100000.0,tt26596953
2023-10-29,Films (Non-English),10,Ballerina,,1.5667,2000000.0,tt0048979
2023-10-29,TV (English),1,Bodies,1.0,7.6333,7700000.0,tt18347622
2023-10-29,TV (English),2,Get Gotti,1.0,2.5333,7300000.0,tt29333646
2023-10-29,TV (English),3,Life on Our Planet,1.0,6.9333,5500000.0,tt23181388
2023-10-29,TV (English),4,The Fall of the House of Usher,1.0,8.2833,4200000.0,tt15567174
2023-10-29,TV (English),5,Beckham,1.0,4.75,4000000.0,tt14524712
2023-10-29,TV (English),6,Big Mouth,7.0,4.65,2700000.0,tt2340201
2023-10-29,TV (English),7,I Woke Up A Vampire,1.0,3.5167,2400000.0,tt27591984
2023-10-29,TV (English),8,Sex Education,4.0,8.1,1700000.0,tt7767422
2023-10-29,TV (English),9,Surviving Paradise,1.0,6.65,1300000.0,tt27849953
2023-10-29,TV (English),10,CoComelon,8.0,1.0667,1300000.0,tt12427840
2023-10-29,TV (Non-English),1,Elite,7.0,7.0333,5300000.0,tt7134908
2023-10-29,TV (Non-English),2,Lupin,3.0,5.5167,4700000.0,tt1018841
2023-10-29,TV (Non-English),3,Doona!,1.0,7.0,4500000.0,tt24245988
2023-10-29,TV (Non-English),4,Pact of Silence,1.0,12.0333,3800000.0,tt29195231
2023-10-29,TV (Non-English),5,Strong Girl Nam-soon,1.0,0.0,2700000.0,tt29225198
2023-10-29,TV (Non-English),6,Lupin,1.0,3.9833,2000000.0,tt1018841
2023-10-29,TV (Non-English),7,Lupin,2.0,3.7833,2000000.0,tt1018841
2023-10-29,TV (Non-English),8,Creature,1.0,6.2167,1900000.0,tt0156205
2023-10-29,TV (Non-English),9,Kaala Paani,1.0,7.25,1500000.0,tt19072562
2023-10-22,Films (English),1,Old Dads,,1.7333,13300000.0,tt18394190
2023-10-22,Films (English),2,The Devil on Trial,,1.3667,8000000.0,tt28810493
2023-10-22,Films (English),3,Gemini Man,,1.95,7300000.0,tt1025100
2023-10-22,Films (English),4,Reptile,,2.2667,7000000.0,tt13274016
2023-10-22,Films (English),5,Long Shot,,2.0833,4200000.0,tt2139881
2023-10-22,Films (English),6,Fair Play,,1.9167,3800000.0,tt16304446
2023-10-22,Films (English),7,No Hard Feelings,,1.7333,3800000.0,tt15671028
2023-10-22,Films (English),8,Tammy,,1.6,3800000.0,tt2103254
2023-10-22,Films (English),9,Spy Kids,,1.4667,3700000.0,tt0227538
2023-10-22,Films (English),10,Scary Movie,,1.4667,3700000.0,tt0175142
2023-10-22,Films (Non-English),1,The Conference,,1.6667,6500000.0,tt26547864
2023-10-22,Films (Non-English),2,Nowhere,,1.8167,5000000.0,tt15789472
2023-10-22,Films (Non-English),3,Ballerina,,1.5667,4200000.0,tt0048979
2023-10-22,Films (Non-English),4,The Quake,,1.7167,3700000.0,tt6523720
2023-10-22,Films (Non-English),5,Forgotten Love,,2.3333,3600000.0,tt26596953
2023-10-22,Films (Non-English),7,Heaven in Hell,,2.0,2600000.0,tt21249656
2023-10-22,Films (Non-English),8,Dream Girl 2,,2.1167,2200000.0,tt22086334
2023-10-22,Films (Non-English),9,A Deadly Invitation,,1.55,1500000.0,tt13022120
2023-10-22,Films (Non-English),10,OMG 2,,2.5833,1400000.0,tt15732324
2023-10-22,TV (English),1,The Fall of the House of Usher,1.0,8.2833,7900000.0,tt15567174
2023-10-22,TV (English),2,Beckham,1.0,4.75,6900000.0,tt14524712
2023-10-22,TV (English),3,Bodies,1.0,7.6333,5500000.0,tt18347622
2023-10-22,TV (English),4,I Woke Up A Vampire,1.0,3.5167,3400000.0,tt27591984
2023-10-22,TV (English),5,Sex Education,4.0,8.1,2600000.0,tt7767422
2023-10-22,TV (English),6,Love Is Blind,5.0,11.0667,1800000.0,tt2620890
2023-10-22,TV (English),7,Big Mouth,7.0,4.65,1600000.0,tt2340201
2023-10-22,TV (English),8,ONE PIECE,1.0,7.5667,1400000.0,tt11737520
2023-10-22,TV (English),9,CoComelon,8.0,1.0667,1300000.0,tt12427840
2023-10-22,TV (English),10,CoComelon,1.0,2.9667,1200000.0,tt12427840
2023-10-22,TV (Non-English),1,Lupin,3.0,5.5167,7700000.0,tt1018841
2023-10-22,TV (Non-English),2,Pact of Silence,1.0,12.0333,5700000.0,tt29195231
2023-10-22,TV (Non-English),3,Strong Girl Nam-soon,1.0,0.0,3600000.0,tt29225198
2023-10-22,TV (Non-English),4,Lupin,1.0,3.9833,3200000.0,tt1018841
2023-10-22,TV (Non-English),5,Lupin,2.0,3.7833,3000000.0,tt1018841
2023-10-22,TV (Non-English),6,Elite,7.0,7.0333,3000000.0,tt7134908
2023-10-22,TV (Non-English),7,Doona!,1.0,7.0,2800000.0,tt24245988
2023-10-22,TV (Non-English),8,Stranded with my Mother-in-Law,1.0,7.0333,1600000.0,tt27494436
2023-10-22,TV (Non-English),9,Kaala Paani,1.0,7.25,1600000.0,tt19072562
2023-10-22,TV (Non-English),10,Creature,1.0,6.2167,1400000.0,tt0156205
2023-10-15,Films (English),1,Reptile,,2.2667,14200000.0,tt13274016
2023-10-15,Films (English),2,Fair Play,,1.9167,14000000.0,tt16304446
2023-10-15,Films (English),3,Gemini Man,,1.95,5300000.0,tt1025100
2023-10-15,Films (English),4,American Made,,1.9167,4900000.0,tt3532216
2023-10-15,Films (English),5,Mean Girls,,1.6167,3900000.0,tt0377092
2023-10-15,Films (English),6,Ma,,1.65,3500000.0,tt7958736
2023-10-15,Films (English),7,Casper,,1.6667,3200000.0,tt0112642
2023-10-15,Films (English),8,Tyson's Run,,1.7167,3100000.0,tt3580748
2023-10-15,Films (English),9,The Lost City,,1.8667,3100000.0,tt13320622
2023-10-15,Films (English),10,Get Out,,1.7333,3100000.0,tt5052448
2023-10-15,Films (Non-English),1,Ballerina,,1.5667,14700000.0,tt0048979
2023-10-15,Films (Non-English),2,Nowhere,,1.8167,13200000.0,tt15789472
2023-10-15,Films (Non-English),3,The Conference,,1.6667,7600000.0,tt26547864
2023-10-15,Films (Non-English),4,Forgotten Love,,2.3333,6800000.0,tt26596953
2023-10-15,Films (Non-English),5,OMG 2,,2.5833,4500000.0,tt15732324
2023-10-15,Films (Non-English),6,Khufiya,,2.65,3300000.0,tt15433600
2023-10-15,Films (Non-English),7,A Deadly Invitation,,1.55,2600000.0,tt13022120
2023-10-15,Films (Non-English),9,Overhaul,,1.6667,1700000.0,tt16427938
2023-10-15,Films (Non-English),10,Keys to the Heart,,1.7167,1600000.0,tt29025883
2023-10-15,TV (English),1,Beckham,1.0,4.75,11600000.0,tt14524712
2023-10-15,TV (English),2,The Fall of the House of Usher,1.0,8.2833,6300000.0,tt15567174
2023-10-15,TV (English),3,Sex Education,4.0,8.1,4000000.0,tt7767422
2023-10-15,TV (English),4,Big Vape: The Rise and Fall of Juul,1.0,3.15,3100000.0,tt14081634
2023-10-15,TV (English),5,Love Is Blind,5.0,0.0,2600000.0,tt6269952
2023-10-15,TV (English),6,ONE PIECE,1.0,7.5667,1900000.0,tt11737520
2023-10-15,TV (English),7,CoComelon,8.0,1.0667,1400000.0,tt12427840
2023-10-15,TV (English),8,Virgin River,5.0,7.65,1400000.0,tt9077530
2023-10-15,TV (English),9,Everything Now,1.0,6.2167,1300000.0,tt16287480
2023-10-15,TV (English),10,The Great British Baking Show,11.0,3.35,1300000.0,tt1877368
2023-10-15,TV (Non-English),1,Lupin,3.0,5.5167,14100000.0,tt1018841
2023-10-15,TV (Non-English),2,Lupin,1.0,3.9833,4700000.0,tt1018841
2023-10-15,TV (Non-English),3,Strong Girl Nam-soon,1.0,0.0,4400000.0,tt29225198
2023-10-15,TV (Non-English),4,Lupin,2.0,3.7833,4300000.0,tt1018841
2023-10-15,TV (Non-English),5,Pact of Silence,1.0,12.0333,3600000.0,tt29195231
2023-10-15,TV (Non-English),6,Stranded with my Mother-in-Law,1.0,3.5333,1800000.0,tt27494436
2023-10-15,TV (Non-English),7,Dear Child,1.0,4.8167,1700000.0,tt20863760
2023-10-15,TV (Non-English),8,Destined with You,1.0,17.3,1700000.0,tt27974068
2023-10-15,TV (Non-English),9,SPY x FAMILY,2.0,0.7833,1500000.0,tt13706018
2023-10-15,TV (Non-English),10,DI4RIES,2.0,3.5833,1300000.0,tt20449034
2023-10-08,Films (English),1,Reptile,,2.2667,19900000.0,tt13274016
2023-10-08,Films (English),2,Fair Play,,1.9167,12600000.0,tt16304446
2023-10-08,Films (English),3,Love is in the Air,,1.4833,7200000.0,tt28073548
2023-10-08,Films (English),4,Life of a King,,1.6833,6300000.0,tt2708254
2023-10-08,Films (English),5,Infinite,,1.7667,4900000.0,tt6654210
2023-10-08,Films (English),6,Mean Girls,,1.6167,4500000.0,tt0377092
2023-10-08,Films (English),7,Spy Kids: Armageddon,,1.6333,4300000.0,tt13978520
2023-10-08,Films (English),8,Last Vegas,,1.75,4100000.0,tt1204975
2023-10-08,Films (English),9,Identity Thief,,1.85,3900000.0,tt2024432
2023-10-08,Films (English),10,The Black Book,,2.0667,3700000.0,tt24083908
2023-10-08,Films (Non-English),1,Nowhere,,1.8167,29900000.0,tt15789472
2023-10-08,Films (Non-English),2,Forgotten Love,,2.3333,10500000.0,tt26596953
2023-10-08,Films (Non-English),3,Ballerina,,1.5667,10100000.0,tt0048979
2023-10-08,Films (Non-English),4,Overhaul,,1.6667,5000000.0,tt16427938
2023-10-08,Films (Non-English),5,Khufiya,,2.65,5000000.0,tt15433600
2023-10-08,Films (Non-English),6,"Ice Cold: Murder, Coffee and Jessica Wongso",,1.4333,2700000.0,tt28840429
2023-10-08,Films (Non-English),7,OMG 2,,2.5833,2400000.0,tt15732324
2023-10-08,Films (Non-English),8,Street Flow 2,,1.6333,2100000.0,tt27045321
2023-10-08,Films (Non-English),9,Jaane Jaan,,2.3167,1900000.0,tt15748830
2023-10-08,Films (Non-English),10,A Deadly Invitation,,1.55,1700000.0,tt13022120
2023-10-08,TV (English),1,Beckham,1.0,4.75,12400000.0,tt14524712
2023-10-08,TV (English),2,Sex Education,4.0,8.1,6600000.0,tt7767422
2023-10-08,TV (English),3,Love Is Blind,5.0,8.7667,3700000.0,tt2620890
2023-10-08,TV (English),4,ONE PIECE,1.0,7.5667,2500000.0,tt11737520
2023-10-08,TV (English),5,Encounters,1.0,3.3833,2000000.0,tt31308366
2023-10-08,TV (English),6,Virgin River,5.0,7.65,2000000.0,tt9077530
2023-10-08,TV (English),7,Castlevania: Nocturne,1.0,3.7,1800000.0,tt14833612
2023-10-08,TV (English),8,Murdaugh Murders: A Southern Scandal,2.0,1.7833,1800000.0,tt26340238
2023-10-08,TV (English),9,Who Killed Jill Dando?,1.0,2.3167,1600000.0,tt26445771
2023-10-08,TV (English),10,The Great British Baking Show,11.0,2.2333,1600000.0,tt1877368
2023-10-08,TV (Non-English),1,Lupin,3.0,5.5167,11600000.0,tt1018841
2023-10-08,TV (Non-English),2,Lupin,1.0,3.9833,3500000.0,tt1018841
2023-10-08,TV (Non-English),3,Dear Child,1.0,4.8167,3000000.0,tt20863760
2023-10-08,TV (Non-English),4,Lupin,2.0,3.7833,2700000.0,tt1018841
2023-10-08,TV (Non-English),5,Strong Girl Nam-soon,1.0,0.0,1600000.0,tt29225198
2023-10-08,TV (Non-English),6,The Devil's Plan,1.0,9.7833,1500000.0,tt27995115
2023-10-08,TV (Non-English),7,Destined with You,1.0,15.2,1500000.0,tt27974068
2023-10-08,TV (Non-English),8,Burning Body,1.0,6.5667,1300000.0,tt22073352
2023-10-08,TV (Non-English),9,Song of the Bandits,1.0,8.6333,1000000.0,tt21627436
2023-10-08,TV (Non-English),10,Thursday's Widows,1.0,4.4667,1000000.0,tt27787857
2023-10-01,Films (English),1,Reptile,,2.2667,17700000.0,tt13274016
2023-10-01,Films (English),2,Love is in the Air,,1.4833,11700000.0,tt28073548
2023-10-01,Films (English),3,The Black Book,,2.0667,11200000.0,tt24083908
2023-10-01,Films (English),4,Spy Kids: Armageddon,,1.6333,9000000.0,tt13978520
2023-10-01,Films (English),5,The Croods: A New Age,,1.5833,8900000.0,tt2850386
2023-10-01,Films (English),6,Love at First Sight,,1.5167,7500000.0,tt2183014
2023-10-01,Films (English),7,Accused,,1.4667,3300000.0,tt12648266
2023-10-01,Films (English),8,The Machine,,1.8667,3100000.0,tt11040844
2023-10-01,Films (English),9,In Time,,1.8167,3000000.0,tt1637688
2023-10-01,Films (English),10,Force of Nature,,1.65,2700000.0,tt1722514
2023-10-01,Films (Non-English),1,Nowhere,,1.8167,23800000.0,tt15789472
2023-10-01,Films (Non-English),2,Forgotten Love,,2.3333,11900000.0,tt26596953
2023-10-01,Films (Non-English),3,Overhaul,,1.6667,8500000.0,tt16427938
2023-10-01,Films (Non-English),4,Jaane Jaan,,2.3167,6400000.0,tt15748830
2023-10-01,Films (Non-English),5,Street Flow 2,,1.6333,4000000.0,tt27045321
2023-10-01,Films (Non-English),6,"Ice Cold: Murder, Coffee and Jessica Wongso",,1.4333,2100000.0,tt28840429
2023-10-01,Films (Non-English),7,Gandeevadhari Arjuna,,2.25,1700000.0,tt26234970
2023-10-01,Films (Non-English),8,Do Not Disturb,,1.9167,1400000.0,tt23049270
2023-10-01,Films (Non-English),9,Ehrengard: The Art of Seduction,,1.5833,1300000.0,tt27727074
2023-10-01,Films (Non-English),10,Once Upon a Crime,,1.7833,1200000.0,tt15944018
2023-10-01,TV (English),1,Sex Education,4.0,8.1,13400000.0,tt7767422
2023-10-01,TV (English),2,Who Killed Jill Dando?,1.0,2.3167,5500000.0,tt26445771
2023-10-01,TV (English),3,Love Is Blind,5.0,6.7833,5300000.0,tt2620890
2023-10-01,TV (English),4,Murdaugh Murders: A Southern Scandal,2.0,1.7833,4500000.0,tt26340238
2023-10-01,TV (English),5,Encounters,1.0,3.3833,4400000.0,tt31308366
2023-10-01,TV (English),6,ONE PIECE,1.0,7.5667,3800000.0,tt11737520
2023-10-01,TV (English),7,Virgin River,5.0,7.65,3000000.0,tt9077530
2023-10-01,TV (English),8,Castlevania: Nocturne,1.0,3.7,2600000.0,tt14833612
2023-10-01,TV (English),9,Sex Education,1.0,6.7167,1900000.0,tt7767422
2023-10-01,TV (English),10,The Pacific,,8.9,1700000.0,tt0374463
2023-10-01,TV (Non-English),1,Dear Child,1.0,4.8167,5300000.0,tt20863760
2023-10-01,TV (Non-English),2,Song of the Bandits,1.0,8.6333,2600000.0,tt21627436
2023-10-01,TV (Non-English),3,The Devil's Plan,1.0,4.4333,2300000.0,tt27995115
2023-10-01,TV (Non-English),4,Burning Body,1.0,6.5667,2200000.0,tt22073352
2023-10-01,TV (Non-English),5,KENGAN ASHURA,2.0,5.0667,1900000.0,tt9058134
2023-10-01,TV (Non-English),6,Thursday's Widows,1.0,4.4667,1800000.0,tt27787857
2023-10-01,TV (Non-English),7,Destined with You,1.0,13.05,1500000.0,tt27974068
2023-10-01,TV (Non-English),8,A Time Called You,1.0,12.1833,1000000.0,tt21627438
2023-10-01,TV (Non-English),9,Behind Your Touch,1.0,0.0,900000.0,tt26314390
2023-10-01,TV (Non-English),10,Class Act,1.0,6.3167,800000.0,tt0108727
2023-09-24,Films (English),1,Love at First Sight,,1.5167,15200000.0,tt2183014
2023-09-24,Films (English),2,Spy Kids: Armageddon,,1.6333,6700000.0,tt13978520
2023-09-24,Films (English),3,In Time,,1.8167,5700000.0,tt1637688
2023-09-24,Films (English),4,The Black Book,,2.0667,5600000.0,tt24083908
2023-09-24,Films (English),5,The Croods: A New Age,,1.5833,5500000.0,tt2850386
2023-09-24,Films (English),6,The Wolf of Wall Street,,3.0,3200000.0,tt0993846
2023-09-24,Films (English),7,The Deep House,,1.3667,2900000.0,tt11686490
2023-09-24,Films (English),8,Crawl,,1.45,2900000.0,tt8364368
2023-09-24,Films (English),9,Mother's Day,,1.9667,2600000.0,tt4824302
2023-09-24,Films (English),10,You Are So Not Invited to My Bat Mitzvah,,1.7333,2500000.0,tt21276878
2023-09-24,Films (Non-English),1,Jaane Jaan,,2.3167,8100000.0,tt15748830
2023-09-24,Films (Non-English),2,Ehrengard: The Art of Seduction,,1.5833,3800000.0,tt27727074
2023-09-24,Films (Non-English),3,Once Upon a Crime,,1.7833,3500000.0,tt15944018
2023-09-24,Films (Non-English),4,Rosa Peral's Tapes,,1.35,2000000.0,tt28687398
2023-09-24,Films (Non-English),5,Freestyle,,1.4667,1800000.0,tt28366647
2023-09-24,Films (Non-English),6,El Conde,,1.85,1400000.0,tt21113540
2023-09-24,Films (Non-English),7,How To Deal With a Heartbreak,,1.7,1100000.0,tt28765467
2023-09-24,Films (Non-English),9,Bhola Shankar,,2.6167,900000.0,tt8499724
2023-09-24,Films (Non-English),10,The Great Seduction,,1.6,800000.0,tt14542504
2023-09-24,TV (English),1,Sex Education,4.0,8.1,12000000.0,tt7767422
2023-09-24,TV (English),2,Murdaugh Murders: A Southern Scandal,2.0,1.7833,7600000.0,tt26340238
2023-09-24,TV (English),3,ONE PIECE,1.0,7.5667,6200000.0,tt11737520
2023-09-24,TV (English),4,Virgin River,5.0,7.65,4900000.0,tt9077530
2023-09-24,TV (English),6,Surviving Summer,2.0,3.8167,3400000.0,tt13925166
2023-09-24,TV (English),7,Love Is Blind,5.0,3.9167,3000000.0,tt2620890
2023-09-24,TV (English),9,The Pacific,,8.9,2400000.0,tt0374463
2023-09-24,TV (English),10,Murdaugh Murders: A Southern Scandal,1.0,2.3833,2400000.0,tt26340238
2023-09-24,TV (Non-English),1,Dear Child,1.0,4.8167,10400000.0,tt20863760
2023-09-24,TV (Non-English),2,Burning Body,1.0,6.5667,3700000.0,tt22073352
2023-09-24,TV (Non-English),3,Thursday's Widows,1.0,4.4667,3700000.0,tt27787857
2023-09-24,TV (Non-English),4,KENGAN ASHURA,2.0,5.0667,2300000.0,tt9058134
2023-09-24,TV (Non-English),5,Destined with You,1.0,10.95,1700000.0,tt27974068
2023-09-24,TV (Non-English),6,Song of the Bandits,1.0,8.6333,1700000.0,tt21627436
2023-09-24,TV (Non-English),7,A Time Called You,1.0,12.1833,1600000.0,tt21627438
2023-09-24,TV (Non-English),8,Class Act,1.0,6.3167,1500000.0,tt0108727
2023-09-24,TV (Non-English),9,Ragnarok,3.0,4.4,1200000.0,tt9251798
2023-09-24,TV (Non-English),10,Infamy,1.0,6.35,1100000.0,tt28658091
2023-09-17,Films (English),1,Love at First Sight,,1.5167,14100000.0,tt2183014
2023-09-17,Films (English),2,You Are So Not Invited to My Bat Mitzvah,,1.7333,4300000.0,tt21276878
2023-09-17,Films (English),3,Woody Woodpecker,,1.5167,3500000.0,tt2114504
2023-09-17,Films (English),5,Fifty Shades Freed,,1.75,3400000.0,tt4477536
2023-09-17,Films (English),6,The Croods,,1.6333,3200000.0,tt0481499
2023-09-17,Films (English),7,All My Life,,1.5333,3000000.0,tt8305852
2023-09-17,Films (English),8,Leatherface,,1.4667,2900000.0,tt2620590
2023-09-17,Films (English),9,The Boss Baby,,1.6333,2800000.0,tt3874544
2023-09-17,Films (English),10,Jack Reacher: Never Go Back,,1.9667,2600000.0,tt3393786
2023-09-17,Films (Non-English),1,Once Upon a Crime,,1.7833,5400000.0,tt15944018
2023-09-17,Films (Non-English),2,Ehrengard: The Art of Seduction,,1.5833,4300000.0,tt27727074
2023-09-17,Films (Non-English),3,Rosa Peral's Tapes,,1.35,4000000.0,tt28687398
2023-09-17,Films (Non-English),4,Freestyle,,1.4667,1800000.0,tt28366647
2023-09-17,Films (Non-English),5,A Day and a Half,,1.6,1600000.0,tt20414642
2023-09-17,Films (Non-English),6,The Great Seduction,,1.6,1300000.0,tt14542504
2023-09-17,Films (Non-English),7,El Conde,,1.85,1200000.0,tt21113540
2023-09-17,Films (Non-English),9,Happy Ending,,1.55,900000.0,tt21087084
2023-09-17,Films (Non-English),10,Bhola Shankar,,2.6167,900000.0,tt8499724
2023-09-17,TV (English),1,ONE PIECE,1.0,7.5667,10000000.0,tt11737520
2023-09-17,TV (English),2,Virgin River,5.0,7.65,9600000.0,tt9077530
2023-09-17,TV (English),3,Who is Erin Carter?,1.0,5.7167,3800000.0,tt18075020
2023-09-17,TV (English),4,Top Boy,3.0,5.0833,3700000.0,tt1830379
2023-09-17,TV (English),5,Selling The OC,2.0,4.6333,2700000.0,tt15907000
2023-09-17,TV (English),6,Spy Ops,1.0,6.0333,2600000.0,tt28637385
2023-09-17,TV (English),7,Surviving Summer,2.0,3.8167,2100000.0,tt13925166
2023-09-17,TV (English),10,Predators,1.0,3.75,1700000.0,tt17405750
2023-09-17,TV (Non-English),1,Dear Child,1.0,4.8167,15400000.0,tt20863760
2023-09-17,TV (Non-English),2,Burning Body,1.0,6.5667,6700000.0,tt22073352
2023-09-17,TV (Non-English),3,Thursday's Widows,1.0,4.4667,3500000.0,tt27787857
2023-09-17,TV (Non-English),4,A Time Called You,1.0,12.1833,3000000.0,tt21627438
2023-09-17,TV (Non-English),5,Destined with You,1.0,8.9167,2000000.0,tt27974068
2023-09-17,TV (Non-English),6,Ragnarok,3.0,4.4,1800000.0,tt9251798
2023-09-17,TV (Non-English),7,Gangs of Oslo,1.0,4.8333,1600000.0,tt24364150
2023-09-17,TV (Non-English),8,Class Act,1.0,6.3167,1400000.0,tt0108727
2023-09-17,TV (Non-English),9,Infamy,1.0,6.35,1200000.0,tt28658091
2023-09-17,TV (Non-English),10,Reporting for Duty,1.0,3.7833,1200000.0,tt24578052
2023-09-10,Films (English),1,You Are So Not Invited to My Bat Mitzvah,,1.7333,8800000.0,tt21276878
2023-09-10,Films (English),2,Choose Love,,1.2833,7000000.0,tt19267924
2023-09-10,Films (English),3,The Croods,,1.6333,4200000.0,tt0481499
2023-09-10,Films (English),5,The Boss Baby,,1.6333,3900000.0,tt3874544
2023-09-10,Films (English),6,Snitch,,1.7833,3900000.0,tt0882977
2023-09-10,Films (English),7,Love Again,,1.7333,3800000.0,tt10276482
2023-09-10,Films (English),8,Jack Reacher: Never Go Back,,1.9667,3800000.0,tt3393786
2023-09-10,Films (English),9,Heart of Stone,,2.1,3500000.0,tt13603966
2023-09-10,Films (English),10,Jack Reacher,,2.1667,3500000.0,tt0790724
2023-09-10,Films (Non-English),1,A Day and a Half,,1.6,6500000.0,tt20414642
2023-09-10,Films (Non-English),2,The Great Seduction,,1.6,3600000.0,tt14542504
2023-09-10,Films (Non-English),3,Happy Ending,,1.55,3400000.0,tt21087084
2023-09-10,Films (Non-English),4,Rosa Peral's Tapes,,1.35,1500000.0,tt28687398
2023-09-10,Films (Non-English),5,Friday Night Plan,,1.8167,1300000.0,tt28568397
2023-09-10,Films (Non-English),6,Killer Book Club,,1.4833,900000.0,tt18260564
2023-09-10,Films (Non-English),7,Dragon,,1.9167,800000.0,tt1718199
2023-09-10,Films (Non-English),8,What If,,1.8667,800000.0,tt28634523
2023-09-10,Films (Non-English),9,Paradise,,1.9833,700000.0,tt6126686
2023-09-10,TV (English),1,ONE PIECE,1.0,7.5667,19300000.0,tt11737520
2023-09-10,TV (English),2,Virgin River,5.0,7.65,9000000.0,tt9077530
2023-09-10,TV (English),3,Who is Erin Carter?,1.0,5.7167,7100000.0,tt18075020
2023-09-10,TV (English),4,Top Boy,3.0,5.0833,5600000.0,tt1830379
2023-09-10,TV (English),5,Live to 100: Secrets of the Blue Zones,1.0,2.65,3100000.0,tt28523129
2023-09-10,TV (English),7,Predators,1.0,3.75,2900000.0,tt17405750
2023-09-10,TV (English),8,Disenchantment,5.0,4.6833,2200000.0,tt5363918
2023-09-10,TV (English),9,Painkiller,1.0,4.9833,2000000.0,tt11816814
2023-09-10,TV (English),10,Spy Ops,1.0,6.0333,1900000.0,tt28637385
2023-09-10,TV (Non-English),1,Dear Child,1.0,4.8167,10200000.0,tt20863760
2023-09-10,TV (Non-English),2,Burning Body,1.0,6.5667,4100000.0,tt22073352
2023-09-10,TV (Non-English),3,Ragnarok,3.0,4.4,3100000.0,tt9251798
2023-09-10,TV (Non-English),4,Destined with You,1.0,6.75,2400000.0,tt27974068
2023-09-10,TV (Non-English),5,Mask Girl,1.0,6.8833,1700000.0,tt26258200
2023-09-10,TV (Non-English),6,Ragnarok,2.0,4.9667,1500000.0,tt9251798
2023-09-10,TV (Non-English),7,A Time Called You,1.0,12.1833,1400000.0,tt21627438
2023-09-10,TV (Non-English),9,Ragnarok,1.0,4.4833,1400000.0,tt9251798
2023-09-10,TV (Non-English),10,Miss Adrenaline: A Tale of Twins,1.0,20.3,1200000.0,tt28544336
2023-09-03,Films (English),1,You Are So Not Invited to My Bat Mitzvah,,1.7333,21900000.0,tt21276878
2023-09-03,Films (English),2,The Monkey King,,1.6167,6600000.0,tt8637498
2023-09-03,Films (English),3,Heart of Stone,,2.1,6500000.0,tt13603966
2023-09-03,Films (English),4,Choose Love,,1.2833,6500000.0,tt19267924
2023-09-03,Films (English),5,The Boss Baby,,1.6333,5200000.0,tt3874544
2023-09-03,Films (English),7,The Pope's Exorcist,,1.7333,3100000.0,tt13375076
2023-09-03,Films (English),8,Love Again,,1.7333,2900000.0,tt10276482
2023-09-03,Films (English),9,On the Line,,1.7333,2800000.0,tt14824590
2023-09-03,Films (English),10,Snitch,,1.7833,2300000.0,tt0882977
2023-09-03,Films (Non-English),1,The Great Seduction,,1.6,5400000.0,tt14542504
2023-09-03,Films (Non-English),2,Killer Book Club,,1.4833,5300000.0,tt18260564
2023-09-03,Films (Non-English),3,A Day and a Half,,1.6,4400000.0,tt20414642
2023-09-03,Films (Non-English),4,Squared Love Everlasting,,1.7,2400000.0,tt28496500
2023-09-03,Films (Non-English),5,Happy Ending,,1.55,2300000.0,tt21087084
2023-09-03,Films (Non-English),6,A Life Too Short: The Isabella Nardoni Case,,1.75,1300000.0,tt28552695
2023-09-03,Films (Non-English),7,Paradise,,1.9833,1000000.0,tt6126686
2023-09-03,Films (Non-English),9,Friday Night Plan,,1.8167,800000.0,tt28568397
2023-09-03,Films (Non-English),10,Dragon,,1.9167,800000.0,tt1718199
2023-09-03,TV (English),1,ONE PIECE,1.0,7.5667,18500000.0,tt11737520
2023-09-03,TV (English),2,Who is Erin Carter?,1.0,5.7167,15800000.0,tt18075020
2023-09-03,TV (English),3,Live to 100: Secrets of the Blue Zones,1.0,2.65,5700000.0,tt28523129
2023-09-03,TV (English),4,Painkiller,1.0,4.9833,3400000.0,tt11816814
2023-09-03,TV (English),5,The Ultimatum: Marry or Move On,2.0,7.3667,3100000.0,tt18396952
2023-09-03,TV (English),6,DEPP V HEARD,1.0,2.4333,2700000.0,tt27541298
2023-09-03,TV (English),8,CoComelon,8.0,1.0667,1600000.0,tt12427840
2023-09-03,TV (English),9,Gabby's Dollhouse,8.0,2.4333,1500000.0,tt9165438
2023-09-03,TV (English),10,Disenchantment,5.0,4.6833,1400000.0,tt5363918
2023-09-03,TV (Non-English),1,Ragnarok,3.0,4.4,6300000.0,tt9251798
2023-09-03,TV (Non-English),2,Mask Girl,1.0,6.8833,3500000.0,tt26258200
2023-09-03,TV (Non-English),3,Destined with You,1.0,4.5333,2900000.0,tt27974068
2023-09-03,TV (Non-English),4,Ragnarok,2.0,4.9667,2700000.0,tt9251798
2023-09-03,TV (Non-English),5,Ragnarok,1.0,4.4833,2600000.0,tt9251798
2023-09-03,TV (Non-English),6,Baki Hanma,2.0,11.5,2000000.0,tt13357140
2023-09-03,TV (Non-English),7,Behind Your Touch,1.0,0.0,1400000.0,tt26314390
2023-09-03,TV (Non-English),8,King the Land,1.0,19.0,1300000.0,tt26693803
2023-09-03,TV (Non-English),9,The Uncanny Counter,2.0,0.0,1300000.0,tt13273826
2023-09-03,TV (Non-English),10,My Happy Marriage,1.0,3.6333,1200000.0,tt19869172
2023-08-27,Films (English),1,The Monkey King,,1.6167,14400000.0,tt8637498
2023-08-27,Films (English),2,Heart of Stone,,2.1,13600000.0,tt13603966
2023-08-27,Films (English),3,You Are So Not Invited to My Bat Mitzvah,,1.7333,12300000.0,tt21276878
2023-08-27,Films (English),4,Street Kings,,1.8167,5700000.0,tt0421073
2023-08-27,Films (English),5,The Boss Baby,,1.6333,5500000.0,tt3874544
2023-08-27,Films (English),6,Jurassic World: Fallen Kingdom,,2.1333,4700000.0,tt4881806
2023-08-27,Films (English),7,The Pope's Exorcist,,1.7333,3800000.0,tt13375076
2023-08-27,Films (English),8,Half Brothers,,1.6,3700000.0,tt10515926
2023-08-27,Films (English),9,Madagascar,,1.4333,3300000.0,tt0351283
2023-08-27,Films (English),10,Dora and the Lost City of Gold,,1.7,2900000.0,tt7547410
2023-08-27,Films (Non-English),1,A Life Too Short: The Isabella Nardoni Case,,1.75,5300000.0,tt28552695
2023-08-27,Films (Non-English),2,Squared Love Everlasting,,1.7,5100000.0,tt28496500
2023-08-27,Films (Non-English),3,Killer Book Club,,1.4833,3900000.0,tt18260564
2023-08-27,Films (Non-English),4,10 Days of a Bad Man,,2.0667,3500000.0,tt24852002
2023-08-27,Films (Non-English),5,Paradise,,1.9833,1600000.0,tt6126686
2023-08-27,Films (Non-English),6,Xtreme,,1.8667,1300000.0,tt11658120
2023-08-27,Films (Non-English),7,Bro,,2.2,1000000.0,tt26675491
2023-08-27,Films (Non-English),8,Zom 100: Bucket List of the Dead,,2.15,900000.0,tt20672534
2023-08-27,Films (Non-English),9,Adipurush,,2.9667,900000.0,tt12915716
2023-08-27,Films (Non-English),10,Make Me Believe,,1.7333,800000.0,tt21257152
2023-08-27,TV (English),1,Who is Erin Carter?,1.0,5.7167,13200000.0,tt18075020
2023-08-27,TV (English),2,DEPP V HEARD,1.0,2.4333,8300000.0,tt27541298
2023-08-27,TV (English),3,Painkiller,1.0,4.9833,5600000.0,tt11816814
2023-08-27,TV (English),5,The Ultimatum: Marry or Move On,2.0,6.0167,3600000.0,tt18396952
2023-08-27,TV (English),6,At Home With The Furys,1.0,5.1167,3000000.0,tt21875120
2023-08-27,TV (English),7,Ballers,1.0,4.7,2200000.0,tt1047885
2023-08-27,TV (English),8,The Lincoln Lawyer,2.0,8.1833,1900000.0,tt13833978
2023-08-27,TV (English),9,Gabby's Dollhouse,8.0,2.4333,1800000.0,tt9165438
2023-08-27,TV (English),10,My Dad the Bounty Hunter,2.0,4.3833,1700000.0,tt13433814
2023-08-27,TV (Non-English),1,Mask Girl,1.0,6.8833,7400000.0,tt26258200
2023-08-27,TV (Non-English),2,Ragnarok,3.0,4.4,6500000.0,tt9251798
2023-08-27,TV (Non-English),3,The Chosen One,1.0,4.3167,4000000.0,tt1405354
2023-08-27,TV (Non-English),4,Destined with You,1.0,2.2833,3500000.0,tt27974068
2023-08-27,TV (Non-English),5,Baki Hanma,2.0,11.5,2400000.0,tt13357140
2023-08-27,TV (Non-English),6,Ragnarok,1.0,4.4833,2200000.0,tt9251798
2023-08-27,TV (Non-English),7,Guns & Gulaabs,1.0,6.1833,2200000.0,tt17524566
2023-08-27,TV (Non-English),8,Ragnarok,2.0,4.9667,1800000.0,tt9251798
2023-08-27,TV (Non-English),9,Behind Your Touch,1.0,0.0,1700000.0,tt26314390
2023-08-27,TV (Non-English),10,A Perfect Story,1.0,3.6667,1600000.0,tt23183618
2023-08-20,Films (English),1,Heart of Stone,,2.1,35200000.0,tt13603966
2023-08-20,Films (English),2,The Monkey King,,1.6167,8100000.0,tt8637498
2023-08-20,Films (English),3,The Pope's Exorcist,,1.7333,6000000.0,tt13375076
2023-08-20,Films (English),4,Half Brothers,,1.6,4600000.0,tt10515926
2023-08-20,Films (English),5,Hidden Strike,,1.7167,3500000.0,tt6879446
2023-08-20,Films (English),6,"Miraculous: Ladybug & Cat Noir, The Movie",,1.7,3500000.0,tt10364034
2023-08-20,Films (English),7,What Men Want,,1.95,3400000.0,tt7634968
2023-08-20,Films (English),8,Despicable Me 2,,1.6333,3400000.0,tt1690953
2023-08-20,Films (Non-English),1,A Life Too Short: The Isabella Nardoni Case,,1.75,5700000.0,tt28552695
2023-08-20,Films (Non-English),2,Paradise,,1.9833,3600000.0,tt6126686
2023-08-20,Films (Non-English),3,10 Days of a Bad Man,,2.0667,3100000.0,tt24852002
2023-08-20,Films (Non-English),4,Adipurush,,2.9667,2800000.0,tt12915716
2023-08-20,Films (Non-English),5,Zom 100: Bucket List of the Dead,,2.15,1900000.0,tt20672534
2023-08-20,Films (Non-English),6,Jagun Jagun,,2.25,1600000.0,tt28546464
2023-08-20,Films (Non-English),7,Marry My Dead Body,,2.1667,1500000.0,tt22742964
2023-08-20,Films (Non-English),8,Eye of the Storm,,1.9833,1500000.0,tt26686436
2023-08-20,Films (Non-English),9,Soulcatcher,,1.6667,1100000.0,tt28290233
2023-08-20,Films (Non-English),10,Xtreme,,1.8667,1100000.0,tt11658120
2023-08-20,TV (English),1,DEPP V HEARD,1.0,2.4333,16200000.0,tt27541298
2023-08-20,TV (English),2,Painkiller,1.0,4.9833,10900000.0,tt11816814
2023-08-20,TV (English),3,Ballers,1.0,4.7,3900000.0,tt1047885
2023-08-20,TV (English),4,At Home With The Furys,1.0,5.1167,3300000.0,tt21875120
2023-08-20,TV (English),5,The Lincoln Lawyer,2.0,8.1833,2900000.0,tt13833978
2023-08-20,TV (English),6,Gabby's Dollhouse,8.0,2.4333,2600000.0,tt9165438
2023-08-20,TV (English),7,The Witcher,3.0,7.6,1900000.0,tt5180504
2023-08-20,TV (English),8,The Upshaws,4.0,2.6,1800000.0,tt10945036
2023-08-20,TV (English),9,Mech Cadets,1.0,4.0,1800000.0,tt14690802
2023-08-20,TV (English),10,Heartstopper,2.0,4.7,1800000.0,tt10638036
2023-08-20,TV (Non-English),1,The Chosen One,1.0,4.3167,3100000.0,tt1405354
2023-08-20,TV (Non-English),2,Mask Girl,1.0,6.8833,2800000.0,tt26258200
2023-08-20,TV (Non-English),3,A Perfect Story,1.0,3.6667,2700000.0,tt23183618
2023-08-20,TV (Non-English),4,Behind Your Touch,1.0,0.0,2500000.0,tt26314390
2023-08-20,TV (Non-English),5,King the Land,1.0,19.0,2000000.0,tt26693803
2023-08-20,TV (Non-English),6,My Happy Marriage,1.0,2.8333,2000000.0,tt19869172
2023-08-20,TV (Non-English),7,The Uncanny Counter,2.0,9.3,1400000.0,tt13273826
2023-08-20,TV (Non-English),8,Guns & Gulaabs,1.0,6.1833,1300000.0,tt17524566
2023-08-20,TV (Non-English),9,The Tailor,2.0,5.3833,1300000.0,tt15473010
2023-08-20,TV (Non-English),10,Baki Hanma,2.0,5.5333,1000000.0,tt13357140
2023-08-13,Films (English),1,Heart of Stone,,2.1,33100000.0,tt13603966
2023-08-13,Films (English),2,Hidden Strike,,1.7167,7700000.0,tt6879446
2023-08-13,Films (English),4,What Men Want,,1.95,5900000.0,tt7634968
2023-08-13,Films (English),5,"Miraculous: Ladybug & Cat Noir, The Movie",,1.7,5800000.0,tt10364034
2023-08-13,Films (English),6,Happiness for Beginners,,1.7667,5000000.0,tt15509244
2023-08-13,Films (English),7,Despicable Me 2,,1.6333,4800000.0,tt1690953
2023-08-13,Films (English),8,Shark Bait,,1.4167,4400000.0,tt12550376
2023-08-13,Films (English),9,Fatale,,1.7167,4100000.0,tt8829830
2023-08-13,Films (English),10,River Wild,,1.5167,3900000.0,tt21291992
2023-08-13,Films (Non-English),1,Paradise,,1.9833,7600000.0,tt6126686
2023-08-13,Films (Non-English),2,Zom 100: Bucket List of the Dead,,2.15,6200000.0,tt20672534
2023-08-13,Films (Non-English),3,Soulcatcher,,1.6667,4800000.0,tt28290233
2023-08-13,Films (Non-English),4,The Seven Deadly Sins: Grudge of Edinburgh Part 2,,0.9,3100000.0,tt25010142
2023-08-13,Films (Non-English),5,Jagun Jagun,,2.25,2100000.0,tt28546464
2023-08-13,Films (Non-English),6,Head to Head,,1.5833,1600000.0,tt28306747
2023-08-13,Films (Non-English),7,Marry My Dead Body,,2.1667,1600000.0,tt22742964
2023-08-13,Films (Non-English),8,Adipurush,,2.9667,1500000.0,tt12915716
2023-08-13,Films (Non-English),9,The Raid: Redemption,,1.6833,1200000.0,tt1899353
2023-08-13,Films (Non-English),10,Dream,,2.0833,1200000.0,tt13814704
2023-08-13,TV (English),1,Painkiller,1.0,4.9833,7200000.0,tt11816814
2023-08-13,TV (English),2,The Lincoln Lawyer,2.0,8.1833,5200000.0,tt13833978
2023-08-13,TV (English),3,Gabby's Dollhouse,8.0,2.4333,4100000.0,tt9165438
2023-08-13,TV (English),4,Heartstopper,2.0,4.7,4000000.0,tt10638036
2023-08-13,TV (English),5,Fatal Seduction,1.0,7.2,2800000.0,tt27951663
2023-08-13,TV (English),6,The Witcher,3.0,7.6,2800000.0,tt5180504
2023-08-13,TV (English),7,Om Nom Stories,1.0,0.9833,2400000.0,tt4643420
2023-08-13,TV (English),8,The Lincoln Lawyer,1.0,8.3167,2200000.0,tt13833978
2023-08-13,TV (English),9,Sweet Magnolias,3.0,8.5833,1900000.0,tt9077540
2023-08-13,TV (English),10,Fisk,1.0,2.7167,1800000.0,tt13353168
2023-08-13,TV (Non-English),1,A Perfect Story,1.0,3.6667,4700000.0,tt23183618
2023-08-13,TV (Non-English),2,King the Land,1.0,19.0,3200000.0,tt26693803
2023-08-13,TV (Non-English),3,My Happy Marriage,1.0,2.4333,2300000.0,tt19869172
2023-08-13,TV (Non-English),4,The Tailor,2.0,5.3833,2100000.0,tt15473010
2023-08-13,TV (Non-English),5,Zombieverse,1.0,7.3833,1900000.0,tt26770113
2023-08-13,TV (Non-English),6,The Uncanny Counter,2.0,6.9667,1700000.0,tt13273826
2023-08-13,TV (Non-English),7,Baki Hanma,2.0,5.5333,1500000.0,tt13357140
2023-08-13,TV (Non-English),8,The Last Hours of Mario Biondo,1.0,2.15,1500000.0,tt28457132
2023-08-13,TV (Non-English),9,The Tailor,1.0,4.75,1200000.0,tt15473010
2023-08-13,TV (Non-English),10,D.P.,2.0,5.3167,1100000.0,tt13024974
2023-08-06,Films (English),1,Hidden Strike,,1.7167,23600000.0,tt6879446
2023-08-06,Films (English),2,Happiness for Beginners,,1.7667,13100000.0,tt15509244
2023-08-06,Films (English),3,"Miraculous: Ladybug & Cat Noir, The Movie",,1.7,12500000.0,tt10364034
2023-08-06,Films (English),4,Poisoned: The Dirty Truth About Your Food,,1.4,5100000.0,tt27548083
2023-08-06,Films (English),5,Missing: The Lucie Blackman Case,,1.3667,5000000.0,tt19113292
2023-08-06,Films (English),6,Fatale,,1.7167,5000000.0,tt8829830
2023-08-06,Films (English),7,Shark Bait,,1.4167,3700000.0,tt12550376
2023-08-06,Films (English),8,They Cloned Tyrone,,2.0667,3600000.0,tt9873892
2023-08-06,Films (English),9,River Wild,,1.5167,3400000.0,tt21291992
2023-08-06,Films (Non-English),1,Paradise,,1.9833,15500000.0,tt6126686
2023-08-06,Films (Non-English),2,Soulcatcher,,1.6667,11600000.0,tt28290233
2023-08-06,Films (Non-English),3,Zom 100: Bucket List of the Dead,,2.15,6600000.0,tt20672534
2023-08-06,Films (Non-English),4,Dream,,2.0833,3000000.0,tt13814704
2023-08-06,Films (Non-English),5,The Lady of Silence: The Mataviejitas Murders,,1.85,2100000.0,tt27640680
2023-08-06,Films (Non-English),7,No Ritmo da Fé,,1.5333,1400000.0,tt28506156
2023-08-06,Films (Non-English),8,Big Nunu's Little Heist,,1.55,1200000.0,tt24062912
2023-08-06,Films (Non-English),9,The Murderer,,2.0167,1100000.0,tt22696230
2023-08-06,Films (Non-English),10,Head to Head,,1.5833,1000000.0,tt28306747
2023-08-06,TV (English),1,The Lincoln Lawyer,2.0,8.1833,6700000.0,tt13833978
2023-08-06,TV (English),2,Heartstopper,2.0,4.7,6100000.0,tt10638036
2023-08-06,TV (English),3,The Witcher,3.0,7.6,5400000.0,tt5180504
2023-08-06,TV (English),4,Sweet Magnolias,3.0,8.5833,2900000.0,tt9077540
2023-08-06,TV (English),5,How to Become a Cult Leader,1.0,3.2333,2300000.0,tt28253602
2023-08-06,TV (English),6,The Lincoln Lawyer,1.0,8.3167,2100000.0,tt13833978
2023-08-06,TV (English),7,Fatal Seduction,1.0,7.2,1900000.0,tt27951663
2023-08-06,TV (English),8,Too Hot to Handle,5.0,8.25,1900000.0,tt12004280
2023-08-06,TV (English),9,Om Nom Stories,1.0,0.9833,1700000.0,tt4643420
2023-08-06,TV (English),10,CoComelon,8.0,1.0667,1600000.0,tt12427840
2023-08-06,TV (Non-English),1,A Perfect Story,1.0,3.6667,6800000.0,tt23183618
2023-08-06,TV (Non-English),2,The Tailor,2.0,5.3833,4300000.0,tt15473010
2023-08-06,TV (Non-English),3,King the Land,1.0,0.0,3600000.0,tt26693803
2023-08-06,TV (Non-English),4,Baki Hanma,2.0,5.5333,3500000.0,tt13357140
2023-08-06,TV (Non-English),5,D.P.,2.0,5.3167,2900000.0,tt13024974
2023-08-06,TV (Non-English),6,My Happy Marriage,1.0,2.0167,2400000.0,tt19869172
2023-08-06,TV (Non-English),7,The Uncanny Counter,2.0,4.8,2200000.0,tt13273826
2023-08-06,TV (Non-English),8,The Tailor,1.0,4.75,2000000.0,tt15473010
2023-08-06,TV (Non-English),9,Sintonia,4.0,6.5667,1800000.0,tt8165086
2023-08-06,TV (Non-English),10,Zom 100: Bucket List of the Dead,1.0,1.6167,1500000.0,tt25811262
2023-07-30,Films (English),1,Hidden Strike,,1.7167,22000000.0,tt6879446
2023-07-30,Films (English),2,"Miraculous: Ladybug & Cat Noir, The Movie",,1.7,12200000.0,tt10364034
2023-07-30,Films (English),3,They Cloned Tyrone,,2.0667,11100000.0,tt9873892
2023-07-30,Films (English),4,Happiness for Beginners,,1.7667,9300000.0,tt15509244
2023-07-30,Films (English),5,Missing: The Lucie Blackman Case,,1.3667,7600000.0,tt19113292
2023-07-30,Films (English),6,The Out-Laws,,1.6167,5500000.0,tt11274492
2023-07-30,Films (English),7,Unknown: Cosmic Time Machine,,1.0833,5200000.0,tt27837488
2023-07-30,Films (English),8,Puss in Boots: The Last Wish,,1.7,4200000.0,tt3915174
2023-07-30,Films (English),9,The Deepest Breath,,1.8333,3500000.0,tt24132732
2023-07-30,Films (English),10,Extraction 2,,2.0667,2900000.0,tt12263384
2023-07-30,Films (Non-English),1,Paradise,,1.9833,8100000.0,tt6126686
2023-07-30,Films (Non-English),3,Dream,,2.0833,4800000.0,tt13814704
2023-07-30,Films (Non-English),4,The (Almost) Legends,,1.6167,2900000.0,tt21737024
2023-07-30,Films (Non-English),5,The Lady of Silence: The Mataviejitas Murders,,1.85,2100000.0,tt27640680
2023-07-30,Films (Non-English),6,Love Tactics 2,,1.65,1800000.0,tt21308698
2023-07-30,Films (Non-English),8,Kingdom,,2.2333,1500000.0,tt9099938
2023-07-30,Films (Non-English),10,Gold Brick,,1.6167,1100000.0,tt27987407
2023-07-30,TV (English),1,The Witcher,3.0,7.6,7800000.0,tt5180504
2023-07-30,TV (English),2,Sweet Magnolias,3.0,8.5833,5300000.0,tt9077540
2023-07-30,TV (English),3,Too Hot to Handle,5.0,8.25,3200000.0,tt12004280
2023-07-30,TV (English),4,The Lincoln Lawyer,2.0,4.2333,3000000.0,tt13833978
2023-07-30,TV (English),5,Survival of the Thickest,1.0,3.6,2200000.0,tt17361756
2023-07-30,TV (English),7,Quarterback,1.0,6.4333,1700000.0,tt26777035
2023-07-30,TV (English),8,Fatal Seduction,1.0,3.7667,1700000.0,tt27951663
2023-07-30,TV (English),10,CoComelon,8.0,1.0667,1700000.0,tt12427840
2023-07-30,TV (Non-English),1,Sintonia,4.0,6.5667,6400000.0,tt8165086
2023-07-30,TV (Non-English),2,Baki Hanma,2.0,5.5333,6000000.0,tt13357140
2023-07-30,TV (Non-English),3,King the Land,1.0,0.0,4000000.0,tt26693803
2023-07-30,TV (Non-English),4,A Perfect Story,1.0,3.6667,3200000.0,tt23183618
2023-07-30,TV (Non-English),5,D.P.,2.0,5.3167,2800000.0,tt13024974
2023-07-30,TV (Non-English),6,My Happy Marriage,1.0,1.6167,2700000.0,tt19869172
2023-07-30,TV (Non-English),7,The Tailor,2.0,5.3833,2500000.0,tt15473010
2023-07-30,TV (Non-English),8,Burn the House Down,1.0,6.45,2000000.0,tt21327000
2023-07-30,TV (Non-English),9,Zom 100: Bucket List of the Dead,1.0,1.2,1800000.0,tt25811262
2023-07-30,TV (Non-English),10,Jujutsu Kaisen,2.0,1.6,1600000.0,tt12343534
2023-07-23,Films (English),1,The Out-Laws,,1.6167,12100000.0,tt11274492
2023-07-23,Films (English),2,Unknown: Cave of Bones,,1.5833,6500000.0,tt27837467
2023-07-23,Films (English),3,They Cloned Tyrone,,2.0667,6300000.0,tt9873892
2023-07-23,Films (English),4,Puss in Boots: The Last Wish,,1.7,6200000.0,tt3915174
2023-07-23,Films (English),5,The Deepest Breath,,1.8333,4600000.0,tt24132732
2023-07-23,Films (English),6,Ride Along,,1.65,4300000.0,tt1408253
2023-07-23,Films (English),7,Man on Fire,,2.4333,3900000.0,tt0328107
2023-07-23,Films (English),8,Extraction 2,,2.0667,3800000.0,tt12263384
2023-07-23,Films (English),9,Nimona,,1.7167,3400000.0,tt19500164
2023-07-23,Films (English),10,Captain Underpants: The First Epic Movie,,1.4833,3100000.0,tt2091256
2023-07-23,Films (Non-English),2,Love Tactics 2,,1.65,5200000.0,tt21308698
2023-07-23,Films (Non-English),3,Kingdom,,2.2333,3000000.0,tt9099938
2023-07-23,Films (Non-English),4,The (Almost) Legends,,1.6167,2800000.0,tt21737024
2023-07-23,Films (Non-English),5,Gold Brick,,1.6167,2700000.0,tt27987407
2023-07-23,Films (Non-English),6,Mr. Car and the Knights Templar,,1.85,2600000.0,tt27876411
2023-07-23,Films (Non-English),8,Luccas Neto em: O Meu Aniversário,,1.3,1500000.0,tt32188500
2023-07-23,Films (Non-English),9,Seasons,,1.8167,1300000.0,tt28022861
2023-07-23,Films (Non-English),10,Bear Man,,1.6167,1200000.0,tt26599543
2023-07-23,TV (English),1,Sweet Magnolias,3.0,8.5833,4600000.0,tt9077540
2023-07-23,TV (English),2,The Lincoln Lawyer,2.0,4.2333,4600000.0,tt13833978
2023-07-23,TV (English),3,The Witcher,3.0,4.8167,4200000.0,tt5180504
2023-07-23,TV (English),4,Too Hot to Handle,5.0,5.8667,4100000.0,tt12004280
2023-07-23,TV (English),5,Survival of the Thickest,1.0,3.6,3800000.0,tt17361756
2023-07-23,TV (English),6,Fatal Seduction,1.0,3.7667,3200000.0,tt27951663
2023-07-23,TV (English),7,Quarterback,1.0,6.4333,2900000.0,tt26777035
2023-07-23,TV (English),8,Suits,1.0,0.0,2200000.0,tt19495202
2023-07-23,TV (English),9,The Lincoln Lawyer,1.0,8.3167,2100000.0,tt13833978
2023-07-23,TV (English),10,Sonic Prime,2.0,3.2333,2100000.0,tt13961348
2023-07-23,TV (Non-English),1,King the Land,1.0,0.0,4700000.0,tt26693803
2023-07-23,TV (Non-English),2,Burn the House Down,1.0,6.45,3500000.0,tt21327000
2023-07-23,TV (Non-English),3,Kohrra,1.0,4.8333,2400000.0,tt27853283
2023-07-23,TV (Non-English),4,My Happy Marriage,1.0,1.2167,2100000.0,tt19869172
2023-07-23,TV (Non-English),5,Jujutsu Kaisen,2.0,1.2,1800000.0,tt12343534
2023-07-23,TV (Non-English),6,Celebrity,1.0,8.9833,1800000.0,tt0086679
2023-07-23,TV (Non-English),7,Zom 100: Bucket List of the Dead,1.0,1.2,1600000.0,tt25811262
2023-07-23,TV (Non-English),8,See You in My 19th Life,19.0,12.3,1500000.0,tt27838483
2023-07-23,TV (Non-English),9,Record of Ragnarok,2.0,6.2667,1500000.0,tt13676344
2023-07-23,TV (Non-English),10,The Surrogacy,1.0,15.1667,1400000.0,tt27787160
2023-07-16,Films (English),1,The Out-Laws,,1.6167,28600000.0,tt11274492
2023-07-16,Films (English),2,65,,1.55,6800000.0,tt12261776
2023-07-16,Films (English),3,Puss in Boots: The Last Wish,,1.7,5500000.0,tt3915174
2023-07-16,Films (English),4,Extraction 2,,2.0667,5200000.0,tt12263384
2023-07-16,Films (English),5,Nimona,,1.7167,4700000.0,tt19500164
2023-07-16,Films (English),6,Sing,,1.8,3600000.0,tt3470600
2023-07-16,Films (English),7,The Tutor,,1.55,3200000.0,tt19637278
2023-07-16,Films (English),8,Paw Patrol: The Movie,,1.4333,3100000.0,tt11832046
2023-07-16,Films (English),9,Mafia Mamma,,1.6833,2800000.0,tt13923456
2023-07-16,Films (English),10,Unknown: Killer Robots,,1.1667,2700000.0,tt27837442
2023-07-16,Films (Non-English),2,Gold Brick,,1.6167,6200000.0,tt27987407
2023-07-16,Films (Non-English),3,Mr. Car and the Knights Templar,,1.85,4200000.0,tt27876411
2023-07-16,Films (Non-English),4,Love Tactics 2,,1.65,4100000.0,tt21308698
2023-07-16,Films (Non-English),5,Seasons,,1.8167,2800000.0,tt28022861
2023-07-16,Films (Non-English),6,Make Me Believe,,1.7333,1600000.0,tt21257152
2023-07-16,Films (Non-English),8,Lust Stories 2,,2.2167,1200000.0,tt27989067
2023-07-16,Films (Non-English),9,Rebound,,2.0333,1000000.0,tt27002199
2023-07-16,Films (Non-English),10,A Beautiful Life,,1.6667,800000.0,tt15282148
2023-07-16,TV (English),1,The Lincoln Lawyer,2.0,4.2333,8300000.0,tt13833978
2023-07-16,TV (English),2,The Witcher,3.0,4.8167,6700000.0,tt5180504
2023-07-16,TV (English),3,Fatal Seduction,1.0,3.7667,6600000.0,tt27951663
2023-07-16,TV (English),4,Survival of the Thickest,1.0,3.6,3700000.0,tt17361756
2023-07-16,TV (English),5,The Lincoln Lawyer,1.0,8.3167,3400000.0,tt13833978
2023-07-16,TV (English),6,Quarterback,1.0,6.4333,3300000.0,tt26777035
2023-07-16,TV (English),7,Too Hot to Handle,5.0,3.2333,2800000.0,tt12004280
2023-07-16,TV (English),8,Is It Cake?,1.0,5.8667,2600000.0,tt18314214
2023-07-16,TV (English),9,Hack My Home,1.0,4.55,2600000.0,tt27999986
2023-07-16,TV (English),10,Sonic Prime,2.0,3.2333,2400000.0,tt13961348
2023-07-16,TV (Non-English),1,King the Land,1.0,0.0,4600000.0,tt26693803
2023-07-16,TV (Non-English),2,Celebrity,1.0,8.9833,3300000.0,tt0086679
2023-07-16,TV (Non-English),3,Record of Ragnarok,2.0,0.0,3000000.0,tt13676344
2023-07-16,TV (Non-English),4,Burn the House Down,1.0,6.45,2600000.0,tt21327000
2023-07-16,TV (Non-English),5,Jujutsu Kaisen,2.0,0.8,2400000.0,tt12343534
2023-07-16,TV (Non-English),6,My Happy Marriage,1.0,0.8167,2000000.0,tt19869172
2023-07-16,TV (Non-English),7,The Surrogacy,1.0,15.1667,1700000.0,tt27787160
2023-07-16,TV (Non-English),8,See You in My 19th Life,19.0,10.2667,1700000.0,tt27838483
2023-07-16,TV (Non-English),9,Zom 100: Bucket List of the Dead,1.0,0.8,1600000.0,tt25811262
2023-07-16,TV (Non-English),10,Back to 15,2.0,3.9,1400000.0,tt15301854
2023-07-09,Films (English),1,The Out-Laws,,1.6167,19600000.0,tt11274492
2023-07-09,Films (English),2,Extraction 2,,2.0667,8900000.0,tt12263384
2023-07-09,Films (English),3,Nimona,,1.7167,6700000.0,tt19500164
2023-07-09,Films (English),4,Run Rabbit Run,,1.6833,5900000.0,tt12547822
2023-07-09,Films (English),5,Unknown: The Lost Pyramid,,1.4,5600000.0,tt27837387
2023-07-09,Films (English),7,Old Henry,,1.65,4900000.0,tt12731980
2023-07-09,Films (English),8,WHAM!,,1.5333,4400000.0,tt27726927
2023-07-09,Films (English),9,Skyscraper,,1.7,4400000.0,tt5758778
2023-07-09,Films (English),10,Woody Woodpecker,,1.5167,4200000.0,tt2114504
2023-07-09,Films (Non-English),1,Make Me Believe,,1.7333,3800000.0,tt21257152
2023-07-09,Films (Non-English),2,Gold Brick,,1.6167,3400000.0,tt27987407
2023-07-09,Films (Non-English),3,Lust Stories 2,,2.2167,3000000.0,tt27989067
2023-07-09,Films (Non-English),5,Afwaah,,2.0333,1500000.0,tt15832148
2023-07-09,Films (Non-English),6,Seasons,,1.8167,1100000.0,tt28022861
2023-07-09,Films (Non-English),7,A Beautiful Life,,1.6667,1100000.0,tt15282148
2023-07-09,Films (Non-English),8,iNumber Number: Jozi Gold,,1.9,1100000.0,tt27728519
2023-07-09,Films (Non-English),9,Through My Window,,1.9,900000.0,tt14463484
2023-07-09,Films (Non-English),10,Faithfully Yours,,1.5833,900000.0,tt20119468
2023-07-09,TV (English),1,The Witcher,3.0,4.8167,13800000.0,tt5180504
2023-07-09,TV (English),2,The Lincoln Lawyer,2.0,4.2333,7400000.0,tt13833978
2023-07-09,TV (English),3,Fatal Seduction,1.0,3.7667,5100000.0,tt27951663
2023-07-09,TV (English),5,Is It Cake?,1.0,5.8667,4000000.0,tt18314214
2023-07-09,TV (English),6,Black Mirror,6.0,5.2,3200000.0,tt2085059
2023-07-09,TV (English),7,The Witcher,1.0,8.0,2600000.0,tt5180504
2023-07-09,TV (English),8,The Witcher,2.0,7.6833,2400000.0,tt5180504
2023-07-09,TV (English),9,The Lincoln Lawyer,1.0,8.3167,2300000.0,tt13833978
2023-07-09,TV (English),10,Suits,1.0,0.0,2300000.0,tt19495202
2023-07-09,TV (Non-English),1,Celebrity,1.0,8.9833,5600000.0,tt0086679
2023-07-09,TV (Non-English),2,King the Land,1.0,0.0,3600000.0,tt26693803
2023-07-09,TV (Non-English),3,The Surrogacy,1.0,15.1667,2200000.0,tt27787160
2023-07-09,TV (Non-English),4,See You in My 19th Life,19.0,8.1333,2000000.0,tt27838483
2023-07-09,TV (Non-English),5,Back to 15,2.0,3.9,2000000.0,tt15301854
2023-07-09,TV (Non-English),6,Bloodhounds,1.0,8.1333,1600000.0,tt26315487
2023-07-09,TV (Non-English),7,Fake Profile,1.0,6.3333,1500000.0,tt14494938
2023-07-09,TV (Non-English),8,Doom at Your Service,,17.1,1500000.0,tt13669128
2023-07-09,TV (Non-English),9,Sleeping Dog,1.0,5.2,1400000.0,tt25375244
2023-07-09,TV (Non-English),10,DELETE,1.0,6.2333,1200000.0,tt2316306
2023-07-02,Films (English),1,Extraction 2,,2.0667,17500000.0,tt12263384
2023-07-02,Films (English),2,The Perfect Find,,1.6667,11000000.0,tt8400584
2023-07-02,Films (English),3,Run Rabbit Run,,1.6833,8400000.0,tt12547822
2023-07-02,Films (English),4,Extraction,,1.9667,6000000.0,tt8936646
2023-07-02,Films (English),5,Take Care of Maya,,1.7333,4600000.0,tt27542448
2023-07-02,Films (English),6,Paw Patrol: The Movie,,1.4333,4500000.0,tt11832046
2023-07-02,Films (English),8,Ghosts of the Abyss,,1.4667,3300000.0,tt0297144
2023-07-02,Films (English),9,Nimona,,1.7167,3200000.0,tt19500164
2023-07-02,Films (Non-English),2,Make Me Believe,,1.7333,9600000.0,tt21257152
2023-07-02,Films (Non-English),3,iNumber Number: Jozi Gold,,1.9,5000000.0,tt27728519
2023-07-02,Films (Non-English),4,Lust Stories 2,,2.2167,4200000.0,tt27989067
2023-07-02,Films (Non-English),5,Through My Window,,1.9,2600000.0,tt14463484
2023-07-02,Films (Non-English),6,King of Clones,,1.4333,2000000.0,tt27846314
2023-07-02,Films (Non-English),7,A Beautiful Life,,1.6667,1600000.0,tt15282148
2023-07-02,Films (Non-English),8,Black Clover: Sword of the Wizard King,,1.8833,1200000.0,tt22868844
2023-07-02,Films (Non-English),9,Afwaah,,2.0333,1100000.0,tt15832148
2023-07-02,Films (Non-English),10,You Do You,,1.6833,1100000.0,tt19121700
2023-07-02,TV (English),1,The Witcher,3.0,4.8167,15200000.0,tt5180504
2023-07-02,TV (English),2,Black Mirror,6.0,5.2,5400000.0,tt2085059
2023-07-02,TV (English),3,Catching Killers,3.0,3.0667,4100000.0,tt15723914
2023-07-02,TV (English),4,Glamorous,1.0,7.45,3500000.0,tt19503218
2023-07-02,TV (English),5,Our Planet,1.0,3.3833,2900000.0,tt3194186
2023-07-02,TV (English),6,Never Have I Ever,4.0,4.9167,2900000.0,tt8962850
2023-07-02,TV (English),7,Suits,1.0,0.0,2900000.0,tt19495202
2023-07-02,TV (English),8,Muscles & Mayhem: An Unauthorized Story of American Gladiators,1.0,3.55,2800000.0,tt27851747
2023-07-02,TV (English),9,Titans,4.0,9.95,2200000.0,tt0243732
2023-07-02,TV (English),10,The Witcher,1.0,8.0,2200000.0,tt5180504
2023-07-02,TV (Non-English),1,King the Land,1.0,0.0,4000000.0,tt26693803
2023-07-02,TV (Non-English),2,Sleeping Dog,1.0,5.2,3800000.0,tt25375244
2023-07-02,TV (Non-English),3,The Surrogacy,1.0,15.1667,3100000.0,tt27787160
2023-07-02,TV (Non-English),4,Bloodhounds,1.0,8.1333,2600000.0,tt26315487
2023-07-02,TV (Non-English),5,See You in My 19th Life,19.0,6.0833,2300000.0,tt27838483
2023-07-02,TV (Non-English),6,Fake Profile,1.0,6.3333,2100000.0,tt14494938
2023-07-02,TV (Non-English),7,DELETE,1.0,6.2333,2000000.0,tt2316306
2023-07-02,TV (Non-English),8,Celebrity,1.0,8.9833,1900000.0,tt0086679
2023-07-02,TV (Non-English),9,Lies Hidden in my Garden,1.0,4.0667,1100000.0,tt27763346
2023-07-02,TV (Non-English),10,Let's Get Divorced,1.0,9.3667,900000.0,tt15567320
2023-06-25,Films (English),1,Extraction 2,,2.0667,42200000.0,tt12263384
2023-06-25,Films (English),2,Extraction,,1.9667,13800000.0,tt8936646
2023-06-25,Films (English),3,Take Care of Maya,,1.7333,9200000.0,tt27542448
2023-06-25,Films (English),4,The Perfect Find,,1.6667,7000000.0,tt8400584
2023-06-25,Films (English),5,Paw Patrol: The Movie,,1.4333,6300000.0,tt11832046
2023-06-25,Films (English),6,The Mule,,1.7,5400000.0,tt2130270
2023-06-25,Films (English),7,What Happens in Vegas,,1.65,4600000.0,tt1033643
2023-06-25,Films (English),8,The Boss Baby,,1.6333,2800000.0,tt3874544
2023-06-25,Films (English),9,Get Out,,1.7333,2400000.0,tt5052448
2023-06-25,Films (English),10,47 Ronin,,2.0167,2300000.0,tt1335975
2023-06-25,Films (Non-English),2,Make Me Believe,,1.7333,6600000.0,tt21257152
2023-06-25,Films (Non-English),3,Black Clover: Sword of the Wizard King,,1.8833,4100000.0,tt22868844
2023-06-25,Films (Non-English),4,You Do You,,1.6833,2700000.0,tt19121700
2023-06-25,Films (Non-English),5,Through My Window,,1.9,2600000.0,tt14463484
2023-06-25,Films (Non-English),6,iNumber Number: Jozi Gold,,1.9,2100000.0,tt27728519
2023-06-25,Films (Non-English),7,A Beautiful Life,,1.6667,1900000.0,tt15282148
2023-06-25,Films (Non-English),8,The Wonder Weeks,,1.5167,1600000.0,tt22506746
2023-06-25,Films (Non-English),9,Tin & Tina,,2.0,1600000.0,tt7354440
2023-06-25,Films (Non-English),10,THE VILLAGE,,2.0167,1600000.0,tt0204364
2023-06-25,TV (English),1,Black Mirror,6.0,5.2,11600000.0,tt2085059
2023-06-25,TV (English),2,Never Have I Ever,4.0,4.9167,5000000.0,tt8962850
2023-06-25,TV (English),3,Our Planet,1.0,3.3833,4000000.0,tt3194186
2023-06-25,TV (English),4,Catching Killers,3.0,3.0667,3100000.0,tt15723914
2023-06-25,TV (English),5,Suits,1.0,0.0,3000000.0,tt19495202
2023-06-25,TV (English),7,Arnold,1.0,3.1833,2500000.0,tt27713897
2023-06-25,TV (English),8,Glamorous,1.0,7.45,2300000.0,tt19503218
2023-06-25,TV (English),9,Black Mirror,1.0,2.6,2300000.0,tt2085059
2023-06-25,TV (English),10,FUBAR,1.0,7.1333,2100000.0,tt13064902
2023-06-25,TV (Non-English),1,The Surrogacy,1.0,15.1667,5300000.0,tt27787160
2023-06-25,TV (Non-English),2,King the Land,1.0,0.0,4700000.0,tt26693803
2023-06-25,TV (Non-English),3,Bloodhounds,1.0,8.1333,4600000.0,tt26315487
2023-06-25,TV (Non-English),4,Sleeping Dog,1.0,5.2,4400000.0,tt25375244
2023-06-25,TV (Non-English),5,Fake Profile,1.0,6.3333,3300000.0,tt14494938
2023-06-25,TV (Non-English),6,See You in My 19th Life,19.0,4.05,1900000.0,tt27838483
2023-06-25,TV (Non-English),7,Demon Slayer: Kimetsu no Yaiba,1.0,0.0,1300000.0,tt9335498
2023-06-25,TV (Non-English),8,Lies Hidden in my Garden,1.0,1.9333,1100000.0,tt27763346
2023-06-25,TV (Non-English),9,Valeria,3.0,5.3667,1000000.0,tt0259816
2023-06-25,TV (Non-English),10,Love Is Blind: Brazil,3.0,8.8333,1000000.0,tt15018224
2023-06-18,Films (English),1,Extraction 2,,2.0667,42800000.0,tt12263384
2023-06-18,Films (English),2,Extraction,,1.9667,9600000.0,tt8936646
2023-06-18,Films (English),3,Paw Patrol: The Movie,,1.4333,6600000.0,tt11832046
2023-06-18,Films (English),4,The Boss Baby,,1.6333,3600000.0,tt3874544
2023-06-18,Films (English),5,Assassin's Creed,,1.9167,2800000.0,tt2094766
2023-06-18,Films (English),6,The Mother,,1.95,2800000.0,tt6968614
2023-06-18,Films (English),7,The Angry Birds Movie,,1.6333,2600000.0,tt1985949
2023-06-18,Films (English),8,Abduction,,1.7667,2300000.0,tt1600195
2023-06-18,Films (English),9,Shooter,,2.0833,2300000.0,tt0822854
2023-06-18,Films (English),10,Prisoners,,2.55,2000000.0,tt1392214
2023-06-18,Films (Non-English),1,You Do You,,1.6833,8600000.0,tt19121700
2023-06-18,Films (Non-English),2,Black Clover: Sword of the Wizard King,,1.8833,6400000.0,tt22868844
2023-06-18,Films (Non-English),3,The Wonder Weeks,,1.5167,4100000.0,tt22506746
2023-06-18,Films (Non-English),4,A Beautiful Life,,1.6667,4000000.0,tt15282148
2023-06-18,Films (Non-English),5,Tin & Tina,,2.0,2300000.0,tt7354440
2023-06-18,Films (Non-English),6,Blood & Gold,,1.65,1600000.0,tt18073328
2023-06-18,Films (Non-English),7,Gumraah,,2.1167,1600000.0,tt11905536
2023-06-18,Films (Non-English),8,Faithfully Yours,,1.5833,1100000.0,tt20119468
2023-06-18,Films (Non-English),9,THE VILLAGE,,2.0167,1000000.0,tt0204364
2023-06-18,Films (Non-English),10,Mother's Day,,1.5833,1000000.0,tt0107625
2023-06-18,TV (English),1,Never Have I Ever,4.0,4.9167,11500000.0,tt8962850
2023-06-18,TV (English),2,Black Mirror,6.0,5.2,11300000.0,tt2085059
2023-06-18,TV (English),3,Arnold,1.0,3.1833,5200000.0,tt27713897
2023-06-18,TV (English),4,Our Planet,1.0,3.3833,3500000.0,tt3194186
2023-06-18,TV (English),5,FUBAR,1.0,7.1333,3400000.0,tt13064902
2023-06-18,TV (English),6,Tex Mex Motors,1.0,4.8833,2800000.0,tt27738618
2023-06-18,TV (English),7,Manifest,4.0,15.5833,2800000.0,tt8421350
2023-06-18,TV (English),8,Never Have I Ever,1.0,4.5833,2600000.0,tt8962850
2023-06-18,TV (English),10,Never Have I Ever,3.0,4.7,2300000.0,tt8962850
2023-06-18,TV (Non-English),1,Bloodhounds,1.0,8.1333,8100000.0,tt26315487
2023-06-18,TV (Non-English),2,Fake Profile,1.0,6.3333,5600000.0,tt14494938
2023-06-18,TV (Non-English),3,The Surrogacy,1.0,15.1667,3800000.0,tt27787160
2023-06-18,TV (Non-English),4,THE DAYS,1.0,7.35,1700000.0,tt0413559
2023-06-18,TV (Non-English),5,Valeria,3.0,5.3667,1600000.0,tt0259816
2023-06-18,TV (Non-English),6,Love Is Blind: Brazil,3.0,7.0667,1600000.0,tt15018224
2023-06-18,TV (Non-English),7,King the Land,1.0,0.0,1600000.0,tt26693803
2023-06-18,TV (Non-English),8,Tour de France: Unchained,1.0,5.5667,1500000.0,tt19296314
2023-06-18,TV (Non-English),9,The Playing Card Killer,1.0,2.5167,1300000.0,tt27749701
2023-06-18,TV (Non-English),10,The Good Bad Mother,1.0,0.0,1200000.0,tt27042206
2023-06-11,Films (English),1,Prisoners,,,,tt0020291
2023-06-11,Films (English),2,Shooter,,,,tt0822854
2023-06-11,Films (English),3,Abduction,,,,tt0027575
2023-06-11,Films (English),4,The Mother,,,,tt0287067
2023-06-11,Films (English),5,The Boss Baby,,,,tt3874544
2023-06-11,Films (English),6,We're the Millers,,,,tt1723121
2023-06-11,Films (English),7,The Angry Birds Movie,,,,tt1985949
2023-06-11,Films (English),8,The Company Men,,,,tt1172991
2023-06-11,Films (English),9,Grown Ups 2,,,,tt2191701
2023-06-11,Films (English),10,The Choice,,,,tt0065879
2023-06-11,Films (Non-English),1,A Beautiful Life,,,,tt1043787
2023-06-11,Films (Non-English),2,You Do You,,,,tt19121700
2023-06-11,Films (Non-English),3,Tin & Tina,,,,tt7354440
2023-06-11,Films (Non-English),4,Gumraah,,,,tt11905536
2023-06-11,Films (Non-English),5,Blood & Gold,,,,tt18073328
2023-06-11,Films (Non-English),6,Rich in Love 2,,,,tt23144234
2023-06-11,Films (Non-English),7,Mixed by Erry,,,,tt16425284
2023-06-11,Films (Non-English),8,Where the Tracks End,,,,tt21735972
2023-06-11,Films (Non-English),9,Missed Connections,,,,tt1109492
2023-06-11,Films (Non-English),10,Mother's Day,,,,tt0081186
2023-06-11,TV (English),1,Manifest,4.0,,,tt14738778
2023-06-11,TV (English),2,Never Have I Ever,4.0,,,tt10062292
2023-06-11,TV (English),3,FUBAR,1.0,,,tt13064902
2023-06-11,TV (English),4,Arnold,1.0,,,tt27713897
2023-06-11,TV (English),5,Manifest,1.0,,,tt14738778
2023-06-11,TV (English),6,The Ultimatum: Queer Love,1.0,,,tt22326484
2023-06-11,TV (English),7,Queen Charlotte: A Bridgerton Story,,,,tt14661396
2023-06-11,TV (English),8,"XO, Kitty",1.0,,,tt14490706
2023-06-11,TV (English),9,All American,5.0,,,tt7414406
2023-06-11,TV (English),10,S.W.A.T.,1.0,,,tt0072560
2023-06-11,TV (Non-English),1,Fake Profile,1.0,,,tt14494938
2023-06-11,TV (Non-English),2,Bloodhounds,1.0,,,tt26315487
2023-06-11,TV (Non-English),3,The Good Bad Mother,1.0,,,tt27042206
2023-06-11,TV (Non-English),4,Doctor Cha,1.0,,,tt27075857
2023-06-11,TV (Non-English),5,THE DAYS,1.0,,,tt0413559
2023-06-11,TV (Non-English),6,Valeria,3.0,,,tt0259816
2023-06-11,TV (Non-English),7,Agency,1.0,,,tt13853748
2023-06-11,TV (Non-English),8,La Reina del Sur,3.0,,,tt1704637
2023-06-11,TV (Non-English),9,Turn of the Tide,1.0,,,tt1776006
2023-06-11,TV (Non-English),10,Valeria,1.0,,,tt0259816
2023-06-04,Films (English),1,The Mother,,,,tt0287067
2023-06-04,Films (English),2,The Boss Baby,,,,tt3874544
2023-06-04,Films (English),3,Missing,,,,tt0009382
2023-06-04,Films (English),4,2 Hearts,,,,tt5616176
2023-06-04,Films (English),5,Shooter,,,,tt0822854
2023-06-04,Films (English),6,We're the Millers,,,,tt1723121
2023-06-04,Films (English),7,Dirty Grandpa,,,,tt1860213
2023-06-04,Films (English),8,To Leslie,,,,tt8129806
2023-06-04,Films (English),9,The Choice,,,,tt0065879
2023-06-04,Films (English),10,F9: The Fast Saga,,,,tt5433138
2023-06-04,Films (Non-English),1,Blood & Gold,,,,tt18073328
2023-06-04,Films (Non-English),2,Tin & Tina,,,,tt7354440
2023-06-04,Films (Non-English),3,A Beautiful Life,,,,tt1043787
2023-06-04,Films (Non-English),4,The Year I Started Masturbating,,,,tt15411160
2023-06-04,Films (Non-English),5,Mother's Day,,,,tt0081186
2023-06-04,Films (Non-English),6,Where the Tracks End,,,,tt21735972
2023-06-04,Films (Non-English),7,Hard Feelings,,,,tt0082500
2023-06-04,Films (Non-English),8,Rich in Love 2,,,,tt23144234
2023-06-04,Films (Non-English),9,Faithfully Yours,,,,tt0114082
2023-06-04,Films (Non-English),10,¡Que viva México!,,,,tt22185848
2023-06-04,TV (English),1,FUBAR,1.0,,,tt13064902
2023-06-04,TV (English),2,Manifest,4.0,,,tt14738778
2023-06-04,TV (English),3,"XO, Kitty",1.0,,,tt14490706
2023-06-04,TV (English),4,Queen Charlotte: A Bridgerton Story,,,,tt14661396
2023-06-04,TV (English),5,All American,5.0,,,tt7414406
2023-06-04,TV (English),6,S.W.A.T.,1.0,,,tt0072560
2023-06-04,TV (English),7,The Ultimatum: Queer Love,1.0,,,tt22326484
2023-06-04,TV (English),9,Selling Sunset,6.0,,,tt9817298
2023-06-04,TV (English),10,Firefly Lane,2.0,,,tt9012876
2023-06-04,TV (Non-English),1,Fake Profile,1.0,,,tt14494938
2023-06-04,TV (Non-English),2,Doctor Cha,1.0,,,tt27075857
2023-06-04,TV (Non-English),3,The Good Bad Mother,1.0,,,tt27042206
2023-06-04,TV (Non-English),4,Muted,1.0,,,tt20477492
2023-06-04,TV (Non-English),5,THE DAYS,1.0,,,tt0413559
2023-06-04,TV (Non-English),6,La Reina del Sur,3.0,,,tt1704637
2023-06-04,TV (Non-English),7,Turn of the Tide,1.0,,,tt1776006
2023-06-04,TV (Non-English),8,Valeria,3.0,,,tt0259816
2023-06-04,TV (Non-English),10,Agency,1.0,,,tt13853748
2023-05-28,Films (English),1,The Mother,,,,tt0287067
2023-05-28,Films (English),2,2 Hearts,,,,tt5616176
2023-05-28,Films (English),3,Missing,,,,tt0009382
2023-05-28,Films (English),4,The Son,,,,tt0068587
2023-05-28,Films (English),5,The Great Wall,,,,tt0056492
2023-05-28,Films (English),6,Victim/Suspect,,,,tt24079788
2023-05-28,Films (English),7,Ted,,,,tt0159787
2023-05-28,Films (English),8,Anna Nicole Smith: You Don't Know Me,,,,tt16951452
2023-05-28,Films (English),9,The Boss Baby,,,,tt3874544
2023-05-28,Films (English),10,A Man Called Otto,,,,tt7405458
2023-05-28,Films (Non-English),1,Mother's Day,,,,tt0081186
2023-05-28,Films (Non-English),2,Blood & Gold,,,,tt18073328
2023-05-28,Films (Non-English),3,Tin & Tina,,,,tt7354440
2023-05-28,Films (Non-English),4,Faithfully Yours,,,,tt0114082
2023-05-28,Films (Non-English),5,Hard Feelings,,,,tt0082500
2023-05-28,Films (Non-English),6,¡Que viva México!,,,,tt22185848
2023-05-28,Films (Non-English),7,Where the Tracks End,,,,tt21735972
2023-05-28,Films (Non-English),9,The Year I Started Masturbating,,,,tt15411160
2023-05-28,TV (English),1,FUBAR,1.0,,,tt13064902
2023-05-28,TV (English),2,"XO, Kitty",1.0,,,tt14490706
2023-05-28,TV (English),3,Queen Charlotte: A Bridgerton Story,,,,tt14661396
2023-05-28,TV (English),4,Selling Sunset,6.0,,,tt9817298
2023-05-28,TV (English),5,S.W.A.T.,1.0,,,tt0072560
2023-05-28,TV (English),6,All American,5.0,,,tt7414406
2023-05-28,TV (English),7,Firefly Lane,2.0,,,tt9012876
2023-05-28,TV (English),8,Maid,1.0,,,tt11337908
2023-05-28,TV (English),9,The Night Agent,1.0,,,tt13918776
2023-05-28,TV (English),10,Bridgerton,2.0,,,tt8740790
2023-05-28,TV (Non-English),1,Muted,1.0,,,tt20477492
2023-05-28,TV (Non-English),2,Doctor Cha,1.0,,,tt27075857
2023-05-28,TV (Non-English),3,The Good Bad Mother,1.0,,,tt27042206
2023-05-28,TV (Non-English),4,La Reina del Sur,3.0,,,tt1704637
2023-05-28,TV (Non-English),5,Black Knight,1.0,,,tt17013106
2023-05-28,TV (Non-English),7,The Marked Heart,2.0,,,tt18974572
2023-05-28,TV (Non-English),8,Rhythm + Flow France,2.0,,,tt20192132
2023-05-28,TV (Non-English),9,The Marked Heart,1.0,,,tt18974572
2023-05-28,TV (Non-English),10,Chiquititas,,,,tt0154063
2023-05-21,Films (English),1,The Mother,,,,tt0287067
2023-05-21,Films (English),2,Anna Nicole Smith: You Don't Know Me,,,,tt16951452
2023-05-21,Films (English),3,Ted,,,,tt0159787
2023-05-21,Films (English),4,A Man Called Otto,,,,tt7405458
2023-05-21,Films (English),5,Synchronic,,,,tt9016974
2023-05-21,Films (English),6,Missing,,,,tt0009382
2023-05-21,Films (English),7,Harry Potter and the Sorcerer's Stone,,,,tt0241527
2023-05-21,Films (English),8,The Croods,,,,tt0481499
2023-05-21,Films (English),9,UglyDolls,,,,tt1946502
2023-05-21,Films (English),10,The Healer,,,,tt0026637
2023-05-21,Films (Non-English),1,Faithfully Yours,,,,tt0114082
2023-05-21,Films (Non-English),2,¡Que viva México!,,,,tt22185848
2023-05-21,Films (Non-English),4,AKA,,,,tt0317052
2023-05-21,Films (Non-English),6,Royalteen: Princess Margrethe,,,,tt22488414
2023-05-21,Films (Non-English),8,Tu Jhoothi Main Makkaar,,,,tt8672856
2023-05-21,Films (Non-English),10,The Lulú Club,,,,tt23489688
2023-05-21,TV (English),1,Queen Charlotte: A Bridgerton Story,,,,tt14661396
2023-05-21,TV (English),2,"XO, Kitty",1.0,,,tt14490706
2023-05-21,TV (English),3,Firefly Lane,2.0,,,tt9012876
2023-05-21,TV (English),4,Selling Sunset,6.0,,,tt9817298
2023-05-21,TV (English),5,McGREGOR FOREVER,1.0,,,tt27599123
2023-05-21,TV (English),6,Bridgerton,1.0,,,tt8740790
2023-05-21,TV (English),7,Bridgerton,2.0,,,tt8740790
2023-05-21,TV (English),8,The Night Agent,1.0,,,tt13918776
2023-05-21,TV (English),9,Sweet Tooth,2.0,,,tt12809988
2023-05-21,TV (English),10,Missing: Dead or Alive?,1.0,,,tt27612322
2023-05-21,TV (Non-English),1,Black Knight,1.0,,,tt17013106
2023-05-21,TV (Non-English),2,Muted,1.0,,,tt20477492
2023-05-21,TV (Non-English),3,Doctor Cha,1.0,,,tt27075857
2023-05-21,TV (Non-English),4,The Good Bad Mother,1.0,,,tt27042206
2023-05-21,TV (Non-English),5,The Marked Heart,2.0,,,tt18974572
2023-05-21,TV (Non-English),6,The Tailor,1.0,,,tt15473010
2023-05-21,TV (Non-English),7,La Reina del Sur,3.0,,,tt1704637
2023-05-21,TV (Non-English),8,The Marked Heart,1.0,,,tt18974572
2023-05-21,TV (Non-English),10,Welcome to Eden,2.0,,,tt13457822
2023-05-14,Films (English),1,The Mother,,,,tt0287067
2023-05-14,Films (English),2,A Man Called Otto,,,,tt7405458
2023-05-14,Films (English),3,The Croods,,,,tt0481499
2023-05-14,Films (English),4,The Deep End of the Ocean,,,,tt0120646
2023-05-14,Films (English),5,Synchronic,,,,tt9016974
2023-05-14,Films (English),6,Kung Fu Panda 3,,,,tt2267968
2023-05-14,Films (English),7,Wrong Place,,,,tt15837458
2023-05-14,Films (English),8,The Tournament,,,,tt0019486
2023-05-14,Films (English),9,Pitch Perfect,,,,tt1981677
2023-05-14,Films (English),10,Heat,,,,tt0068688
2023-05-14,Films (Non-English),1,¡Que viva México!,,,,tt22185848
2023-05-14,Films (Non-English),2,AKA,,,,tt0317052
2023-05-14,Films (Non-English),4,Tu Jhoothi Main Makkaar,,,,tt8672856
2023-05-14,Films (Non-English),5,Royalteen: Princess Margrethe,,,,tt22488414
2023-05-14,Films (Non-English),6,Hunger,,,,tt0061042
2023-05-14,Films (Non-English),7,Queens on the Run,,,,tt21736218
2023-05-14,Films (Non-English),8,You & Me & Me,,,,tt25406060
2023-05-14,Films (Non-English),9,All Quiet on the Western Front,,,,tt0020629
2023-05-14,Films (Non-English),10,Kill Boksoon,,,,tt16900880
2023-05-14,TV (English),1,Queen Charlotte: A Bridgerton Story,,,,tt14661396
2023-05-14,TV (English),2,Firefly Lane,2.0,,,tt9012876
2023-05-14,TV (English),3,Sweet Tooth,2.0,,,tt12809988
2023-05-14,TV (English),4,Missing: Dead or Alive?,1.0,,,tt27612322
2023-05-14,TV (English),5,Bridgerton,1.0,,,tt8740790
2023-05-14,TV (English),6,The Night Agent,1.0,,,tt13918776
2023-05-14,TV (English),7,Queen Cleopatra,1.0,,,tt27528139
2023-05-14,TV (English),8,The Diplomat,1.0,,,tt13944906
2023-05-14,TV (English),9,Bridgerton,2.0,,,tt8740790
2023-05-14,TV (English),10,Sweet Tooth,1.0,,,tt12809988
2023-05-14,TV (Non-English),1,Black Knight,1.0,,,tt17013106
2023-05-14,TV (Non-English),2,Doctor Cha,1.0,,,tt27075857
2023-05-14,TV (Non-English),3,The Tailor,1.0,,,tt15473010
2023-05-14,TV (Non-English),4,The Marked Heart,2.0,,,tt18974572
2023-05-14,TV (Non-English),5,The Good Bad Mother,1.0,,,tt27042206
2023-05-14,TV (Non-English),6,Sanctuary,1.0,,,tt0161188
2023-05-14,TV (Non-English),7,The Marked Heart,1.0,,,tt18974572
2023-05-14,TV (Non-English),8,Welcome to Eden,2.0,,,tt13457822
2023-05-14,TV (Non-English),10,The Nurse,1.0,,,tt24948454
2023-05-07,Films (English),1,A Man Called Otto,,,,tt7405458
2023-05-07,Films (English),2,Pitch Perfect,,,,tt1981677
2023-05-07,Films (English),3,The Deep End of the Ocean,,,,tt0120646
2023-05-07,Films (English),4,Wrong Place,,,,tt15837458
2023-05-07,Films (English),5,The Dilemma,,,,tt1578275
2023-05-07,Films (English),6,The Croods,,,,tt0481499
2023-05-07,Films (English),7,The Tournament,,,,tt0019486
2023-05-07,Films (English),8,A Tourist's Guide to Love,,,,tt20115096
2023-05-07,Films (English),9,A Quiet Place Part II,,,,tt8332922
2023-05-07,Films (English),10,The Father,,,,tt0069752
2023-05-07,Films (Non-English),1,AKA,,,,tt0317052
2023-05-07,Films (Non-English),2,Tu Jhoothi Main Makkaar,,,,tt8672856
2023-05-07,Films (Non-English),3,Hunger,,,,tt0061042
2023-05-07,Films (Non-English),4,"Kiss, Kiss!",,,,tt12858434
2023-05-07,Films (Non-English),5,The Point Men,,,,tt0254703
2023-05-07,Films (Non-English),6,Black Crab,,,,tt6708668
2023-05-07,Films (Non-English),7,Chokehold,,,,tt18353064
2023-05-07,Films (Non-English),8,Queens on the Run,,,,tt21736218
2023-05-07,Films (Non-English),9,Kill Boksoon,,,,tt16900880
2023-05-07,Films (Non-English),10,Shehzada,,,,tt0250727
2023-05-07,TV (English),1,Queen Charlotte: A Bridgerton Story,,,,tt14661396
2023-05-07,TV (English),2,Sweet Tooth,2.0,,,tt12809988
2023-05-07,TV (English),3,Firefly Lane,2.0,,,tt9012876
2023-05-07,TV (English),4,The Diplomat,1.0,,,tt13944906
2023-05-07,TV (English),5,The Night Agent,1.0,,,tt13918776
2023-05-07,TV (English),6,Sweet Tooth,1.0,,,tt12809988
2023-05-07,TV (English),7,Firefly Lane,1.0,,,tt9012876
2023-05-07,TV (English),8,Workin' Moms,7.0,,,tt6143796
2023-05-07,TV (English),9,BEEF,1.0,,,tt14403178
2023-05-07,TV (English),10,The Smurfs,1.0,,,tt0081933
2023-05-07,TV (Non-English),1,The Tailor,1.0,,,tt15473010
2023-05-07,TV (Non-English),2,The Marked Heart,2.0,,,tt18974572
2023-05-07,TV (Non-English),3,The Nurse,1.0,,,tt24948454
2023-05-07,TV (Non-English),4,Welcome to Eden,2.0,,,tt13457822
2023-05-07,TV (Non-English),5,The Marked Heart,1.0,,,tt18974572
2023-05-07,TV (Non-English),6,Doctor Cha,1.0,,,tt27075857
2023-05-07,TV (Non-English),7,Queenmaker,1.0,,,tt26350158
2023-05-07,TV (Non-English),8,Rough Diamonds,1.0,,,tt15469192
2023-05-07,TV (Non-English),9,The Good Bad Mother,1.0,,,tt27042206
2023-05-07,TV (Non-English),10,Sanctuary,1.0,,,tt0161188
2023-04-30,Films (English),1,A Tourist's Guide to Love,,,,tt20115096
2023-04-30,Films (English),2,Whitney Houston: I Wanna Dance with Somebody,,,,tt12193804
2023-04-30,Films (English),3,The Last Kingdom: Seven Kings Must Die,,,,tt15767808
2023-04-30,Films (English),4,Let Him Go,,,,tt9340860
2023-04-30,Films (English),5,Murder Mystery 2,,,,tt15255288
2023-04-30,Films (English),6,Sing 2,,,,tt6467266
2023-04-30,Films (English),7,Chupa,,,,tt12279814
2023-04-30,Films (English),9,Time Trap,,,,tt11457750
2023-04-30,Films (English),10,Paw Patrol: The Movie,,,,tt11832046
2023-04-30,Films (Non-English),1,AKA,,,,tt0317052
2023-04-30,Films (Non-English),2,Chokehold,,,,tt18353064
2023-04-30,Films (Non-English),3,Hunger,,,,tt0061042
2023-04-30,Films (Non-English),4,"Kiss, Kiss!",,,,tt12858434
2023-04-30,Films (Non-English),5,One More Time,,,,tt0066183
2023-04-30,Films (Non-English),6,Dasara,,,,tt13984120
2023-04-30,Films (Non-English),7,Queens on the Run,,,,tt21736218
2023-04-30,Films (Non-English),8,Shehzada,,,,tt0250727
2023-04-30,Films (Non-English),9,Kill Boksoon,,,,tt16900880
2023-04-30,Films (Non-English),10,Phenomena,,,,tt0087909
2023-04-30,TV (English),1,The Diplomat,1.0,,,tt13944906
2023-04-30,TV (English),2,Sweet Tooth,2.0,,,tt12809988
2023-04-30,TV (English),3,Firefly Lane,2.0,,,tt9012876
2023-04-30,TV (English),4,The Night Agent,1.0,,,tt13918776
2023-04-30,TV (English),5,BEEF,1.0,,,tt14403178
2023-04-30,TV (English),6,Sweet Tooth,1.0,,,tt12809988
2023-04-30,TV (English),7,Workin' Moms,7.0,,,tt6143796
2023-04-30,TV (English),8,Better Call Saul,6.0,,,tt3032476
2023-04-30,TV (English),9,Love Is Blind,4.0,,,tt11704040
2023-04-30,TV (English),10,Indian Matchmaking,3.0,,,tt12580168
2023-04-30,TV (Non-English),1,The Marked Heart,2.0,,,tt18974572
2023-04-30,TV (Non-English),2,Welcome to Eden,2.0,,,tt13457822
2023-04-30,TV (Non-English),3,Rough Diamonds,1.0,,,tt15469192
2023-04-30,TV (Non-English),4,The Nurse,1.0,,,tt24948454
2023-04-30,TV (Non-English),5,The Marked Heart,1.0,,,tt18974572
2023-04-30,TV (Non-English),6,Queenmaker,1.0,,,tt26350158
2023-04-30,TV (Non-English),7,Welcome to Eden,1.0,,,tt13457822
2023-04-30,TV (Non-English),8,Doctor Cha,1.0,,,tt27075857
2023-04-30,TV (Non-English),9,The Glory,1.0,,,tt21344706
2023-04-30,TV (Non-English),10,Love After Music,1.0,,,tt18280522
2023-04-23,Films (English),1,The Last Kingdom: Seven Kings Must Die,,,,tt15767808
2023-04-23,Films (English),2,Let Him Go,,,,tt9340860
2023-04-23,Films (English),3,A Tourist's Guide to Love,,,,tt20115096
2023-04-23,Films (English),4,Murder Mystery 2,,,,tt15255288
2023-04-23,Films (English),5,Chupa,,,,tt12279814
2023-04-23,Films (English),6,The Snowman,,,,tt1543053
2023-04-23,Films (English),7,Whitney Houston: I Wanna Dance with Somebody,,,,tt12193804
2023-04-23,Films (English),8,Mighty Morphin Power Rangers: Once & Always,,,,tt23219684
2023-04-23,Films (English),9,F9: The Fast Saga,,,,tt5433138
2023-04-23,Films (Non-English),1,Queens on the Run,,,,tt21736218
2023-04-23,Films (Non-English),2,Hunger,,,,tt0061042
2023-04-23,Films (Non-English),3,Shehzada,,,,tt0250727
2023-04-23,Films (Non-English),4,Phenomena,,,,tt0087909
2023-04-23,Films (Non-English),5,Chokehold,,,,tt18353064
2023-04-23,Films (Non-English),6,One More Time,,,,tt0066183
2023-04-23,Films (Non-English),7,Kill Boksoon,,,,tt16900880
2023-04-23,Films (Non-English),10,All Quiet on the Western Front,,,,tt0020629
2023-04-23,TV (English),1,The Diplomat,1.0,,,tt13944906
2023-04-23,TV (English),2,The Night Agent,1.0,,,tt13918776
2023-04-23,TV (English),3,BEEF,1.0,,,tt14403178
2023-04-23,TV (English),4,Love Is Blind,4.0,,,tt11704040
2023-04-23,TV (English),5,Florida Man,1.0,,,tt10370722
2023-04-23,TV (English),6,Obsession,1.0,,,tt18831118
2023-04-23,TV (English),7,Better Call Saul,6.0,,,tt3032476
2023-04-23,TV (English),8,How to Get Rich,1.0,,,tt27206017
2023-04-23,TV (English),9,American Manhunt: The Boston Marathon Bombing,1.0,,,tt27142031
2023-04-23,TV (English),10,Wednesday,1.0,,,tt13443470
2023-04-23,TV (Non-English),1,The Marked Heart,2.0,,,tt18974572
2023-04-23,TV (Non-English),2,Queenmaker,1.0,,,tt26350158
2023-04-23,TV (Non-English),3,The Marked Heart,1.0,,,tt18974572
2023-04-23,TV (Non-English),4,Welcome to Eden,2.0,,,tt13457822
2023-04-23,TV (Non-English),5,Rough Diamonds,1.0,,,tt15469192
2023-04-23,TV (Non-English),6,The Glory,1.0,,,tt21344706
2023-04-23,TV (Non-English),7,Welcome to Eden,1.0,,,tt13457822
2023-04-23,TV (Non-English),9,Alchemy of Souls,1.0,,,tt20859920
2023-04-23,TV (Non-English),10,Chiquititas,,,,tt0154063
2023-04-16,Films (English),1,The Last Kingdom: Seven Kings Must Die,,,,tt15767808
2023-04-16,Films (English),2,Chupa,,,,tt12279814
2023-04-16,Films (English),3,Murder Mystery 2,,,,tt15255288
2023-04-16,Films (English),4,Trolls World Tour,,,,tt6587640
2023-04-16,Films (English),5,Noah,,,,tt10175340
2023-04-16,Films (English),6,The Last Stand,,,,tt0030346
2023-04-16,Films (English),7,Home,,,,tt0005504
2023-04-16,Films (English),8,Matilda,,,,tt0077917
2023-04-16,Films (English),9,Murder Mystery,,,,tt1618434
2023-04-16,Films (Non-English),1,Hunger,,,,tt0061042
2023-04-16,Films (Non-English),2,Queens on the Run,,,,tt21736218
2023-04-16,Films (Non-English),3,Kill Boksoon,,,,tt16900880
2023-04-16,Films (Non-English),4,Shehzada,,,,tt0250727
2023-04-16,Films (Non-English),5,Phenomena,,,,tt0087909
2023-04-16,Films (Non-English),6,Oh Belinda,,,,tt20567314
2023-04-16,Films (Non-English),7,Chor Nikal Ke Bhaga,,,,tt22297828
2023-04-16,Films (Non-English),8,La Parisienne,,,,tt5993456
2023-04-16,Films (Non-English),9,All Quiet on the Western Front,,,,tt0020629
2023-04-16,TV (English),1,The Night Agent,1.0,,,tt13918776
2023-04-16,TV (English),2,BEEF,1.0,,,tt14403178
2023-04-16,TV (English),3,Love Is Blind,4.0,,,tt11704040
2023-04-16,TV (English),4,Obsession,1.0,,,tt18831118
2023-04-16,TV (English),5,Florida Man,1.0,,,tt10370722
2023-04-16,TV (English),6,American Manhunt: The Boston Marathon Bombing,1.0,,,tt27142031
2023-04-16,TV (English),7,Transatlantic,1.0,,,tt15441266
2023-04-16,TV (English),8,Designated Survivor,1.0,,,tt5296406
2023-04-16,TV (English),9,Shadow and Bone,2.0,,,tt2403776
2023-04-16,TV (English),10,Wednesday,1.0,,,tt13443470
2023-04-16,TV (Non-English),1,Queenmaker,1.0,,,tt26350158
2023-04-16,TV (Non-English),2,Thicker Than Water,1.0,,,tt0069644
2023-04-16,TV (Non-English),3,The Glory,1.0,,,tt21344706
2023-04-16,TV (Non-English),4,Divorce Attorney Shin,1.0,,,tt26225090
2023-04-16,TV (Non-English),5,Copycat Killer,1.0,,,tt18382028
2023-04-16,TV (Non-English),6,Crash Course in Romance,1.0,,,tt24578016
2023-04-16,TV (Non-English),7,Who Were We Running From?,1.0,,,tt16163746
2023-04-16,TV (Non-English),9,Alchemy of Souls,1.0,,,tt20859920
2023-04-16,TV (Non-English),10,Chiquititas,,,,tt0154063
2023-04-09,Films (English),1,Murder Mystery 2,,,,tt15255288
2023-04-09,Films (English),2,Chupa,,,,tt12279814
2023-04-09,Films (English),3,Murder Mystery,,,,tt1618434
2023-04-09,Films (English),4,Noah,,,,tt10175340
2023-04-09,Films (English),5,Home,,,,tt0005504
2023-04-09,Films (English),6,The Bourne Legacy,,,,tt1194173
2023-04-09,Films (English),7,Shark Tale,,,,tt0307453
2023-04-09,Films (English),8,Over the Hedge,,,,tt0327084
2023-04-09,Films (English),9,Luther: The Fallen Sun,,,,tt3155298
2023-04-09,Films (English),10,Matilda,,,,tt0077917
2023-04-09,Films (Non-English),1,Kill Boksoon,,,,tt16900880
2023-04-09,Films (Non-English),2,Hunger,,,,tt0061042
2023-04-09,Films (Non-English),4,Chor Nikal Ke Bhaga,,,,tt22297828
2023-04-09,Films (Non-English),5,Faraaz,,,,tt15175188
2023-04-09,Films (Non-English),6,Oh Belinda,,,,tt20567314
2023-04-09,Films (Non-English),7,All Quiet on the Western Front,,,,tt0020629
2023-04-09,Films (Non-English),8,Johnny,,,,tt0187188
2023-04-09,Films (Non-English),9,The Takedown,,,,tt10607266
2023-04-09,Films (Non-English),10,Switch,,,,tt0079978
2023-04-09,TV (English),1,The Night Agent,1.0,,,tt13918776
2023-04-09,TV (English),2,Love Is Blind,4.0,,,tt11704040
2023-04-09,TV (English),3,BEEF,1.0,,,tt14403178
2023-04-09,TV (English),4,Unseen,1.0,,,tt13505052
2023-04-09,TV (English),5,The Blacklist,9.0,,,tt2741602
2023-04-09,TV (English),6,Shadow and Bone,2.0,,,tt2403776
2023-04-09,TV (English),7,Wellmania,1.0,,,tt16402422
2023-04-09,TV (English),8,Transatlantic,1.0,,,tt15441266
2023-04-09,TV (English),9,Designated Survivor,1.0,,,tt5296406
2023-04-09,TV (English),10,You,4.0,,,tt1487831
2023-04-09,TV (Non-English),1,The Glory,1.0,,,tt21344706
2023-04-09,TV (Non-English),2,Copycat Killer,1.0,,,tt18382028
2023-04-09,TV (Non-English),3,War Sailor,1.0,,,tt26743607
2023-04-09,TV (Non-English),4,Who Were We Running From?,1.0,,,tt16163746
2023-04-09,TV (Non-English),5,Divorce Attorney Shin,1.0,,,tt26225090
2023-04-09,TV (Non-English),6,Crash Course in Romance,1.0,,,tt24578016
2023-04-09,TV (Non-English),7,Thicker Than Water,1.0,,,tt0069644
2023-04-09,TV (Non-English),8,I Am Georgina,2.0,,,tt15494864
2023-04-09,TV (Non-English),9,From Me to You: Kimi ni Todoke,1.0,,,tt22001792
2023-04-02,Films (English),1,Murder Mystery 2,,,,tt15255288
2023-04-02,Films (English),2,Murder Mystery,,,,tt1618434
2023-04-02,Films (English),3,Luther: The Fallen Sun,,,,tt3155298
2023-04-02,Films (English),4,I See You,,,,tt0857381
2023-04-02,Films (English),5,The Magician's Elephant,,,,tt2560092
2023-04-02,Films (English),6,Minions: The Rise of Gru,,,,tt5113044
2023-04-02,Films (English),7,Hotel Transylvania 2,,,,tt0141208
2023-04-02,Films (English),8,Dragged Across Concrete,,,,tt6491178
2023-04-02,Films (English),9,Trolls,,,,tt1679335
2023-04-02,Films (English),10,The Bourne Legacy,,,,tt1194173
2023-04-02,Films (Non-English),1,Kill Boksoon,,,,tt16900880
2023-04-02,Films (Non-English),2,Chor Nikal Ke Bhaga,,,,tt22297828
2023-04-02,Films (Non-English),4,Johnny,,,,tt0187188
2023-04-02,Films (Non-English),5,Furies,,,,tt25260664
2023-04-02,Films (Non-English),6,All Quiet on the Western Front,,,,tt0020629
2023-04-02,Films (Non-English),7,Still Time,,,,tt15654800
2023-04-02,Films (Non-English),8,In His Shadow,,,,tt26763229
2023-04-02,Films (Non-English),9,Faraaz,,,,tt15175188
2023-04-02,Films (Non-English),10,Labyu With An Accent,,,,tt22170224
2023-04-02,TV (English),1,The Night Agent,1.0,,,tt13918776
2023-04-02,TV (English),2,Love Is Blind,4.0,,,tt11704040
2023-04-02,TV (English),3,Shadow and Bone,2.0,,,tt2403776
2023-04-02,TV (English),4,Unseen,1.0,,,tt13505052
2023-04-02,TV (English),5,You,4.0,,,tt1487831
2023-04-02,TV (English),7,Wellmania,1.0,,,tt16402422
2023-04-02,TV (English),8,Wednesday,1.0,,,tt13443470
2023-04-02,TV (English),9,Unstable,1.0,,,tt1906230
2023-04-02,TV (English),10,Outer Banks,3.0,,,tt10293938
2023-04-02,TV (Non-English),1,Who Were We Running From?,1.0,,,tt16163746
2023-04-02,TV (Non-English),2,The Glory,1.0,,,tt21344706
2023-04-02,TV (Non-English),3,I Am Georgina,2.0,,,tt15494864
2023-04-02,TV (Non-English),4,Crash Course in Romance,1.0,,,tt24578016
2023-04-02,TV (Non-English),6,Invisible City,2.0,,,tt11053146
2023-04-02,TV (Non-English),7,Divorce Attorney Shin,1.0,,,tt26225090
2023-04-02,TV (Non-English),8,Close to Home: Murder in the Coalfield,1.0,,,tt21955940
2023-04-02,TV (Non-English),9,Wrong Side of the Tracks,2.0,,,tt13980362
2023-04-02,TV (Non-English),10,From Me to You: Kimi ni Todoke,1.0,,,tt22001792
2023-03-26,Films (English),1,Luther: The Fallen Sun,,,,tt3155298
2023-03-26,Films (English),2,The Magician's Elephant,,,,tt2560092
2023-03-26,Films (English),3,I See You,,,,tt0857381
2023-03-26,Films (English),4,Dragged Across Concrete,,,,tt6491178
2023-03-26,Films (English),5,Money Shot: The Pornhub Story,,,,tt26739529
2023-03-26,Films (English),6,Murder Mystery,,,,tt1618434
2023-03-26,Films (English),7,Perfume: The Story of a Murderer,,,,tt0396171
2023-03-26,Films (English),8,Riddick,,,,tt1411250
2023-03-26,Films (English),9,Minions: The Rise of Gru,,,,tt5113044
2023-03-26,Films (English),10,We Have a Ghost,,,,tt7798604
2023-03-26,Films (Non-English),1,In His Shadow,,,,tt26763229
2023-03-26,Films (Non-English),2,Noise,,,,tt0353814
2023-03-26,Films (Non-English),3,Chor Nikal Ke Bhaga,,,,tt22297828
2023-03-26,Films (Non-English),4,Still Time,,,,tt15654800
2023-03-26,Films (Non-English),5,All Quiet on the Western Front,,,,tt0020629
2023-03-26,Films (Non-English),6,Johnny,,,,tt0187188
2023-03-26,Films (Non-English),7,Furies,,,,tt25260664
2023-03-26,Films (Non-English),9,City of God,,,,tt0317248
2023-03-26,Films (Non-English),10,Sky High,,,,tt0013607
2023-03-26,TV (English),1,The Night Agent,1.0,,,tt13918776
2023-03-26,TV (English),2,Shadow and Bone,2.0,,,tt2403776
2023-03-26,TV (English),3,You,4.0,,,tt1487831
2023-03-26,TV (English),4,Love Is Blind,4.0,,,tt11704040
2023-03-26,TV (English),5,Waco: American Apocalypse,1.0,,,tt26687196
2023-03-26,TV (English),6,Shadow and Bone,1.0,,,tt2403776
2023-03-26,TV (English),7,Outer Banks,3.0,,,tt10293938
2023-03-26,TV (English),8,Sex/Life,2.0,,,tt0179609
2023-03-26,TV (English),9,Wednesday,1.0,,,tt13443470
2023-03-26,TV (English),10,MH370: The Plane That Disappeared,1.0,,,tt26739535
2023-03-26,TV (Non-English),1,The Glory,1.0,,,tt21344706
2023-03-26,TV (Non-English),3,Who Were We Running From?,1.0,,,tt16163746
2023-03-26,TV (Non-English),4,I Am Georgina,2.0,,,tt15494864
2023-03-26,TV (Non-English),5,Crash Course in Romance,1.0,,,tt24578016
2023-03-26,TV (Non-English),7,Wrong Side of the Tracks,2.0,,,tt13980362
2023-03-26,TV (Non-English),8,Close to Home: Murder in the Coalfield,1.0,,,tt21955940
2023-03-26,TV (Non-English),9,Invisible City,2.0,,,tt11053146
2023-03-26,TV (Non-English),10,Mr. Queen,,,,tt13400006
2023-03-19,Films (English),1,Luther: The Fallen Sun,,,,tt3155298
2023-03-19,Films (English),2,Faraway,,,,tt18747542
2023-03-19,Films (English),3,The Magician's Elephant,,,,tt2560092
2023-03-19,Films (English),4,Money Shot: The Pornhub Story,,,,tt26739529
2023-03-19,Films (English),5,Dragged Across Concrete,,,,tt6491178
2023-03-19,Films (English),6,We Have a Ghost,,,,tt7798604
2023-03-19,Films (English),7,The Hunger Games: Catching Fire,,,,tt1951264
2023-03-19,Films (English),8,Turbo,,,,tt1860353
2023-03-19,Films (English),9,The Hunger Games,,,,tt10321126
2023-03-19,Films (English),10,Kick-Ass 2,,,,tt1650554
2023-03-19,Films (Non-English),1,Still Time,,,,tt15654800
2023-03-19,Films (Non-English),2,All Quiet on the Western Front,,,,tt0020629
2023-03-19,Films (Non-English),3,Noise,,,,tt0353814
2023-03-19,Films (Non-English),4,In His Shadow,,,,tt26763229
2023-03-19,Films (Non-English),5,Kuttey,,,,tt15281704
2023-03-19,Films (Non-English),6,Have a nice day!,,,,tt26739643
2023-03-19,Films (Non-English),9,Vaathi,,,,tt15427980
2023-03-19,Films (Non-English),10,Sir,,,,tt0108144
2023-03-19,TV (English),1,You,4.0,,,tt1487831
2023-03-19,TV (English),2,Shadow and Bone,2.0,,,tt2403776
2023-03-19,TV (English),3,MH370: The Plane That Disappeared,1.0,,,tt26739535
2023-03-19,TV (English),4,Outer Banks,3.0,,,tt10293938
2023-03-19,TV (English),5,Shadow and Bone,1.0,,,tt2403776
2023-03-19,TV (English),6,Outlast,1.0,,,tt26690964
2023-03-19,TV (English),7,Sex/Life,2.0,,,tt0179609
2023-03-19,TV (English),8,Wednesday,1.0,,,tt13443470
2023-03-19,TV (English),9,Sex/Life,1.0,,,tt0179609
2023-03-19,TV (English),10,Perfect Match,1.0,,,tt0198203
2023-03-19,TV (Non-English),1,The Glory,1.0,,,tt21344706
2023-03-19,TV (Non-English),2,Wrong Side of the Tracks,2.0,,,tt13980362
2023-03-19,TV (Non-English),4,Rana Naidu,1.0,,,tt15471900
2023-03-19,TV (Non-English),5,Crash Course in Romance,1.0,,,tt24578016
2023-03-19,TV (Non-English),6,Wrong Side of the Tracks,1.0,,,tt13980362
2023-03-19,TV (Non-English),7,Mr. Queen,,,,tt13400006
2023-03-19,TV (Non-English),8,In the Name of God: A Holy Betrayal,1.0,,,tt26340363
2023-03-19,TV (Non-English),9,Triptych,1.0,,,tt20565150
2023-03-12,Films (English),1,Luther: The Fallen Sun,,,,tt3155298
2023-03-12,Films (English),2,Faraway,,,,tt18747542
2023-03-12,Films (English),3,We Have a Ghost,,,,tt7798604
2023-03-12,Films (English),4,The Hunger Games,,,,tt10321126
2023-03-12,Films (English),5,Turbo,,,,tt1860353
2023-03-12,Films (English),6,The Hunger Games: Catching Fire,,,,tt1951264
2023-03-12,Films (English),7,Paw Patrol: The Movie,,,,tt11832046
2023-03-12,Films (English),8,This Is Where I Leave You,,,,tt1371150
2023-03-12,Films (English),9,World War Z,,,,tt0816711
2023-03-12,Films (English),10,Burlesque,,,,tt0321553
2023-03-12,Films (Non-English),2,10 Days of a Good Man,,,,tt23334464
2023-03-12,Films (Non-English),3,Tonight You're Sleeping with Me,,,,tt26548664
2023-03-12,Films (Non-English),4,All Quiet on the Western Front,,,,tt0020629
2023-03-12,Films (Non-English),5,Black Crab,,,,tt6708668
2023-03-12,Films (Non-English),6,Men of Plastic,,,,tt23157348
2023-03-12,Films (Non-English),7,Unlocked,,,,tt16234468
2023-03-12,Films (Non-English),8,Carandiru,,,,tt0293007
2023-03-12,Films (Non-English),9,Ibiza,,,,tt3685236
2023-03-12,Films (Non-English),10,Iratta,,,,tt25406500
2023-03-12,TV (English),1,You,4.0,,,tt1487831
2023-03-12,TV (English),2,MH370: The Plane That Disappeared,1.0,,,tt26739535
2023-03-12,TV (English),3,Sex/Life,2.0,,,tt0179609
2023-03-12,TV (English),4,Outer Banks,3.0,,,tt10293938
2023-03-12,TV (English),5,Sex/Life,1.0,,,tt0179609
2023-03-12,TV (English),6,Next in Fashion,2.0,,,tt10394770
2023-03-12,TV (English),7,Perfect Match,1.0,,,tt0198203
2023-03-12,TV (English),9,Outer Banks,2.0,,,tt10293938
2023-03-12,TV (English),10,Outer Banks,1.0,,,tt10293938
2023-03-12,TV (Non-English),1,The Glory,1.0,,,tt21344706
2023-03-12,TV (Non-English),2,Wrong Side of the Tracks,2.0,,,tt13980362
2023-03-12,TV (Non-English),3,Wrong Side of the Tracks,1.0,,,tt13980362
2023-03-12,TV (Non-English),4,Crash Course in Romance,1.0,,,tt24578016
2023-03-12,TV (Non-English),5,In the Name of God: A Holy Betrayal,1.0,,,tt26340363
2023-03-12,TV (Non-English),6,Triptych,1.0,,,tt20565150
2023-03-12,TV (Non-English),7,Mr. Queen,,,,tt13400006
2023-03-12,TV (Non-English),8,Too Hot to Handle: Germany,1.0,,,tt21092364
2023-03-12,TV (Non-English),9,La Reina del Sur,3.0,,,tt1704637
2023-03-12,TV (Non-English),10,Rana Naidu,1.0,,,tt15471900
2023-03-05,Films (English),1,We Have a Ghost,,,,tt7798604
2023-03-05,Films (English),2,The Strays,,,,tt16437278
2023-03-05,Films (English),3,The Condemned,,,,tt0076180
2023-03-05,Films (English),4,R.I.P.D.,,,,tt0790736
2023-03-05,Films (English),5,Bad Boys for Life,,,,tt1502397
2023-03-05,Films (English),6,Your Place or Mine,,,,tt0178998
2023-03-05,Films (English),7,This Is Where I Leave You,,,,tt1371150
2023-03-05,Films (English),8,The Hunger Games,,,,tt10321126
2023-03-05,Films (English),10,Paw Patrol: The Movie,,,,tt11832046
2023-03-05,Films (Non-English),1,Tonight You're Sleeping with Me,,,,tt26548664
2023-03-05,Films (Non-English),3,Call Me Chihiro,,,,tt21825858
2023-03-05,Films (Non-English),4,Unlocked,,,,tt16234468
2023-03-05,Films (Non-English),5,Waltair Veerayya,,,,tt15281402
2023-03-05,Films (Non-English),6,10 Days of a Good Man,,,,tt23334464
2023-03-05,Films (Non-English),7,All Quiet on the Western Front,,,,tt0020629
2023-03-05,Films (Non-English),8,Black Crab,,,,tt6708668
2023-03-05,Films (Non-English),9,Carandiru,,,,tt0293007
2023-03-05,Films (Non-English),10,Viking Wolf,,,,tt13051810
2023-03-05,TV (English),1,Outer Banks,3.0,,,tt10293938
2023-03-05,TV (English),2,Sex/Life,2.0,,,tt0179609
2023-03-05,TV (English),3,Perfect Match,1.0,,,tt0198203
2023-03-05,TV (English),4,Outer Banks,1.0,,,tt10293938
2023-03-05,TV (English),5,Murdaugh Murders: A Southern Scandal,1.0,,,tt26340238
2023-03-05,TV (English),6,Outer Banks,2.0,,,tt10293938
2023-03-05,TV (English),7,Formula 1: Drive to Survive,5.0,,,tt8289930
2023-03-05,TV (English),8,Sex/Life,1.0,,,tt0179609
2023-03-05,TV (English),9,Wednesday,1.0,,,tt13443470
2023-03-05,TV (English),10,Next in Fashion,2.0,,,tt10394770
2023-03-05,TV (Non-English),1,Triptych,1.0,,,tt20565150
2023-03-05,TV (Non-English),2,Wrong Side of the Tracks,2.0,,,tt13980362
2023-03-05,TV (Non-English),3,Crash Course in Romance,1.0,,,tt24578016
2023-03-05,TV (Non-English),4,Wrong Side of the Tracks,1.0,,,tt13980362
2023-03-05,TV (Non-English),5,Mr. Queen,,,,tt13400006
2023-03-05,TV (Non-English),6,Physical: 100,1.0,,,tt25274446
2023-03-05,TV (Non-English),7,Too Hot to Handle: Germany,1.0,,,tt21092364
2023-03-05,TV (Non-English),8,La Reina del Sur,3.0,,,tt1704637
2023-03-05,TV (Non-English),9,Monique Olivier: Accessory to Evil,1.0,,,tt26595396
2023-03-05,TV (Non-English),10,The Law According to Lidia Poët,1.0,,,tt15441160
2023-02-26,Films (English),1,We Have a Ghost,,,,tt7798604
2023-02-26,Films (English),2,The Strays,,,,tt16437278
2023-02-26,Films (English),3,Your Place or Mine,,,,tt0178998
2023-02-26,Films (English),4,Army of One,,,,tt0421041
2023-02-26,Films (English),5,The Woman King,,,,tt8093700
2023-02-26,Films (English),6,2 Guns,,,,tt1272878
2023-02-26,Films (English),7,Jurassic World,,,,tt0369610
2023-02-26,Films (English),8,Mission: Impossible - Fallout,,,,tt4912910
2023-02-26,Films (English),9,Minions: The Rise of Gru,,,,tt5113044
2023-02-26,Films (English),10,Bad Boys for Life,,,,tt1502397
2023-02-26,Films (Non-English),1,Unlocked,,,,tt16234468
2023-02-26,Films (Non-English),2,All Quiet on the Western Front,,,,tt0020629
2023-02-26,Films (Non-English),3,Call Me Chihiro,,,,tt21825858
2023-02-26,Films (Non-English),4,Cirkus,,,,tt0031159
2023-02-26,Films (Non-English),5,Squared Love All Over Again,,,,tt26369131
2023-02-26,Films (Non-English),6,All the Places,,,,tt12616964
2023-02-26,Films (Non-English),7,Re/Member,,,,tt21250176
2023-02-26,Films (Non-English),8,Elite Squad,,,,tt0861739
2023-02-26,Films (Non-English),9,An Inconvenient Love,,,,tt21801648
2023-02-26,Films (Non-English),10,The Last Mercenary,,,,tt12808182
2023-02-26,TV (English),1,Outer Banks,3.0,,,tt10293938
2023-02-26,TV (English),2,Murdaugh Murders: A Southern Scandal,1.0,,,tt26340238
2023-02-26,TV (English),3,Perfect Match,1.0,,,tt0198203
2023-02-26,TV (English),4,Outer Banks,1.0,,,tt10293938
2023-02-26,TV (English),5,You,4.0,,,tt1487831
2023-02-26,TV (English),6,Formula 1: Drive to Survive,5.0,,,tt8289930
2023-02-26,TV (English),7,Outer Banks,2.0,,,tt10293938
2023-02-26,TV (English),8,Red Rose,1.0,,,tt12036612
2023-02-26,TV (English),9,Wednesday,1.0,,,tt13443470
2023-02-26,TV (English),10,The Walking Dead,11.0,,,tt1520211
2023-02-26,TV (Non-English),1,Triptych,1.0,,,tt20565150
2023-02-26,TV (Non-English),2,Physical: 100,1.0,,,tt25274446
2023-02-26,TV (Non-English),3,Mr. Queen,,,,tt13400006
2023-02-26,TV (Non-English),4,Crash Course in Romance,1.0,,,tt24578016
2023-02-26,TV (Non-English),5,The Law According to Lidia Poët,1.0,,,tt15441160
2023-02-26,TV (Non-English),6,Ganglands,2.0,,,tt13278100
2023-02-26,TV (Non-English),7,Love to Hate You,1.0,,,tt26229508
2023-02-26,TV (Non-English),8,Eva Lasting,1.0,,,tt26346647
2023-02-26,TV (Non-English),9,Ganglands,1.0,,,tt13278100
2023-02-26,TV (Non-English),10,La Reina del Sur,3.0,,,tt1704637
2023-02-19,Films (English),1,Your Place or Mine,,,,tt0178998
2023-02-19,Films (English),2,2 Guns,,,,tt1272878
2023-02-19,Films (English),3,The Woman King,,,,tt8093700
2023-02-19,Films (English),4,You People,,,,tt14826022
2023-02-19,Films (English),5,Minions: The Rise of Gru,,,,tt5113044
2023-02-19,Films (English),6,Mission: Impossible - Fallout,,,,tt4912910
2023-02-19,Films (English),7,47 Meters Down: Uncaged,,,,tt7329656
2023-02-19,Films (English),8,True Spirit,,,,tt0464831
2023-02-19,Films (English),9,Bloodshot,,,,tt1634106
2023-02-19,Films (English),10,Jurassic World,,,,tt0369610
2023-02-19,Films (Non-English),1,Squared Love All Over Again,,,,tt26369131
2023-02-19,Films (Non-English),2,All the Places,,,,tt12616964
2023-02-19,Films (Non-English),3,Unlocked,,,,tt16234468
2023-02-19,Films (Non-English),4,Re/Member,,,,tt21250176
2023-02-19,Films (Non-English),5,Cirkus,,,,tt0031159
2023-02-19,Films (Non-English),6,Viking Wolf,,,,tt13051810
2023-02-19,Films (Non-English),7,All Quiet on the Western Front,,,,tt0020629
2023-02-19,Films (Non-English),9,Infiesto,,,,tt15789492
2023-02-19,TV (English),1,You,4.0,,,tt1487831
2023-02-19,TV (English),2,Perfect Match,1.0,,,tt0198203
2023-02-19,TV (English),3,You,1.0,,,tt1487831
2023-02-19,TV (English),4,Red Rose,1.0,,,tt12036612
2023-02-19,TV (English),5,Wednesday,1.0,,,tt13443470
2023-02-19,TV (English),6,Ginny & Georgia,2.0,,,tt10813940
2023-02-19,TV (English),7,Full Swing,1.0,,,tt0862578
2023-02-19,TV (English),8,Love Is Blind,3.0,,,tt11704040
2023-02-19,TV (English),9,You,3.0,,,tt1487831
2023-02-19,TV (English),10,You,2.0,,,tt1487831
2023-02-19,TV (Non-English),1,Physical: 100,1.0,,,tt25274446
2023-02-19,TV (Non-English),2,Love to Hate You,1.0,,,tt26229508
2023-02-19,TV (Non-English),3,The Law According to Lidia Poët,1.0,,,tt15441160
2023-02-19,TV (Non-English),4,Crash Course in Romance,1.0,,,tt24578016
2023-02-19,TV (Non-English),5,Mr. Queen,,,,tt13400006
2023-02-19,TV (Non-English),6,In Love All Over Again,1.0,,,tt21206964
2023-02-19,TV (Non-English),7,True Beauty,,,,tt1232714
2023-02-19,TV (Non-English),8,La Reina del Sur,3.0,,,tt1704637
2023-02-19,TV (Non-English),9,Alchemy of Souls,2.0,,,tt20859920
2023-02-19,TV (Non-English),10,Ganglands,2.0,,,tt13278100
2023-02-12,Films (English),1,Your Place or Mine,,,,tt0178998
2023-02-12,Films (English),2,True Spirit,,,,tt0464831
2023-02-12,Films (English),3,You People,,,,tt14826022
2023-02-12,Films (English),4,Bloodshot,,,,tt1634106
2023-02-12,Films (English),5,Minions: The Rise of Gru,,,,tt5113044
2023-02-12,Films (English),6,"Lyle, Lyle, Crocodile",,,,tt14668630
2023-02-12,Films (English),7,"Pamela, a love story",,,,tt18376122
2023-02-12,Films (English),8,Sniper: Ultimate Kill,,,,tt6349302
2023-02-12,Films (English),9,Enough,,,,tt0278435
2023-02-12,Films (Non-English),1,Viking Wolf,,,,tt13051810
2023-02-12,Films (Non-English),2,Infiesto,,,,tt15789492
2023-02-12,Films (Non-English),3,Thunivu,,,,tt15163652
2023-02-12,Films (Non-English),5,All Quiet on the Western Front,,,,tt0020629
2023-02-12,Films (Non-English),6,Vadh,,,,tt0313743
2023-02-12,Films (Non-English),9,My Name Is Vendetta,,,,tt15229674
2023-02-12,Films (Non-English),10,Troll,,,,tt0067883
2023-02-12,TV (English),1,You,4.0,,,tt1487831
2023-02-12,TV (English),2,Ginny & Georgia,2.0,,,tt10813940
2023-02-12,TV (English),3,Wednesday,1.0,,,tt13443470
2023-02-12,TV (English),4,You,1.0,,,tt1487831
2023-02-12,TV (English),5,Ginny & Georgia,1.0,,,tt10813940
2023-02-12,TV (English),6,New Amsterdam,1.0,,,tt0928414
2023-02-12,TV (English),7,Lockwood & Co.,1.0,,,tt13802576
2023-02-12,TV (English),8,Love Is Blind,3.0,,,tt11704040
2023-02-12,TV (English),9,You,3.0,,,tt1487831
2023-02-12,TV (English),10,New Amsterdam,4.0,,,tt0928414
2023-02-12,TV (Non-English),1,Physical: 100,1.0,,,tt25274446
2023-02-12,TV (Non-English),2,Crash Course in Romance,1.0,,,tt24578016
2023-02-12,TV (Non-English),3,The Snow Girl,1.0,,,tt15787870
2023-02-12,TV (Non-English),4,La Reina del Sur,3.0,,,tt1704637
2023-02-12,TV (Non-English),5,True Beauty,,,,tt1232714
2023-02-12,TV (Non-English),6,The Interest of Love,1.0,,,tt24224910
2023-02-12,TV (Non-English),7,Alchemy of Souls,2.0,,,tt20859920
2023-02-12,TV (Non-English),8,Love to Hate You,1.0,,,tt26229508
2023-02-12,TV (Non-English),9,Class,1.0,,,tt0981238
2023-02-05,Films (English),1,You People,,,,tt14826022
2023-02-05,Films (English),2,"Pamela, a love story",,,,tt18376122
2023-02-05,Films (English),3,Minions: The Rise of Gru,,,,tt5113044
2023-02-05,Films (English),5,True Spirit,,,,tt0464831
2023-02-05,Films (English),6,The Hurricane Heist,,,,tt5360952
2023-02-05,Films (English),7,Bloodshot,,,,tt1634106
2023-02-05,Films (English),9,Flushed Away,,,,tt0424095
2023-02-05,Films (English),10,Inheritance,,,,tt0077391
2023-02-05,Films (Non-English),1,Viking Wolf,,,,tt13051810
2023-02-05,Films (Non-English),2,Infiesto,,,,tt15789492
2023-02-05,Films (Non-English),4,All Quiet on the Western Front,,,,tt0020629
2023-02-05,Films (Non-English),5,An Action Hero,,,,tt15600222
2023-02-05,Films (Non-English),6,The Price of Family,,,,tt21149522
2023-02-05,Films (Non-English),8,Mission Majnu,,,,tt13131232
2023-02-05,Films (Non-English),9,JUNG_E,,,,tt22352848
2023-02-05,Films (Non-English),10,Troll,,,,tt0067883
2023-02-05,TV (English),1,Lockwood & Co.,1.0,,,tt13802576
2023-02-05,TV (English),2,Ginny & Georgia,2.0,,,tt10813940
2023-02-05,TV (English),3,Wednesday,1.0,,,tt13443470
2023-02-05,TV (English),4,Ginny & Georgia,1.0,,,tt10813940
2023-02-05,TV (English),5,New Amsterdam,1.0,,,tt0928414
2023-02-05,TV (English),6,Vikings: Valhalla,2.0,,,tt11311302
2023-02-05,TV (English),7,New Amsterdam,2.0,,,tt0928414
2023-02-05,TV (English),8,That '90s Show,1.0,,,tt15591076
2023-02-05,TV (English),9,Freeridge,1.0,,,tt15506958
2023-02-05,TV (English),10,New Amsterdam,3.0,,,tt0928414
2023-02-05,TV (Non-English),1,The Snow Girl,1.0,,,tt15787870
2023-02-05,TV (Non-English),2,Physical: 100,1.0,,,tt25274446
2023-02-05,TV (Non-English),3,La Reina del Sur,3.0,,,tt1704637
2023-02-05,TV (Non-English),4,Record of Ragnarok,2.0,,,tt13676344
2023-02-05,TV (Non-English),5,Crash Course in Romance,1.0,,,tt24578016
2023-02-05,TV (Non-English),6,The Endless Night,1.0,,,tt16427924
2023-02-05,TV (Non-English),7,Alchemy of Souls,2.0,,,tt20859920
2023-02-05,TV (Non-English),8,Women at War,1.0,,,tt14579330
2023-02-05,TV (Non-English),9,The Interest of Love,1.0,,,tt24224910
2023-02-05,TV (Non-English),10,Shahmaran,1.0,,,tt16913068
2023-01-29,Films (English),1,You People,,,,tt14826022
2023-01-29,Films (English),2,Inheritance,,,,tt0077391
2023-01-29,Films (English),4,Puss in Boots,,,,tt0064714
2023-01-29,Films (English),5,Devotion,,,,tt0011115
2023-01-29,Films (English),6,Dog Gone,,,,tt0969250
2023-01-29,Films (English),7,The Pale Blue Eye,,,,tt12356620
2023-01-29,Films (English),8,Sing,,,,tt0098335
2023-01-29,Films (English),10,Trolls,,,,tt1679335
2023-01-29,Films (Non-English),2,JUNG_E,,,,tt22352848
2023-01-29,Films (Non-English),3,Mission Majnu,,,,tt13131232
2023-01-29,Films (Non-English),4,All Quiet on the Western Front,,,,tt0020629
2023-01-29,Films (Non-English),5,The Price of Family,,,,tt21149522
2023-01-29,Films (Non-English),6,An Action Hero,,,,tt15600222
2023-01-29,Films (Non-English),7,Troll,,,,tt0067883
2023-01-29,Films (Non-English),8,Dhamaka,,,,tt0379245
2023-01-29,Films (Non-English),10,My Name Is Vendetta,,,,tt15229674
2023-01-29,TV (English),1,Ginny & Georgia,2.0,,,tt10813940
2023-01-29,TV (English),2,Wednesday,1.0,,,tt13443470
2023-01-29,TV (English),3,Ginny & Georgia,1.0,,,tt10813940
2023-01-29,TV (English),4,That '90s Show,1.0,,,tt15591076
2023-01-29,TV (English),5,Vikings: Valhalla,2.0,,,tt11311302
2023-01-29,TV (English),6,Lockwood & Co.,1.0,,,tt13802576
2023-01-29,TV (English),7,New Amsterdam,1.0,,,tt0928414
2023-01-29,TV (English),8,Bling Empire: New York,1.0,,,tt22481904
2023-01-29,TV (English),9,Bake Squad,2.0,,,tt15078760
2023-01-29,TV (English),10,Kaleidoscope,1.0,,,tt0262965
2023-01-29,TV (Non-English),1,La Reina del Sur,3.0,,,tt1704637
2023-01-29,TV (Non-English),2,Shahmaran,1.0,,,tt16913068
2023-01-29,TV (Non-English),3,The Snow Girl,1.0,,,tt15787870
2023-01-29,TV (Non-English),4,Women at War,1.0,,,tt14579330
2023-01-29,TV (Non-English),5,Record of Ragnarok,2.0,,,tt13676344
2023-01-29,TV (Non-English),6,The Endless Night,1.0,,,tt16427924
2023-01-29,TV (Non-English),7,Physical: 100,1.0,,,tt25274446
2023-01-29,TV (Non-English),8,Fauda,4.0,,,tt4565380
2023-01-29,TV (Non-English),9,The Glory,1.0,,,tt21344706
2023-01-29,TV (Non-English),10,Alchemy of Souls,1.0,,,tt20859920
2023-01-22,Films (English),1,Dog Gone,,,,tt0969250
2023-01-22,Films (English),2,The Pale Blue Eye,,,,tt12356620
2023-01-22,Films (English),4,The Hatchet Wielding Hitchhiker,,,,tt24509990
2023-01-22,Films (English),5,Sing,,,,tt0098335
2023-01-22,Films (English),7,Puss in Boots,,,,tt0064714
2023-01-22,Films (English),8,A Quiet Place Part II,,,,tt8332922
2023-01-22,Films (English),9,Trolls,,,,tt1679335
2023-01-22,Films (English),10,Disconnect: The Wedding Planner,,,,tt24640474
2023-01-22,Films (Non-English),1,JUNG_E,,,,tt22352848
2023-01-22,Films (Non-English),2,Mission Majnu,,,,tt13131232
2023-01-22,Films (Non-English),3,Noise,,,,tt0353814
2023-01-22,Films (Non-English),4,All Quiet on the Western Front,,,,tt0020629
2023-01-22,Films (Non-English),5,Troll,,,,tt0067883
2023-01-22,Films (Non-English),7,Kaapa,,,,tt15251536
2023-01-22,Films (Non-English),8,Lesson Plan,,,,tt1740801
2023-01-22,Films (Non-English),9,My Name Is Vendetta,,,,tt15229674
2023-01-22,Films (Non-English),10,Alkhallat+,,,,tt22497768
2023-01-22,TV (English),1,Ginny & Georgia,2.0,,,tt10813940
2023-01-22,TV (English),2,Vikings: Valhalla,2.0,,,tt11311302
2023-01-22,TV (English),3,Wednesday,1.0,,,tt13443470
2023-01-22,TV (English),4,Ginny & Georgia,1.0,,,tt10813940
2023-01-22,TV (English),5,That '90s Show,1.0,,,tt15591076
2023-01-22,TV (English),6,Vikings: Valhalla,1.0,,,tt11311302
2023-01-22,TV (English),7,Kaleidoscope,1.0,,,tt0262965
2023-01-22,TV (English),8,Emily in Paris,3.0,,,tt8962124
2023-01-22,TV (English),9,New Amsterdam,1.0,,,tt0928414
2023-01-22,TV (English),10,The Walking Dead,11.0,,,tt1520211
2023-01-22,TV (Non-English),1,La Reina del Sur,3.0,,,tt1704637
2023-01-22,TV (Non-English),2,Women at War,1.0,,,tt14579330
2023-01-22,TV (Non-English),3,The Glory,1.0,,,tt21344706
2023-01-22,TV (Non-English),4,Sky Rojo,3.0,,,tt8690776
2023-01-22,TV (Non-English),5,Shahmaran,1.0,,,tt16913068
2023-01-22,TV (Non-English),6,Alice in Borderland,2.0,,,tt10795658
2023-01-22,TV (Non-English),7,Fauda,4.0,,,tt4565380
2023-01-22,TV (Non-English),8,Alchemy of Souls,1.0,,,tt20859920
2023-01-22,TV (Non-English),9,Woman of the Dead,1.0,,,tt5569404
2023-01-22,TV (Non-English),10,Alpha Males,1.0,,,tt18482892
2023-01-15,Films (English),1,The Pale Blue Eye,,,,tt12356620
2023-01-15,Films (English),2,The Hatchet Wielding Hitchhiker,,,,tt24509990
2023-01-15,Films (English),4,Dog Gone,,,,tt0969250
2023-01-15,Films (English),5,Sing,,,,tt0098335
2023-01-15,Films (English),7,Jumanji: The Next Level,,,,tt7975244
2023-01-15,Films (English),8,Transformers: Dark of the Moon,,,,tt1399103
2023-01-15,Films (English),9,Colombiana,,,,tt1657507
2023-01-15,Films (English),10,Daddy Day Care,,,,tt0317303
2023-01-15,Films (Non-English),1,Noise,,,,tt0353814
2023-01-15,Films (Non-English),2,How I Became a Gangster,,,,tt10804178
2023-01-15,Films (Non-English),3,The Raid 2,,,,tt2265171
2023-01-15,Films (Non-English),4,The Kings of the World,,,,tt15399372
2023-01-15,Films (Non-English),5,Confidential Assignment 2: International,,,,tt21867370
2023-01-15,Films (Non-English),6,Thai Massage,,,,tt20838498
2023-01-15,Films (Non-English),7,"Farewell, Mr. Haffmann",,,,tt10545704
2023-01-15,Films (Non-English),8,Troll,,,,tt0067883
2023-01-15,Films (Non-English),9,All Quiet on the Western Front,,,,tt0020629
2023-01-15,TV (English),1,Ginny & Georgia,2.0,,,tt10813940
2023-01-15,TV (English),2,Ginny & Georgia,1.0,,,tt10813940
2023-01-15,TV (English),3,Wednesday,1.0,,,tt13443470
2023-01-15,TV (English),4,Vikings: Valhalla,2.0,,,tt11311302
2023-01-15,TV (English),5,Kaleidoscope,1.0,,,tt0262965
2023-01-15,TV (English),6,Vikings: Valhalla,1.0,,,tt11311302
2023-01-15,TV (English),7,Emily in Paris,3.0,,,tt8962124
2023-01-15,TV (English),8,New Amsterdam,1.0,,,tt0928414
2023-01-15,TV (English),9,The Walking Dead,11.0,,,tt1520211
2023-01-15,TV (English),10,The Recruit,1.0,,,tt16030542
2023-01-15,TV (Non-English),1,La Reina del Sur,3.0,,,tt1704637
2023-01-15,TV (Non-English),2,The Glory,1.0,,,tt21344706
2023-01-15,TV (Non-English),3,Woman of the Dead,1.0,,,tt5569404
2023-01-15,TV (Non-English),4,Alice in Borderland,2.0,,,tt10795658
2023-01-15,TV (Non-English),6,Alpha Males,1.0,,,tt18482892
2023-01-15,TV (Non-English),7,Alchemy of Souls,2.0,,,tt20859920
2023-01-15,TV (Non-English),8,Sky Rojo,3.0,,,tt8690776
2023-01-15,TV (Non-English),9,Lady Voyeur,1.0,,,tt15525658
2023-01-15,TV (Non-English),10,Love Is Blind: Brazil,2.0,,,tt15018224
2023-01-08,Films (English),2,The Pale Blue Eye,,,,tt12356620
2023-01-08,Films (English),3,Jumanji: The Next Level,,,,tt7975244
2023-01-08,Films (English),5,White Noise,,,,tt0375210
2023-01-08,Films (English),6,Honest Thief,,,,tt1838556
2023-01-08,Films (English),7,Sing,,,,tt0098335
2023-01-08,Films (English),8,Knives Out,,,,tt5961976
2023-01-08,Films (English),10,Trolls,,,,tt1679335
2023-01-08,Films (Non-English),1,How I Became a Gangster,,,,tt10804178
2023-01-08,Films (Non-English),2,The Raid 2,,,,tt2265171
2023-01-08,Films (Non-English),3,Mili,,,,tt0073391
2023-01-08,Films (Non-English),4,The Kings of the World,,,,tt15399372
2023-01-08,Films (Non-English),5,Troll,,,,tt0067883
2023-01-08,Films (Non-English),6,Gatta Kusthi,,,,tt21617996
2023-01-08,Films (Non-English),7,God's Crooked Lines,,,,tt0224005
2023-01-08,Films (Non-English),8,Double XL,,,,tt15614274
2023-01-08,Films (Non-English),9,7 Women and a Murder,,,,tt15206378
2023-01-08,Films (Non-English),10,All Quiet on the Western Front,,,,tt0020629
2023-01-08,TV (English),1,Ginny & Georgia,2.0,,,tt10813940
2023-01-08,TV (English),2,Kaleidoscope,1.0,,,tt0262965
2023-01-08,TV (English),3,Wednesday,1.0,,,tt13443470
2023-01-08,TV (English),4,Emily in Paris,3.0,,,tt8962124
2023-01-08,TV (English),5,Ginny & Georgia,1.0,,,tt10813940
2023-01-08,TV (English),6,The Recruit,1.0,,,tt16030542
2023-01-08,TV (English),7,MADOFF: The Monster of Wall Street,1.0,,,tt23732458
2023-01-08,TV (English),8,Treason,1.0,,,tt16450274
2023-01-08,TV (English),9,The Witcher: Blood Origin,1.0,,,tt12785720
2023-01-08,TV (English),10,New Amsterdam,1.0,,,tt0928414
2023-01-08,TV (Non-English),1,The Glory,1.0,,,tt21344706
2023-01-08,TV (Non-English),2,La Reina del Sur,3.0,,,tt1704637
2023-01-08,TV (Non-English),3,Alice in Borderland,2.0,,,tt10795658
2023-01-08,TV (Non-English),4,Lady Voyeur,1.0,,,tt15525658
2023-01-08,TV (Non-English),5,Woman of the Dead,1.0,,,tt5569404
2023-01-08,TV (Non-English),6,Alchemy of Souls,2.0,,,tt20859920
2023-01-08,TV (Non-English),7,Alice in Borderland,1.0,,,tt10795658
2023-01-08,TV (Non-English),8,Alpha Males,1.0,,,tt18482892
2023-01-08,TV (Non-English),10,Love Is Blind: Brazil,2.0,,,tt15018224
2023-01-01,Films (English),3,Knives Out,,,,tt5961976
2023-01-01,Films (English),4,White Noise,,,,tt0375210
2023-01-01,Films (English),5,The Invitation,,,,tt0070224
2023-01-01,Films (English),7,Trolls,,,,tt1679335
2023-01-01,Films (English),8,After Ever Happy,,,,tt13070038
2023-01-01,Films (English),9,How the Grinch Stole Christmas,,,,tt0170016
2023-01-01,Films (English),10,Bullet Train,,,,tt0080479
2023-01-01,Films (Non-English),1,7 Women and a Murder,,,,tt15206378
2023-01-01,Films (Non-English),2,Troll,,,,tt0067883
2023-01-01,Films (Non-English),3,A Not So Merry Christmas,,,,tt23808016
2023-01-01,Films (Non-English),4,God's Crooked Lines,,,,tt0224005
2023-01-01,Films (Non-English),5,The Big 4,,,,tt15528292
2023-01-01,Films (Non-English),6,Double XL,,,,tt15614274
2023-01-01,Films (Non-English),7,My Name Is Vendetta,,,,tt15229674
2023-01-01,Films (Non-English),8,Mili,,,,tt0073391
2023-01-01,Films (Non-English),9,All Quiet on the Western Front,,,,tt0020629
2023-01-01,TV (English),1,Wednesday,1.0,,,tt13443470
2023-01-01,TV (English),2,Emily in Paris,3.0,,,tt8962124
2023-01-01,TV (English),3,The Witcher: Blood Origin,1.0,,,tt12785720
2023-01-01,TV (English),4,Treason,1.0,,,tt16450274
2023-01-01,TV (English),5,The Recruit,1.0,,,tt16030542
2023-01-01,TV (English),6,Harry & Meghan,1.0,,,tt23900194
2023-01-01,TV (English),7,Emily in Paris,2.0,,,tt8962124
2023-01-01,TV (English),8,Emily in Paris,1.0,,,tt8962124
2023-01-01,TV (English),9,Sonic Prime,1.0,,,tt13961348
2023-01-01,TV (English),10,Firefly Lane,2.0,,,tt9012876
2023-01-01,TV (Non-English),1,Alice in Borderland,2.0,,,tt10795658
2023-01-01,TV (Non-English),2,Alice in Borderland,1.0,,,tt10795658
2023-01-01,TV (Non-English),3,The Glory,1.0,,,tt21344706
2023-01-01,TV (Non-English),4,Daughter From Another Mother,3.0,,,tt11937732
2023-01-01,TV (Non-English),5,La Reina del Sur,3.0,,,tt1704637
2023-01-01,TV (Non-English),6,Alchemy of Souls,2.0,,,tt20859920
2023-01-01,TV (Non-English),10,Reborn Rich,,,,tt18352538
2022-12-25,Films (English),2,The Volcano: Rescue from Whakaari,,,,tt21439528
2022-12-25,Films (English),4,How the Grinch Stole Christmas,,,,tt0170016
2022-12-25,Films (English),5,A Bad Moms Christmas,,,,tt6359956
2022-12-25,Films (English),6,I Believe in Santa,,,,tt19631454
2022-12-25,Films (English),7,The Christmas Chronicles,,,,tt2990140
2022-12-25,Films (English),8,Falling for Christmas,,,,tt14715170
2022-12-25,Films (English),9,Bullet Train,,,,tt0080479
2022-12-25,Films (English),10,The Christmas Chronicles: Part Two,,,,tt11057644
2022-12-25,Films (Non-English),1,The Big 4,,,,tt15528292
2022-12-25,Films (Non-English),2,A Not So Merry Christmas,,,,tt23808016
2022-12-25,Films (Non-English),3,Private Lesson,,,,tt0197782
2022-12-25,Films (Non-English),4,God's Crooked Lines,,,,tt0224005
2022-12-25,Films (Non-English),5,Troll,,,,tt0067883
2022-12-25,Films (Non-English),7,My Name Is Vendetta,,,,tt15229674
2022-12-25,Films (Non-English),8,The Seven Deadly Sins: Grudge of Edinburgh Part 1,,,,tt17677744
2022-12-25,Films (Non-English),9,Doctor G,,,,tt9054970
2022-12-25,TV (English),1,Wednesday,1.0,,,tt13443470
2022-12-25,TV (English),2,Emily in Paris,3.0,,,tt8962124
2022-12-25,TV (English),3,The Recruit,1.0,,,tt16030542
2022-12-25,TV (English),4,Harry & Meghan,1.0,,,tt23900194
2022-12-25,TV (English),5,Sonic Prime,1.0,,,tt13961348
2022-12-25,TV (English),6,Too Hot to Handle,4.0,,,tt12004280
2022-12-25,TV (English),7,The Witcher: Blood Origin,1.0,,,tt12785720
2022-12-25,TV (English),8,I AM A KILLER,4.0,,,tt8300324
2022-12-25,TV (English),9,Firefly Lane,2.0,,,tt9012876
2022-12-25,TV (English),10,Emily in Paris,1.0,,,tt8962124
2022-12-25,TV (Non-English),1,Alice in Borderland,2.0,,,tt10795658
2022-12-25,TV (Non-English),2,Alice in Borderland,1.0,,,tt10795658
2022-12-25,TV (Non-English),3,Reborn Rich,,,,tt18352538
2022-12-25,TV (Non-English),5,Alchemy of Souls,2.0,,,tt20859920
2022-12-25,TV (Non-English),7,A Storm for Christmas,1.0,,,tt15700830
2022-12-25,TV (Non-English),8,Alchemy of Souls,1.0,,,tt20859920
2022-12-25,TV (Non-English),9,Blood Ties,1.0,,,tt0808013
2022-12-18,Films (English),2,I Believe in Santa,,,,tt19631454
2022-12-18,Films (English),3,Prisoners,,,,tt0020291
2022-12-18,Films (English),4,Bullet Train,,,,tt0080479
2022-12-18,Films (English),5,Lady Chatterley's Lover,,,,tt0047817
2022-12-18,Films (English),6,The Volcano: Rescue from Whakaari,,,,tt21439528
2022-12-18,Films (English),7,How the Grinch Stole Christmas,,,,tt0170016
2022-12-18,Films (English),8,Falling for Christmas,,,,tt14715170
2022-12-18,Films (English),9,Scrooge: A Christmas Carol,,,,tt20917338
2022-12-18,Films (English),10,The Noel Diary,,,,tt13007592
2022-12-18,Films (Non-English),1,God's Crooked Lines,,,,tt0224005
2022-12-18,Films (Non-English),2,The Big 4,,,,tt15528292
2022-12-18,Films (Non-English),3,Troll,,,,tt0067883
2022-12-18,Films (Non-English),4,Doctor G,,,,tt9054970
2022-12-18,Films (Non-English),5,My Name Is Vendetta,,,,tt15229674
2022-12-18,Films (Non-English),6,The Marriage App,,,,tt18688184
2022-12-18,Films (Non-English),7,Private Lesson,,,,tt0197782
2022-12-18,Films (Non-English),10,Delivery by Christmas,,,,tt19723342
2022-12-18,TV (English),1,Wednesday,1.0,,,tt13443470
2022-12-18,TV (English),2,Harry & Meghan,1.0,,,tt23900194
2022-12-18,TV (English),3,The Recruit,1.0,,,tt16030542
2022-12-18,TV (English),4,Too Hot to Handle,4.0,,,tt12004280
2022-12-18,TV (English),5,Sonic Prime,1.0,,,tt13961348
2022-12-18,TV (English),6,Firefly Lane,2.0,,,tt9012876
2022-12-18,TV (English),7,1899,1.0,,,tt9319668
2022-12-18,TV (English),8,The Crown,5.0,,,tt4786824
2022-12-18,TV (English),9,Don't Pick Up the Phone,1.0,,,tt23826740
2022-12-18,TV (English),10,Firefly Lane,1.0,,,tt9012876
2022-12-18,TV (Non-English),2,Money Heist: Korea - Joint Economic Area,1.0,,,tt13696452
2022-12-18,TV (Non-English),3,Reborn Rich,,,,tt18352538
2022-12-18,TV (Non-English),5,Alchemy of Souls,1.0,,,tt20859920
2022-12-18,TV (Non-English),6,Alchemy of Souls,2.0,,,tt20859920
2022-12-18,TV (Non-English),7,A Storm for Christmas,1.0,,,tt15700830
2022-12-18,TV (Non-English),8,Lookism,1.0,,,tt18562516
2022-12-18,TV (Non-English),9,I Hate Christmas,1.0,,,tt23556972
2022-12-18,TV (Non-English),10,Under the Queen's Umbrella,1.0,,,tt22265394
2022-12-11,Films (English),1,Lady Chatterley's Lover,,,,tt0047817
2022-12-11,Films (English),3,Bullet Train,,,,tt0080479
2022-12-11,Films (English),4,Scrooge: A Christmas Carol,,,,tt20917338
2022-12-11,Films (English),5,The Swimmers,,,,tt3788392
2022-12-11,Films (English),6,The Noel Diary,,,,tt13007592
2022-12-11,Films (English),8,Slumberland,,,,tt0854164
2022-12-11,Films (English),10,Emily the Criminal,,,,tt15255876
2022-12-11,Films (Non-English),1,Troll,,,,tt0067883
2022-12-11,Films (Non-English),2,My Name Is Vendetta,,,,tt15229674
2022-12-11,Films (Non-English),3,God's Crooked Lines,,,,tt0224005
2022-12-11,Films (Non-English),4,Warriors of Future,,,,tt7375466
2022-12-11,Films (Non-English),5,A Man of Action,,,,tt0014253
2022-12-11,Films (Non-English),6,Christmas Full of Grace,,,,tt23556786
2022-12-11,Films (Non-English),7,Delivery by Christmas,,,,tt19723342
2022-12-11,Films (Non-English),8,The Marriage App,,,,tt18688184
2022-12-11,Films (Non-English),9,Goodbye,,,,tt0114701
2022-12-11,TV (English),1,Wednesday,1.0,,,tt13443470
2022-12-11,TV (English),2,Harry & Meghan,1.0,,,tt23900194
2022-12-11,TV (English),3,Firefly Lane,2.0,,,tt9012876
2022-12-11,TV (English),4,1899,1.0,,,tt9319668
2022-12-11,TV (English),5,Firefly Lane,1.0,,,tt9012876
2022-12-11,TV (English),6,Too Hot to Handle,4.0,,,tt12004280
2022-12-11,TV (English),7,The Crown,5.0,,,tt4786824
2022-12-11,TV (English),8,Snack VS. Chef,1.0,,,tt21840894
2022-12-11,TV (English),9,Dead to Me,3.0,,,tt8064302
2022-12-11,TV (English),10,Manifest,4.0,,,tt14738778
2022-12-11,TV (Non-English),3,Under the Queen's Umbrella,1.0,,,tt22265394
2022-12-11,TV (Non-English),4,Reborn Rich,,,,tt18352538
2022-12-11,TV (Non-English),5,Elite,6.0,,,tt7134908
2022-12-11,TV (Non-English),6,I Hate Christmas,1.0,,,tt23556972
2022-12-11,TV (Non-English),7,Money Heist: Korea - Joint Economic Area,1.0,,,tt13696452
2022-12-11,TV (Non-English),8,Hot Skull,1.0,,,tt11988676
2022-12-11,TV (Non-English),9,First Love,1.0,,,tt0103421
2022-12-11,TV (Non-English),10,Lookism,1.0,,,tt18562516
2022-12-04,Films (English),1,The Noel Diary,,,,tt13007592
2022-12-04,Films (English),2,The Swimmers,,,,tt3788392
2022-12-04,Films (English),3,Lady Chatterley's Lover,,,,tt0047817
2022-12-04,Films (English),4,Slumberland,,,,tt0854164
2022-12-04,Films (English),5,Bullet Train,,,,tt0080479
2022-12-04,Films (English),6,Christmas on Mistletoe Farm,,,,tt20561114
2022-12-04,Films (English),7,Falling for Christmas,,,,tt14715170
2022-12-04,Films (English),9,Scrooge: A Christmas Carol,,,,tt20917338
2022-12-04,Films (English),10,Ghislaine Maxwell: Filthy Rich,,,,tt22892896
2022-12-04,Films (Non-English),1,Troll,,,,tt0067883
2022-12-04,Films (Non-English),2,My Name Is Vendetta,,,,tt15229674
2022-12-04,Films (Non-English),3,Christmas Full of Grace,,,,tt23556786
2022-12-04,Films (Non-English),4,Warriors of Future,,,,tt7375466
2022-12-04,Films (Non-English),5,Lesson Plan,,,,tt1740801
2022-12-04,Films (Non-English),7,A Man of Action,,,,tt0014253
2022-12-04,Films (Non-English),8,Who's a Good Boy?,,,,tt18082726
2022-12-04,Films (Non-English),9,Goodbye,,,,tt0114701
2022-12-04,TV (English),1,Wednesday,1.0,,,tt13443470
2022-12-04,TV (English),2,1899,1.0,,,tt9319668
2022-12-04,TV (English),3,Firefly Lane,2.0,,,tt9012876
2022-12-04,TV (English),4,The Crown,5.0,,,tt4786824
2022-12-04,TV (English),5,Crime Scene: The Texas Killing Fields,1.0,,,tt23553310
2022-12-04,TV (English),6,Dead to Me,3.0,,,tt8064302
2022-12-04,TV (English),7,Manifest,4.0,,,tt14738778
2022-12-04,TV (English),8,Blood & Water,3.0,,,tt9839146
2022-12-04,TV (English),9,Manifest,1.0,,,tt14738778
2022-12-04,TV (English),10,Little Angel,1.0,,,tt2102535
2022-12-04,TV (Non-English),3,Elite,6.0,,,tt7134908
2022-12-04,TV (Non-English),4,Under the Queen's Umbrella,1.0,,,tt22265394
2022-12-04,TV (Non-English),5,First Love,1.0,,,tt0103421
2022-12-04,TV (Non-English),6,Reborn Rich,,,,tt18352538
2022-12-04,TV (Non-English),7,Khakee: The Bihar Chapter,1.0,,,tt23037654
2022-12-04,TV (Non-English),8,JoJo's Bizarre Adventure,1.0,,,tt0248119
2022-12-04,TV (Non-English),9,Chiquititas,,,,tt0154063
2022-12-04,TV (Non-English),10,Extraordinary Attorney Woo,1.0,,,tt20869502
2022-11-27,Films (English),1,Slumberland,,,,tt0854164
2022-11-27,Films (English),2,The Noel Diary,,,,tt13007592
2022-11-27,Films (English),3,The Swimmers,,,,tt3788392
2022-11-27,Films (English),4,The Wonder,,,,tt1338709
2022-11-27,Films (English),5,Falling for Christmas,,,,tt14715170
2022-11-27,Films (English),6,Christmas with You,,,,tt15824322
2022-11-27,Films (English),7,Christmas on Mistletoe Farm,,,,tt20561114
2022-11-27,Films (English),8,Enola Holmes 2,,,,tt14641788
2022-11-27,Films (English),9,Where the Crawdads Sing,,,,tt9411972
2022-11-27,Films (English),10,Ghislaine Maxwell: Filthy Rich,,,,tt22892896
2022-11-27,Films (Non-English),1,Lesson Plan,,,,tt1740801
2022-11-27,Films (Non-English),3,All Quiet on the Western Front,,,,tt0020629
2022-11-27,Films (Non-English),7,Who's a Good Boy?,,,,tt18082726
2022-11-27,Films (Non-English),8,Off Track,,,,tt0100081
2022-11-27,Films (Non-English),9,Beyond the Universe,,,,tt0130503
2022-11-27,Films (Non-English),10,Lost Bullet,,,,tt0326749
2022-11-27,TV (English),1,Wednesday,1.0,,,tt13443470
2022-11-27,TV (English),2,1899,1.0,,,tt9319668
2022-11-27,TV (English),3,The Crown,5.0,,,tt4786824
2022-11-27,TV (English),4,Dead to Me,3.0,,,tt8064302
2022-11-27,TV (English),5,Manifest,4.0,,,tt14738778
2022-11-27,TV (English),6,Manifest,1.0,,,tt14738778
2022-11-27,TV (English),7,"Pepsi, Where's My Jet?",1.0,,,tt23022276
2022-11-27,TV (English),8,Manifest,3.0,,,tt14738778
2022-11-27,TV (English),9,Warrior Nun,2.0,,,tt9059350
2022-11-27,TV (English),10,Dead to Me,1.0,,,tt8064302
2022-11-27,TV (Non-English),1,Elite,6.0,,,tt7134908
2022-11-27,TV (Non-English),3,Under the Queen's Umbrella,1.0,,,tt22265394
2022-11-27,TV (Non-English),4,Reborn Rich,,,,tt18352538
2022-11-27,TV (Non-English),5,Somebody,1.0,,,tt12506950
2022-11-27,TV (Non-English),7,Chiquititas,,,,tt0154063
2022-11-27,TV (Non-English),8,First Love,1.0,,,tt0103421
2022-11-27,TV (Non-English),9,Khakee: The Bihar Chapter,1.0,,,tt23037654
2022-11-27,TV (Non-English),10,Café con aroma de mujer,1.0,,,tt0216459
2022-11-20,Films (English),1,Falling for Christmas,,,,tt14715170
2022-11-20,Films (English),2,Slumberland,,,,tt0854164
2022-11-20,Films (English),3,The Wonder,,,,tt1338709
2022-11-20,Films (English),4,Enola Holmes 2,,,,tt14641788
2022-11-20,Films (English),5,Where the Crawdads Sing,,,,tt9411972
2022-11-20,Films (English),6,Christmas with You,,,,tt15824322
2022-11-20,Films (English),8,The Good Nurse,,,,tt4273800
2022-11-20,Films (English),9,Enola Holmes,,,,tt7846844
2022-11-20,Films (English),10,I Am Vanessa Guillen,,,,tt22440764
2022-11-20,Films (Non-English),2,All Quiet on the Western Front,,,,tt0020629
2022-11-20,Films (Non-English),3,Lost Bullet,,,,tt0326749
2022-11-20,Films (Non-English),4,Beyond the Universe,,,,tt0130503
2022-11-20,Films (Non-English),5,"Monica, O My Darling",,,,tt15128068
2022-11-20,Films (Non-English),6,Racionais MC's: From the Streets of São Paulo,,,,tt22988228
2022-11-20,Films (Non-English),7,The Claus Family 2,,,,tt14384176
2022-11-20,Films (Non-English),8,Don't Leave,,,,tt18450548
2022-11-20,Films (Non-English),9,The Chalk Line,,,,tt12683756
2022-11-20,Films (Non-English),10,The Takeover,,,,tt10328322
2022-11-20,TV (English),1,The Crown,5.0,,,tt4786824
2022-11-20,TV (English),2,1899,1.0,,,tt9319668
2022-11-20,TV (English),3,Manifest,4.0,,,tt14738778
2022-11-20,TV (English),4,Dead to Me,3.0,,,tt8064302
2022-11-20,TV (English),5,Warrior Nun,2.0,,,tt9059350
2022-11-20,TV (English),6,Manifest,1.0,,,tt14738778
2022-11-20,TV (English),7,Ancient Apocalypse,1.0,,,tt0361148
2022-11-20,TV (English),8,Warrior Nun,1.0,,,tt9059350
2022-11-20,TV (English),9,From Scratch,1.0,,,tt11252254
2022-11-20,TV (English),10,Love Is Blind,3.0,,,tt11704040
2022-11-20,TV (Non-English),2,Elite,6.0,,,tt7134908
2022-11-20,TV (Non-English),3,Under the Queen's Umbrella,1.0,,,tt22265394
2022-11-20,TV (Non-English),4,Little Women,1.0,,,tt0078643
2022-11-20,TV (Non-English),5,Chiquititas,,,,tt0154063
2022-11-20,TV (Non-English),6,Café con aroma de mujer,1.0,,,tt0216459
2022-11-20,TV (Non-English),7,Extraordinary Attorney Woo,1.0,,,tt20869502
2022-11-20,TV (Non-English),9,Love Never Lies: Destination Sardinia,1.0,,,tt22941150
2022-11-20,TV (Non-English),10,Dubai Bling,1.0,,,tt22071840
2022-11-13,Films (English),1,Enola Holmes 2,,,,tt14641788
2022-11-13,Films (English),2,Falling for Christmas,,,,tt14715170
2022-11-13,Films (English),3,Enola Holmes,,,,tt7846844
2022-11-13,Films (English),4,Medieval,,,,tt1391095
2022-11-13,Films (English),5,The Good Nurse,,,,tt4273800
2022-11-13,Films (English),7,The Bad Guys,,,,tt1693045
2022-11-13,Films (English),8,Where the Crawdads Sing,,,,tt9411972
2022-11-13,Films (English),9,The School for Good and Evil,,,,tt2935622
2022-11-13,Films (English),10,Hotel Transylvania 2,,,,tt0141208
2022-11-13,Films (Non-English),2,All Quiet on the Western Front,,,,tt0020629
2022-11-13,Films (Non-English),3,Beyond the Universe,,,,tt0130503
2022-11-13,Films (Non-English),4,The Takeover,,,,tt10328322
2022-11-13,Films (Non-English),5,The Chalk Line,,,,tt12683756
2022-11-13,Films (Non-English),6,The Claus Family 2,,,,tt14384176
2022-11-13,Films (Non-English),7,Lost Bullet,,,,tt0326749
2022-11-13,Films (Non-English),8,"Monica, O My Darling",,,,tt15128068
2022-11-13,Films (Non-English),9,Don't Leave,,,,tt18450548
2022-11-13,Films (Non-English),10,20th Century Girl,,,,tt15340724
2022-11-13,TV (English),1,The Crown,5.0,,,tt4786824
2022-11-13,TV (English),2,Manifest,4.0,,,tt14738778
2022-11-13,TV (English),3,Love Is Blind,3.0,,,tt11704040
2022-11-13,TV (English),4,Manifest,1.0,,,tt14738778
2022-11-13,TV (English),5,From Scratch,1.0,,,tt11252254
2022-11-13,TV (English),6,Warrior Nun,2.0,,,tt9059350
2022-11-13,TV (English),7,Inside Man,1.0,,,tt10948716
2022-11-13,TV (English),8,The Watcher,1.0,,,tt0112218
2022-11-13,TV (English),9,Manifest,2.0,,,tt14738778
2022-11-13,TV (English),10,Guillermo del Toro's Cabinet of Curiosities,1.0,,,tt8415836
2022-11-13,TV (Non-English),3,Under the Queen's Umbrella,1.0,,,tt22265394
2022-11-13,TV (Non-English),4,Little Women,1.0,,,tt0078643
2022-11-13,TV (Non-English),5,If Only,1.0,,,tt0388604
2022-11-13,TV (Non-English),6,Dubai Bling,1.0,,,tt22071840
2022-11-13,TV (Non-English),7,Chiquititas,,,,tt0154063
2022-11-13,TV (Non-English),8,Extraordinary Attorney Woo,1.0,,,tt20869502
2022-11-13,TV (Non-English),9,Café con aroma de mujer,1.0,,,tt0216459
2022-11-13,TV (Non-English),10,Young Royals,2.0,,,tt14664414
2022-11-06,Films (English),1,Enola Holmes 2,,,,tt14641788
2022-11-06,Films (English),2,The Good Nurse,,,,tt4273800
2022-11-06,Films (English),3,The School for Good and Evil,,,,tt2935622
2022-11-06,Films (English),4,War,,,,tt0247812
2022-11-06,Films (English),5,Wild Is the Wind,,,,tt0051193
2022-11-06,Films (English),6,The Bad Guys,,,,tt1693045
2022-11-06,Films (English),7,Hotel Transylvania 2,,,,tt0141208
2022-11-06,Films (English),8,Enola Holmes,,,,tt7846844
2022-11-06,Films (English),9,Oblivion,,,,tt0110706
2022-11-06,Films (English),10,The Curse of Bridge Hollow,,,,tt15289240
2022-11-06,Films (Non-English),1,All Quiet on the Western Front,,,,tt0020629
2022-11-06,Films (Non-English),2,The Takeover,,,,tt10328322
2022-11-06,Films (Non-English),3,Beyond the Universe,,,,tt0130503
2022-11-06,Films (Non-English),4,The Chalk Line,,,,tt12683756
2022-11-06,Films (Non-English),5,20th Century Girl,,,,tt15340724
2022-11-06,Films (Non-English),6,Hellhole,,,,tt0089269
2022-11-06,Films (Non-English),7,Lost Bullet,,,,tt0326749
2022-11-06,Films (Non-English),8,Robbing Mussolini,,,,tt14270848
2022-11-06,Films (Non-English),9,Someone Borrowed,,,,tt22091698
2022-11-06,Films (Non-English),10,The Ghost,,,,tt0057522
2022-11-06,TV (English),1,Manifest,4.0,,,tt14738778
2022-11-06,TV (English),2,Inside Man,1.0,,,tt10948716
2022-11-06,TV (English),3,From Scratch,1.0,,,tt11252254
2022-11-06,TV (English),4,Love Is Blind,3.0,,,tt11704040
2022-11-06,TV (English),5,Guillermo del Toro's Cabinet of Curiosities,1.0,,,tt8415836
2022-11-06,TV (English),6,The Watcher,1.0,,,tt0112218
2022-11-06,TV (English),9,Killer Sally,1.0,,,tt22646714
2022-11-06,TV (English),10,Manifest,1.0,,,tt14738778
2022-11-06,TV (Non-English),2,Dubai Bling,1.0,,,tt22071840
2022-11-06,TV (Non-English),3,Young Royals,2.0,,,tt14664414
2022-11-06,TV (Non-English),4,If Only,1.0,,,tt0388604
2022-11-06,TV (Non-English),5,Little Women,1.0,,,tt0078643
2022-11-06,TV (Non-English),6,Under the Queen's Umbrella,1.0,,,tt22265394
2022-11-06,TV (Non-English),7,Barbarians,1.0,,,tt0905688
2022-11-06,TV (Non-English),8,Once Upon a Small Town,1.0,,,tt21875462
2022-11-06,TV (Non-English),9,Extraordinary Attorney Woo,1.0,,,tt20869502
2022-11-06,TV (Non-English),10,Chiquititas,,,,tt0154063
2022-10-30,Films (English),1,The Good Nurse,,,,tt4273800
2022-10-30,Films (English),2,The School for Good and Evil,,,,tt2935622
2022-10-30,Films (English),3,The Stranger,,,,tt0015372
2022-10-30,Films (English),4,Wild Is the Wind,,,,tt0051193
2022-10-30,Films (English),5,The Curse of Bridge Hollow,,,,tt15289240
2022-10-30,Films (English),6,Luckiest Girl Alive,,,,tt4595186
2022-10-30,Films (English),7,Sing,,,,tt0098335
2022-10-30,Films (English),8,The Boss Baby,,,,tt3874544
2022-10-30,Films (English),9,Hubie Halloween,,,,tt10682266
2022-10-30,Films (English),10,Blade of the 47 Ronin,,,,tt12610794
2022-10-30,Films (Non-English),1,All Quiet on the Western Front,,,,tt0020629
2022-10-30,Films (Non-English),2,The Chalk Line,,,,tt12683756
2022-10-30,Films (Non-English),3,20th Century Girl,,,,tt15340724
2022-10-30,Films (Non-English),4,Beyond the Universe,,,,tt0130503
2022-10-30,Films (Non-English),5,Hellhole,,,,tt0089269
2022-10-30,Films (Non-English),6,Robbing Mussolini,,,,tt14270848
2022-10-30,Films (Non-English),7,Someone Borrowed,,,,tt22091698
2022-10-30,Films (Non-English),8,Lost Bullet,,,,tt0326749
2022-10-30,Films (Non-English),10,Laal Singh Chaddha,,,,tt10028196
2022-10-30,TV (English),1,From Scratch,1.0,,,tt11252254
2022-10-30,TV (English),2,The Watcher,1.0,,,tt0112218
2022-10-30,TV (English),3,Guillermo del Toro's Cabinet of Curiosities,1.0,,,tt8415836
2022-10-30,TV (English),4,Love Is Blind,3.0,,,tt11704040
2022-10-30,TV (English),6,Unsolved Mysteries,3.0,,,tt0094574
2022-10-30,TV (English),8,28 Days Haunted,1.0,,,tt22227040
2022-10-30,TV (English),9,Big Mouth,6.0,,,tt21195490
2022-10-30,TV (English),10,Little Angel,1.0,,,tt2102535
2022-10-30,TV (Non-English),2,Barbarians,1.0,,,tt0905688
2022-10-30,TV (Non-English),3,Dubai Bling,1.0,,,tt22071840
2022-10-30,TV (Non-English),4,Little Women,1.0,,,tt0078643
2022-10-30,TV (Non-English),5,Barbarians,,,,tt0905688
2022-10-30,TV (Non-English),6,Vatican Girl: The Disappearance of Emanuela Orlandi,1.0,,,tt22746676
2022-10-30,TV (Non-English),7,The Empress,1.0,,,tt13720112
2022-10-30,TV (Non-English),8,If Only,1.0,,,tt0388604
2022-10-30,TV (Non-English),9,Extraordinary Attorney Woo,1.0,,,tt20869502
2022-10-30,TV (Non-English),10,Under the Queen's Umbrella,1.0,,,tt22265394
2022-10-23,Films (English),1,The School for Good and Evil,,,,tt2935622
2022-10-23,Films (English),2,The Curse of Bridge Hollow,,,,tt15289240
2022-10-23,Films (English),3,Luckiest Girl Alive,,,,tt4595186
2022-10-23,Films (English),4,The Stranger,,,,tt0015372
2022-10-23,Films (English),5,Blackout,,,,tt0032356
2022-10-23,Films (English),6,Black and Blue,,,,tt0211268
2022-10-23,Films (English),7,Sing,,,,tt0098335
2022-10-23,Films (English),8,Mr. Harrigan's Phone,,,,tt12908110
2022-10-23,Films (English),9,The Boss Baby,,,,tt3874544
2022-10-23,Films (English),10,Charlie's Angels,,,,tt0160127
2022-10-23,Films (Non-English),1,Someone Borrowed,,,,tt22091698
2022-10-23,Films (Non-English),2,20th Century Girl,,,,tt15340724
2022-10-23,Films (Non-English),3,Dobaaraa,,,,tt14042066
2022-10-23,Films (Non-English),4,Old People,,,,tt21933110
2022-10-23,Films (Non-English),5,Laal Singh Chaddha,,,,tt10028196
2022-10-23,Films (Non-English),6,Doll House,,,,tt22038236
2022-10-23,Films (Non-English),7,Forever Rich,,,,tt12748300
2022-10-23,Films (Non-English),8,Loving Adults,,,,tt14592948
2022-10-23,Films (Non-English),9,Blood Red Sky,,,,tt6402468
2022-10-23,Films (Non-English),10,Usogui,,,,tt5715464
2022-10-23,TV (English),1,The Watcher,1.0,,,tt0112218
2022-10-23,TV (English),3,From Scratch,1.0,,,tt11252254
2022-10-23,TV (English),4,Love Is Blind,3.0,,,tt11704040
2022-10-23,TV (English),5,The Midnight Club,1.0,,,tt13444912
2022-10-23,TV (English),6,Unsolved Mysteries,3.0,,,tt0094574
2022-10-23,TV (English),7,The Sinner,4.0,,,tt6048596
2022-10-23,TV (English),8,28 Days Haunted,1.0,,,tt22227040
2022-10-23,TV (English),9,Dynasty,5.0,,,tt0081856
2022-10-23,TV (English),10,Wild Croc Territory,1.0,,,tt22085974
2022-10-23,TV (Non-English),2,Holy Family,1.0,,,tt15576994
2022-10-23,TV (Non-English),3,Little Women,1.0,,,tt0078643
2022-10-23,TV (Non-English),4,The Empress,1.0,,,tt13720112
2022-10-23,TV (Non-English),5,Barbarians,1.0,,,tt0905688
2022-10-23,TV (Non-English),6,Vatican Girl: The Disappearance of Emanuela Orlandi,1.0,,,tt22746676
2022-10-23,TV (Non-English),7,The Playlist,1.0,,,tt11564258
2022-10-23,TV (Non-English),8,Extraordinary Attorney Woo,1.0,,,tt20869502
2022-10-23,TV (Non-English),9,High Water,1.0,,,tt15096728
2022-10-23,TV (Non-English),10,Barbarians,,,,tt0905688
2022-10-16,Films (English),1,Luckiest Girl Alive,,,,tt4595186
2022-10-16,Films (English),2,The Curse of Bridge Hollow,,,,tt15289240
2022-10-16,Films (English),3,Blackout,,,,tt0032356
2022-10-16,Films (English),4,Mr. Harrigan's Phone,,,,tt12908110
2022-10-16,Films (English),5,Sing,,,,tt0098335
2022-10-16,Films (English),6,The Redeem Team,,,,tt21837726
2022-10-16,Films (English),7,The Boss Baby,,,,tt3874544
2022-10-16,Films (English),8,Running with the Devil,,,,tt0314595
2022-10-16,Films (English),9,Blonde,,,,tt15223236
2022-10-16,Films (English),10,Black and Blue,,,,tt0211268
2022-10-16,Films (Non-English),1,Someone Borrowed,,,,tt22091698
2022-10-16,Films (Non-English),2,Old People,,,,tt21933110
2022-10-16,Films (Non-English),3,Togo,,,,tt1271989
2022-10-16,Films (Non-English),4,Laal Singh Chaddha,,,,tt10028196
2022-10-16,Films (Non-English),5,Doll House,,,,tt22038236
2022-10-16,Films (Non-English),6,Jumping from High Places,,,,tt22071864
2022-10-16,Films (Non-English),8,Dobaaraa,,,,tt14042066
2022-10-16,Films (Non-English),9,Plan A Plan B,,,,tt15238986
2022-10-16,Films (Non-English),10,Usogui,,,,tt5715464
2022-10-16,TV (English),1,The Watcher,1.0,,,tt0112218
2022-10-16,TV (English),3,The Midnight Club,1.0,,,tt13444912
2022-10-16,TV (English),4,Conversations with a Killer: The Jeffrey Dahmer Tapes,1.0,,,tt21946032
2022-10-16,TV (English),5,Dynasty,5.0,,,tt0081856
2022-10-16,TV (English),6,Oddballs,1.0,,,tt21107718
2022-10-16,TV (English),7,The Blacklist,9.0,,,tt2741602
2022-10-16,TV (English),8,Bling Empire,3.0,,,tt13660962
2022-10-16,TV (English),9,Fate: The Winx Saga,2.0,,,tt8179402
2022-10-16,TV (English),10,The Mole,1.0,,,tt0243073
2022-10-16,TV (Non-English),1,High Water,1.0,,,tt15096728
2022-10-16,TV (Non-English),2,The Empress,1.0,,,tt13720112
2022-10-16,TV (Non-English),3,Little Women,1.0,,,tt0078643
2022-10-16,TV (Non-English),4,Extraordinary Attorney Woo,1.0,,,tt20869502
2022-10-16,TV (Non-English),5,"El Rey, Vicente Fernández",1.0,,,tt16442864
2022-10-16,TV (Non-English),6,Holy Family,1.0,,,tt15576994
2022-10-16,TV (Non-English),7,Alchemy of Souls,1.0,,,tt20859920
2022-10-16,TV (Non-English),8,Glitch,1.0,,,tt14735382
2022-10-16,TV (Non-English),9,Young Lady and Gentleman,,,,tt15514606
2022-10-16,TV (Non-English),10,Chiquititas,,,,tt0154063
2022-10-09,Films (English),1,Luckiest Girl Alive,,,,tt4595186
2022-10-09,Films (English),2,Mr. Harrigan's Phone,,,,tt12908110
2022-10-09,Films (English),3,Last Seen Alive,,,,tt10242388
2022-10-09,Films (English),4,Blonde,,,,tt15223236
2022-10-09,Films (English),5,Lou,,,,tt11630044
2022-10-09,Films (English),6,The Boss Baby,,,,tt3874544
2022-10-09,Films (English),7,Sing,,,,tt0098335
2022-10-09,Films (English),8,Marauders,,,,tt0359658
2022-10-09,Films (English),9,The Redeem Team,,,,tt21837726
2022-10-09,Films (Non-English),2,Laal Singh Chaddha,,,,tt10028196
2022-10-09,Films (Non-English),3,Old People,,,,tt21933110
2022-10-09,Films (Non-English),4,Plan A Plan B,,,,tt15238986
2022-10-09,Films (Non-English),5,Togo,,,,tt1271989
2022-10-09,Films (Non-English),6,Jumping from High Places,,,,tt22071864
2022-10-09,Films (Non-English),7,ATHENA,,,,tt0046728
2022-10-09,Films (Non-English),9,Ranga Ranga Vaibhavanga,,,,tt15509564
2022-10-09,Films (Non-English),10,Saakini Daakini,,,,tt12874984
2022-10-09,TV (English),2,Conversations with a Killer: The Jeffrey Dahmer Tapes,1.0,,,tt21946032
2022-10-09,TV (English),3,Dynasty,5.0,,,tt0081856
2022-10-09,TV (English),4,The Midnight Club,1.0,,,tt13444912
2022-10-09,TV (English),5,Bling Empire,3.0,,,tt13660962
2022-10-09,TV (English),6,Fate: The Winx Saga,2.0,,,tt8179402
2022-10-09,TV (English),7,Cobra Kai,5.0,,,tt7221388
2022-10-09,TV (English),8,Heartbreak High,1.0,,,tt0108800
2022-10-09,TV (English),9,Stranger Things,4.0,,,tt1460534
2022-10-09,TV (English),10,Conversations with a Killer: The John Wayne Gacy Tapes,1.0,,,tt18970124
2022-10-09,TV (Non-English),1,The Empress,1.0,,,tt13720112
2022-10-09,TV (Non-English),2,High Water,1.0,,,tt15096728
2022-10-09,TV (Non-English),3,Little Women,1.0,,,tt0078643
2022-10-09,TV (Non-English),4,"El Rey, Vicente Fernández",1.0,,,tt16442864
2022-10-09,TV (Non-English),5,Extraordinary Attorney Woo,1.0,,,tt20869502
2022-10-09,TV (Non-English),6,Alchemy of Souls,1.0,,,tt20859920
2022-10-09,TV (Non-English),7,Young Lady and Gentleman,,,,tt15514606
2022-10-09,TV (Non-English),8,Cyberpunk: Edgerunners,1.0,,,tt12590266
2022-10-09,TV (Non-English),9,Narco-Saints,1.0,,,tt14518692
2022-10-09,TV (Non-English),10,Diary of a Gigolo,1.0,,,tt16481820
2022-10-02,Films (English),1,Lou,,,,tt11630044
2022-10-02,Films (English),2,Blonde,,,,tt15223236
2022-10-02,Films (English),3,Do Revenge,,,,tt13327038
2022-10-02,Films (English),4,A Jazzman's Blues,,,,tt14307536
2022-10-02,Films (English),6,Last Seen Alive,,,,tt10242388
2022-10-02,Films (English),7,Marauders,,,,tt0359658
2022-10-02,Films (English),8,Inheritance,,,,tt0077391
2022-10-02,Films (English),9,Father Stu,,,,tt14439896
2022-10-02,Films (English),10,Elysium,,,,tt0091005
2022-10-02,Films (Non-English),1,ATHENA,,,,tt0046728
2022-10-02,Films (Non-English),2,The Perfumier,,,,tt21916206
2022-10-02,Films (Non-English),4,Plan A Plan B,,,,tt15238986
2022-10-02,Films (Non-English),6,No Limit,,,,tt0022211
2022-10-02,Films (Non-English),7,El Jeremías,,,,tt4457020
2022-10-02,Films (Non-English),8,Loving Adults,,,,tt14592948
2022-10-02,Films (Non-English),9,Drifting Home,,,,tt15494038
2022-10-02,TV (English),2,Dynasty,5.0,,,tt0081856
2022-10-02,TV (English),3,Fate: The Winx Saga,2.0,,,tt8179402
2022-10-02,TV (English),4,Cobra Kai,5.0,,,tt7221388
2022-10-02,TV (English),5,Heartbreak High,1.0,,,tt0108800
2022-10-02,TV (English),6,The Crown,1.0,,,tt4786824
2022-10-02,TV (English),7,The Crown,2.0,,,tt4786824
2022-10-02,TV (English),8,Stranger Things,4.0,,,tt1460534
2022-10-02,TV (English),9,Fate: The Winx Saga,1.0,,,tt8179402
2022-10-02,TV (Non-English),1,The Empress,1.0,,,tt13720112
2022-10-02,TV (Non-English),2,Thai Cave Rescue,1.0,,,tt8726102
2022-10-02,TV (Non-English),3,"El Rey, Vicente Fernández",1.0,,,tt16442864
2022-10-02,TV (Non-English),4,Little Women,1.0,,,tt0078643
2022-10-02,TV (Non-English),5,Extraordinary Attorney Woo,1.0,,,tt20869502
2022-10-02,TV (Non-English),6,Narco-Saints,1.0,,,tt14518692
2022-10-02,TV (Non-English),7,Cyberpunk: Edgerunners,1.0,,,tt12590266
2022-10-02,TV (Non-English),8,Alchemy of Souls,1.0,,,tt20859920
2022-10-02,TV (Non-English),9,Young Lady and Gentleman,,,,tt15514606
2022-10-02,TV (Non-English),10,Diary of a Gigolo,1.0,,,tt16481820
2022-09-25,Films (English),1,Do Revenge,,,,tt13327038
2022-09-25,Films (English),2,Lou,,,,tt11630044
2022-09-25,Films (English),3,Father Stu,,,,tt14439896
2022-09-25,Films (English),4,I Used to Be Famous,,,,tt15807910
2022-09-25,Films (English),5,A Jazzman's Blues,,,,tt14307536
2022-09-25,Films (English),6,Me Time,,,,tt0996959
2022-09-25,Films (English),8,End of the Road,,,,tt0036790
2022-09-25,Films (English),9,This Is the End,,,,tt1245492
2022-09-25,Films (English),10,Dolittle,,,,tt6673612
2022-09-25,Films (Non-English),1,The Perfumier,,,,tt21916206
2022-09-25,Films (Non-English),2,ATHENA,,,,tt0046728
2022-09-25,Films (Non-English),3,No Limit,,,,tt0022211
2022-09-25,Films (Non-English),4,The Catholic School,,,,tt10345782
2022-09-25,Films (Non-English),5,Drifting Home,,,,tt15494038
2022-09-25,Films (Non-English),6,Mat Kilau,,,,tt11347146
2022-09-25,Films (Non-English),7,Loving Adults,,,,tt14592948
2022-09-25,Films (Non-English),8,El Jeremías,,,,tt4457020
2022-09-25,Films (Non-English),10,Broad Peak,,,,tt8983230
2022-09-25,TV (English),2,Fate: The Winx Saga,2.0,,,tt8179402
2022-09-25,TV (English),3,Cobra Kai,5.0,,,tt7221388
2022-09-25,TV (English),4,The Crown,1.0,,,tt4786824
2022-09-25,TV (English),5,Fate: The Winx Saga,1.0,,,tt8179402
2022-09-25,TV (English),6,Heartbreak High,1.0,,,tt0108800
2022-09-25,TV (English),7,The Crown,2.0,,,tt4786824
2022-09-25,TV (English),8,Dynasty,5.0,,,tt0081856
2022-09-25,TV (English),9,The Imperfects,1.0,,,tt14502728
2022-09-25,TV (English),10,Sins of Our Mother,1.0,,,tt21867596
2022-09-25,TV (Non-English),1,"El Rey, Vicente Fernández",1.0,,,tt16442864
2022-09-25,TV (Non-English),2,Narco-Saints,1.0,,,tt14518692
2022-09-25,TV (Non-English),3,Diary of a Gigolo,1.0,,,tt16481820
2022-09-25,TV (Non-English),4,Extraordinary Attorney Woo,1.0,,,tt20869502
2022-09-25,TV (Non-English),5,Little Women,1.0,,,tt0078643
2022-09-25,TV (Non-English),6,Young Lady and Gentleman,,,,tt15514606
2022-09-25,TV (Non-English),7,Cyberpunk: Edgerunners,1.0,,,tt12590266
2022-09-25,TV (Non-English),8,Thai Cave Rescue,1.0,,,tt8726102
2022-09-25,TV (Non-English),9,Santo,1.0,,,tt14278524
2022-09-25,TV (Non-English),10,High Heat,1.0,,,tt17641200
2022-09-18,Films (English),1,End of the Road,,,,tt0036790
2022-09-18,Films (English),2,Do Revenge,,,,tt13327038
2022-09-18,Films (English),3,Love in the Villa,,,,tt15463032
2022-09-18,Films (English),4,Me Time,,,,tt0996959
2022-09-18,Films (English),5,Morbius,,,,tt5108870
2022-09-18,Films (English),6,I Came By,,,,tt15083184
2022-09-18,Films (English),7,Despicable Me 2,,,,tt1690953
2022-09-18,Films (English),8,The Invisible Man,,,,tt0024184
2022-09-18,Films (English),9,Dolittle,,,,tt6673612
2022-09-18,Films (English),10,This Is the End,,,,tt1245492
2022-09-18,Films (Non-English),1,No Limit,,,,tt0022211
2022-09-18,Films (Non-English),2,The Catholic School,,,,tt10345782
2022-09-18,Films (Non-English),3,Ek Villain Returns,,,,tt11947158
2022-09-18,Films (Non-English),4,Loving Adults,,,,tt14592948
2022-09-18,Films (Non-English),5,Mat Kilau,,,,tt11347146
2022-09-18,Films (Non-English),6,Broad Peak,,,,tt8983230
2022-09-18,Films (Non-English),7,Jogi,,,,tt1247222
2022-09-18,Films (Non-English),8,El Jeremías,,,,tt4457020
2022-09-18,Films (Non-English),9,Fenced In,,,,tt0424083
2022-09-18,Films (Non-English),10,Drifting Home,,,,tt15494038
2022-09-18,TV (English),1,Cobra Kai,5.0,,,tt7221388
2022-09-18,TV (English),2,Fate: The Winx Saga,2.0,,,tt8179402
2022-09-18,TV (English),3,The Crown,1.0,,,tt4786824
2022-09-18,TV (English),4,The Imperfects,1.0,,,tt14502728
2022-09-18,TV (English),5,Devil in Ohio,1.0,,,tt15432016
2022-09-18,TV (English),6,Sins of Our Mother,1.0,,,tt21867596
2022-09-18,TV (English),7,The Crown,2.0,,,tt4786824
2022-09-18,TV (English),8,Love Is Blind,2.0,,,tt11704040
2022-09-18,TV (English),9,Stranger Things,4.0,,,tt1460534
2022-09-18,TV (English),10,The Sandman,1.0,,,tt1751634
2022-09-18,TV (Non-English),1,Narco-Saints,1.0,,,tt14518692
2022-09-18,TV (Non-English),2,Diary of a Gigolo,1.0,,,tt16481820
2022-09-18,TV (Non-English),3,"El Rey, Vicente Fernández",1.0,,,tt16442864
2022-09-18,TV (Non-English),4,Extraordinary Attorney Woo,1.0,,,tt20869502
2022-09-18,TV (Non-English),5,Young Lady and Gentleman,,,,tt15514606
2022-09-18,TV (Non-English),6,High Heat,1.0,,,tt17641200
2022-09-18,TV (Non-English),7,The Lørenskog Disappearance,1.0,,,tt15264452
2022-09-18,TV (Non-English),8,Cyberpunk: Edgerunners,1.0,,,tt12590266
2022-09-18,TV (Non-English),9,Little Women,1.0,,,tt0078643
2022-09-18,TV (Non-English),10,Alchemy of Souls,1.0,,,tt20859920
2022-09-11,Films (English),1,End of the Road,,,,tt0036790
2022-09-11,Films (English),2,Love in the Villa,,,,tt15463032
2022-09-11,Films (English),3,I Came By,,,,tt15083184
2022-09-11,Films (English),4,Me Time,,,,tt0996959
2022-09-11,Films (English),5,Morbius,,,,tt5108870
2022-09-11,Films (English),6,White Chicks,,,,tt0381707
2022-09-11,Films (English),7,Despicable Me 2,,,,tt1690953
2022-09-11,Films (English),8,Hanna,,,,tt0993842
2022-09-11,Films (English),9,Triple 9,,,,tt1712261
2022-09-11,Films (English),10,Labor Day,,,,tt0202450
2022-09-11,Films (Non-English),1,No Limit,,,,tt0022211
2022-09-11,Films (Non-English),2,Loving Adults,,,,tt14592948
2022-09-11,Films (Non-English),3,Fenced In,,,,tt0424083
2022-09-11,Films (Non-English),4,Under Her Control,,,,tt15006754
2022-09-11,Films (Non-English),5,Ek Villain Returns,,,,tt11947158
2022-09-11,Films (Non-English),6,Seoul Vibe,,,,tt13611770
2022-09-11,Films (Non-English),7,HIT: The First Case,,,,tt13130760
2022-09-11,Films (Non-English),8,"For Better, for Worse",,,,tt0010137
2022-09-11,Films (Non-English),9,HollyBlood,,,,tt14210720
2022-09-11,Films (Non-English),10,The Festival of Troubadours,,,,tt15335282
2022-09-11,TV (English),1,Cobra Kai,5.0,,,tt7221388
2022-09-11,TV (English),2,Devil in Ohio,1.0,,,tt15432016
2022-09-11,TV (English),3,The Imperfects,1.0,,,tt14502728
2022-09-11,TV (English),4,Dated and Related,1.0,,,tt15292942
2022-09-11,TV (English),5,The Sandman,1.0,,,tt1751634
2022-09-11,TV (English),6,Partner Track,1.0,,,tt15390524
2022-09-11,TV (English),7,The Crown,1.0,,,tt4786824
2022-09-11,TV (English),8,Stranger Things,4.0,,,tt1460534
2022-09-11,TV (English),9,Echoes,1.0,,,tt0213628
2022-09-11,TV (English),10,Manifest,1.0,,,tt14738778
2022-09-11,TV (Non-English),1,Extraordinary Attorney Woo,1.0,,,tt20869502
2022-09-11,TV (Non-English),2,Diary of a Gigolo,1.0,,,tt16481820
2022-09-11,TV (Non-English),3,High Heat,1.0,,,tt17641200
2022-09-11,TV (Non-English),4,Young Lady and Gentleman,,,,tt15514606
2022-09-11,TV (Non-English),5,Narco-Saints,1.0,,,tt14518692
2022-09-11,TV (Non-English),6,Alchemy of Souls,1.0,,,tt20859920
2022-09-11,TV (Non-English),7,Little Women,1.0,,,tt0078643
2022-09-11,TV (Non-English),8,Pasión de Gavilanes,2.0,,,tt0387763
2022-09-11,TV (Non-English),9,Entrapped,1.0,,,tt21964626
2022-09-11,TV (Non-English),10,Family Secrets,1.0,,,tt0387735
2022-09-04,Films (English),1,Me Time,,,,tt0996959
2022-09-04,Films (English),2,Love in the Villa,,,,tt15463032
2022-09-04,Films (English),3,I Came By,,,,tt15083184
2022-09-04,Films (English),4,That's Amor,,,,tt21388556
2022-09-04,Films (English),5,Look Both Ways,,,,tt0382806
2022-09-04,Films (English),6,Day Shift,,,,tt13314558
2022-09-04,Films (English),7,The Next 365 Days,,,,tt21106646
2022-09-04,Films (English),8,Purple Hearts,,,,tt0087956
2022-09-04,Films (English),9,The Gray Man,,,,tt0360615
2022-09-04,Films (English),10,Collateral,,,,tt0369339
2022-09-04,Films (Non-English),1,Loving Adults,,,,tt14592948
2022-09-04,Films (Non-English),2,Under Her Control,,,,tt15006754
2022-09-04,Films (Non-English),3,Fenced In,,,,tt0424083
2022-09-04,Films (Non-English),4,Seoul Vibe,,,,tt13611770
2022-09-04,Films (Non-English),5,HIT: The First Case,,,,tt13130760
2022-09-04,Films (Non-English),6,The Figo Affair: The Transfer that Changed Football,,,,tt21836538
2022-09-04,Films (Non-English),7,School Life,,,,tt38633456
2022-09-04,Films (Non-English),8,Royalteen,,,,tt15022184
2022-09-04,Films (Non-English),9,Rise of the Legend,,,,tt3469592
2022-09-04,Films (Non-English),10,"Watch Out, We're Mad",,,,tt0069697
2022-09-04,TV (English),1,Echoes,1.0,,,tt0213628
2022-09-04,TV (English),2,Devil in Ohio,1.0,,,tt15432016
2022-09-04,TV (English),3,The Sandman,1.0,,,tt1751634
2022-09-04,TV (English),4,Partner Track,1.0,,,tt15390524
2022-09-04,TV (English),5,Stranger Things,4.0,,,tt1460534
2022-09-04,TV (English),6,I AM A KILLER,3.0,,,tt8300324
2022-09-04,TV (English),7,Manifest,1.0,,,tt14738778
2022-09-04,TV (English),8,Never Have I Ever,3.0,,,tt10062292
2022-09-04,TV (English),9,Selling The OC,1.0,,,tt15907000
2022-09-04,TV (English),10,Manifest,3.0,,,tt14738778
2022-09-04,TV (Non-English),1,Extraordinary Attorney Woo,1.0,,,tt20869502
2022-09-04,TV (Non-English),2,High Heat,1.0,,,tt17641200
2022-09-04,TV (Non-English),3,Alchemy of Souls,1.0,,,tt20859920
2022-09-04,TV (Non-English),4,Young Lady and Gentleman,,,,tt15514606
2022-09-04,TV (Non-English),5,Kleo,1.0,,,tt15135104
2022-09-04,TV (Non-English),6,Pasión de Gavilanes,2.0,,,tt0387763
2022-09-04,TV (Non-English),7,Family Secrets,1.0,,,tt0387735
2022-09-04,TV (Non-English),8,Ludik,1.0,,,tt21341988
2022-09-04,TV (Non-English),9,Under Fire,1.0,,,tt0840226
2022-09-04,TV (Non-English),10,Another Self,1.0,,,tt14899624
2022-08-28,Films (English),1,Me Time,,,,tt0996959
2022-08-28,Films (English),2,Look Both Ways,,,,tt0382806
2022-08-28,Films (English),3,The Next 365 Days,,,,tt21106646
2022-08-28,Films (English),4,Day Shift,,,,tt13314558
2022-08-28,Films (English),5,Purple Hearts,,,,tt0087956
2022-08-28,Films (English),6,The Mummy,,,,tt0023245
2022-08-28,Films (English),7,Running with the Devil: The Wild World of John McAfee,,,,tt21379574
2022-08-28,Films (English),9,That's Amor,,,,tt21388556
2022-08-28,Films (English),10,The Great Wall,,,,tt0056492
2022-08-28,Films (Non-English),1,Loving Adults,,,,tt14592948
2022-08-28,Films (Non-English),2,Royalteen,,,,tt15022184
2022-08-28,Films (Non-English),4,Seoul Vibe,,,,tt13611770
2022-08-28,Films (Non-English),5,The Figo Affair: The Transfer that Changed Football,,,,tt21836538
2022-08-28,Films (Non-English),6,The Assistant,,,,tt0118648
2022-08-28,Films (Non-English),7,Blood Red Sky,,,,tt6402468
2022-08-28,Films (Non-English),8,Carter,,,,tt1378639
2022-08-28,Films (Non-English),9,Darlings,,,,tt14152140
2022-08-28,Films (Non-English),10,"Watch Out, We're Mad",,,,tt0069697
2022-08-28,TV (English),1,Echoes,1.0,,,tt0213628
2022-08-28,TV (English),2,The Sandman,1.0,,,tt1751634
2022-08-28,TV (English),3,Never Have I Ever,3.0,,,tt10062292
2022-08-28,TV (English),4,Stranger Things,4.0,,,tt1460534
2022-08-28,TV (English),5,Manifest,1.0,,,tt14738778
2022-08-28,TV (English),6,Selling The OC,1.0,,,tt15907000
2022-08-28,TV (English),7,Partner Track,1.0,,,tt15390524
2022-08-28,TV (English),8,Locke & Key,3.0,,,tt3007572
2022-08-28,TV (English),9,Virgin River,4.0,,,tt9077530
2022-08-28,TV (Non-English),1,Extraordinary Attorney Woo,1.0,,,tt20869502
2022-08-28,TV (Non-English),2,High Heat,1.0,,,tt17641200
2022-08-28,TV (Non-English),3,Alchemy of Souls,1.0,,,tt20859920
2022-08-28,TV (Non-English),4,Kleo,1.0,,,tt15135104
2022-08-28,TV (Non-English),5,The Girl in the Mirror,1.0,,,tt13106334
2022-08-28,TV (Non-English),6,Pasión de Gavilanes,2.0,,,tt0387763
2022-08-28,TV (Non-English),7,Another Self,1.0,,,tt14899624
2022-08-28,TV (Non-English),8,Young Lady and Gentleman,,,,tt15514606
2022-08-28,TV (Non-English),9,A Model Family,1.0,,,tt21289712
2022-08-28,TV (Non-English),10,Pasión de Gavilanes,1.0,,,tt0387763
2022-08-21,Films (English),1,Day Shift,,,,tt13314558
2022-08-21,Films (English),2,Look Both Ways,,,,tt0382806
2022-08-21,Films (English),3,The Next 365 Days,,,,tt21106646
2022-08-21,Films (English),4,Purple Hearts,,,,tt0087956
2022-08-21,Films (English),6,The Gray Man,,,,tt0360615
2022-08-21,Films (English),7,The Angry Birds Movie 2,,,,tt6095472
2022-08-21,Films (English),8,Uncharted,,,,tt1057576
2022-08-21,Films (English),9,The Sea Beast,,,,tt0017354
2022-08-21,Films (English),10,Inside the Mind of a Cat,,,,tt21340412
2022-08-21,Films (Non-English),1,Royalteen,,,,tt15022184
2022-08-21,Films (Non-English),3,Carter,,,,tt1378639
2022-08-21,Films (Non-English),5,Darlings,,,,tt14152140
2022-08-21,Films (Non-English),6,Blood Red Sky,,,,tt6402468
2022-08-21,Films (Non-English),7,Bank Robbers: The Last Great Heist,,,,tt21281774
2022-08-21,Films (Non-English),9,Nikamma,,,,tt10687220
2022-08-21,TV (English),1,The Sandman,1.0,,,tt1751634
2022-08-21,TV (English),2,Never Have I Ever,3.0,,,tt10062292
2022-08-21,TV (English),3,Stranger Things,4.0,,,tt1460534
2022-08-21,TV (English),4,Locke & Key,3.0,,,tt3007572
2022-08-21,TV (English),5,Echoes,1.0,,,tt0213628
2022-08-21,TV (English),6,Manifest,1.0,,,tt14738778
2022-08-21,TV (English),7,Virgin River,4.0,,,tt9077530
2022-08-21,TV (English),8,Never Have I Ever,1.0,,,tt10062292
2022-08-21,TV (English),9,Never Have I Ever,2.0,,,tt10062292
2022-08-21,TV (English),10,Manifest,2.0,,,tt14738778
2022-08-21,TV (Non-English),1,Extraordinary Attorney Woo,1.0,,,tt20869502
2022-08-21,TV (Non-English),2,High Heat,1.0,,,tt17641200
2022-08-21,TV (Non-English),3,A Model Family,1.0,,,tt21289712
2022-08-21,TV (Non-English),4,Pasión de Gavilanes,2.0,,,tt0387763
2022-08-21,TV (Non-English),5,Alchemy of Souls,1.0,,,tt20859920
2022-08-21,TV (Non-English),6,Another Self,1.0,,,tt14899624
2022-08-21,TV (Non-English),7,Pasión de Gavilanes,1.0,,,tt0387763
2022-08-21,TV (Non-English),8,Alba,1.0,,,tt12446242
2022-08-21,TV (Non-English),9,The Girl in the Mirror,1.0,,,tt13106334
2022-08-21,TV (Non-English),10,"Good Morning, Verônica",2.0,,,tt12987918
2022-08-14,Films (English),1,Day Shift,,,,tt13314558
2022-08-14,Films (English),2,Purple Hearts,,,,tt0087956
2022-08-14,Films (English),3,Uncharted,,,,tt1057576
2022-08-14,Films (English),4,The Gray Man,,,,tt0360615
2022-08-14,Films (English),5,Wedding Season,,,,tt10993824
2022-08-14,Films (English),6,The Sea Beast,,,,tt0017354
2022-08-14,Films (English),7,1917,,,,tt8579674
2022-08-14,Films (English),8,Flight,,,,tt0019884
2022-08-14,Films (English),9,The Informer,,,,tt0020025
2022-08-14,Films (English),10,Sing 2,,,,tt6467266
2022-08-14,Films (Non-English),1,Carter,,,,tt1378639
2022-08-14,Films (Non-English),2,Darlings,,,,tt14152140
2022-08-14,Films (Non-English),4,Bank Robbers: The Last Great Heist,,,,tt21281774
2022-08-14,Films (Non-English),6,Blood Red Sky,,,,tt6402468
2022-08-14,Films (Non-English),8,Recurrence,,,,tt33377952
2022-08-14,Films (Non-English),9,Heartsong,,,,tt21339860
2022-08-14,TV (English),1,The Sandman,1.0,,,tt1751634
2022-08-14,TV (English),2,Never Have I Ever,3.0,,,tt10062292
2022-08-14,TV (English),3,Locke & Key,3.0,,,tt3007572
2022-08-14,TV (English),4,Stranger Things,4.0,,,tt1460534
2022-08-14,TV (English),5,Virgin River,4.0,,,tt9077530
2022-08-14,TV (English),6,Manifest,1.0,,,tt14738778
2022-08-14,TV (English),7,I Just Killed My Dad,1.0,,,tt21315194
2022-08-14,TV (English),8,Keep Breathing,1.0,,,tt14117010
2022-08-14,TV (English),9,Manifest,2.0,,,tt14738778
2022-08-14,TV (English),10,Manifest,3.0,,,tt14738778
2022-08-14,TV (Non-English),1,Extraordinary Attorney Woo,1.0,,,tt20869502
2022-08-14,TV (Non-English),2,Pasión de Gavilanes,2.0,,,tt0387763
2022-08-14,TV (Non-English),3,Another Self,1.0,,,tt14899624
2022-08-14,TV (Non-English),4,Alchemy of Souls,1.0,,,tt20859920
2022-08-14,TV (Non-English),5,"Good Morning, Verônica",2.0,,,tt12987918
2022-08-14,TV (Non-English),6,Alba,1.0,,,tt12446242
2022-08-14,TV (Non-English),7,"Good Morning, Verônica",1.0,,,tt12987918
2022-08-14,TV (Non-English),8,Pasión de Gavilanes,1.0,,,tt0387763
2022-08-14,TV (Non-English),9,A Model Family,1.0,,,tt21289712
2022-08-14,TV (Non-English),10,Café con aroma de mujer,1.0,,,tt0216459
2022-08-07,Films (English),1,Purple Hearts,,,,tt0087956
2022-08-07,Films (English),2,The Gray Man,,,,tt0360615
2022-08-07,Films (English),3,Uncharted,,,,tt1057576
2022-08-07,Films (English),4,Wedding Season,,,,tt10993824
2022-08-07,Films (English),5,The Sea Beast,,,,tt0017354
2022-08-07,Films (English),6,Spider-Man: Far from Home,,,,tt6320628
2022-08-07,Films (English),7,The Age of Adaline,,,,tt1655441
2022-08-07,Films (English),8,Tower Heist,,,,tt0471042
2022-08-07,Films (English),10,Sing 2,,,,tt6467266
2022-08-07,Films (Non-English),1,Carter,,,,tt1378639
2022-08-07,Films (Non-English),3,Recurrence,,,,tt33377952
2022-08-07,Films (Non-English),4,Darlings,,,,tt14152140
2022-08-07,Films (Non-English),5,The Entitled,,,,tt1650535
2022-08-07,Films (Non-English),6,Too Old for Fairy Tales,,,,tt15575356
2022-08-07,Films (Non-English),7,Buba,,,,tt1753548
2022-08-07,Films (Non-English),8,Blood Red Sky,,,,tt6402468
2022-08-07,Films (Non-English),10,Incantation,,,,tt10333688
2022-08-07,TV (English),1,The Sandman,1.0,,,tt1751634
2022-08-07,TV (English),2,Keep Breathing,1.0,,,tt14117010
2022-08-07,TV (English),3,Virgin River,4.0,,,tt9077530
2022-08-07,TV (English),4,Stranger Things,4.0,,,tt1460534
2022-08-07,TV (English),5,Manifest,1.0,,,tt14738778
2022-08-07,TV (English),6,Uncoupled,1.0,,,tt15466144
2022-08-07,TV (English),7,Manifest,2.0,,,tt14738778
2022-08-07,TV (English),9,Manifest,3.0,,,tt14738778
2022-08-07,TV (English),10,Stranger Things,3.0,,,tt1460534
2022-08-07,TV (Non-English),1,Extraordinary Attorney Woo,1.0,,,tt20869502
2022-08-07,TV (Non-English),2,Another Self,1.0,,,tt14899624
2022-08-07,TV (Non-English),3,Pasión de Gavilanes,2.0,,,tt0387763
2022-08-07,TV (Non-English),4,Alchemy of Souls,1.0,,,tt20859920
2022-08-07,TV (Non-English),5,Alba,1.0,,,tt12446242
2022-08-07,TV (Non-English),6,"Good Morning, Verônica",2.0,,,tt12987918
2022-08-07,TV (Non-English),7,"Good Morning, Verônica",1.0,,,tt12987918
2022-08-07,TV (Non-English),8,Pasión de Gavilanes,1.0,,,tt0387763
2022-08-07,TV (Non-English),9,Rebelde,2.0,,,tt0224954
2022-08-07,TV (Non-English),10,Remarriage & Desires,1.0,,,tt15268768
2022-07-31,Films (English),1,The Gray Man,,,,tt0360615
2022-07-31,Films (English),2,Purple Hearts,,,,tt0087956
2022-07-31,Films (English),3,The Sea Beast,,,,tt0017354
2022-07-31,Films (English),4,Persuasion,,,,tt12269000
2022-07-31,Films (English),5,Sing 2,,,,tt6467266
2022-07-31,Films (English),6,Spider-Man: Far from Home,,,,tt6320628
2022-07-31,Films (English),7,The Man from Toronto,,,,tt0024298
2022-07-31,Films (English),9,Line of Duty,,,,tt1532538
2022-07-31,Films (English),10,Red Notice,,,,tt7991608
2022-07-31,Films (Non-English),1,Recurrence,,,,tt33377952
2022-07-31,Films (Non-English),2,Too Old for Fairy Tales,,,,tt15575356
2022-07-31,Films (Non-English),3,Incantation,,,,tt10333688
2022-07-31,Films (Non-English),4,Major Grom: Plague Doctor,,,,tt7601480
2022-07-31,Films (Non-English),5,The Entitled,,,,tt1650535
2022-07-31,Films (Non-English),6,A Cut Above,,,,tt1548873
2022-07-31,Films (Non-English),8,Live is Life,,,,tt12923028
2022-07-31,Films (Non-English),10,Dangerous Liaisons,,,,tt0053002
2022-07-31,TV (English),1,Virgin River,4.0,,,tt9077530
2022-07-31,TV (English),2,Stranger Things,4.0,,,tt1460534
2022-07-31,TV (English),3,Keep Breathing,1.0,,,tt14117010
2022-07-31,TV (English),4,Manifest,1.0,,,tt14738778
2022-07-31,TV (English),5,Resident Evil,1.0,,,tt9660182
2022-07-31,TV (English),6,The Most Hated Man on the Internet,1.0,,,tt21098728
2022-07-31,TV (English),7,Manifest,2.0,,,tt14738778
2022-07-31,TV (English),8,Stranger Things,3.0,,,tt1460534
2022-07-31,TV (English),9,Manifest,3.0,,,tt14738778
2022-07-31,TV (English),10,Stranger Things,2.0,,,tt1460534
2022-07-31,TV (Non-English),1,Extraordinary Attorney Woo,1.0,,,tt20869502
2022-07-31,TV (Non-English),2,Alba,1.0,,,tt12446242
2022-07-31,TV (Non-English),3,Pasión de Gavilanes,2.0,,,tt0387763
2022-07-31,TV (Non-English),4,Alchemy of Souls,1.0,,,tt20859920
2022-07-31,TV (Non-English),5,Another Self,1.0,,,tt14899624
2022-07-31,TV (Non-English),6,Remarriage & Desires,1.0,,,tt15268768
2022-07-31,TV (Non-English),7,Rebelde,2.0,,,tt0224954
2022-07-31,TV (Non-English),8,Oh My Venus,1.0,,,tt5189944
2022-07-31,TV (Non-English),9,Pasión de Gavilanes,1.0,,,tt0387763
2022-07-31,TV (Non-English),10,Café con aroma de mujer,1.0,,,tt0216459
2022-07-24,Films (English),1,The Gray Man,,,,tt0360615
2022-07-24,Films (English),2,The Sea Beast,,,,tt0017354
2022-07-24,Films (English),3,Persuasion,,,,tt12269000
2022-07-24,Films (English),4,Clean,,,,tt0163587
2022-07-24,Films (English),5,Daughter of the Wolf,,,,tt7615052
2022-07-24,Films (English),6,Sing 2,,,,tt6467266
2022-07-24,Films (English),7,The Man from Toronto,,,,tt0024298
2022-07-24,Films (English),8,Girl in the Picture,,,,tt21059520
2022-07-24,Films (English),9,CHIPS,,,,tt0147992
2022-07-24,Films (English),10,12 Strong,,,,tt1413492
2022-07-24,Films (Non-English),1,Too Old for Fairy Tales,,,,tt15575356
2022-07-24,Films (Non-English),2,Live is Life,,,,tt12923028
2022-07-24,Films (Non-English),3,Incantation,,,,tt10333688
2022-07-24,Films (Non-English),4,Valley of the Dead,,,,tt10127708
2022-07-24,Films (Non-English),5,Dangerous Liaisons,,,,tt0053002
2022-07-24,Films (Non-English),6,Jaadugar,,,,tt0097609
2022-07-24,Films (Non-English),7,Under the Amalfi Sun,,,,tt15311262
2022-07-24,TV (English),1,Virgin River,4.0,,,tt9077530
2022-07-24,TV (English),2,Stranger Things,4.0,,,tt1460534
2022-07-24,TV (English),3,Resident Evil,1.0,,,tt9660182
2022-07-24,TV (English),4,Manifest,1.0,,,tt14738778
2022-07-24,TV (English),5,Stranger Things,3.0,,,tt1460534
2022-07-24,TV (English),6,Stranger Things,2.0,,,tt1460534
2022-07-24,TV (English),7,Manifest,2.0,,,tt14738778
2022-07-24,TV (English),8,Stranger Things,,,,tt1460534
2022-07-24,TV (English),9,Kung Fu Panda: The Dragon Knight,1.0,,,tt18783984
2022-07-24,TV (English),10,The Umbrella Academy,3.0,,,tt1312171
2022-07-24,TV (Non-English),1,Alba,1.0,,,tt12446242
2022-07-24,TV (Non-English),2,Extraordinary Attorney Woo,1.0,,,tt20869502
2022-07-24,TV (Non-English),3,Remarriage & Desires,1.0,,,tt15268768
2022-07-24,TV (Non-English),4,Pasión de Gavilanes,2.0,,,tt0387763
2022-07-24,TV (Non-English),5,Alchemy of Souls,1.0,,,tt20859920
2022-07-24,TV (Non-English),6,Backstreet Rookie,,,,tt12516712
2022-07-24,TV (Non-English),7,Café con aroma de mujer,1.0,,,tt0216459
2022-07-24,TV (Non-English),8,Sintonia,3.0,,,tt8165086
2022-07-24,TV (Non-English),9,The Longest Night,1.0,,,tt14463552
2022-07-24,TV (Non-English),10,Oh My Venus,1.0,,,tt5189944
2022-07-17,Films (English),1,The Sea Beast,,,,tt0017354
2022-07-17,Films (English),2,Persuasion,,,,tt12269000
2022-07-17,Films (English),3,Girl in the Picture,,,,tt21059520
2022-07-17,Films (English),4,The Man from Toronto,,,,tt0024298
2022-07-17,Films (English),5,Sing 2,,,,tt6467266
2022-07-17,Films (English),6,12 Strong,,,,tt1413492
2022-07-17,Films (English),7,Spider-Man: No Way Home,,,,tt10872600
2022-07-17,Films (English),8,CHIPS,,,,tt0147992
2022-07-17,Films (English),9,Hustle,,,,tt0073133
2022-07-17,Films (Non-English),1,Valley of the Dead,,,,tt10127708
2022-07-17,Films (Non-English),2,Dangerous Liaisons,,,,tt0053002
2022-07-17,Films (Non-English),3,Incantation,,,,tt10333688
2022-07-17,Films (Non-English),4,Under the Amalfi Sun,,,,tt15311262
2022-07-17,Films (Non-English),7,Jaadugar,,,,tt0097609
2022-07-17,TV (English),1,Stranger Things,4.0,,,tt1460534
2022-07-17,TV (English),2,Resident Evil,1.0,,,tt9660182
2022-07-17,TV (English),3,Manifest,1.0,,,tt14738778
2022-07-17,TV (English),4,Stranger Things,2.0,,,tt1460534
2022-07-17,TV (English),5,Stranger Things,3.0,,,tt1460534
2022-07-17,TV (English),6,Stranger Things,,,,tt1460534
2022-07-17,TV (English),7,The Umbrella Academy,3.0,,,tt1312171
2022-07-17,TV (English),8,Kung Fu Panda: The Dragon Knight,1.0,,,tt18783984
2022-07-17,TV (English),9,"Boo, Bitch",1.0,,,tt14097144
2022-07-17,TV (English),10,Alone,8.0,,,tt11214572
2022-07-17,TV (Non-English),1,Extraordinary Attorney Woo,1.0,,,tt20869502
2022-07-17,TV (Non-English),2,The Longest Night,1.0,,,tt14463552
2022-07-17,TV (Non-English),3,Sintonia,3.0,,,tt8165086
2022-07-17,TV (Non-English),4,Alba,1.0,,,tt12446242
2022-07-17,TV (Non-English),5,Alchemy of Souls,1.0,,,tt20859920
2022-07-17,TV (Non-English),6,Control Z,3.0,,,tt11937662
2022-07-17,TV (Non-English),7,Café con aroma de mujer,1.0,,,tt0216459
2022-07-17,TV (Non-English),8,Remarriage & Desires,1.0,,,tt15268768
2022-07-17,TV (Non-English),9,She Would Never Know,,,,tt13446244
2022-07-17,TV (Non-English),10,Capitani,2.0,,,tt10483610
2022-07-10,Films (English),1,The Sea Beast,,,,tt0017354
2022-07-10,Films (English),2,Girl in the Picture,,,,tt21059520
2022-07-10,Films (English),3,The Man from Toronto,,,,tt0024298
2022-07-10,Films (English),4,Sing 2,,,,tt6467266
2022-07-10,Films (English),5,American Assassin,,,,tt1961175
2022-07-10,Films (English),6,Grand Isle,,,,tt0101970
2022-07-10,Films (English),8,Hustle,,,,tt0073133
2022-07-10,Films (English),9,Mean Girls,,,,tt0377092
2022-07-10,Films (English),10,The Dark Knight Rises,,,,tt1345836
2022-07-10,Films (Non-English),1,Dangerous Liaisons,,,,tt0053002
2022-07-10,Films (Non-English),3,Tadeo Jones 2: El secreto del Rey Midas,,,,tt3896102
2022-07-10,Films (Non-English),4,Incantation,,,,tt10333688
2022-07-10,Films (Non-English),7,Blasted,,,,tt11894486
2022-07-10,Films (Non-English),9,Operation Romeo,,,,tt18923048
2022-07-10,Films (Non-English),10,Bhool Bhulaiyaa 2,,,,tt6455162
2022-07-10,TV (English),1,Stranger Things,4.0,,,tt1460534
2022-07-10,TV (English),2,Stranger Things,,,,tt1460534
2022-07-10,TV (English),3,The Umbrella Academy,3.0,,,tt1312171
2022-07-10,TV (English),4,Stranger Things,2.0,,,tt1460534
2022-07-10,TV (English),5,Stranger Things,3.0,,,tt1460534
2022-07-10,TV (English),6,Manifest,1.0,,,tt14738778
2022-07-10,TV (English),7,The Umbrella Academy,1.0,,,tt1312171
2022-07-10,TV (English),8,The Umbrella Academy,2.0,,,tt1312171
2022-07-10,TV (English),9,Peaky Blinders,6.0,,,tt2442560
2022-07-10,TV (English),10,Alone,8.0,,,tt11214572
2022-07-10,TV (Non-English),1,Extraordinary Attorney Woo,1.0,,,tt20869502
2022-07-10,TV (Non-English),2,Control Z,3.0,,,tt11937662
2022-07-10,TV (Non-English),3,Money Heist: Korea - Joint Economic Area,1.0,,,tt13696452
2022-07-10,TV (Non-English),4,The Longest Night,1.0,,,tt14463552
2022-07-10,TV (Non-English),5,Alchemy of Souls,1.0,,,tt20859920
2022-07-10,TV (Non-English),6,"Yo soy Betty, la fea",1.0,,,tt0233127
2022-07-10,TV (Non-English),7,Café con aroma de mujer,1.0,,,tt0216459
2022-07-10,TV (Non-English),9,Ghost Doctor,,,,tt16493854
2022-07-03,Films (English),1,The Man from Toronto,,,,tt0024298
2022-07-03,Films (English),2,Sing 2,,,,tt6467266
2022-07-03,Films (English),3,Love & Gelato,,,,tt15521050
2022-07-03,Films (English),4,Hustle,,,,tt0073133
2022-07-03,Films (English),5,Glamour Girls,,,,tt0137780
2022-07-03,Films (English),6,Homefront,,,,tt2312718
2022-07-03,Films (English),7,Spiderhead,,,,tt9783600
2022-07-03,Films (English),8,The Mist,,,,tt0884328
2022-07-03,Films (English),9,Chickenhare and the Hamster of Darkness,,,,tt12532368
2022-07-03,Films (English),10,Backtrace,,,,tt3588588
2022-07-03,Films (Non-English),1,Blasted,,,,tt11894486
2022-07-03,Films (Non-English),2,Anek,,,,tt13919802
2022-07-03,Films (Non-English),3,Bhool Bhulaiyaa 2,,,,tt6455162
2022-07-03,Films (Non-English),4,Doom of Love,,,,tt14369296
2022-07-03,Films (Non-English),5,Heart Parade,,,,tt20597408
2022-07-03,Films (Non-English),7,The Wrath of God,,,,tt0069515
2022-07-03,Films (Non-English),9,Tadeo Jones 2: El secreto del Rey Midas,,,,tt3896102
2022-07-03,Films (Non-English),10,Grudge,,,,tt0341429
2022-07-03,TV (English),1,Stranger Things,4.0,,,tt1460534
2022-07-03,TV (English),2,The Umbrella Academy,3.0,,,tt1312171
2022-07-03,TV (English),3,Stranger Things,,,,tt1460534
2022-07-03,TV (English),4,The Umbrella Academy,1.0,,,tt1312171
2022-07-03,TV (English),5,Stranger Things,3.0,,,tt1460534
2022-07-03,TV (English),6,Stranger Things,2.0,,,tt1460534
2022-07-03,TV (English),7,Man Vs Bee,1.0,,,tt13640670
2022-07-03,TV (English),8,The Umbrella Academy,2.0,,,tt1312171
2022-07-03,TV (English),9,Peaky Blinders,6.0,,,tt2442560
2022-07-03,TV (English),10,Snowflake Mountain,1.0,,,tt15292870
2022-07-03,TV (Non-English),1,Money Heist: Korea - Joint Economic Area,1.0,,,tt13696452
2022-07-03,TV (Non-English),2,"Yo soy Betty, la fea",1.0,,,tt0233127
2022-07-03,TV (Non-English),3,Café con aroma de mujer,1.0,,,tt0216459
2022-07-03,TV (Non-English),4,Intimacy,1.0,,,tt14463542
2022-07-03,TV (Non-English),5,Alchemy of Souls,1.0,,,tt20859920
2022-07-03,TV (Non-English),6,Ghost Doctor,,,,tt16493854
2022-07-03,TV (Non-English),9,Money Heist,1.0,,,tt6468322
2022-07-03,TV (Non-English),10,Queen,1.0,,,tt0105937
2022-06-26,Films (English),1,The Man from Toronto,,,,tt0024298
2022-06-26,Films (English),2,Spiderhead,,,,tt9783600
2022-06-26,Films (English),3,Hustle,,,,tt0073133
2022-06-26,Films (English),4,Love & Gelato,,,,tt15521050
2022-06-26,Films (English),5,Sing 2,,,,tt6467266
2022-06-26,Films (English),6,Chickenhare and the Hamster of Darkness,,,,tt12532368
2022-06-26,Films (English),7,Collision,,,,tt0022772
2022-06-26,Films (English),8,The Mist,,,,tt0884328
2022-06-26,Films (English),9,Halftime,,,,tt19637852
2022-06-26,Films (English),10,It,,,,tt0018033
2022-06-26,Films (Non-English),1,Bhool Bhulaiyaa 2,,,,tt6455162
2022-06-26,Films (Non-English),2,Heart Parade,,,,tt20597408
2022-06-26,Films (Non-English),3,The Wrath of God,,,,tt0069515
2022-06-26,Films (Non-English),4,Centauro,,,,tt0094851
2022-06-26,Films (Non-English),5,Doom of Love,,,,tt14369296
2022-06-26,Films (Non-English),6,Loca por el trabajo,,,,tt7126758
2022-06-26,Films (Non-English),8,CBI 5: The Brain,,,,tt7311164
2022-06-26,Films (Non-English),9,In Our Prime,,,,tt12663772
2022-06-26,Films (Non-English),10,Through My Window,,,,tt14463484
2022-06-26,TV (English),1,The Umbrella Academy,3.0,,,tt1312171
2022-06-26,TV (English),2,Stranger Things,4.0,,,tt1460534
2022-06-26,TV (English),3,Stranger Things,3.0,,,tt1460534
2022-06-26,TV (English),4,Stranger Things,2.0,,,tt1460534
2022-06-26,TV (English),5,Peaky Blinders,6.0,,,tt2442560
2022-06-26,TV (English),6,Stranger Things,,,,tt1460534
2022-06-26,TV (English),7,The Umbrella Academy,1.0,,,tt1312171
2022-06-26,TV (English),8,You Don't Know Me,1.0,,,tt12005828
2022-06-26,TV (English),9,First Kill,1.0,,,tt13315156
2022-06-26,TV (English),10,Man Vs Bee,1.0,,,tt13640670
2022-06-26,TV (Non-English),1,Money Heist: Korea - Joint Economic Area,1.0,,,tt13696452
2022-06-26,TV (Non-English),2,Intimacy,1.0,,,tt14463542
2022-06-26,TV (Non-English),3,"Yo soy Betty, la fea",1.0,,,tt0233127
2022-06-26,TV (Non-English),5,Café con aroma de mujer,1.0,,,tt0216459
2022-06-26,TV (Non-English),6,The War Next-door,2.0,,,tt14821886
2022-06-26,TV (Non-English),7,She,2.0,,,tt0164286
2022-06-26,TV (Non-English),8,Our Blues,1.0,,,tt19115260
2022-06-26,TV (Non-English),9,SPRIGGAN,1.0,,,tt10011306
2022-06-26,TV (Non-English),10,Maldivas,1.0,,,tt13561292
2022-06-19,Films (English),1,Hustle,,,,tt0073133
2022-06-19,Films (English),2,Spiderhead,,,,tt9783600
2022-06-19,Films (English),3,Chickenhare and the Hamster of Darkness,,,,tt12532368
2022-06-19,Films (English),4,Halftime,,,,tt19637852
2022-06-19,Films (English),5,Interceptor,,,,tt0104516
2022-06-19,Films (English),6,Collision,,,,tt0022772
2022-06-19,Films (English),7,Trees of Peace,,,,tt11316680
2022-06-19,Films (English),8,Sonic the Hedgehog,,,,tt3794354
2022-06-19,Films (English),9,A Perfect Pairing,,,,tt15215512
2022-06-19,Films (English),10,Senior Year,,,,tt17050828
2022-06-19,Films (Non-English),1,The Wrath of God,,,,tt0069515
2022-06-19,Films (Non-English),2,Centauro,,,,tt0094851
2022-06-19,Films (Non-English),3,Heart Parade,,,,tt20597408
2022-06-19,Films (Non-English),4,CBI 5: The Brain,,,,tt7311164
2022-06-19,Films (Non-English),5,Bhool Bhulaiyaa 2,,,,tt6455162
2022-06-19,Films (Non-English),6,Loca por el trabajo,,,,tt7126758
2022-06-19,Films (Non-English),8,Don,,,,tt0077451
2022-06-19,Films (Non-English),9,Ben & Jody,,,,tt13393058
2022-06-19,Films (Non-English),10,Belzebuth,,,,tt3662308
2022-06-19,TV (English),1,Stranger Things,4.0,,,tt1460534
2022-06-19,TV (English),2,Peaky Blinders,6.0,,,tt2442560
2022-06-19,TV (English),3,First Kill,1.0,,,tt13315156
2022-06-19,TV (English),4,Stranger Things,3.0,,,tt1460534
2022-06-19,TV (English),5,Stranger Things,2.0,,,tt1460534
2022-06-19,TV (English),6,Stranger Things,,,,tt1460534
2022-06-19,TV (English),7,Keep Sweet: Pray and Obey,1.0,,,tt20560404
2022-06-19,TV (English),8,God's Favorite Idiot,1.0,,,tt13861620
2022-06-19,TV (English),9,The Lincoln Lawyer,1.0,,,tt13833978
2022-06-19,TV (English),10,Peaky Blinders,1.0,,,tt2442560
2022-06-19,TV (Non-English),1,Intimacy,1.0,,,tt14463542
2022-06-19,TV (Non-English),2,Our Blues,1.0,,,tt19115260
2022-06-19,TV (Non-English),4,"Yo soy Betty, la fea",1.0,,,tt0233127
2022-06-19,TV (Non-English),5,Maldivas,1.0,,,tt13561292
2022-06-19,TV (Non-English),6,Café con aroma de mujer,1.0,,,tt0216459
2022-06-19,TV (Non-English),7,Wrong Side of the Tracks,1.0,,,tt13980362
2022-06-19,TV (Non-English),8,The War Next-door,2.0,,,tt14821886
2022-06-19,TV (Non-English),9,As the Crow Flies,1.0,,,tt0192878
2022-06-19,TV (Non-English),10,Squid Game,1.0,,,tt10919420
2022-06-12,Films (English),1,Hustle,,,,tt0073133
2022-06-12,Films (English),2,Interceptor,,,,tt0104516
2022-06-12,Films (English),3,Chickenhare and the Hamster of Darkness,,,,tt12532368
2022-06-12,Films (English),4,The Amazing Spider-Man,,,,tt0948470
2022-06-12,Films (English),5,Senior Year,,,,tt17050828
2022-06-12,Films (English),6,A Perfect Pairing,,,,tt15215512
2022-06-12,Films (English),7,Mission: Impossible - Ghost Protocol,,,,tt1229238
2022-06-12,Films (English),8,Rambo: Last Blood,,,,tt1206885
2022-06-12,Films (English),9,Deep Impact,,,,tt0120647
2022-06-12,Films (English),10,Sonic the Hedgehog,,,,tt3794354
2022-06-12,Films (Non-English),2,El paseo 6,,,,tt16636178
2022-06-12,Films (Non-English),3,Don,,,,tt0077451
2022-06-12,Films (Non-English),4,Toscana,,,,tt13276352
2022-06-12,Films (Non-English),5,The Takedown,,,,tt10607266
2022-06-12,Films (Non-English),6,Belzebuth,,,,tt3662308
2022-06-12,Films (Non-English),7,F*ck Love Too,,,,tt15432804
2022-06-12,Films (Non-English),8,The Perfect Family,,,,tt11924738
2022-06-12,Films (Non-English),9,Gladbeck: The Hostage Crisis,,,,tt20420316
2022-06-12,Films (Non-English),10,CBI 5: The Brain,,,,tt7311164
2022-06-12,TV (English),1,Stranger Things,4.0,,,tt1460534
2022-06-12,TV (English),2,Stranger Things,2.0,,,tt1460534
2022-06-12,TV (English),3,Stranger Things,,,,tt1460534
2022-06-12,TV (English),4,Stranger Things,3.0,,,tt1460534
2022-06-12,TV (English),5,Peaky Blinders,6.0,,,tt2442560
2022-06-12,TV (English),6,Keep Sweet: Pray and Obey,1.0,,,tt20560404
2022-06-12,TV (English),7,First Kill,1.0,,,tt13315156
2022-06-12,TV (English),8,The Lincoln Lawyer,1.0,,,tt13833978
2022-06-12,TV (English),9,All American,4.0,,,tt7414406
2022-06-12,TV (English),10,Surviving Summer,1.0,,,tt13925166
2022-06-12,TV (Non-English),1,Wrong Side of the Tracks,1.0,,,tt13980362
2022-06-12,TV (Non-English),2,As the Crow Flies,1.0,,,tt0192878
2022-06-12,TV (Non-English),3,The Perfect Mother,1.0,,,tt15341198
2022-06-12,TV (Non-English),4,Intimacy,1.0,,,tt14463542
2022-06-12,TV (Non-English),5,Our Blues,1.0,,,tt19115260
2022-06-12,TV (Non-English),7,Two Summers,1.0,,,tt13018574
2022-06-12,TV (Non-English),9,"Yo soy Betty, la fea",1.0,,,tt0233127
2022-06-12,TV (Non-English),10,Who Killed Sara?,3.0,,,tt11937816
2022-06-05,Films (English),1,Interceptor,,,,tt0104516
2022-06-05,Films (English),2,A Perfect Pairing,,,,tt15215512
2022-06-05,Films (English),3,The Amazing Spider-Man,,,,tt0948470
2022-06-05,Films (English),4,Senior Year,,,,tt17050828
2022-06-05,Films (English),5,Memoirs of a Geisha,,,,tt0397535
2022-06-05,Films (English),6,The Outpost,,,,tt0114070
2022-06-05,Films (English),7,Disappearance at Clifton Hill,,,,tt5919756
2022-06-05,Films (English),8,Sonic the Hedgehog,,,,tt3794354
2022-06-05,Films (English),9,Jack Reacher,,,,tt0790724
2022-06-05,Films (Non-English),2,Toscana,,,,tt13276352
2022-06-05,Films (Non-English),3,F*ck Love Too,,,,tt15432804
2022-06-05,Films (Non-English),4,The Takedown,,,,tt10607266
2022-06-05,Films (Non-English),5,The Perfect Family,,,,tt11924738
2022-06-05,Films (Non-English),6,Gangubai Kathiawadi,,,,tt10083340
2022-06-05,Films (Non-English),8,Jana Gana Mana,,,,tt13391710
2022-06-05,Films (Non-English),9,Jersey,,,,tt16383308
2022-06-05,Films (Non-English),10,4 Kings,,,,tt14278520
2022-06-05,TV (English),1,Stranger Things,4.0,,,tt1460534
2022-06-05,TV (English),2,Stranger Things,,,,tt1460534
2022-06-05,TV (English),3,Stranger Things,2.0,,,tt1460534
2022-06-05,TV (English),4,Stranger Things,3.0,,,tt1460534
2022-06-05,TV (English),5,The Lincoln Lawyer,1.0,,,tt13833978
2022-06-05,TV (English),6,All American,4.0,,,tt7414406
2022-06-05,TV (English),7,Ozark,4.0,,,tt5071412
2022-06-05,TV (English),8,The Boss Baby: Back in the Crib,1.0,,,tt19361940
2022-06-05,TV (English),9,Bridgerton,2.0,,,tt8740790
2022-06-05,TV (English),10,The Blacklist,8.0,,,tt2741602
2022-06-05,TV (Non-English),1,Wrong Side of the Tracks,1.0,,,tt13980362
2022-06-05,TV (Non-English),2,Who Killed Sara?,3.0,,,tt11937816
2022-06-05,TV (Non-English),4,Our Blues,1.0,,,tt19115260
2022-06-05,TV (Non-English),5,The Perfect Mother,1.0,,,tt15341198
2022-06-05,TV (Non-English),6,The Marked Heart,1.0,,,tt18974572
2022-06-05,TV (Non-English),7,"Yo soy Betty, la fea",1.0,,,tt0233127
2022-06-05,TV (Non-English),8,Welcome to Eden,1.0,,,tt13457822
2022-06-05,TV (Non-English),9,SHAMAN KING,1.0,,,tt0367409
2022-06-05,TV (Non-English),10,Business Proposal,1.0,,,tt14819828
2022-05-29,Films (English),1,A Perfect Pairing,,,,tt15215512
2022-05-29,Films (English),2,Senior Year,,,,tt17050828
2022-05-29,Films (English),4,Dangerous,,,,tt0026261
2022-05-29,Films (English),5,Sonic the Hedgehog,,,,tt3794354
2022-05-29,Films (English),6,Top Gun,,,,tt0048734
2022-05-29,Films (English),8,Turbo,,,,tt1860353
2022-05-29,Films (English),9,Our Father,,,,tt0307913
2022-05-29,Films (English),10,Ben Is Back,,,,tt7545524
2022-05-29,Films (Non-English),2,F*ck Love Too,,,,tt15432804
2022-05-29,Films (Non-English),3,Toscana,,,,tt13276352
2022-05-29,Films (Non-English),4,The Takedown,,,,tt10607266
2022-05-29,Films (Non-English),5,Jersey,,,,tt16383308
2022-05-29,Films (Non-English),6,The Perfect Family,,,,tt11924738
2022-05-29,Films (Non-English),7,Gangubai Kathiawadi,,,,tt10083340
2022-05-29,Films (Non-English),8,Godspeed,,,,tt11321584
2022-05-29,Films (Non-English),10,Toolsidas Junior,,,,tt13623916
2022-05-29,TV (English),1,Stranger Things,4.0,,,tt1460534
2022-05-29,TV (English),2,The Lincoln Lawyer,1.0,,,tt13833978
2022-05-29,TV (English),3,Stranger Things,,,,tt1460534
2022-05-29,TV (English),4,Stranger Things,3.0,,,tt1460534
2022-05-29,TV (English),5,Stranger Things,2.0,,,tt1460534
2022-05-29,TV (English),6,Ozark,4.0,,,tt5071412
2022-05-29,TV (English),7,The Boss Baby: Back in the Crib,1.0,,,tt19361940
2022-05-29,TV (English),8,"Love, Death & Robots",3.0,,,tt9561862
2022-05-29,TV (English),9,Bridgerton,2.0,,,tt8740790
2022-05-29,TV (English),10,The Circle,4.0,,,tt10547554
2022-05-29,TV (Non-English),1,Wrong Side of the Tracks,1.0,,,tt13980362
2022-05-29,TV (Non-English),2,Who Killed Sara?,3.0,,,tt11937816
2022-05-29,TV (Non-English),3,Who Killed Sara?,1.0,,,tt11937816
2022-05-29,TV (Non-English),4,Welcome to Eden,1.0,,,tt13457822
2022-05-29,TV (Non-English),6,The Marked Heart,1.0,,,tt18974572
2022-05-29,TV (Non-English),7,Our Blues,1.0,,,tt19115260
2022-05-29,TV (Non-English),8,Who Killed Sara?,2.0,,,tt11937816
2022-05-29,TV (Non-English),9,Tomorrow,1.0,,,tt11323608
2022-05-29,TV (Non-English),10,Business Proposal,1.0,,,tt14819828
2022-05-22,Films (English),1,Senior Year,,,,tt17050828
2022-05-22,Films (English),2,A Perfect Pairing,,,,tt15215512
2022-05-22,Films (English),3,Dangerous,,,,tt0026261
2022-05-22,Films (English),4,Sonic the Hedgehog,,,,tt3794354
2022-05-22,Films (English),5,Our Father,,,,tt0307913
2022-05-22,Films (English),7,Marmaduke,,,,tt1392197
2022-05-22,Films (English),8,Operation Mincemeat,,,,tt1879016
2022-05-22,Films (English),9,365 Days: This Day,,,,tt12996154
2022-05-22,Films (English),10,Borrego,,,,tt11851950
2022-05-22,Films (Non-English),1,Toscana,,,,tt13276352
2022-05-22,Films (Non-English),2,The Perfect Family,,,,tt11924738
2022-05-22,Films (Non-English),3,The Takedown,,,,tt10607266
2022-05-22,Films (Non-English),4,Gangubai Kathiawadi,,,,tt10083340
2022-05-22,Films (Non-English),5,F*ck Love Too,,,,tt15432804
2022-05-22,Films (Non-English),7,Jersey,,,,tt16383308
2022-05-22,Films (Non-English),8,Cyber Hell: Exposing an Internet Horror,,,,tt19768508
2022-05-22,TV (English),1,The Lincoln Lawyer,1.0,,,tt13833978
2022-05-22,TV (English),2,Ozark,4.0,,,tt5071412
2022-05-22,TV (English),3,The Boss Baby: Back in the Crib,1.0,,,tt19361940
2022-05-22,TV (English),4,The Circle,4.0,,,tt10547554
2022-05-22,TV (English),5,Bling Empire,2.0,,,tt13660962
2022-05-22,TV (English),6,"Love, Death & Robots",3.0,,,tt9561862
2022-05-22,TV (English),7,Bridgerton,2.0,,,tt8740790
2022-05-22,TV (English),8,Workin' Moms,6.0,,,tt6143796
2022-05-22,TV (English),9,Savage Beauty,1.0,,,tt19671142
2022-05-22,TV (English),10,Stranger Things,,,,tt1460534
2022-05-22,TV (Non-English),1,Who Killed Sara?,3.0,,,tt11937816
2022-05-22,TV (Non-English),2,Welcome to Eden,1.0,,,tt13457822
2022-05-22,TV (Non-English),3,Wrong Side of the Tracks,1.0,,,tt13980362
2022-05-22,TV (Non-English),4,The Marked Heart,1.0,,,tt18974572
2022-05-22,TV (Non-English),5,Who Killed Sara?,1.0,,,tt11937816
2022-05-22,TV (Non-English),6,Business Proposal,1.0,,,tt14819828
2022-05-22,TV (Non-English),7,Tomorrow,1.0,,,tt11323608
2022-05-22,TV (Non-English),8,Our Blues,1.0,,,tt19115260
2022-05-22,TV (Non-English),10,"Yo soy Betty, la fea",1.0,,,tt0233127
2022-05-15,Films (English),1,Senior Year,,,,tt17050828
2022-05-15,Films (English),2,Our Father,,,,tt0307913
2022-05-15,Films (English),3,Marmaduke,,,,tt1392197
2022-05-15,Films (English),4,Along for the Ride,,,,tt0206545
2022-05-15,Films (English),5,Operation Mincemeat,,,,tt1879016
2022-05-15,Films (English),6,Sonic the Hedgehog,,,,tt3794354
2022-05-15,Films (English),7,365 Days: This Day,,,,tt12996154
2022-05-15,Films (English),8,U.S. Marshals,,,,tt0120873
2022-05-15,Films (English),9,Den of Thieves,,,,tt1259528
2022-05-15,Films (English),10,Men in Black: International,,,,tt2283336
2022-05-15,Films (Non-English),1,The Takedown,,,,tt10607266
2022-05-15,Films (Non-English),2,The Perfect Family,,,,tt11924738
2022-05-15,Films (Non-English),3,Gangubai Kathiawadi,,,,tt10083340
2022-05-15,Films (Non-English),6,Thar,,,,tt14479746
2022-05-15,Films (Non-English),8,The Getaway King,,,,tt10516196
2022-05-15,Films (Non-English),9,40 Years Young,,,,tt16969906
2022-05-15,TV (English),1,Ozark,4.0,,,tt5071412
2022-05-15,TV (English),2,The Lincoln Lawyer,1.0,,,tt13833978
2022-05-15,TV (English),3,Workin' Moms,6.0,,,tt6143796
2022-05-15,TV (English),4,Bridgerton,2.0,,,tt8740790
2022-05-15,TV (English),5,The Circle,4.0,,,tt10547554
2022-05-15,TV (English),6,Grace and Frankie,7.0,,,tt3609352
2022-05-15,TV (English),7,Selling Sunset,5.0,,,tt9817298
2022-05-15,TV (English),8,Bling Empire,2.0,,,tt13660962
2022-05-15,TV (English),9,Savage Beauty,1.0,,,tt19671142
2022-05-15,TV (English),10,Anatomy of a Scandal,1.0,,,tt12748084
2022-05-15,TV (Non-English),1,Welcome to Eden,1.0,,,tt13457822
2022-05-15,TV (Non-English),2,The Marked Heart,1.0,,,tt18974572
2022-05-15,TV (Non-English),3,Business Proposal,1.0,,,tt14819828
2022-05-15,TV (Non-English),4,The Sound of Magic,1.0,,,tt14460684
2022-05-15,TV (Non-English),5,Clark,1.0,,,tt12304420
2022-05-15,TV (Non-English),6,Our Blues,1.0,,,tt19115260
2022-05-15,TV (Non-English),7,42 Days of Darkness,1.0,,,tt15090462
2022-05-15,TV (Non-English),8,Pedro el escamoso,1.0,,,tt0283770
2022-05-15,TV (Non-English),9,Tomorrow,1.0,,,tt11323608
2022-05-15,TV (Non-English),10,"Yo soy Betty, la fea",1.0,,,tt0233127
2022-05-08,Films (English),1,365 Days: This Day,,,,tt12996154
2022-05-08,Films (English),2,Sonic the Hedgehog,,,,tt3794354
2022-05-08,Films (English),3,Silverton Siege,,,,tt18563148
2022-05-08,Films (English),4,Along for the Ride,,,,tt0206545
2022-05-08,Films (English),5,The Gentlemen,,,,tt0059265
2022-05-08,Films (English),6,U.S. Marshals,,,,tt0120873
2022-05-08,Films (English),7,The Mystery of Marilyn Monroe: The Unheard Tapes,,,,tt19034332
2022-05-08,Films (English),8,Men in Black: International,,,,tt2283336
2022-05-08,Films (English),9,Marmaduke,,,,tt1392197
2022-05-08,Films (English),10,365 Days,,,,tt0920451
2022-05-08,Films (Non-English),1,The Takedown,,,,tt10607266
2022-05-08,Films (Non-English),3,Gangubai Kathiawadi,,,,tt10083340
2022-05-08,Films (Non-English),4,40 Years Young,,,,tt16969906
2022-05-08,Films (Non-English),6,Bubble,,,,tt0454792
2022-05-08,Films (Non-English),9,Thar,,,,tt14479746
2022-05-08,Films (Non-English),10,Brother in Love 2,,,,tt12738164
2022-05-08,TV (English),1,Ozark,4.0,,,tt5071412
2022-05-08,TV (English),2,Grace and Frankie,7.0,,,tt3609352
2022-05-08,TV (English),3,Bridgerton,2.0,,,tt8740790
2022-05-08,TV (English),4,Selling Sunset,5.0,,,tt9817298
2022-05-08,TV (English),5,Anatomy of a Scandal,1.0,,,tt12748084
2022-05-08,TV (English),6,Heartstopper,1.0,,,tt10638036
2022-05-08,TV (English),7,Ozark,1.0,,,tt5071412
2022-05-08,TV (English),9,Blood Sisters,1.0,,,tt10462178
2022-05-08,TV (English),10,Meltdown: Three Mile Island,1.0,,,tt19757508
2022-05-08,TV (Non-English),1,The Marked Heart,1.0,,,tt18974572
2022-05-08,TV (Non-English),2,Welcome to Eden,1.0,,,tt13457822
2022-05-08,TV (Non-English),3,Business Proposal,1.0,,,tt14819828
2022-05-08,TV (Non-English),4,El marginal,5.0,,,tt5820976
2022-05-08,TV (Non-English),5,The 7 Lives of Lea,7.0,,,tt14140886
2022-05-08,TV (Non-English),6,Our Blues,1.0,,,tt19115260
2022-05-08,TV (Non-English),7,Pedro el escamoso,1.0,,,tt0283770
2022-05-08,TV (Non-English),8,The Sound of Magic,1.0,,,tt14460684
2022-05-08,TV (Non-English),9,"Yo soy Betty, la fea",1.0,,,tt0233127
2022-05-08,TV (Non-English),10,Elite,5.0,,,tt7134908
2022-05-01,Films (English),1,365 Days: This Day,,,,tt12996154
2022-05-01,Films (English),2,Silverton Siege,,,,tt18563148
2022-05-01,Films (English),3,The Mystery of Marilyn Monroe: The Unheard Tapes,,,,tt19034332
2022-05-01,Films (English),4,365 Days,,,,tt0920451
2022-05-01,Films (English),5,The Vault,,,,tt0386846
2022-05-01,Films (English),6,How It Ends,,,,tt13648228
2022-05-01,Films (English),7,The In Between,,,,tt30835200
2022-05-01,Films (English),8,The Adam Project,,,,tt2463208
2022-05-01,Films (English),9,Sonic the Hedgehog,,,,tt3794354
2022-05-01,Films (English),10,Shrek,,,,tt0126029
2022-05-01,Films (Non-English),1,Gangubai Kathiawadi,,,,tt10083340
2022-05-01,Films (Non-English),3,Bubble,,,,tt0454792
2022-05-01,Films (Non-English),4,The Turning Point,,,,tt0037426
2022-05-01,Films (Non-English),5,Furioza,,,,tt10515864
2022-05-01,Films (Non-English),6,Yaksha: Ruthless Operations,,,,tt12663250
2022-05-01,Films (Non-English),7,The Taming of the Shrewd,,,,tt18970380
2022-05-01,Films (Non-English),8,Through My Window,,,,tt14463484
2022-05-01,Films (Non-English),10,A Hard Day,,,,tt16024152
2022-05-01,TV (English),1,Ozark,4.0,,,tt5071412
2022-05-01,TV (English),2,Selling Sunset,5.0,,,tt9817298
2022-05-01,TV (English),3,Anatomy of a Scandal,1.0,,,tt12748084
2022-05-01,TV (English),4,Bridgerton,2.0,,,tt8740790
2022-05-01,TV (English),5,Heartstopper,1.0,,,tt10638036
2022-05-01,TV (English),6,Conversations with a Killer: The John Wayne Gacy Tapes,1.0,,,tt18970124
2022-05-01,TV (English),7,Grace and Frankie,7.0,,,tt3609352
2022-05-01,TV (English),8,The Ultimatum: Marry or Move On,1.0,,,tt18396952
2022-05-01,TV (English),9,Bridgerton,1.0,,,tt8740790
2022-05-01,TV (English),10,The Creature Cases,1.0,,,tt15527326
2022-05-01,TV (Non-English),1,The Marked Heart,1.0,,,tt18974572
2022-05-01,TV (Non-English),2,Hold Tight,1.0,,,tt15019128
2022-05-01,TV (Non-English),3,Business Proposal,1.0,,,tt14819828
2022-05-01,TV (Non-English),4,Elite,5.0,,,tt7134908
2022-05-01,TV (Non-English),5,Yakamoz S-245,1.0,,,tt13317454
2022-05-01,TV (Non-English),6,The 7 Lives of Lea,7.0,,,tt14140886
2022-05-01,TV (Non-English),7,Pedro el escamoso,1.0,,,tt0283770
2022-05-01,TV (Non-English),8,"Yo soy Betty, la fea",1.0,,,tt0233127
2022-05-01,TV (Non-English),9,Twenty Five Twenty One,1.0,,,tt17513352
2022-05-01,TV (Non-English),10,Our Blues,1.0,,,tt19115260
2022-04-24,Films (English),1,Choose or Die,,,,tt11514780
2022-04-24,Films (English),2,The In Between,,,,tt30835200
2022-04-24,Films (English),3,White Hot: The Rise & Fall of Abercrombie & Fitch,,,,tt19034522
2022-04-24,Films (English),4,How It Ends,,,,tt13648228
2022-04-24,Films (English),5,Yakuza Princess,,,,tt10715446
2022-04-24,Films (English),6,The Adam Project,,,,tt2463208
2022-04-24,Films (English),7,Playing with Fire,,,,tt0007190
2022-04-24,Films (English),8,The Vault,,,,tt0386846
2022-04-24,Films (English),9,Shrek,,,,tt0126029
2022-04-24,Films (English),10,Cleaner,,,,tt0416645
2022-04-24,Films (Non-English),1,The Taming of the Shrewd,,,,tt18970380
2022-04-24,Films (Non-English),2,Furioza,,,,tt10515864
2022-04-24,Films (Non-English),3,Yaksha: Ruthless Operations,,,,tt12663250
2022-04-24,Films (Non-English),4,The Turning Point,,,,tt0037426
2022-04-24,Films (Non-English),5,One Piece Film Z,,,,tt2375379
2022-04-24,Films (Non-English),6,Through My Window,,,,tt14463484
2022-04-24,Films (Non-English),7,All Hail,,,,tt16427718
2022-04-24,Films (Non-English),8,Black Crab,,,,tt6708668
2022-04-24,Films (Non-English),9,In Good Hands,,,,tt14898794
2022-04-24,Films (Non-English),10,Dasvi,,,,tt14107554
2022-04-24,TV (English),1,Anatomy of a Scandal,1.0,,,tt12748084
2022-04-24,TV (English),2,Bridgerton,2.0,,,tt8740790
2022-04-24,TV (English),3,Conversations with a Killer: The John Wayne Gacy Tapes,1.0,,,tt18970124
2022-04-24,TV (English),4,The Ultimatum: Marry or Move On,1.0,,,tt18396952
2022-04-24,TV (English),5,Selling Sunset,5.0,,,tt9817298
2022-04-24,TV (English),6,Bridgerton,1.0,,,tt8740790
2022-04-24,TV (English),7,Heartstopper,1.0,,,tt10638036
2022-04-24,TV (English),8,The Creature Cases,1.0,,,tt15527326
2022-04-24,TV (English),9,Married at First Sight,10.0,,,tt15254812
2022-04-24,TV (English),10,Our Great National Parks,1.0,,,tt18750552
2022-04-24,TV (Non-English),1,The Marked Heart,1.0,,,tt18974572
2022-04-24,TV (Non-English),2,Elite,5.0,,,tt7134908
2022-04-24,TV (Non-English),3,Yakamoz S-245,1.0,,,tt13317454
2022-04-24,TV (Non-English),4,Business Proposal,1.0,,,tt14819828
2022-04-24,TV (Non-English),5,Heirs to the Land,1.0,,,tt13308276
2022-04-24,TV (Non-English),6,Hold Tight,1.0,,,tt15019128
2022-04-24,TV (Non-English),7,Twenty Five Twenty One,1.0,,,tt17513352
2022-04-24,TV (Non-English),8,Happiness,,,,tt0146376
2022-04-24,TV (Non-English),9,"Yo soy Betty, la fea",1.0,,,tt0233127
2022-04-24,TV (Non-English),10,Café con aroma de mujer,1.0,,,tt0216459
2022-04-17,Films (English),1,The In Between,,,,tt30835200
2022-04-17,Films (English),2,Choose or Die,,,,tt11514780
2022-04-17,Films (English),3,A Score to Settle,,,,tt3758162
2022-04-17,Films (English),4,The Adam Project,,,,tt2463208
2022-04-17,Films (English),5,Metal Lords,,,,tt12141112
2022-04-17,Films (English),6,How It Ends,,,,tt13648228
2022-04-17,Films (English),7,The Call,,,,tt0118139
2022-04-17,Films (English),8,Return to Space,,,,tt18555320
2022-04-17,Films (English),9,Cleaner,,,,tt0416645
2022-04-17,Films (English),10,A Dog's Way Home,,,,tt7616798
2022-04-17,Films (Non-English),1,Furioza,,,,tt10515864
2022-04-17,Films (Non-English),2,The Taming of the Shrewd,,,,tt18970380
2022-04-17,Films (Non-English),3,Yaksha: Ruthless Operations,,,,tt12663250
2022-04-17,Films (Non-English),4,Dancing on Glass,,,,tt14118046
2022-04-17,Films (Non-English),5,All Hail,,,,tt16427718
2022-04-17,Films (Non-English),6,Dasvi,,,,tt14107554
2022-04-17,Films (Non-English),7,Black Crab,,,,tt6708668
2022-04-17,Films (Non-English),8,In Good Hands,,,,tt14898794
2022-04-17,Films (Non-English),9,Fack ju Göhte 3,,,,tt6471264
2022-04-17,Films (Non-English),10,Through My Window,,,,tt14463484
2022-04-17,TV (English),1,Bridgerton,2.0,,,tt8740790
2022-04-17,TV (English),2,The Ultimatum: Marry or Move On,1.0,,,tt18396952
2022-04-17,TV (English),3,Anatomy of a Scandal,1.0,,,tt12748084
2022-04-17,TV (English),4,Bridgerton,1.0,,,tt8740790
2022-04-17,TV (English),5,Our Great National Parks,1.0,,,tt18750552
2022-04-17,TV (English),6,Inventing Anna,1.0,,,tt8740976
2022-04-17,TV (English),7,Queen of the South,5.0,,,tt1064899
2022-04-17,TV (English),8,Better Call Saul,5.0,,,tt3032476
2022-04-17,TV (English),9,Jimmy Savile: A British Horror Story,1.0,,,tt18970454
2022-04-17,TV (English),10,Is It Cake?,1.0,,,tt18314214
2022-04-17,TV (Non-English),1,Elite,5.0,,,tt7134908
2022-04-17,TV (Non-English),2,Business Proposal,1.0,,,tt14819828
2022-04-17,TV (Non-English),3,Twenty Five Twenty One,1.0,,,tt17513352
2022-04-17,TV (Non-English),4,Heirs to the Land,1.0,,,tt13308276
2022-04-17,TV (Non-English),5,Café con aroma de mujer,1.0,,,tt0216459
2022-04-17,TV (Non-English),6,Smother-in-Law,1.0,,,tt15353358
2022-04-17,TV (Non-English),7,Happiness,,,,tt0146376
2022-04-17,TV (Non-English),8,"Yo soy Betty, la fea",1.0,,,tt0233127
2022-04-17,TV (Non-English),9,Elite,1.0,,,tt7134908
2022-04-17,TV (Non-English),10,Forecasting Love and Weather,1.0,,,tt15140592
2022-04-10,Films (English),1,The In Between,,,,tt30835200
2022-04-10,Films (English),2,The Adam Project,,,,tt2463208
2022-04-10,Films (English),3,The Bubble,,,,tt0060396
2022-04-10,Films (English),4,Shrek Forever After,,,,tt0892791
2022-04-10,Films (English),5,The Blind Side,,,,tt0878804
2022-04-10,Films (English),6,Four Brothers,,,,tt0430105
2022-04-10,Films (English),7,Enough,,,,tt0278435
2022-04-10,Films (English),8,How It Ends,,,,tt13648228
2022-04-10,Films (English),9,Shrek,,,,tt0126029
2022-04-10,Films (English),10,Return to Space,,,,tt18555320
2022-04-10,Films (Non-English),1,Furioza,,,,tt10515864
2022-04-10,Films (Non-English),2,All Hail,,,,tt16427718
2022-04-10,Films (Non-English),3,Yaksha: Ruthless Operations,,,,tt12663250
2022-04-10,Films (Non-English),4,Dasvi,,,,tt14107554
2022-04-10,Films (Non-English),5,Black Crab,,,,tt6708668
2022-04-10,Films (Non-English),6,Captain Nova,,,,tt14915608
2022-04-10,Films (Non-English),7,Enforcement,,,,tt11081050
2022-04-10,Films (Non-English),8,In Good Hands,,,,tt14898794
2022-04-10,Films (Non-English),9,Riders of Justice,,,,tt11655202
2022-04-10,Films (Non-English),10,Ya veremos,,,,tt7948540
2022-04-10,TV (English),1,Bridgerton,2.0,,,tt8740790
2022-04-10,TV (English),2,The Ultimatum: Marry or Move On,1.0,,,tt18396952
2022-04-10,TV (English),3,Bridgerton,1.0,,,tt8740790
2022-04-10,TV (English),4,Jimmy Savile: A British Horror Story,1.0,,,tt18970454
2022-04-10,TV (English),5,Inventing Anna,1.0,,,tt8740976
2022-04-10,TV (English),6,Better Call Saul,5.0,,,tt3032476
2022-04-10,TV (English),7,Is It Cake?,1.0,,,tt18314214
2022-04-10,TV (English),8,Super PupZ,1.0,,,tt18469966
2022-04-10,TV (English),9,The Last Kingdom,5.0,,,tt4179452
2022-04-10,TV (English),10,CoComelon,5.0,,,tt12427840
2022-04-10,TV (Non-English),1,Elite,5.0,,,tt7134908
2022-04-10,TV (Non-English),2,Business Proposal,1.0,,,tt14819828
2022-04-10,TV (Non-English),3,Twenty Five Twenty One,1.0,,,tt17513352
2022-04-10,TV (Non-English),4,Forecasting Love and Weather,1.0,,,tt15140592
2022-04-10,TV (Non-English),5,Café con aroma de mujer,1.0,,,tt0216459
2022-04-10,TV (Non-English),6,"Yo soy Betty, la fea",1.0,,,tt0233127
2022-04-10,TV (Non-English),7,Thirty-Nine,1.0,,,tt26348840
2022-04-10,TV (Non-English),8,All of Us Are Dead,1.0,,,tt14169960
2022-04-10,TV (Non-English),9,Pedro el escamoso,1.0,,,tt0283770
2022-04-10,TV (Non-English),10,Juvenile Justice,1.0,,,tt15553922
2022-04-03,Films (English),1,The Adam Project,,,,tt2463208
2022-04-03,Films (English),2,The Bubble,,,,tt0060396
2022-04-03,Films (English),3,Trust No One: The Hunt for the Crypto King,,,,tt15479902
2022-04-03,Films (English),4,The Blind Side,,,,tt0878804
2022-04-03,Films (English),5,6 Underground,,,,tt8106534
2022-04-03,Films (English),6,Blade Runner 2049,,,,tt1856101
2022-04-03,Films (English),7,Shrek Forever After,,,,tt0892791
2022-04-03,Films (English),8,Gemini Man,,,,tt1025100
2022-04-03,Films (English),9,Rescued by Ruby,,,,tt11278476
2022-04-03,Films (English),10,Escape Room,,,,tt39480694
2022-04-03,Films (Non-English),1,All Hail,,,,tt16427718
2022-04-03,Films (Non-English),2,Black Crab,,,,tt6708668
2022-04-03,Films (Non-English),3,In Good Hands,,,,tt14898794
2022-04-03,Films (Non-English),4,Ya veremos,,,,tt7948540
2022-04-03,Films (Non-English),6,Battle: Freestyle,,,,tt13350858
2022-04-03,Films (Non-English),7,Captain Nova,,,,tt14915608
2022-04-03,Films (Non-English),8,'83,,,,tt7518786
2022-04-03,Films (Non-English),9,Forever Out of My League,,,,tt14362698
2022-04-03,Films (Non-English),10,Through My Window,,,,tt14463484
2022-04-03,TV (English),1,Bridgerton,2.0,,,tt8740790
2022-04-03,TV (English),2,Bridgerton,1.0,,,tt8740790
2022-04-03,TV (English),3,Is It Cake?,1.0,,,tt18314214
2022-04-03,TV (English),4,Inventing Anna,1.0,,,tt8740976
2022-04-03,TV (English),5,The Last Kingdom,5.0,,,tt4179452
2022-04-03,TV (English),6,Top Boy,2.0,,,tt1830379
2022-04-03,TV (English),7,PIECES OF HER,1.0,,,tt9170236
2022-04-03,TV (English),8,Top Boy,1.0,,,tt1830379
2022-04-03,TV (English),9,Vikings: Valhalla,1.0,,,tt11311302
2022-04-03,TV (English),10,Taboo,1.0,,,tt0330958
2022-04-03,TV (Non-English),1,Business Proposal,1.0,,,tt14819828
2022-04-03,TV (Non-English),2,Twenty Five Twenty One,1.0,,,tt17513352
2022-04-03,TV (Non-English),3,Café con aroma de mujer,1.0,,,tt0216459
2022-04-03,TV (Non-English),4,Forecasting Love and Weather,1.0,,,tt15140592
2022-04-03,TV (Non-English),5,Thirty-Nine,1.0,,,tt26348840
2022-04-03,TV (Non-English),6,"Yo soy Betty, la fea",1.0,,,tt0233127
2022-04-03,TV (Non-English),7,All of Us Are Dead,1.0,,,tt14169960
2022-04-03,TV (Non-English),8,Juvenile Justice,1.0,,,tt15553922
2022-04-03,TV (Non-English),9,The Queen of Flow,2.0,,,tt8560918
2022-04-03,TV (Non-English),10,Pasión de Gavilanes,1.0,,,tt0387763
2022-03-27,Films (English),1,The Adam Project,,,,tt2463208
2022-03-27,Films (English),2,Rescued by Ruby,,,,tt11278476
2022-03-27,Films (English),3,Gemini Man,,,,tt1025100
2022-03-27,Films (English),4,Windfall,,,,tt0027219
2022-03-27,Films (English),5,John Wick: Chapter 2,,,,tt4425200
2022-03-27,Films (English),6,The Dead Don't Die,,,,tt8695030
2022-03-27,Films (English),7,6 Underground,,,,tt8106534
2022-03-27,Films (English),8,A Walk Among the Tombstones,,,,tt0365907
2022-03-27,Films (English),9,Shrek,,,,tt0126029
2022-03-27,Films (English),10,Despicable Me 2,,,,tt1690953
2022-03-27,Films (Non-English),1,Black Crab,,,,tt6708668
2022-03-27,Films (Non-English),2,In Good Hands,,,,tt14898794
2022-03-27,Films (Non-English),4,'83,,,,tt7518786
2022-03-27,Films (Non-English),6,Restless,,,,tt0183700
2022-03-27,Films (Non-English),7,Through My Window,,,,tt14463484
2022-03-27,Films (Non-English),8,Today We Fix the World,,,,tt11592014
2022-03-27,Films (Non-English),9,The Pirates: The Last Royal Treasure,,,,tt17491040
2022-03-27,Films (Non-English),10,Love Like the Falling Petals,,,,tt14227972
2022-03-27,TV (English),1,Bridgerton,2.0,,,tt8740790
2022-03-27,TV (English),2,Is It Cake?,1.0,,,tt18314214
2022-03-27,TV (English),3,Bridgerton,1.0,,,tt8740790
2022-03-27,TV (English),4,Top Boy,2.0,,,tt1830379
2022-03-27,TV (English),5,Inventing Anna,1.0,,,tt8740976
2022-03-27,TV (English),6,The Last Kingdom,5.0,,,tt4179452
2022-03-27,TV (English),7,PIECES OF HER,1.0,,,tt9170236
2022-03-27,TV (English),8,Top Boy,1.0,,,tt1830379
2022-03-27,TV (English),9,Bad Vegan: Fame. Fraud. Fugitives.,1.0,,,tt18260538
2022-03-27,TV (English),10,Human Resources,1.0,,,tt11092142
2022-03-27,TV (Non-English),1,Business Proposal,1.0,,,tt14819828
2022-03-27,TV (Non-English),2,Twenty Five Twenty One,1.0,,,tt17513352
2022-03-27,TV (Non-English),3,Café con aroma de mujer,1.0,,,tt0216459
2022-03-27,TV (Non-English),4,Forecasting Love and Weather,1.0,,,tt15140592
2022-03-27,TV (Non-English),5,Cracow Monsters,1.0,,,tt15096836
2022-03-27,TV (Non-English),6,Juvenile Justice,1.0,,,tt15553922
2022-03-27,TV (Non-English),7,All of Us Are Dead,1.0,,,tt14169960
2022-03-27,TV (Non-English),8,"Yo soy Betty, la fea",1.0,,,tt0233127
2022-03-27,TV (Non-English),9,Thirty-Nine,1.0,,,tt26348840
2022-03-27,TV (Non-English),10,Pedal to Metal,1.0,,,tt18568732
2022-03-20,Films (English),1,The Adam Project,,,,tt2463208
2022-03-20,Films (English),2,Rescued by Ruby,,,,tt11278476
2022-03-20,Films (English),3,Gemini Man,,,,tt1025100
2022-03-20,Films (English),4,The Ice Road,,,,tt2458296
2022-03-20,Films (English),5,The Weekend Away,,,,tt14817272
2022-03-20,Films (English),6,A Walk Among the Tombstones,,,,tt0365907
2022-03-20,Films (English),7,Windfall,,,,tt0027219
2022-03-20,Films (English),8,Shrek,,,,tt0126029
2022-03-20,Films (English),9,Shrek 2,,,,tt0298148
2022-03-20,Films (English),10,A Madea Homecoming,,,,tt14813966
2022-03-20,Films (Non-English),1,Black Crab,,,,tt6708668
2022-03-20,Films (Non-English),4,Badhaai Do,,,,tt11934846
2022-03-20,Films (Non-English),5,Restless,,,,tt0183700
2022-03-20,Films (Non-English),7,The Pirates: The Last Royal Treasure,,,,tt17491040
2022-03-20,Films (Non-English),9,Through My Window,,,,tt14463484
2022-03-20,Films (Non-English),10,Today We Fix the World,,,,tt11592014
2022-03-20,TV (English),1,The Last Kingdom,5.0,,,tt4179452
2022-03-20,TV (English),2,PIECES OF HER,1.0,,,tt9170236
2022-03-20,TV (English),3,Inventing Anna,1.0,,,tt8740976
2022-03-20,TV (English),4,Formula 1: Drive to Survive,4.0,,,tt8289930
2022-03-20,TV (English),5,Bad Vegan: Fame. Fraud. Fugitives.,1.0,,,tt18260538
2022-03-20,TV (English),6,Taboo,1.0,,,tt0330958
2022-03-20,TV (English),7,Top Boy,2.0,,,tt1830379
2022-03-20,TV (English),8,Vikings: Valhalla,1.0,,,tt11311302
2022-03-20,TV (English),9,Life After Death with Tyler Henry,1.0,,,tt18217272
2022-03-20,TV (English),10,Good Girls,4.0,,,tt27897191
2022-03-20,TV (Non-English),1,Business Proposal,1.0,,,tt14819828
2022-03-20,TV (Non-English),2,Twenty Five Twenty One,1.0,,,tt17513352
2022-03-20,TV (Non-English),3,Café con aroma de mujer,1.0,,,tt0216459
2022-03-20,TV (Non-English),4,Juvenile Justice,1.0,,,tt15553922
2022-03-20,TV (Non-English),5,All of Us Are Dead,1.0,,,tt14169960
2022-03-20,TV (Non-English),6,Forecasting Love and Weather,1.0,,,tt15140592
2022-03-20,TV (Non-English),7,The Great Robbery of Brazil's Central Bank,1.0,,,tt18274172
2022-03-20,TV (Non-English),8,"Yo soy Betty, la fea",1.0,,,tt0233127
2022-03-20,TV (Non-English),10,Thirty-Nine,1.0,,,tt26348840
2022-03-13,Films (English),1,The Adam Project,,,,tt2463208
2022-03-13,Films (English),2,The Weekend Away,,,,tt14817272
2022-03-13,Films (English),3,Against The Ice,,,,tt13873302
2022-03-13,Films (English),4,Shrek,,,,tt0126029
2022-03-13,Films (English),5,Shrek 2,,,,tt0298148
2022-03-13,Films (English),6,A Madea Homecoming,,,,tt14813966
2022-03-13,Films (English),7,Shooter,,,,tt0822854
2022-03-13,Films (English),8,Spider-Man: Into the Spider-Verse,,,,tt4633694
2022-03-13,Films (English),9,Despicable Me 2,,,,tt1690953
2022-03-13,Films (English),10,Coach Carter,,,,tt0393162
2022-03-13,Films (Non-English),2,The Pirates: The Last Royal Treasure,,,,tt17491040
2022-03-13,Films (Non-English),3,Restless,,,,tt0183700
2022-03-13,Films (Non-English),4,Badhaai Do,,,,tt11934846
2022-03-13,Films (Non-English),6,Meskina,,,,tt13691036
2022-03-13,Films (Non-English),7,Through My Window,,,,tt14463484
2022-03-13,Films (Non-English),8,The Invisible Thread,,,,tt14540892
2022-03-13,Films (Non-English),9,Love Tactics,,,,tt14486678
2022-03-13,Films (Non-English),10,Black Beach,,,,tt9660688
2022-03-13,TV (English),1,PIECES OF HER,1.0,,,tt9170236
2022-03-13,TV (English),2,The Last Kingdom,5.0,,,tt4179452
2022-03-13,TV (English),3,Inventing Anna,1.0,,,tt8740976
2022-03-13,TV (English),4,Vikings: Valhalla,1.0,,,tt11311302
2022-03-13,TV (English),5,Formula 1: Drive to Survive,4.0,,,tt8289930
2022-03-13,TV (English),6,Worst Roommate Ever,1.0,,,tt8323702
2022-03-13,TV (English),7,Good Girls,4.0,,,tt27897191
2022-03-13,TV (English),8,Love Is Blind,2.0,,,tt11704040
2022-03-13,TV (English),9,The Last Kingdom,1.0,,,tt4179452
2022-03-13,TV (English),10,Queen of the South,5.0,,,tt1064899
2022-03-13,TV (Non-English),1,Juvenile Justice,1.0,,,tt15553922
2022-03-13,TV (Non-English),2,Café con aroma de mujer,1.0,,,tt0216459
2022-03-13,TV (Non-English),4,All of Us Are Dead,1.0,,,tt14169960
2022-03-13,TV (Non-English),5,Twenty Five Twenty One,1.0,,,tt17513352
2022-03-13,TV (Non-English),6,Business Proposal,1.0,,,tt14819828
2022-03-13,TV (Non-English),7,Midnight at the Pera Palace,1.0,,,tt13317508
2022-03-13,TV (Non-English),8,Forecasting Love and Weather,1.0,,,tt15140592
2022-03-13,TV (Non-English),9,"Yo soy Betty, la fea",1.0,,,tt0233127
2022-03-13,TV (Non-English),10,The Queen of Flow,2.0,,,tt8560918
2022-03-06,Films (English),1,The Weekend Away,,,,tt14817272
2022-03-06,Films (English),2,Against The Ice,,,,tt13873302
2022-03-06,Films (English),3,A Madea Homecoming,,,,tt14813966
2022-03-06,Films (English),4,Spider-Man: Into the Spider-Verse,,,,tt4633694
2022-03-06,Films (English),5,Shrek 2,,,,tt0298148
2022-03-06,Films (English),6,The Tinder Swindler,,,,tt14992922
2022-03-06,Films (English),7,Shrek,,,,tt0126029
2022-03-06,Films (English),8,Just Like Heaven,,,,tt0021017
2022-03-06,Films (English),9,Despicable Me 2,,,,tt1690953
2022-03-06,Films (English),10,Battleship,,,,tt1440129
2022-03-06,Films (Non-English),1,Restless,,,,tt0183700
2022-03-06,Films (Non-English),2,The Pirates: The Last Royal Treasure,,,,tt17491040
2022-03-06,Films (Non-English),4,Through My Window,,,,tt14463484
2022-03-06,Films (Non-English),5,Love Tactics,,,,tt14486678
2022-03-06,Films (Non-English),6,Meskina,,,,tt13691036
2022-03-06,Films (Non-English),7,A Woman With No Filter,,,,tt31974262
2022-03-06,Films (Non-English),8,My Wonderful Life,,,,tt13164942
2022-03-06,Films (Non-English),9,UFO,,,,tt12904712
2022-03-06,TV (English),1,Vikings: Valhalla,1.0,,,tt11311302
2022-03-06,TV (English),2,Inventing Anna,1.0,,,tt8740976
2022-03-06,TV (English),3,PIECES OF HER,1.0,,,tt9170236
2022-03-06,TV (English),4,Worst Roommate Ever,1.0,,,tt8323702
2022-03-06,TV (English),5,Love Is Blind,2.0,,,tt11704040
2022-03-06,TV (English),6,One of Us Is Lying,1.0,,,tt8354062
2022-03-06,TV (English),7,jeen-yuhs: A Kanye Trilogy,,,,tt14599438
2022-03-06,TV (English),8,The Cuphead Show!,1.0,,,tt10611608
2022-03-06,TV (English),9,Sweet Magnolias,2.0,,,tt9077540
2022-03-06,TV (English),10,Ozark,4.0,,,tt5071412
2022-03-06,TV (Non-English),1,Juvenile Justice,1.0,,,tt15553922
2022-03-06,TV (Non-English),2,Café con aroma de mujer,1.0,,,tt0216459
2022-03-06,TV (Non-English),3,All of Us Are Dead,1.0,,,tt14169960
2022-03-06,TV (Non-English),4,Back to 15,1.0,,,tt15301854
2022-03-06,TV (Non-English),5,Twenty Five Twenty One,1.0,,,tt17513352
2022-03-06,TV (Non-English),6,The Fame Game,1.0,,,tt1305892
2022-03-06,TV (Non-English),7,Forecasting Love and Weather,1.0,,,tt15140592
2022-03-06,TV (Non-English),8,Midnight at the Pera Palace,1.0,,,tt13317508
2022-03-06,TV (Non-English),9,Thirty-Nine,1.0,,,tt26348840
2022-03-06,TV (Non-English),10,Dark Desire,2.0,,,tt12540080
2022-02-27,Films (English),1,A Madea Homecoming,,,,tt14813966
2022-02-27,Films (English),2,The Tinder Swindler,,,,tt14992922
2022-02-27,Films (English),3,Texas Chainsaw Massacre,,,,tt11755740
2022-02-27,Films (English),4,Downfall: The Case Against Boeing,,,,tt11893274
2022-02-27,Films (English),5,Despicable Me 2,,,,tt1690953
2022-02-27,Films (English),6,Fistful of Vengeance,,,,tt14158554
2022-02-27,Films (English),7,Tall Girl 2,,,,tt16085592
2022-02-27,Films (English),8,Abominable,,,,tt0402743
2022-02-27,Films (English),9,Despicable Me,,,,tt1323594
2022-02-27,Films (English),10,Red Notice,,,,tt7991608
2022-02-27,Films (Non-English),1,Restless,,,,tt0183700
2022-02-27,Films (Non-English),2,Don't Kill Me,,,,tt11116374
2022-02-27,Films (Non-English),3,Through My Window,,,,tt14463484
2022-02-27,Films (Non-English),4,Love Tactics,,,,tt14486678
2022-02-27,Films (Non-English),5,Parallel Mothers,,,,tt12618926
2022-02-27,Films (Non-English),6,UFO,,,,tt12904712
2022-02-27,Films (Non-English),7,A Woman With No Filter,,,,tt31974262
2022-02-27,Films (Non-English),8,Todos queremos a alguien,,,,tt5537228
2022-02-27,Films (Non-English),9,Compadres,,,,tt1456101
2022-02-27,Films (Non-English),10,Lost Paradise,,,,tt0055954
2022-02-27,TV (English),1,Inventing Anna,1.0,,,tt8740976
2022-02-27,TV (English),2,Vikings: Valhalla,1.0,,,tt11311302
2022-02-27,TV (English),3,Love Is Blind,2.0,,,tt11704040
2022-02-27,TV (English),4,One of Us Is Lying,1.0,,,tt8354062
2022-02-27,TV (English),5,The Cuphead Show!,1.0,,,tt10611608
2022-02-27,TV (English),6,Sweet Magnolias,2.0,,,tt9077540
2022-02-27,TV (English),7,Ozark,4.0,,,tt5071412
2022-02-27,TV (English),8,Space Force,2.0,,,tt9612516
2022-02-27,TV (English),9,Raising Dion,2.0,,,tt7826108
2022-02-27,TV (English),10,jeen-yuhs: A Kanye Trilogy,,,,tt14599438
2022-02-27,TV (Non-English),1,All of Us Are Dead,1.0,,,tt14169960
2022-02-27,TV (Non-English),2,Café con aroma de mujer,1.0,,,tt0216459
2022-02-27,TV (Non-English),3,Juvenile Justice,1.0,,,tt15553922
2022-02-27,TV (Non-English),4,Dark Desire,2.0,,,tt12540080
2022-02-27,TV (Non-English),5,Toy Boy,1.0,,,tt8693266
2022-02-27,TV (Non-English),6,Toy Boy,2.0,,,tt8693266
2022-02-27,TV (Non-English),7,Twenty Five Twenty One,1.0,,,tt17513352
2022-02-27,TV (Non-English),8,Fishbowl Wives,1.0,,,tt15410190
2022-02-27,TV (Non-English),9,Forecasting Love and Weather,1.0,,,tt15140592
2022-02-20,Films (English),1,The Tinder Swindler,,,,tt14992922
2022-02-20,Films (English),2,Texas Chainsaw Massacre,,,,tt11755740
2022-02-20,Films (English),3,Tall Girl 2,,,,tt16085592
2022-02-20,Films (English),4,Fistful of Vengeance,,,,tt14158554
2022-02-20,Films (English),5,Despicable Me 2,,,,tt1690953
2022-02-20,Films (English),6,Abominable,,,,tt0402743
2022-02-20,Films (English),7,St. Vincent,,,,tt1373238
2022-02-20,Films (English),8,Downfall: The Case Against Boeing,,,,tt11893274
2022-02-20,Films (English),9,Despicable Me,,,,tt1323594
2022-02-20,Films (English),10,The Vanishing,,,,tt0096163
2022-02-20,Films (Non-English),1,Love Tactics,,,,tt14486678
2022-02-20,Films (Non-English),2,Through My Window,,,,tt14463484
2022-02-20,Films (Non-English),3,Bigbug,,,,tt11541872
2022-02-20,Films (Non-English),4,Love and Leashes,,,,tt15553956
2022-02-20,Films (Non-English),6,Parallel Mothers,,,,tt12618926
2022-02-20,Films (Non-English),7,Into the Wind,,,,tt0819105
2022-02-20,Films (Non-English),8,Parallel Roads,,,,tt5223624
2022-02-20,Films (Non-English),9,My Best Friend Anne Frank,,,,tt10360772
2022-02-20,Films (Non-English),10,Thoroughbred,,,,tt0028364
2022-02-20,TV (English),1,Inventing Anna,1.0,,,tt8740976
2022-02-20,TV (English),2,Love Is Blind,2.0,,,tt11704040
2022-02-20,TV (English),3,Sweet Magnolias,2.0,,,tt9077540
2022-02-20,TV (English),4,Ozark,4.0,,,tt5071412
2022-02-20,TV (English),5,Raising Dion,2.0,,,tt7826108
2022-02-20,TV (English),6,One of Us Is Lying,1.0,,,tt8354062
2022-02-20,TV (English),7,The Cuphead Show!,1.0,,,tt10611608
2022-02-20,TV (English),8,Raising Dion,1.0,,,tt7826108
2022-02-20,TV (English),9,Disenchantment,4.0,,,tt5363918
2022-02-20,TV (English),10,The Woman in the House Across the Street from the Girl in the Window,1.0,,,tt13315324
2022-02-20,TV (Non-English),1,All of Us Are Dead,1.0,,,tt14169960
2022-02-20,TV (Non-English),2,Café con aroma de mujer,1.0,,,tt0216459
2022-02-20,TV (Non-English),3,Toy Boy,2.0,,,tt8693266
2022-02-20,TV (Non-English),4,Dark Desire,2.0,,,tt12540080
2022-02-20,TV (Non-English),5,Toy Boy,1.0,,,tt8693266
2022-02-20,TV (Non-English),7,Fishbowl Wives,1.0,,,tt15410190
2022-02-20,TV (Non-English),8,Dark Desire,1.0,,,tt12540080
2022-02-20,TV (Non-English),9,The Queen of Flow,2.0,,,tt8560918
2022-02-20,TV (Non-English),10,"Yo soy Betty, la fea",1.0,,,tt0233127
2022-02-13,Films (English),1,The Tinder Swindler,,,,tt14992922
2022-02-13,Films (English),2,Tall Girl 2,,,,tt16085592
2022-02-13,Films (English),3,13 Hours: The Secret Soldiers of Benghazi,,,,tt4172430
2022-02-13,Films (English),4,Despicable Me 2,,,,tt1690953
2022-02-13,Films (English),5,Home Team,,,,tt0225947
2022-02-13,Films (English),6,Despicable Me,,,,tt1323594
2022-02-13,Films (English),7,Dora and the Lost City of Gold,,,,tt7547410
2022-02-13,Films (English),8,Faster,,,,tt0368721
2022-02-13,Films (English),9,The Power of the Dog,,,,tt10293406
2022-02-13,Films (English),10,Don't Look Up,,,,tt0229499
2022-02-13,Films (Non-English),1,Through My Window,,,,tt14463484
2022-02-13,Films (Non-English),3,Into the Wind,,,,tt0819105
2022-02-13,Films (Non-English),4,Love Tactics,,,,tt14486678
2022-02-13,Films (Non-English),5,Love and Leashes,,,,tt15553956
2022-02-13,Films (Non-English),6,My Best Friend Anne Frank,,,,tt10360772
2022-02-13,Films (Non-English),7,Bigbug,,,,tt11541872
2022-02-13,Films (Non-English),8,Child of Kamiari Month,,,,tt13057626
2022-02-13,Films (Non-English),9,Looop Lapeta,,,,tt8907974
2022-02-13,TV (English),1,Inventing Anna,1.0,,,tt8740976
2022-02-13,TV (English),2,Sweet Magnolias,2.0,,,tt9077540
2022-02-13,TV (English),3,Raising Dion,2.0,,,tt7826108
2022-02-13,TV (English),4,Ozark,4.0,,,tt5071412
2022-02-13,TV (English),5,Raising Dion,1.0,,,tt7826108
2022-02-13,TV (English),6,The Woman in the House Across the Street from the Girl in the Window,1.0,,,tt13315324
2022-02-13,TV (English),7,Love Is Blind,2.0,,,tt11704040
2022-02-13,TV (English),8,Sweet Magnolias,1.0,,,tt9077540
2022-02-13,TV (English),9,Disenchantment,4.0,,,tt5363918
2022-02-13,TV (English),10,In From the Cold,1.0,,,tt11859542
2022-02-13,TV (Non-English),1,All of Us Are Dead,1.0,,,tt14169960
2022-02-13,TV (Non-English),2,Café con aroma de mujer,1.0,,,tt0216459
2022-02-13,TV (Non-English),3,Dark Desire,2.0,,,tt12540080
2022-02-13,TV (Non-English),4,Dark Desire,1.0,,,tt12540080
2022-02-13,TV (Non-English),5,Toy Boy,1.0,,,tt8693266
2022-02-13,TV (Non-English),6,Toy Boy,2.0,,,tt8693266
2022-02-13,TV (Non-English),7,The Queen of Flow,2.0,,,tt8560918
2022-02-13,TV (Non-English),8,I Am Georgina,1.0,,,tt15494864
2022-02-13,TV (Non-English),9,Our Beloved Summer,1.0,,,tt15026724
2022-02-13,TV (Non-English),10,"Yo soy Betty, la fea",1.0,,,tt0233127
2022-02-06,Films (English),1,The Tinder Swindler,,,,tt14992922
2022-02-06,Films (English),2,Home Team,,,,tt0225947
2022-02-06,Films (English),3,Despicable Me 2,,,,tt1690953
2022-02-06,Films (English),4,13 Hours: The Secret Soldiers of Benghazi,,,,tt4172430
2022-02-06,Films (English),5,Transformers: Revenge of the Fallen,,,,tt1055369
2022-02-06,Films (English),6,The Royal Treatment,,,,tt13989030
2022-02-06,Films (English),7,Don't Look Up,,,,tt0229499
2022-02-06,Films (English),8,Despicable Me,,,,tt1323594
2022-02-06,Films (English),9,Can You Keep a Secret?,,,,tt8707922
2022-02-06,Films (English),10,Faster,,,,tt0368721
2022-02-06,Films (Non-English),1,Through My Window,,,,tt14463484
2022-02-06,Films (Non-English),2,My Best Friend Anne Frank,,,,tt10360772
2022-02-06,Films (Non-English),3,My Father's Violin,,,,tt14369276
2022-02-06,Films (Non-English),4,Looop Lapeta,,,,tt8907974
2022-02-06,Films (Non-English),5,Lost Bullet,,,,tt0326749
2022-02-06,Films (Non-English),7,Amandla,,,,tt14840634
2022-02-06,Films (Non-English),8,How I Fell in Love with a Gangster,,,,tt16453244
2022-02-06,Films (Non-English),9,Fierce,,,,tt11692986
2022-02-06,Films (Non-English),10,The Medium,,,,tt0012452
2022-02-06,TV (English),1,The Woman in the House Across the Street from the Girl in the Window,1.0,,,tt13315324
2022-02-06,TV (English),2,Raising Dion,2.0,,,tt7826108
2022-02-06,TV (English),3,In From the Cold,1.0,,,tt11859542
2022-02-06,TV (English),4,Ozark,4.0,,,tt5071412
2022-02-06,TV (English),5,Sweet Magnolias,2.0,,,tt9077540
2022-02-06,TV (English),6,Raising Dion,1.0,,,tt7826108
2022-02-06,TV (English),7,Ozark,1.0,,,tt5071412
2022-02-06,TV (English),8,Ozark,2.0,,,tt5071412
2022-02-06,TV (English),9,Ozark,3.0,,,tt5071412
2022-02-06,TV (English),10,The Sinner,4.0,,,tt6048596
2022-02-06,TV (Non-English),1,All of Us Are Dead,1.0,,,tt14169960
2022-02-06,TV (Non-English),2,Café con aroma de mujer,1.0,,,tt0216459
2022-02-06,TV (Non-English),3,Dark Desire,2.0,,,tt12540080
2022-02-06,TV (Non-English),4,I Am Georgina,1.0,,,tt15494864
2022-02-06,TV (Non-English),5,Dark Desire,1.0,,,tt12540080
2022-02-06,TV (Non-English),6,Our Beloved Summer,1.0,,,tt15026724
2022-02-06,TV (Non-English),7,Feria: The Darkest Light,1.0,,,tt13323004
2022-02-06,TV (Non-English),8,The Queen of Flow,2.0,,,tt8560918
2022-02-06,TV (Non-English),9,Boruto: Naruto Next Generations,1.0,,,tt6342474
2022-02-06,TV (Non-English),10,"Yo soy Betty, la fea",1.0,,,tt0233127
2022-01-30,Films (English),1,The Royal Treatment,,,,tt13989030
2022-01-30,Films (English),2,Home Team,,,,tt0225947
2022-01-30,Films (English),4,Don't Look Up,,,,tt0229499
2022-01-30,Films (English),5,The Secret Life of Pets 2,,,,tt5113040
2022-01-30,Films (English),6,Red Notice,,,,tt7991608
2022-01-30,Films (English),7,Hotel Transylvania 3: Summer Vacation,,,,tt5220122
2022-01-30,Films (English),8,Brazen,,,,tt13978306
2022-01-30,Films (English),9,The Possession of Hannah Grace,,,,tt5734576
2022-01-30,Films (English),10,A Perfect Enemy,,,,tt9421200
2022-01-30,Films (Non-English),1,My Father's Violin,,,,tt14369276
2022-01-30,Films (Non-English),2,Amandla,,,,tt14840634
2022-01-30,Films (Non-English),4,Shyam Singha Roy,,,,tt13349716
2022-01-30,Films (Non-English),5,Lost Bullet,,,,tt0326749
2022-01-30,Films (Non-English),6,How I Fell in Love with a Gangster,,,,tt16453244
2022-01-30,Films (Non-English),7,Photocopier,,,,tt13729220
2022-01-30,Films (Non-English),8,Blood Red Sky,,,,tt6402468
2022-01-30,Films (Non-English),9,Rogue City,,,,tt10127684
2022-01-30,Films (Non-English),10,Vicky and Her Mystery,,,,tt10945274
2022-01-30,TV (English),1,Ozark,4.0,,,tt5071412
2022-01-30,TV (English),2,The Woman in the House Across the Street from the Girl in the Window,1.0,,,tt13315324
2022-01-30,TV (English),3,Archive 81,1.0,,,tt13365348
2022-01-30,TV (English),4,Ozark,1.0,,,tt5071412
2022-01-30,TV (English),5,Too Hot to Handle,3.0,,,tt12004280
2022-01-30,TV (English),6,In From the Cold,1.0,,,tt11859542
2022-01-30,TV (English),7,Ozark,2.0,,,tt5071412
2022-01-30,TV (English),8,The Sinner,4.0,,,tt6048596
2022-01-30,TV (English),9,Ozark,3.0,,,tt5071412
2022-01-30,TV (English),10,Riverdale,5.0,,,tt0125643
2022-01-30,TV (Non-English),1,All of Us Are Dead,1.0,,,tt14169960
2022-01-30,TV (Non-English),2,Café con aroma de mujer,1.0,,,tt0216459
2022-01-30,TV (Non-English),3,I Am Georgina,1.0,,,tt15494864
2022-01-30,TV (Non-English),4,Neymar: The Perfect Chaos,1.0,,,tt16428640
2022-01-30,TV (Non-English),5,Our Beloved Summer,1.0,,,tt15026724
2022-01-30,TV (Non-English),6,The Queen of Flow,2.0,,,tt8560918
2022-01-30,TV (Non-English),7,"Yo soy Betty, la fea",1.0,,,tt0233127
2022-01-30,TV (Non-English),8,Summer Heat,1.0,,,tt14655298
2022-01-30,TV (Non-English),9,El marginal,4.0,,,tt5820976
2022-01-30,TV (Non-English),10,Carinha de Anjo,1.0,,,tt6267820
2022-01-23,Films (English),1,The Royal Treatment,,,,tt13989030
2022-01-23,Films (English),2,Brazen,,,,tt13978306
2022-01-23,Films (English),3,Don't Look Up,,,,tt0229499
2022-01-23,Films (English),4,The Secret Life of Pets 2,,,,tt5113040
2022-01-23,Films (English),5,Riverdance: The Animated Adventure,,,,tt10841088
2022-01-23,Films (English),7,After We Fell,,,,tt13069986
2022-01-23,Films (English),8,Red Notice,,,,tt7991608
2022-01-23,Films (English),9,Back to the Outback,,,,tt13575806
2022-01-23,Films (English),10,Mother/Android,,,,tt13029044
2022-01-23,Films (Non-English),1,How I Fell in Love with a Gangster,,,,tt16453244
2022-01-23,Films (Non-English),2,Photocopier,,,,tt13729220
2022-01-23,Films (Non-English),3,Shyam Singha Roy,,,,tt13349716
2022-01-23,Films (Non-English),4,My Father's Violin,,,,tt14369276
2022-01-23,Films (Non-English),6,Rogue City,,,,tt10127684
2022-01-23,Films (Non-English),7,Amandla,,,,tt14840634
2022-01-23,Films (Non-English),8,Lost Bullet,,,,tt0326749
2022-01-23,Films (Non-English),9,Blood Red Sky,,,,tt6402468
2022-01-23,Films (Non-English),10,Vicky and Her Mystery,,,,tt10945274
2022-01-23,TV (English),1,Ozark,4.0,,,tt5071412
2022-01-23,TV (English),2,Archive 81,1.0,,,tt13365348
2022-01-23,TV (English),3,Too Hot to Handle,3.0,,,tt12004280
2022-01-23,TV (English),4,Stay Close,1.0,,,tt2201227
2022-01-23,TV (English),5,Ozark,1.0,,,tt5071412
2022-01-23,TV (English),6,Cobra Kai,4.0,,,tt7221388
2022-01-23,TV (English),7,The Witcher,2.0,,,tt5180504
2022-01-23,TV (English),8,Manifest,1.0,,,tt14738778
2022-01-23,TV (English),9,Cheer,2.0,,,tt11426660
2022-01-23,TV (English),10,Emily in Paris,2.0,,,tt8962124
2022-01-23,TV (Non-English),1,Café con aroma de mujer,1.0,,,tt0216459
2022-01-23,TV (Non-English),2,El marginal,4.0,,,tt5820976
2022-01-23,TV (Non-English),3,The Queen of Flow,2.0,,,tt8560918
2022-01-23,TV (Non-English),4,Our Beloved Summer,1.0,,,tt15026724
2022-01-23,TV (Non-English),5,"Yo soy Betty, la fea",1.0,,,tt0233127
2022-01-23,TV (Non-English),6,Yeh Kaali Kaali Ankhein,1.0,,,tt14160712
2022-01-23,TV (Non-English),7,Carinha de Anjo,1.0,,,tt6267820
2022-01-23,TV (Non-English),8,Squid Game,1.0,,,tt10919420
2022-01-23,TV (Non-English),9,Money Heist,5.0,,,tt6468322
2022-01-23,TV (Non-English),10,The Queen of Flow,1.0,,,tt8560918
2022-01-16,Films (English),1,Brazen,,,,tt13978306
2022-01-16,Films (English),2,Don't Look Up,,,,tt0229499
2022-01-16,Films (English),3,Mother/Android,,,,tt13029044
2022-01-16,Films (English),4,The Secret Life of Pets 2,,,,tt5113040
2022-01-16,Films (English),5,Just Go With It,,,,tt1564367
2022-01-16,Films (English),6,Red Notice,,,,tt7991608
2022-01-16,Films (English),7,Back to the Outback,,,,tt13575806
2022-01-16,Films (English),8,Tides,,,,tt1006917
2022-01-16,Films (English),9,Riverdance: The Animated Adventure,,,,tt10841088
2022-01-16,Films (English),10,The Clovehitch Killer,,,,tt6269368
2022-01-16,Films (Non-English),1,How I Fell in Love with a Gangster,,,,tt16453244
2022-01-16,Films (Non-English),2,Four to Dinner,,,,tt14247286
2022-01-16,Films (Non-English),3,The Wasteland,,,,tt0195335
2022-01-16,Films (Non-English),4,Chandigarh Kare Aashiqui,,,,tt12861850
2022-01-16,Films (Non-English),5,Photocopier,,,,tt13729220
2022-01-16,Films (Non-English),6,Major Grom: Plague Doctor,,,,tt7601480
2022-01-16,Films (Non-English),7,Minnal Murali,,,,tt7268738
2022-01-16,Films (Non-English),8,Vicky and Her Mystery,,,,tt10945274
2022-01-16,Films (Non-English),9,Lulli,,,,tt16282866
2022-01-16,Films (Non-English),10,Sin Nombre,,,,tt1127715
2022-01-16,TV (English),1,Stay Close,1.0,,,tt2201227
2022-01-16,TV (English),2,Cobra Kai,4.0,,,tt7221388
2022-01-16,TV (English),3,The Witcher,2.0,,,tt5180504
2022-01-16,TV (English),4,Emily in Paris,2.0,,,tt8962124
2022-01-16,TV (English),5,Cheer,2.0,,,tt11426660
2022-01-16,TV (English),6,Manifest,1.0,,,tt14738778
2022-01-16,TV (English),7,Archive 81,1.0,,,tt13365348
2022-01-16,TV (English),8,The Witcher,1.0,,,tt5180504
2022-01-16,TV (English),9,Manifest,2.0,,,tt14738778
2022-01-16,TV (English),10,Cobra Kai,3.0,,,tt7221388
2022-01-16,TV (Non-English),1,Café con aroma de mujer,1.0,,,tt0216459
2022-01-16,TV (Non-English),2,The Queen of Flow,2.0,,,tt8560918
2022-01-16,TV (Non-English),3,Rebelde,1.0,,,tt0224954
2022-01-16,TV (Non-English),5,Our Beloved Summer,1.0,,,tt15026724
2022-01-16,TV (Non-English),6,Undercover,3.0,,,tt12516206
2022-01-16,TV (Non-English),7,Money Heist,5.0,,,tt6468322
2022-01-16,TV (Non-English),8,Undercover,1.0,,,tt12516206
2022-01-16,TV (Non-English),9,Carinha de Anjo,1.0,,,tt6267820
2022-01-16,TV (Non-English),10,Squid Game,1.0,,,tt10919420
2022-01-09,Films (English),1,Don't Look Up,,,,tt0229499
2022-01-09,Films (English),2,Mother/Android,,,,tt13029044
2022-01-09,Films (English),3,The Lost Daughter,,,,tt14445366
2022-01-09,Films (English),4,Back to the Outback,,,,tt13575806
2022-01-09,Films (English),5,The Unforgivable,,,,tt11233960
2022-01-09,Films (English),6,Red Notice,,,,tt7991608
2022-01-09,Films (English),7,Just Go With It,,,,tt1564367
2022-01-09,Films (English),8,Journey 2: The Mysterious Island,,,,tt1397514
2022-01-09,Films (English),9,Seal Team,,,,tt8456190
2022-01-09,Films (English),10,The Longest Yard,,,,tt0071771
2022-01-09,Films (Non-English),1,The Wasteland,,,,tt0195335
2022-01-09,Films (Non-English),2,Four to Dinner,,,,tt14247286
2022-01-09,Films (Non-English),3,How I Fell in Love with a Gangster,,,,tt16453244
2022-01-09,Films (Non-English),4,Chandigarh Kare Aashiqui,,,,tt12861850
2022-01-09,Films (Non-English),5,Minnal Murali,,,,tt7268738
2022-01-09,Films (Non-English),6,Lulli,,,,tt16282866
2022-01-09,Films (Non-English),7,Vicky and Her Mystery,,,,tt10945274
2022-01-09,Films (Non-English),8,Major Grom: Plague Doctor,,,,tt7601480
2022-01-09,Films (Non-English),9,STAND BY ME Doraemon 2,,,,tt13428402
2022-01-09,Films (Non-English),10,Sin Nombre,,,,tt1127715
2022-01-09,TV (English),1,Cobra Kai,4.0,,,tt7221388
2022-01-09,TV (English),2,Stay Close,1.0,,,tt2201227
2022-01-09,TV (English),3,The Witcher,2.0,,,tt5180504
2022-01-09,TV (English),4,Emily in Paris,2.0,,,tt8962124
2022-01-09,TV (English),5,Manifest,1.0,,,tt14738778
2022-01-09,TV (English),6,The Witcher,1.0,,,tt5180504
2022-01-09,TV (English),7,Cobra Kai,1.0,,,tt7221388
2022-01-09,TV (English),8,Queer Eye,6.0,,,tt0358332
2022-01-09,TV (English),9,Cobra Kai,3.0,,,tt7221388
2022-01-09,TV (English),10,Cobra Kai,2.0,,,tt7221388
2022-01-09,TV (Non-English),1,Café con aroma de mujer,1.0,,,tt0216459
2022-01-09,TV (Non-English),2,Rebelde,1.0,,,tt0224954
2022-01-09,TV (Non-English),3,The Queen of Flow,2.0,,,tt8560918
2022-01-09,TV (Non-English),5,The Silent Sea,1.0,,,tt11570202
2022-01-09,TV (Non-English),6,Money Heist,5.0,,,tt6468322
2022-01-09,TV (Non-English),7,Our Beloved Summer,1.0,,,tt15026724
2022-01-09,TV (Non-English),8,Squid Game,1.0,,,tt10919420
2022-01-09,TV (Non-English),9,Kitz,1.0,,,tt12104930
2022-01-09,TV (Non-English),10,Daughter From Another Mother,2.0,,,tt11937732
2022-01-02,Films (English),1,Don't Look Up,,,,tt0229499
2022-01-02,Films (English),2,The Unforgivable,,,,tt11233960
2022-01-02,Films (English),3,The Lost Daughter,,,,tt14445366
2022-01-02,Films (English),4,Back to the Outback,,,,tt13575806
2022-01-02,Films (English),5,Red Notice,,,,tt7991608
2022-01-02,Films (English),6,Spider-Man: Homecoming,,,,tt2250912
2022-01-02,Films (English),7,Fast & Furious Presents: Hobbs & Shaw,,,,tt6806448
2022-01-02,Films (English),9,Journey 2: The Mysterious Island,,,,tt1397514
2022-01-02,Films (English),10,Spider-Man,,,,tt0145487
2022-01-02,Films (Non-English),1,Lulli,,,,tt16282866
2022-01-02,Films (Non-English),2,Vicky and Her Mystery,,,,tt10945274
2022-01-02,Films (Non-English),3,Minnal Murali,,,,tt7268738
2022-01-02,Films (Non-English),4,STAND BY ME Doraemon 2,,,,tt13428402
2022-01-02,Films (Non-English),5,1000 Miles from Christmas,,,,tt13782052
2022-01-02,Films (Non-English),6,Intervenção,,,,tt32881460
2022-01-02,Films (Non-English),7,The Whole Truth,,,,tt0052391
2022-01-02,Films (Non-English),8,Anonymously Yours,,,,tt0364949
2022-01-02,Films (Non-English),9,The Hand of God,,,,tt0287150
2022-01-02,Films (Non-English),10,Sooryavanshi,,,,tt9531772
2022-01-02,TV (English),1,Cobra Kai,4.0,,,tt7221388
2022-01-02,TV (English),2,The Witcher,2.0,,,tt5180504
2022-01-02,TV (English),3,Emily in Paris,2.0,,,tt8962124
2022-01-02,TV (English),4,The Witcher,1.0,,,tt5180504
2022-01-02,TV (English),5,Stay Close,1.0,,,tt2201227
2022-01-02,TV (English),6,Emily in Paris,1.0,,,tt8962124
2022-01-02,TV (English),7,Queer Eye,6.0,,,tt0358332
2022-01-02,TV (English),8,Cobra Kai,1.0,,,tt7221388
2022-01-02,TV (English),9,Crime Scene: The Times Square Killer,1.0,,,tt16027926
2022-01-02,TV (English),10,WWII in Color: Road to Victory,1.0,,,tt16477402
2022-01-02,TV (Non-English),1,The Silent Sea,1.0,,,tt11570202
2022-01-02,TV (Non-English),2,The Queen of Flow,2.0,,,tt8560918
2022-01-02,TV (Non-English),3,Money Heist,5.0,,,tt6468322
2022-01-02,TV (Non-English),4,Daughter From Another Mother,2.0,,,tt11937732
2022-01-02,TV (Non-English),5,Café con aroma de mujer,1.0,,,tt0216459
2022-01-02,TV (Non-English),6,Squid Game,1.0,,,tt10919420
2022-01-02,TV (Non-English),7,The Girl from Oslo,1.0,,,tt13968792
2022-01-02,TV (Non-English),9,Our Beloved Summer,1.0,,,tt15026724
2022-01-02,TV (Non-English),10,The Queen of Flow,1.0,,,tt8560918
2021-12-26,Films (English),1,Don't Look Up,,,,tt0229499
2021-12-26,Films (English),2,The Unforgivable,,,,tt11233960
2021-12-26,Films (English),3,Fast & Furious Presents: Hobbs & Shaw,,,,tt6806448
2021-12-26,Films (English),4,Back to the Outback,,,,tt13575806
2021-12-26,Films (English),5,Spider-Man: Homecoming,,,,tt2250912
2021-12-26,Films (English),6,The Christmas Chronicles,,,,tt2990140
2021-12-26,Films (English),7,Red Notice,,,,tt7991608
2021-12-26,Films (English),8,A California Christmas: City Lights,,,,tt13701962
2021-12-26,Films (English),9,The Christmas Chronicles: Part Two,,,,tt11057644
2021-12-26,Films (English),10,A Boy Called Christmas,,,,tt10187208
2021-12-26,Films (Non-English),1,Vicky and Her Mystery,,,,tt10945274
2021-12-26,Films (Non-English),2,Grumpy Christmas,,,,tt15565724
2021-12-26,Films (Non-English),3,1000 Miles from Christmas,,,,tt13782052
2021-12-26,Films (Non-English),4,Minnal Murali,,,,tt7268738
2021-12-26,Films (Non-English),5,STAND BY ME Doraemon 2,,,,tt13428402
2021-12-26,Films (Non-English),6,The Whole Truth,,,,tt0052391
2021-12-26,Films (Non-English),7,The Hand of God,,,,tt0287150
2021-12-26,Films (Non-English),8,Anonymously Yours,,,,tt0364949
2021-12-26,Films (Non-English),9,David and the Elves,,,,tt15565714
2021-12-26,Films (Non-English),10,Sooryavanshi,,,,tt9531772
2021-12-26,TV (English),1,The Witcher,2.0,,,tt5180504
2021-12-26,TV (English),2,Emily in Paris,2.0,,,tt8962124
2021-12-26,TV (English),3,The Witcher,1.0,,,tt5180504
2021-12-26,TV (English),4,Emily in Paris,1.0,,,tt8962124
2021-12-26,TV (English),5,Titans,3.0,,,tt0243732
2021-12-26,TV (English),6,Lost in Space,3.0,,,tt0058824
2021-12-26,TV (English),7,WWII in Color: Road to Victory,1.0,,,tt16477402
2021-12-26,TV (English),8,PAW Patrol,6.0,,,tt3121722
2021-12-26,TV (English),9,CoComelon,4.0,,,tt12427840
2021-12-26,TV (English),10,Maid,1.0,,,tt11337908
2021-12-26,TV (Non-English),1,Money Heist,5.0,,,tt6468322
2021-12-26,TV (Non-English),2,The Queen of Flow,2.0,,,tt8560918
2021-12-26,TV (Non-English),3,The Silent Sea,1.0,,,tt11570202
2021-12-26,TV (Non-English),4,The Girl from Oslo,1.0,,,tt13968792
2021-12-26,TV (Non-English),5,Squid Game,1.0,,,tt10919420
2021-12-26,TV (Non-English),6,The King's Affection,1.0,,,tt14609428
2021-12-26,TV (Non-English),7,Daughter From Another Mother,2.0,,,tt11937732
2021-12-26,TV (Non-English),8,The Queen of Flow,1.0,,,tt8560918
2021-12-26,TV (Non-English),9,Our Beloved Summer,1.0,,,tt15026724
2021-12-26,TV (Non-English),10,Carinha de Anjo,1.0,,,tt6267820
2021-12-19,Films (English),1,The Unforgivable,,,,tt11233960
2021-12-19,Films (English),2,Back to the Outback,,,,tt13575806
2021-12-19,Films (English),3,A California Christmas: City Lights,,,,tt13701962
2021-12-19,Films (English),4,Red Notice,,,,tt7991608
2021-12-19,Films (English),5,The Shack,,,,tt2872518
2021-12-19,Films (English),6,Spider-Man: Homecoming,,,,tt2250912
2021-12-19,Films (English),7,John Wick: Chapter 3 - Parabellum,,,,tt6146586
2021-12-19,Films (English),8,The Christmas Chronicles,,,,tt2990140
2021-12-19,Films (English),9,The Christmas Chronicles: Part Two,,,,tt11057644
2021-12-19,Films (English),10,A Boy Called Christmas,,,,tt10187208
2021-12-19,Films (Non-English),1,Anonymously Yours,,,,tt0364949
2021-12-19,Films (Non-English),2,The Hand of God,,,,tt0287150
2021-12-19,Films (Non-English),3,Two,,,,tt0072332
2021-12-19,Films (Non-English),4,The Whole Truth,,,,tt0052391
2021-12-19,Films (Non-English),5,Sooryavanshi,,,,tt9531772
2021-12-19,Films (Non-English),7,David and the Elves,,,,tt15565714
2021-12-19,Films (Non-English),8,Spoiled Brats,,,,tt13079150
2021-12-19,Films (Non-English),9,Escape From Mogadishu,,,,tt14810692
2021-12-19,Films (Non-English),10,Green Snake,,,,tt0106559
2021-12-19,TV (English),1,The Witcher,2.0,,,tt5180504
2021-12-19,TV (English),2,The Witcher,1.0,,,tt5180504
2021-12-19,TV (English),3,Titans,3.0,,,tt0243732
2021-12-19,TV (English),4,Lost in Space,3.0,,,tt0058824
2021-12-19,TV (English),5,Selling Tampa,1.0,,,tt16227948
2021-12-19,TV (English),6,Lost in Space,1.0,,,tt0058824
2021-12-19,TV (English),7,Maid,1.0,,,tt11337908
2021-12-19,TV (English),8,Titans,1.0,,,tt0243732
2021-12-19,TV (English),9,Arcane,1.0,,,tt11126994
2021-12-19,TV (English),10,CoComelon,4.0,,,tt12427840
2021-12-19,TV (Non-English),1,Money Heist,5.0,,,tt6468322
2021-12-19,TV (Non-English),2,The Queen of Flow,2.0,,,tt8560918
2021-12-19,TV (Non-English),3,The King's Affection,1.0,,,tt14609428
2021-12-19,TV (Non-English),4,Squid Game,1.0,,,tt10919420
2021-12-19,TV (Non-English),5,The Queen of Flow,1.0,,,tt8560918
2021-12-19,TV (Non-English),6,Money Heist,1.0,,,tt6468322
2021-12-19,TV (Non-English),7,Carinha de Anjo,1.0,,,tt6267820
2021-12-19,TV (Non-English),8,Aranyak,1.0,,,tt14167344
2021-12-19,TV (Non-English),9,"Yo soy Betty, la fea",1.0,,,tt0233127
2021-12-19,TV (Non-English),10,Hometown Cha-Cha-Cha,1.0,,,tt14518756
2021-12-12,Films (English),1,The Unforgivable,,,,tt11233960
2021-12-12,Films (English),2,Red Notice,,,,tt7991608
2021-12-12,Films (English),3,Back to the Outback,,,,tt13575806
2021-12-12,Films (English),4,The Power of the Dog,,,,tt10293406
2021-12-12,Films (English),5,Single All The Way,,,,tt14315756
2021-12-12,Films (English),6,A Boy Called Christmas,,,,tt10187208
2021-12-12,Films (English),7,A Castle For Christmas,,,,tt13070602
2021-12-12,Films (English),8,Redemption Day,,,,tt4439620
2021-12-12,Films (English),9,Bruised,,,,tt0383232
2021-12-12,Films (English),10,The Christmas Chronicles,,,,tt2990140
2021-12-12,Films (Non-English),1,The Whole Truth,,,,tt0052391
2021-12-12,Films (Non-English),2,Spoiled Brats,,,,tt13079150
2021-12-12,Films (Non-English),3,David and the Elves,,,,tt15565714
2021-12-12,Films (Non-English),4,Anonymously Yours,,,,tt0364949
2021-12-12,Films (Non-English),5,Sooryavanshi,,,,tt9531772
2021-12-12,Films (Non-English),6,Green Snake,,,,tt0106559
2021-12-12,Films (Non-English),7,More the Merrier,,,,tt6925902
2021-12-12,Films (Non-English),9,Two,,,,tt0072332
2021-12-12,Films (Non-English),10,The Claus Family,,,,tt12459520
2021-12-12,TV (English),1,Lost in Space,3.0,,,tt0058824
2021-12-12,TV (English),2,Titans,3.0,,,tt0243732
2021-12-12,TV (English),3,Lost in Space,1.0,,,tt0058824
2021-12-12,TV (English),5,Lost in Space,2.0,,,tt0058824
2021-12-12,TV (English),6,The Witcher,1.0,,,tt5180504
2021-12-12,TV (English),7,Arcane,1.0,,,tt11126994
2021-12-12,TV (English),8,Maid,1.0,,,tt11337908
2021-12-12,TV (English),9,True Story,1.0,,,tt0417371
2021-12-12,TV (English),10,Selling Sunset,4.0,,,tt9817298
2021-12-12,TV (Non-English),1,Money Heist,5.0,,,tt6468322
2021-12-12,TV (Non-English),2,The Queen of Flow,2.0,,,tt8560918
2021-12-12,TV (Non-English),3,Money Heist,1.0,,,tt6468322
2021-12-12,TV (Non-English),4,Squid Game,1.0,,,tt10919420
2021-12-12,TV (Non-English),5,The King's Affection,1.0,,,tt14609428
2021-12-12,TV (Non-English),6,The Queen of Flow,1.0,,,tt8560918
2021-12-12,TV (Non-English),7,Carinha de Anjo,1.0,,,tt6267820
2021-12-12,TV (Non-English),8,Hometown Cha-Cha-Cha,1.0,,,tt14518756
2021-12-12,TV (Non-English),9,Hellbound,1.0,,,tt12235718
2021-12-12,TV (Non-English),10,Money Heist,2.0,,,tt6468322
2021-12-05,Films (English),1,The Power of the Dog,,,,tt10293406
2021-12-05,Films (English),2,A Castle For Christmas,,,,tt13070602
2021-12-05,Films (English),3,Red Notice,,,,tt7991608
2021-12-05,Films (English),4,Bruised,,,,tt0383232
2021-12-05,Films (English),5,A Boy Called Christmas,,,,tt10187208
2021-12-05,Films (English),6,Single All The Way,,,,tt14315756
2021-12-05,Films (English),7,14 Peaks: Nothing Is Impossible,,,,tt14079374
2021-12-05,Films (English),8,The Christmas Chronicles,,,,tt2990140
2021-12-05,Films (English),9,The Christmas Chronicles: Part Two,,,,tt11057644
2021-12-05,Films (English),10,Love Hard,,,,tt10752004
2021-12-05,Films (Non-English),1,Spoiled Brats,,,,tt13079150
2021-12-05,Films (Non-English),2,The Whole Truth,,,,tt0052391
2021-12-05,Films (Non-English),3,Green Snake,,,,tt0106559
2021-12-05,Films (Non-English),4,More the Merrier,,,,tt6925902
2021-12-05,Films (Non-English),5,Sooryavanshi,,,,tt9531772
2021-12-05,Films (Non-English),6,Outlaws,,,,tt0089300
2021-12-05,Films (Non-English),7,The Claus Family,,,,tt12459520
2021-12-05,Films (Non-English),8,Just Short of Perfect,,,,tt15863594
2021-12-05,Films (Non-English),9,Dhamaka,,,,tt0379245
2021-12-05,TV (English),1,Lost in Space,3.0,,,tt0058824
2021-12-05,TV (English),2,True Story,1.0,,,tt0417371
2021-12-05,TV (English),3,Selling Sunset,4.0,,,tt9817298
2021-12-05,TV (English),4,Lost in Space,1.0,,,tt0058824
2021-12-05,TV (English),5,Arcane,1.0,,,tt11126994
2021-12-05,TV (English),6,School of Chocolate,1.0,,,tt15172154
2021-12-05,TV (English),8,Maid,1.0,,,tt11337908
2021-12-05,TV (English),9,Cowboy Bebop,1.0,,,tt0213338
2021-12-05,TV (English),10,You,3.0,,,tt1487831
2021-12-05,TV (Non-English),1,Money Heist,5.0,,,tt6468322
2021-12-05,TV (Non-English),2,The Queen of Flow,2.0,,,tt8560918
2021-12-05,TV (Non-English),3,Hellbound,1.0,,,tt12235718
2021-12-05,TV (Non-English),4,Squid Game,1.0,,,tt10919420
2021-12-05,TV (Non-English),5,Elves,1.0,,,tt13231962
2021-12-05,TV (Non-English),6,The King's Affection,1.0,,,tt14609428
2021-12-05,TV (Non-English),7,The Queen of Flow,1.0,,,tt8560918
2021-12-05,TV (Non-English),8,JoJo's Bizarre Adventure,1.0,,,tt0248119
2021-12-05,TV (Non-English),9,Carinha de Anjo,1.0,,,tt6267820
2021-12-05,TV (Non-English),10,Hometown Cha-Cha-Cha,1.0,,,tt14518756
2021-11-28,Films (English),1,Red Notice,,,,tt7991608
2021-11-28,Films (English),2,Bruised,,,,tt0383232
2021-11-28,Films (English),3,A Boy Called Christmas,,,,tt10187208
2021-11-28,Films (English),4,A Castle For Christmas,,,,tt13070602
2021-11-28,Films (English),5,The Princess Switch 3: Romancing the Star,,,,tt14731142
2021-11-28,Films (English),6,The Croods,,,,tt0481499
2021-11-28,Films (English),7,Jack Reacher: Never Go Back,,,,tt3393786
2021-11-28,Films (English),8,Extinct,,,,tt27996204
2021-11-28,Films (English),9,Central Intelligence,,,,tt1489889
2021-11-28,Films (English),10,Love Hard,,,,tt10752004
2021-11-28,Films (Non-English),1,Spoiled Brats,,,,tt13079150
2021-11-28,Films (Non-English),2,Outlaws,,,,tt0089300
2021-11-28,Films (Non-English),3,Just Short of Perfect,,,,tt15863594
2021-11-28,Films (Non-English),4,Love Me Instead,,,,tt13161356
2021-11-28,Films (Non-English),5,Dhamaka,,,,tt0379245
2021-11-28,Films (Non-English),7,Prayers for the Stolen,,,,tt10366574
2021-11-28,Films (Non-English),8,Yara,,,,tt0180320
2021-11-28,Films (Non-English),9,The Claus Family,,,,tt12459520
2021-11-28,Films (Non-English),10,Sinkhole,,,,tt0384538
2021-11-28,TV (English),1,True Story,1.0,,,tt0417371
2021-11-28,TV (English),2,Cowboy Bebop,1.0,,,tt0213338
2021-11-28,TV (English),3,Selling Sunset,4.0,,,tt9817298
2021-11-28,TV (English),4,Arcane,1.0,,,tt11126994
2021-11-28,TV (English),5,Maid,1.0,,,tt11337908
2021-11-28,TV (English),6,Narcos: Mexico,3.0,,,tt8714904
2021-11-28,TV (English),7,You,3.0,,,tt1487831
2021-11-28,TV (English),8,Tiger King,2.0,,,tt11823076
2021-11-28,TV (English),9,CoComelon,4.0,,,tt12427840
2021-11-28,TV (English),10,Dynasty,4.0,,,tt0081856
2021-11-28,TV (Non-English),1,The Queen of Flow,2.0,,,tt8560918
2021-11-28,TV (Non-English),2,Hellbound,1.0,,,tt12235718
2021-11-28,TV (Non-English),3,Squid Game,1.0,,,tt10919420
2021-11-28,TV (Non-English),4,The King's Affection,1.0,,,tt14609428
2021-11-28,TV (Non-English),5,The Queen of Flow,1.0,,,tt8560918
2021-11-28,TV (Non-English),6,Hometown Cha-Cha-Cha,1.0,,,tt14518756
2021-11-28,TV (Non-English),7,Carinha de Anjo,1.0,,,tt6267820
2021-11-28,TV (Non-English),8,"Yo soy Betty, la fea",1.0,,,tt0233127
2021-11-28,TV (Non-English),9,EDENS ZERO,1.0,,,tt13167196
2021-11-28,TV (Non-English),10,Elves,1.0,,,tt13231962
2021-11-21,Films (English),1,Red Notice,,,,tt7991608
2021-11-21,Films (English),2,The Princess Switch 3: Romancing the Star,,,,tt14731142
2021-11-21,Films (English),3,Love Hard,,,,tt10752004
2021-11-21,Films (English),4,Central Intelligence,,,,tt1489889
2021-11-21,Films (English),5,The Harder They Fall,,,,tt0049291
2021-11-21,Films (English),6,The Croods,,,,tt0481499
2021-11-21,Films (English),7,Army of Thieves,,,,tt13024674
2021-11-21,Films (English),8,Trolls,,,,tt1679335
2021-11-21,Films (English),9,6 Underground,,,,tt8106534
2021-11-21,Films (English),10,Goosebumps 2: Haunted Halloween,,,,tt5664636
2021-11-21,Films (Non-English),1,Just Short of Perfect,,,,tt15863594
2021-11-21,Films (Non-English),2,7 Prisoners,,,,tt14168118
2021-11-21,Films (Non-English),3,Yara,,,,tt0180320
2021-11-21,Films (Non-English),4,Prayers for the Stolen,,,,tt10366574
2021-11-21,Films (Non-English),5,Dhamaka,,,,tt0379245
2021-11-21,Films (Non-English),6,Love Me Instead,,,,tt13161356
2021-11-21,Films (Non-English),7,The Claus Family,,,,tt12459520
2021-11-21,Films (Non-English),9,The Forgotten Battle,,,,tt10521092
2021-11-21,Films (Non-English),10,Meenakshi Sundareshwar,,,,tt13529034
2021-11-21,TV (English),1,Arcane,1.0,,,tt11126994
2021-11-21,TV (English),2,Tiger King,2.0,,,tt11823076
2021-11-21,TV (English),3,Narcos: Mexico,3.0,,,tt8714904
2021-11-21,TV (English),4,Maid,1.0,,,tt11337908
2021-11-21,TV (English),5,You,3.0,,,tt1487831
2021-11-21,TV (English),6,Cowboy Bebop,1.0,,,tt0213338
2021-11-21,TV (English),7,Dynasty,4.0,,,tt0081856
2021-11-21,TV (English),8,Locke & Key,2.0,,,tt3007572
2021-11-21,TV (English),9,You,2.0,,,tt1487831
2021-11-21,TV (English),10,Big Mouth,5.0,,,tt21195490
2021-11-21,TV (Non-English),1,Hellbound,1.0,,,tt12235718
2021-11-21,TV (Non-English),2,The Queen of Flow,2.0,,,tt8560918
2021-11-21,TV (Non-English),3,Squid Game,1.0,,,tt10919420
2021-11-21,TV (Non-English),4,The King's Affection,1.0,,,tt14609428
2021-11-21,TV (Non-English),5,Carinha de Anjo,1.0,,,tt6267820
2021-11-21,TV (Non-English),6,Hometown Cha-Cha-Cha,1.0,,,tt14518756
2021-11-21,TV (Non-English),7,Christmas Flow,1.0,,,tt15340790
2021-11-21,TV (Non-English),8,The Queen of Flow,1.0,,,tt8560918
2021-11-21,TV (Non-English),9,Love Never Lies,1.0,,,tt14540924
2021-11-21,TV (Non-English),10,"Yo soy Betty, la fea",1.0,,,tt0233127
2021-11-14,Films (English),1,Red Notice,,,,tt7991608
2021-11-14,Films (English),2,Love Hard,,,,tt10752004
2021-11-14,Films (English),3,The Harder They Fall,,,,tt0049291
2021-11-14,Films (English),4,Army of Thieves,,,,tt13024674
2021-11-14,Films (English),5,Father Christmas Is Back,,,,tt13103340
2021-11-14,Films (English),6,211,,,,tt4976192
2021-11-14,Films (English),7,Army of the Dead,,,,tt0993840
2021-11-14,Films (English),8,Passing,,,,tt15836418
2021-11-14,Films (English),9,Transformers: The Last Knight,,,,tt3371366
2021-11-14,Films (English),10,Jumanji: The Next Level,,,,tt7975244
2021-11-14,Films (Non-English),1,Yara,,,,tt0180320
2021-11-14,Films (Non-English),2,7 Prisoners,,,,tt14168118
2021-11-14,Films (Non-English),3,The Claus Family,,,,tt12459520
2021-11-14,Films (Non-English),4,Meenakshi Sundareshwar,,,,tt13529034
2021-11-14,Films (Non-English),5,The Forgotten Battle,,,,tt10521092
2021-11-14,Films (Non-English),6,Stuck Together,,,,tt13834006
2021-11-14,Films (Non-English),7,Lords of Scam,,,,tt15711402
2021-11-14,Films (Non-English),8,Fierce,,,,tt11692986
2021-11-14,Films (Non-English),9,Der Fall Collini,,,,tt8739752
2021-11-14,TV (English),1,Narcos: Mexico,3.0,,,tt8714904
2021-11-14,TV (English),2,Arcane,1.0,,,tt11126994
2021-11-14,TV (English),3,You,3.0,,,tt1487831
2021-11-14,TV (English),4,Maid,1.0,,,tt11337908
2021-11-14,TV (English),5,Big Mouth,5.0,,,tt21195490
2021-11-14,TV (English),6,Dynasty,4.0,,,tt0081856
2021-11-14,TV (English),7,Locke & Key,2.0,,,tt3007572
2021-11-14,TV (English),8,Narcos: Mexico,1.0,,,tt8714904
2021-11-14,TV (English),9,You,2.0,,,tt1487831
2021-11-14,TV (English),10,You,1.0,,,tt1487831
2021-11-14,TV (Non-English),1,Squid Game,1.0,,,tt10919420
2021-11-14,TV (Non-English),2,The King's Affection,1.0,,,tt14609428
2021-11-14,TV (Non-English),3,Hometown Cha-Cha-Cha,1.0,,,tt14518756
2021-11-14,TV (Non-English),4,Carinha de Anjo,1.0,,,tt6267820
2021-11-14,TV (Non-English),5,My Name,1.0,,,tt12940504
2021-11-14,TV (Non-English),6,Where is Marta?,1.0,,,tt15796898
2021-11-14,TV (Non-English),7,The Five Juanas,1.0,,,tt15377930
2021-11-14,TV (Non-English),8,The Club,1.0,,,tt0357357
2021-11-14,TV (Non-English),9,"Yo soy Betty, la fea",1.0,,,tt0233127
2021-11-14,TV (Non-English),10,Demon Slayer: Kimetsu no Yaiba,1.0,,,tt9335498
2021-11-07,Films (English),1,Army of Thieves,,,,tt13024674
2021-11-07,Films (English),2,The Harder They Fall,,,,tt0049291
2021-11-07,Films (English),3,Love Hard,,,,tt10752004
2021-11-07,Films (English),4,Army of the Dead,,,,tt0993840
2021-11-07,Films (English),5,Transformers: The Last Knight,,,,tt3371366
2021-11-07,Films (English),6,21 Jump Street,,,,tt1232829
2021-11-07,Films (English),7,Hypnotic,,,,tt12383460
2021-11-07,Films (English),8,The Girl in the Spider's Web,,,,tt5177088
2021-11-07,Films (English),9,Amina,,,,tt0261164
2021-11-07,Films (English),10,Just Go With It,,,,tt1564367
2021-11-07,Films (Non-English),1,Yara,,,,tt0180320
2021-11-07,Films (Non-English),2,The Claus Family,,,,tt12459520
2021-11-07,Films (Non-English),3,Stuck Together,,,,tt13834006
2021-11-07,Films (Non-English),4,The Forgotten Battle,,,,tt10521092
2021-11-07,Films (Non-English),5,Der Fall Collini,,,,tt8739752
2021-11-07,Films (Non-English),6,Meenakshi Sundareshwar,,,,tt13529034
2021-11-07,Films (Non-English),7,Nobody Sleeps in the Woods Tonight 2,,,,tt14315500
2021-11-07,Films (Non-English),8,Monk Comes Down the Mountain,,,,tt3594826
2021-11-07,Films (Non-English),9,The Trip,,,,tt0062395
2021-11-07,TV (English),1,You,3.0,,,tt1487831
2021-11-07,TV (English),2,Maid,1.0,,,tt11337908
2021-11-07,TV (English),3,Locke & Key,2.0,,,tt3007572
2021-11-07,TV (English),4,Dynasty,4.0,,,tt0081856
2021-11-07,TV (English),5,Narcos: Mexico,3.0,,,tt8714904
2021-11-07,TV (English),6,You,2.0,,,tt1487831
2021-11-07,TV (English),7,Maya and the Three,1.0,,,tt8787772
2021-11-07,TV (English),8,You,1.0,,,tt1487831
2021-11-07,TV (English),9,Big Mouth,5.0,,,tt21195490
2021-11-07,TV (English),10,Locke & Key,1.0,,,tt3007572
2021-11-07,TV (Non-English),1,Squid Game,1.0,,,tt10919420
2021-11-07,TV (Non-English),2,My Name,1.0,,,tt12940504
2021-11-07,TV (Non-English),3,Hometown Cha-Cha-Cha,1.0,,,tt14518756
2021-11-07,TV (Non-English),4,Carinha de Anjo,1.0,,,tt6267820
2021-11-07,TV (Non-English),5,The Five Juanas,1.0,,,tt15377930
2021-11-07,TV (Non-English),6,The King's Affection,1.0,,,tt14609428
2021-11-07,TV (Non-English),7,Sintonia,2.0,,,tt8165086
2021-11-07,TV (Non-English),9,Demon Slayer: Kimetsu no Yaiba,1.0,,,tt9335498
2021-11-07,TV (Non-English),10,"Yo soy Betty, la fea",1.0,,,tt0233127
2021-10-31,Films (English),1,Army of Thieves,,,,tt13024674
2021-10-31,Films (English),2,Hypnotic,,,,tt12383460
2021-10-31,Films (English),3,Night Teeth,,,,tt10763820
2021-10-31,Films (English),4,Final Score,,,,tt0975668
2021-10-31,Films (English),5,King Arthur: Legend of the Sword,,,,tt1972591
2021-10-31,Films (English),7,Army of the Dead,,,,tt0993840
2021-10-31,Films (English),8,Bloodshot,,,,tt1634106
2021-10-31,Films (English),9,A Dog's Journey,,,,tt8385474
2021-10-31,Films (English),10,Venom,,,,tt0067934
2021-10-31,Films (Non-English),1,Stuck Together,,,,tt13834006
2021-10-31,Films (Non-English),2,The Forgotten Battle,,,,tt10521092
2021-10-31,Films (Non-English),3,Nobody Sleeps in the Woods Tonight 2,,,,tt14315500
2021-10-31,Films (Non-English),4,In for a Murder,,,,tt13377488
2021-10-31,Films (Non-English),5,The Trip,,,,tt0062395
2021-10-31,Films (Non-English),6,Nobody Sleeps in the Woods Tonight,,,,tt11240506
2021-10-31,Films (Non-English),7,Friendzone,,,,tt14700948
2021-10-31,Films (Non-English),8,The Four of Us,,,,tt0068765
2021-10-31,Films (Non-English),9,Budapest,,,,tt1180300
2021-10-31,Films (Non-English),10,Grudge,,,,tt0341429
2021-10-31,TV (English),1,You,3.0,,,tt1487831
2021-10-31,TV (English),2,Maid,1.0,,,tt11337908
2021-10-31,TV (English),3,Locke & Key,2.0,,,tt3007572
2021-10-31,TV (English),4,Dynasty,4.0,,,tt0081856
2021-10-31,TV (English),5,Maya and the Three,1.0,,,tt8787772
2021-10-31,TV (English),6,You,1.0,,,tt1487831
2021-10-31,TV (English),7,You,2.0,,,tt1487831
2021-10-31,TV (English),8,Locke & Key,1.0,,,tt3007572
2021-10-31,TV (English),9,Inside Job,1.0,,,tt10231312
2021-10-31,TV (English),10,CoComelon,4.0,,,tt12427840
2021-10-31,TV (Non-English),1,Squid Game,1.0,,,tt10919420
2021-10-31,TV (Non-English),2,My Name,1.0,,,tt12940504
2021-10-31,TV (Non-English),3,Sintonia,2.0,,,tt8165086
2021-10-31,TV (Non-English),4,The Five Juanas,1.0,,,tt15377930
2021-10-31,TV (Non-English),5,Hometown Cha-Cha-Cha,1.0,,,tt14518756
2021-10-31,TV (Non-English),6,Carinha de Anjo,1.0,,,tt6267820
2021-10-31,TV (Non-English),8,The King's Affection,1.0,,,tt14609428
2021-10-31,TV (Non-English),9,Love Is Blind: Brazil,1.0,,,tt15018224
2021-10-31,TV (Non-English),10,The Chestnut Man,1.0,,,tt10834220
2021-10-24,Films (English),1,Night Teeth,,,,tt10763820
2021-10-24,Films (English),2,Venom,,,,tt0067934
2021-10-24,Films (English),3,What Happens in Vegas,,,,tt1033643
2021-10-24,Films (English),4,A Dog's Journey,,,,tt8385474
2021-10-24,Films (English),5,My Little Pony: A New Generation,,,,tt10101702
2021-10-24,Films (English),6,Unfaithful,,,,tt0022520
2021-10-24,Films (English),7,Going in Style,,,,tt0079219
2021-10-24,Films (English),8,The Guilty,,,,tt0039439
2021-10-24,Films (English),9,Street Kings,,,,tt0421073
2021-10-24,Films (English),10,Hotel Transylvania 3: Summer Vacation,,,,tt5220122
2021-10-24,Films (Non-English),1,The Forgotten Battle,,,,tt10521092
2021-10-24,Films (Non-English),2,The Trip,,,,tt0062395
2021-10-24,Films (Non-English),3,Stuck Together,,,,tt13834006
2021-10-24,Films (Non-English),4,In for a Murder,,,,tt13377488
2021-10-24,Films (Non-English),5,The Four of Us,,,,tt0068765
2021-10-24,Films (Non-English),6,"My Brother, My Sister",,,,tt13003996
2021-10-24,Films (Non-English),7,Grudge,,,,tt0341429
2021-10-24,Films (Non-English),8,Friendzone,,,,tt14700948
2021-10-24,Films (Non-English),9,Confessions of an Invisible Girl,,,,tt15204288
2021-10-24,Films (Non-English),10,Beauty and the Beast,,,,tt0038348
2021-10-24,TV (English),1,You,3.0,,,tt1487831
2021-10-24,TV (English),2,Maid,1.0,,,tt11337908
2021-10-24,TV (English),3,You,1.0,,,tt1487831
2021-10-24,TV (English),4,Locke & Key,2.0,,,tt3007572
2021-10-24,TV (English),5,You,2.0,,,tt1487831
2021-10-24,TV (English),6,Dynasty,4.0,,,tt0081856
2021-10-24,TV (English),7,Sex Education,3.0,,,tt7767422
2021-10-24,TV (English),8,CoComelon,4.0,,,tt12427840
2021-10-24,TV (English),9,Another Life,2.0,,,tt0135078
2021-10-24,TV (English),10,Locke & Key,1.0,,,tt3007572
2021-10-24,TV (Non-English),1,Squid Game,1.0,,,tt10919420
2021-10-24,TV (Non-English),2,My Name,1.0,,,tt12940504
2021-10-24,TV (Non-English),3,The Five Juanas,1.0,,,tt15377930
2021-10-24,TV (Non-English),4,Hometown Cha-Cha-Cha,1.0,,,tt14518756
2021-10-24,TV (Non-English),5,Love Is Blind: Brazil,1.0,,,tt15018224
2021-10-24,TV (Non-English),6,Carinha de Anjo,1.0,,,tt6267820
2021-10-24,TV (Non-English),7,The Chestnut Man,1.0,,,tt10834220
2021-10-24,TV (Non-English),8,Alice in Borderland,1.0,,,tt10795658
2021-10-24,TV (Non-English),9,"Yo soy Betty, la fea",1.0,,,tt0233127
2021-10-24,TV (Non-English),10,The King's Affection,1.0,,,tt14609428
2021-10-17,Films (English),1,Venom,,,,tt0067934
2021-10-17,Films (English),2,The Guilty,,,,tt0039439
2021-10-17,Films (English),3,Security,,,,tt0359954
2021-10-17,Films (English),4,My Little Pony: A New Generation,,,,tt10101702
2021-10-17,Films (English),5,There's Someone Inside Your House,,,,tt8150814
2021-10-17,Films (English),6,Pokémon the Movie: Secrets of the Jungle,,,,tt11819890
2021-10-17,Films (English),7,Redemption,,,,tt0021292
2021-10-17,Films (English),8,Titanic,,,,tt0036443
2021-10-17,Films (English),9,Going in Style,,,,tt0079219
2021-10-17,Films (English),10,Knight and Day,,,,tt1013743
2021-10-17,Films (Non-English),1,The Forgotten Battle,,,,tt10521092
2021-10-17,Films (Non-English),2,"My Brother, My Sister",,,,tt13003996
2021-10-17,Films (Non-English),3,Grudge,,,,tt0341429
2021-10-17,Films (Non-English),4,Fever Dream,,,,tt30395629
2021-10-17,Films (Non-English),5,The Trip,,,,tt0062395
2021-10-17,Films (Non-English),6,Friendzone,,,,tt14700948
2021-10-17,Films (Non-English),7,Confessions of an Invisible Girl,,,,tt15204288
2021-10-17,Films (Non-English),8,Anything for a Pop Star,,,,tt8696442
2021-10-17,Films (Non-English),10,Beauty and the Beast,,,,tt0038348
2021-10-17,TV (English),1,You,3.0,,,tt1487831
2021-10-17,TV (English),2,Maid,1.0,,,tt11337908
2021-10-17,TV (English),3,Sex Education,3.0,,,tt7767422
2021-10-17,TV (English),5,You,1.0,,,tt1487831
2021-10-17,TV (English),6,Midnight Mass,1.0,,,tt10574558
2021-10-17,TV (English),7,A Tale Dark & Grimm,1.0,,,tt2386826
2021-10-17,TV (English),8,On My Block,4.0,,,tt7879820
2021-10-17,TV (English),9,The Baby-Sitters Club,2.0,,,tt0125602
2021-10-17,TV (English),10,Grey's Anatomy,17.0,,,tt0413573
2021-10-17,TV (Non-English),1,Squid Game,1.0,,,tt10919420
2021-10-17,TV (Non-English),2,The Five Juanas,1.0,,,tt15377930
2021-10-17,TV (Non-English),3,My Name,1.0,,,tt12940504
2021-10-17,TV (Non-English),4,Hometown Cha-Cha-Cha,1.0,,,tt14518756
2021-10-17,TV (Non-English),5,The Chestnut Man,1.0,,,tt10834220
2021-10-17,TV (Non-English),6,Alice in Borderland,1.0,,,tt10795658
2021-10-17,TV (Non-English),7,Love Is Blind: Brazil,1.0,,,tt15018224
2021-10-17,TV (Non-English),8,Carinha de Anjo,1.0,,,tt6267820
2021-10-17,TV (Non-English),9,"Nevertheless,",1.0,,,tt14518284
2021-10-17,TV (Non-English),10,House of Secrets: The Burari Deaths,1.0,,,tt14167390
2021-10-10,Films (English),1,The Guilty,,,,tt0039439
2021-10-10,Films (English),2,There's Someone Inside Your House,,,,tt8150814
2021-10-10,Films (English),3,Venom,,,,tt0067934
2021-10-10,Films (English),4,My Little Pony: A New Generation,,,,tt10101702
2021-10-10,Films (English),5,Titanic,,,,tt0036443
2021-10-10,Films (English),6,Ride Along 2,,,,tt2869728
2021-10-10,Films (English),7,Heat,,,,tt0068688
2021-10-10,Films (English),8,Pokémon the Movie: Secrets of the Jungle,,,,tt11819890
2021-10-10,Films (English),9,Mr. & Mrs. Smith,,,,tt0033922
2021-10-10,Films (English),10,Security,,,,tt0359954
2021-10-10,Films (Non-English),1,Friendzone,,,,tt14700948
2021-10-10,Films (Non-English),2,The Seven Deadly Sins: Cursed by Light,,,,tt13884144
2021-10-10,Films (Non-English),3,Sounds Like Love,,,,tt11698662
2021-10-10,Films (Non-English),4,Confessions of an Invisible Girl,,,,tt15204288
2021-10-10,Films (Non-English),5,Forever Rich,,,,tt12748300
2021-10-10,Films (Non-English),7,Grudge,,,,tt0341429
2021-10-10,Films (Non-English),8,Luccas Neto em: O Mapa do Tesouro 2,,,,tt15268100
2021-10-10,Films (Non-English),9,Beauty and the Beast,,,,tt0038348
2021-10-10,Films (Non-English),10,"My Brother, My Sister",,,,tt13003996
2021-10-10,TV (English),1,Maid,1.0,,,tt11337908
2021-10-10,TV (English),2,On My Block,4.0,,,tt7879820
2021-10-10,TV (English),3,Sex Education,3.0,,,tt7767422
2021-10-10,TV (English),4,Grey's Anatomy,17.0,,,tt0413573
2021-10-10,TV (English),5,Midnight Mass,1.0,,,tt10574558
2021-10-10,TV (English),6,PAW Patrol,6.0,,,tt3121722
2021-10-10,TV (English),7,Lucifer,6.0,,,tt4052886
2021-10-10,TV (English),9,Sex Education,2.0,,,tt7767422
2021-10-10,TV (English),10,Scaredy Cats,1.0,,,tt15387774
2021-10-10,TV (Non-English),1,Squid Game,1.0,,,tt10919420
2021-10-10,TV (Non-English),2,The Five Juanas,1.0,,,tt15377930
2021-10-10,TV (Non-English),3,Hometown Cha-Cha-Cha,1.0,,,tt14518756
2021-10-10,TV (Non-English),4,The Chestnut Man,1.0,,,tt10834220
2021-10-10,TV (Non-English),5,Alice in Borderland,1.0,,,tt10795658
2021-10-10,TV (Non-English),6,Baki Hanma,1.0,,,tt13357140
2021-10-10,TV (Non-English),7,Ganglands,1.0,,,tt13278100
2021-10-10,TV (Non-English),8,Carinha de Anjo,1.0,,,tt6267820
2021-10-10,TV (Non-English),9,Money Heist,5.0,,,tt6468322
2021-10-10,TV (Non-English),10,"Nevertheless,",1.0,,,tt14518284
2021-10-03,Films (English),1,The Guilty,,,,tt0039439
2021-10-03,Films (English),2,My Little Pony: A New Generation,,,,tt10101702
2021-10-03,Films (English),3,The Starling,,,,tt5164438
2021-10-03,Films (English),4,No One Gets Out Alive,,,,tt13056008
2021-10-03,Films (English),5,Britney Vs Spears,,,,tt15469820
2021-10-03,Films (English),6,Intrusion,,,,tt12362822
2021-10-03,Films (English),7,Grown Ups,,,,tt1375670
2021-10-03,Films (English),8,Kate,,,,tt34625555
2021-10-03,Films (English),9,Man on Fire,,,,tt0050682
2021-10-03,Films (English),10,Vivo,,,,tt14366176
2021-10-03,Films (Non-English),1,Friendzone,,,,tt14700948
2021-10-03,Films (Non-English),2,Sounds Like Love,,,,tt11698662
2021-10-03,Films (Non-English),3,Confessions of an Invisible Girl,,,,tt15204288
2021-10-03,Films (Non-English),4,The Seven Deadly Sins: Cursed by Light,,,,tt13884144
2021-10-03,Films (Non-English),6,The Father Who Moves Mountains,,,,tt8886670
2021-10-03,Films (Non-English),7,Beauty and the Beast,,,,tt0038348
2021-10-03,Films (Non-English),8,Je Suis Karl,,,,tt9205538
2021-10-03,Films (Non-English),9,The Stronghold,,,,tt10404944
2021-10-03,TV (English),1,Sex Education,3.0,,,tt7767422
2021-10-03,TV (English),2,Maid,1.0,,,tt11337908
2021-10-03,TV (English),3,Midnight Mass,1.0,,,tt10574558
2021-10-03,TV (English),4,Lucifer,6.0,,,tt4052886
2021-10-03,TV (English),5,Grey's Anatomy,17.0,,,tt0413573
2021-10-03,TV (English),6,Sex Education,1.0,,,tt7767422
2021-10-03,TV (English),7,Sex Education,2.0,,,tt7767422
2021-10-03,TV (English),8,Blood & Water,2.0,,,tt9839146
2021-10-03,TV (English),9,Clickbait,1.0,,,tt10888878
2021-10-03,TV (English),10,CoComelon,3.0,,,tt12427840
2021-10-03,TV (Non-English),1,Squid Game,1.0,,,tt10919420
2021-10-03,TV (Non-English),2,The Chestnut Man,1.0,,,tt10834220
2021-10-03,TV (Non-English),3,Hometown Cha-Cha-Cha,1.0,,,tt14518756
2021-10-03,TV (Non-English),4,Ganglands,1.0,,,tt13278100
2021-10-03,TV (Non-English),5,Alice in Borderland,1.0,,,tt10795658
2021-10-03,TV (Non-English),6,Baki Hanma,1.0,,,tt13357140
2021-10-03,TV (Non-English),7,Money Heist,5.0,,,tt6468322
2021-10-03,TV (Non-English),8,The Seven Deadly Sins,1.0,,,tt3909224
2021-10-03,TV (Non-English),9,Love 101,2.0,,,tt10516352
2021-10-03,TV (Non-English),10,Money Heist,1.0,,,tt6468322
2021-09-26,Films (English),1,Intrusion,,,,tt12362822
2021-09-26,Films (English),2,The Starling,,,,tt5164438
2021-09-26,Films (English),3,My Little Pony: A New Generation,,,,tt10101702
2021-09-26,Films (English),4,Man on Fire,,,,tt0050682
2021-09-26,Films (English),5,Kate,,,,tt34625555
2021-09-26,Films (English),6,Grown Ups,,,,tt1375670
2021-09-26,Films (English),7,Schumacher,,,,tt10322274
2021-09-26,Films (English),8,Safe House,,,,tt0120051
2021-09-26,Films (English),9,Nightbooks,,,,tt10521144
2021-09-26,Films (English),10,The Marksman,,,,tt0046047
2021-09-26,Films (Non-English),1,The Father Who Moves Mountains,,,,tt8886670
2021-09-26,Films (Non-English),2,The Stronghold,,,,tt10404944
2021-09-26,Films (Non-English),3,Confessions of an Invisible Girl,,,,tt15204288
2021-09-26,Films (Non-English),4,Prey,,,,tt0086872
2021-09-26,Films (Non-English),6,Ankahi Kahaniya,,,,tt15250998
2021-09-26,Films (Non-English),7,Blood Red Sky,,,,tt6402468
2021-09-26,Films (Non-English),9,Xtreme,,,,tt11658120
2021-09-26,TV (English),1,Sex Education,3.0,,,tt7767422
2021-09-26,TV (English),2,Lucifer,6.0,,,tt4052886
2021-09-26,TV (English),3,Midnight Mass,1.0,,,tt10574558
2021-09-26,TV (English),4,Sex Education,1.0,,,tt7767422
2021-09-26,TV (English),5,Clickbait,1.0,,,tt10888878
2021-09-26,TV (English),6,Sex Education,2.0,,,tt7767422
2021-09-26,TV (English),7,The Circle,3.0,,,tt10547554
2021-09-26,TV (English),8,Monsters Inside: The 24 Faces of Billy Milligan,24.0,,,tt15287836
2021-09-26,TV (English),9,Good Girls,4.0,,,tt27897191
2021-09-26,TV (English),10,Lucifer,5.0,,,tt4052886
2021-09-26,TV (Non-English),1,Squid Game,1.0,,,tt10919420
2021-09-26,TV (Non-English),2,Hometown Cha-Cha-Cha,1.0,,,tt14518756
2021-09-26,TV (Non-English),3,Money Heist,5.0,,,tt6468322
2021-09-26,TV (Non-English),4,Ganglands,1.0,,,tt13278100
2021-09-26,TV (Non-English),5,The Seven Deadly Sins,1.0,,,tt3909224
2021-09-26,TV (Non-English),6,Money Heist,1.0,,,tt6468322
2021-09-26,TV (Non-English),7,Jaguar,1.0,,,tt11698590
2021-09-26,TV (Non-English),8,Alice in Borderland,1.0,,,tt10795658
2021-09-26,TV (Non-English),9,Money Heist,4.0,,,tt6468322
2021-09-26,TV (Non-English),10,"Newly Rich, Newly Poor",1.0,,,tt32375039
2021-09-19,Films (English),1,Kate,,,,tt34625555
2021-09-19,Films (English),2,Schumacher,,,,tt10322274
2021-09-19,Films (English),3,Man on Fire,,,,tt0050682
2021-09-19,Films (English),4,The Marksman,,,,tt0046047
2021-09-19,Films (English),5,Nightbooks,,,,tt10521144
2021-09-19,Films (English),6,The Equalizer 2,,,,tt3766354
2021-09-19,Films (English),8,Safe House,,,,tt0120051
2021-09-19,Films (English),9,Afterlife of the Party,,,,tt11742798
2021-09-19,Films (English),10,First Kill,,,,tt0312693
2021-09-19,Films (Non-English),1,The Father Who Moves Mountains,,,,tt8886670
2021-09-19,Films (Non-English),2,Prey,,,,tt0086872
2021-09-19,Films (Non-English),3,The Stronghold,,,,tt10404944
2021-09-19,Films (Non-English),4,JJ+E,,,,tt12299824
2021-09-19,Films (Non-English),5,O Candidato Honesto 2,,,,tt8837044
2021-09-19,Films (Non-English),7,Love of My Loves,,,,tt3344928
2021-09-19,Films (Non-English),8,Kung Fu Hustle,,,,tt0373074
2021-09-19,Films (Non-English),9,The Women and the Murderer,,,,tt15216504
2021-09-19,Films (Non-English),10,Amores perros,,,,tt0245712
2021-09-19,TV (English),1,Sex Education,3.0,,,tt7767422
2021-09-19,TV (English),2,Lucifer,6.0,,,tt4052886
2021-09-19,TV (English),3,Clickbait,1.0,,,tt10888878
2021-09-19,TV (English),4,Good Girls,4.0,,,tt27897191
2021-09-19,TV (English),5,Turning Point: 9/11 and the War on Terror,11.0,,,tt15260794
2021-09-19,TV (English),6,Lucifer,5.0,,,tt4052886
2021-09-19,TV (English),7,Sex Education,1.0,,,tt7767422
2021-09-19,TV (English),8,The Circle,3.0,,,tt10547554
2021-09-19,TV (English),9,Sharkdog,1.0,,,tt12211696
2021-09-19,TV (English),10,Lucifer,1.0,,,tt4052886
2021-09-19,TV (Non-English),1,Squid Game,1.0,,,tt10919420
2021-09-19,TV (Non-English),2,Money Heist,5.0,,,tt6468322
2021-09-19,TV (Non-English),3,Money Heist,1.0,,,tt6468322
2021-09-19,TV (Non-English),4,Hometown Cha-Cha-Cha,1.0,,,tt14518756
2021-09-19,TV (Non-English),5,Hospital Playlist,2.0,,,tt11769304
2021-09-19,TV (Non-English),6,Money Heist,4.0,,,tt6468322
2021-09-19,TV (Non-English),7,Money Heist,2.0,,,tt6468322
2021-09-19,TV (Non-English),8,Money Heist,3.0,,,tt6468322
2021-09-19,TV (Non-English),9,"Newly Rich, Newly Poor",1.0,,,tt32375039
2021-09-19,TV (Non-English),10,Carrossel,,,,tt11974324
2021-09-12,Films (English),1,Kate,,,,tt34625555
2021-09-12,Films (English),2,Afterlife of the Party,,,,tt11742798
2021-09-12,Films (English),3,Worth,,,,tt11575056
2021-09-12,Films (English),4,He's All That,,,,tt4590256
2021-09-12,Films (English),5,SAS: Rise of the Black Swan,,,,tt4479380
2021-09-12,Films (English),6,In Time,,,,tt1637688
2021-09-12,Films (English),7,Noah,,,,tt10175340
2021-09-12,Films (English),8,Vivo,,,,tt14366176
2021-09-12,Films (English),9,Sweet Girl,,,,tt10731768
2021-09-12,Films (English),10,Monte Carlo,,,,tt0017166
2021-09-12,Films (Non-English),1,Prey,,,,tt0086872
2021-09-12,Films (Non-English),2,JJ+E,,,,tt12299824
2021-09-12,Films (Non-English),3,Kung Fu Hustle,,,,tt0373074
2021-09-12,Films (Non-English),4,Invasion,,,,tt0025311
2021-09-12,Films (Non-English),5,The Women and the Murderer,,,,tt15216504
2021-09-12,Films (Non-English),6,Blood Red Sky,,,,tt6402468
2021-09-12,Films (Non-English),7,Love of My Loves,,,,tt3344928
2021-09-12,Films (Non-English),8,The Secret Diary of an Exchange Student,,,,tt11594766
2021-09-12,Films (Non-English),9,Out of my league,,,,tt11154906
2021-09-12,Films (Non-English),10,Lassie Come Home,,,,tt0036098
2021-09-12,TV (English),1,Lucifer,6.0,,,tt4052886
2021-09-12,TV (English),2,Clickbait,1.0,,,tt10888878
2021-09-12,TV (English),3,Turning Point: 9/11 and the War on Terror,11.0,,,tt15260794
2021-09-12,TV (English),4,Good Girls,4.0,,,tt27897191
2021-09-12,TV (English),5,Sharkdog,1.0,,,tt12211696
2021-09-12,TV (English),6,The 100,7.0,,,tt2661044
2021-09-12,TV (English),7,Lucifer,5.0,,,tt4052886
2021-09-12,TV (English),8,Octonauts: Above & Beyond,1.0,,,tt15211330
2021-09-12,TV (English),9,Dive Club,1.0,,,tt13275052
2021-09-12,TV (English),10,Manifest,3.0,,,tt14738778
2021-09-12,TV (Non-English),1,Money Heist,5.0,,,tt6468322
2021-09-12,TV (Non-English),2,Money Heist,1.0,,,tt6468322
2021-09-12,TV (Non-English),3,Money Heist,2.0,,,tt6468322
2021-09-12,TV (Non-English),4,Money Heist,4.0,,,tt6468322
2021-09-12,TV (Non-English),5,Hometown Cha-Cha-Cha,1.0,,,tt14518756
2021-09-12,TV (Non-English),6,Money Heist,3.0,,,tt6468322
2021-09-12,TV (Non-English),7,Hospital Playlist,2.0,,,tt11769304
2021-09-12,TV (Non-English),8,Into the Night,2.0,,,tt0292806
2021-09-12,TV (Non-English),9,"Newly Rich, Newly Poor",1.0,,,tt32375039
2021-09-12,TV (Non-English),10,Hotel Del Luna,1.0,,,tt10220588
2021-09-05,Films (English),1,He's All That,,,,tt4590256
2021-09-05,Films (English),2,SAS: Rise of the Black Swan,,,,tt4479380
2021-09-05,Films (English),3,Afterlife of the Party,,,,tt11742798
2021-09-05,Films (English),4,Sweet Girl,,,,tt10731768
2021-09-05,Films (English),5,Vivo,,,,tt14366176
2021-09-05,Films (English),6,The Loud House Movie,,,,tt6714432
2021-09-05,Films (English),7,Worth,,,,tt11575056
2021-09-05,Films (English),8,The Secret Life of Pets,,,,tt2709768
2021-09-05,Films (English),9,Welcome Home Roscoe Jenkins,,,,tt0494652
2021-09-05,Films (English),10,Green Lantern,,,,tt1133985
2021-09-05,Films (Non-English),1,Invasion,,,,tt0025311
2021-09-05,Films (Non-English),2,Out of my league,,,,tt11154906
2021-09-05,Films (Non-English),3,The Secret Diary of an Exchange Student,,,,tt11594766
2021-09-05,Films (Non-English),4,Blood Red Sky,,,,tt6402468
2021-09-05,Films (Non-English),5,Flu,,,,tt12268678
2021-09-05,Films (Non-English),6,Black Island,,,,tt0309368
2021-09-05,Films (Non-English),9,I Don't Know Whether to Slit My Wrists or Leave Them Long,,,,tt2539482
2021-09-05,TV (English),1,Clickbait,1.0,,,tt10888878
2021-09-05,TV (English),2,Good Girls,4.0,,,tt27897191
2021-09-05,TV (English),3,Turning Point: 9/11 and the War on Terror,11.0,,,tt15260794
2021-09-05,TV (English),4,Manifest,3.0,,,tt14738778
2021-09-05,TV (English),5,The 100,7.0,,,tt2661044
2021-09-05,TV (English),6,Outer Banks,2.0,,,tt10293938
2021-09-05,TV (English),7,CoComelon,3.0,,,tt12427840
2021-09-05,TV (English),8,Manifest,1.0,,,tt14738778
2021-09-05,TV (English),9,Good Girls,1.0,,,tt27897191
2021-09-05,TV (English),10,CoComelon,1.0,,,tt12427840
2021-09-05,TV (Non-English),1,Money Heist,5.0,,,tt6468322
2021-09-05,TV (Non-English),2,Money Heist,1.0,,,tt6468322
2021-09-05,TV (Non-English),3,D.P.,1.0,,,tt13024974
2021-09-05,TV (Non-English),4,Money Heist,4.0,,,tt6468322
2021-09-05,TV (Non-English),5,The Snitch Cartel: Origins,1.0,,,tt14417802
2021-09-05,TV (Non-English),6,"Newly Rich, Newly Poor",1.0,,,tt32375039
2021-09-05,TV (Non-English),7,Hometown Cha-Cha-Cha,1.0,,,tt14518756
2021-09-05,TV (Non-English),8,Carrossel,,,,tt11974324
2021-09-05,TV (Non-English),9,"Yo soy Betty, la fea",1.0,,,tt0233127
2021-09-05,TV (Non-English),10,Money Heist,3.0,,,tt6468322
2021-08-29,Films (English),1,Sweet Girl,,,,tt10731768
2021-08-29,Films (English),2,He's All That,,,,tt4590256
2021-08-29,Films (English),3,SAS: Rise of the Black Swan,,,,tt4479380
2021-08-29,Films (English),4,The Loud House Movie,,,,tt6714432
2021-08-29,Films (English),5,The Old Ways,,,,tt12829958
2021-08-29,Films (English),6,Vivo,,,,tt14366176
2021-08-29,Films (English),7,The Witcher: Nightmare of the Wolf,,,,tt11657662
2021-08-29,Films (English),8,The Secret Life of Pets,,,,tt2709768
2021-08-29,Films (English),9,The Kissing Booth 3,,,,tt12783454
2021-08-29,Films (English),10,Tomb Raider,,,,tt1365519
2021-08-29,Films (Non-English),1,Black Island,,,,tt0309368
2021-08-29,Films (Non-English),2,Out of my league,,,,tt11154906
2021-08-29,Films (Non-English),3,The Secret Diary of an Exchange Student,,,,tt11594766
2021-08-29,Films (Non-English),4,Blood Red Sky,,,,tt6402468
2021-08-29,Films (Non-English),6,The Last Mercenary,,,,tt12808182
2021-08-29,Films (Non-English),7,El infierno,,,,tt1692190
2021-08-29,Films (Non-English),8,Mimi,,,,tt0026718
2021-08-29,Films (Non-English),9,Bartkowiak,,,,tt14315566
2021-08-29,Films (Non-English),10,Shiny_Flakes: The Teenage Drug Lord,,,,tt15036416
2021-08-29,TV (English),1,Clickbait,1.0,,,tt10888878
2021-08-29,TV (English),2,Outer Banks,2.0,,,tt10293938
2021-08-29,TV (English),3,Manifest,3.0,,,tt14738778
2021-08-29,TV (English),4,The Chair,1.0,,,tt0306295
2021-08-29,TV (English),5,Outer Banks,1.0,,,tt10293938
2021-08-29,TV (English),6,Manifest,1.0,,,tt14738778
2021-08-29,TV (English),7,For Life,1.0,,,tt10327830
2021-08-29,TV (English),8,CoComelon,3.0,,,tt12427840
2021-08-29,TV (English),9,All American,3.0,,,tt7414406
2021-08-29,TV (English),10,Hit & Run,1.0,,,tt19879648
2021-08-29,TV (Non-English),1,The Snitch Cartel: Origins,1.0,,,tt14417802
2021-08-29,TV (Non-English),2,"Newly Rich, Newly Poor",1.0,,,tt32375039
2021-08-29,TV (Non-English),3,AlRawabi School for Girls,1.0,,,tt10183912
2021-08-29,TV (Non-English),4,Hospital Playlist,2.0,,,tt11769304
2021-08-29,TV (Non-English),5,Carrossel,,,,tt11974324
2021-08-29,TV (Non-English),6,Valeria,2.0,,,tt0259816
2021-08-29,TV (Non-English),7,D.P.,1.0,,,tt13024974
2021-08-29,TV (Non-English),8,Open Your Eyes,1.0,,,tt13495314
2021-08-29,TV (Non-English),9,The Cook of Castamar,1.0,,,tt12626014
2021-08-29,TV (Non-English),10,"Yo soy Betty, la fea",1.0,,,tt0233127
2021-08-22,Films (English),1,Sweet Girl,,,,tt10731768
2021-08-22,Films (English),2,The Kissing Booth 3,,,,tt12783454
2021-08-22,Films (English),3,Beckett,,,,tt10230994
2021-08-22,Films (English),4,Vivo,,,,tt14366176
2021-08-22,Films (English),5,The Loud House Movie,,,,tt6714432
2021-08-22,Films (English),6,The Secret Life of Pets,,,,tt2709768
2021-08-22,Films (English),7,Hotel Transylvania 3: Summer Vacation,,,,tt5220122
2021-08-22,Films (English),8,The Girl Next Door,,,,tt0045815
2021-08-22,Films (English),9,Alvin and the Chipmunks: Chipwrecked,,,,tt1615918
2021-08-22,Films (English),10,Resort to Love,,,,tt12929990
2021-08-22,Films (Non-English),1,Black Island,,,,tt0309368
2021-08-22,Films (Non-English),2,The Secret Diary of an Exchange Student,,,,tt11594766
2021-08-22,Films (Non-English),3,Out of my league,,,,tt11154906
2021-08-22,Films (Non-English),4,Blood Red Sky,,,,tt6402468
2021-08-22,Films (Non-English),6,The Last Mercenary,,,,tt12808182
2021-08-22,Films (Non-English),7,Sputnik,,,,tt0052232
2021-08-22,Films (Non-English),8,El infierno,,,,tt1692190
2021-08-22,Films (Non-English),9,Mimi,,,,tt0026718
2021-08-22,Films (Non-English),10,Shiny_Flakes: The Teenage Drug Lord,,,,tt15036416
2021-08-22,TV (English),1,Outer Banks,2.0,,,tt10293938
2021-08-22,TV (English),2,Hit & Run,1.0,,,tt19879648
2021-08-22,TV (English),3,Outer Banks,1.0,,,tt10293938
2021-08-22,TV (English),4,All American,3.0,,,tt7414406
2021-08-22,TV (English),5,For Life,1.0,,,tt10327830
2021-08-22,TV (English),6,Bake Squad,1.0,,,tt15078760
2021-08-22,TV (English),7,Gabby's Dollhouse,2.0,,,tt9165438
2021-08-22,TV (English),8,Brand New Cherry Flavor,1.0,,,tt11343600
2021-08-22,TV (English),9,CoComelon,3.0,,,tt12427840
2021-08-22,TV (English),10,The Good Doctor,1.0,,,tt38960977
2021-08-22,TV (Non-English),1,The Snitch Cartel: Origins,1.0,,,tt14417802
2021-08-22,TV (Non-English),2,AlRawabi School for Girls,1.0,,,tt10183912
2021-08-22,TV (Non-English),3,Valeria,2.0,,,tt0259816
2021-08-22,TV (Non-English),4,Gone for Good,1.0,,,tt14252964
2021-08-22,TV (Non-English),5,"Newly Rich, Newly Poor",1.0,,,tt32375039
2021-08-22,TV (Non-English),6,Hospital Playlist,2.0,,,tt11769304
2021-08-22,TV (Non-English),7,Carrossel,,,,tt11974324
2021-08-22,TV (Non-English),8,"Nevertheless,",1.0,,,tt14518284
2021-08-22,TV (Non-English),9,The Cook of Castamar,1.0,,,tt12626014
2021-08-22,TV (Non-English),10,Control Z,2.0,,,tt11937662
2021-08-15,Films (English),1,The Kissing Booth 3,,,,tt12783454
2021-08-15,Films (English),2,Vivo,,,,tt14366176
2021-08-15,Films (English),3,Beckett,,,,tt10230994
2021-08-15,Films (English),4,Hotel Transylvania 3: Summer Vacation,,,,tt5220122
2021-08-15,Films (English),5,Aftermath,,,,tt0003606
2021-08-15,Films (English),6,Resort to Love,,,,tt12929990
2021-08-15,Films (English),7,The Kissing Booth,,,,tt3799232
2021-08-15,Films (English),8,The Kissing Booth 2,,,,tt9784456
2021-08-15,Films (English),9,Dead Man Down,,,,tt2101341
2021-08-15,Films (Non-English),1,The Swarm,,,,tt0078350
2021-08-15,Films (Non-English),2,The Last Mercenary,,,,tt12808182
2021-08-15,Films (Non-English),4,Blood Red Sky,,,,tt6402468
2021-08-15,Films (Non-English),5,El infierno,,,,tt1692190
2021-08-15,Films (Non-English),6,Mimi,,,,tt0026718
2021-08-15,Films (Non-English),7,Shiny_Flakes: The Teenage Drug Lord,,,,tt15036416
2021-08-15,Films (Non-English),9,Navarasa,1.0,,,tt0781434
2021-08-15,TV (English),1,Outer Banks,2.0,,,tt10293938
2021-08-15,TV (English),2,Hit & Run,1.0,,,tt19879648
2021-08-15,TV (English),3,Outer Banks,1.0,,,tt10293938
2021-08-15,TV (English),4,All American,3.0,,,tt7414406
2021-08-15,TV (English),5,Cocaine Cowboys: The Kings of Miami,1.0,,,tt15049206
2021-08-15,TV (English),6,For Life,1.0,,,tt10327830
2021-08-15,TV (English),7,Virgin River,3.0,,,tt9077530
2021-08-15,TV (English),8,Gabby's Dollhouse,2.0,,,tt9165438
2021-08-15,TV (English),9,Sex/Life,1.0,,,tt0179609
2021-08-15,TV (English),10,The Good Doctor,1.0,,,tt38960977
2021-08-15,TV (Non-English),1,The Snitch Cartel: Origins,1.0,,,tt14417802
2021-08-15,TV (Non-English),2,Control Z,2.0,,,tt11937662
2021-08-15,TV (Non-English),3,SHAMAN KING,1.0,,,tt0367409
2021-08-15,TV (Non-English),4,"Newly Rich, Newly Poor",1.0,,,tt32375039
2021-08-15,TV (Non-English),5,The Cook of Castamar,1.0,,,tt12626014
2021-08-15,TV (Non-English),6,AlRawabi School for Girls,1.0,,,tt10183912
2021-08-15,TV (Non-English),7,Carrossel,,,,tt11974324
2021-08-15,TV (Non-English),8,Gone for Good,1.0,,,tt14252964
2021-08-15,TV (Non-English),9,Valeria,2.0,,,tt0259816
2021-08-15,TV (Non-English),10,Hospital Playlist,2.0,,,tt11769304
2021-08-08,Films (English),1,Aftermath,,,,tt0003606
2021-08-08,Films (English),2,Resort to Love,,,,tt12929990
2021-08-08,Films (English),3,Vivo,,,,tt14366176
2021-08-08,Films (English),4,The Vault,,,,tt0386846
2021-08-08,Films (English),5,The Losers,,,,tt0066126
2021-08-08,Films (English),6,The Last Letter From Your Lover,,,,tt1893273
2021-08-08,Films (English),7,Hotel Transylvania 3: Summer Vacation,,,,tt5220122
2021-08-08,Films (English),8,Dead Man Down,,,,tt2101341
2021-08-08,Films (English),9,Wish Dragon,,,,tt5562070
2021-08-08,Films (English),10,World Trade Center,,,,tt0469641
2021-08-08,Films (Non-English),1,The Last Mercenary,,,,tt12808182
2021-08-08,Films (Non-English),3,Blood Red Sky,,,,tt6402468
2021-08-08,Films (Non-English),4,The Swarm,,,,tt0078350
2021-08-08,Films (Non-English),5,Mimi,,,,tt0026718
2021-08-08,Films (Non-English),6,Bartkowiak,,,,tt14315566
2021-08-08,Films (Non-English),7,El infierno,,,,tt1692190
2021-08-08,Films (Non-English),8,Navarasa,1.0,,,tt0781434
2021-08-08,Films (Non-English),10,Shiny_Flakes: The Teenage Drug Lord,,,,tt15036416
2021-08-08,TV (English),1,Outer Banks,2.0,,,tt10293938
2021-08-08,TV (English),2,Outer Banks,1.0,,,tt10293938
2021-08-08,TV (English),3,All American,3.0,,,tt7414406
2021-08-08,TV (English),4,Hit & Run,1.0,,,tt19879648
2021-08-08,TV (English),5,Cocaine Cowboys: The Kings of Miami,1.0,,,tt15049206
2021-08-08,TV (English),6,Virgin River,3.0,,,tt9077530
2021-08-08,TV (English),7,Top Secret UFO Projects: Declassified,1.0,,,tt14992232
2021-08-08,TV (English),8,Sex/Life,1.0,,,tt0179609
2021-08-08,TV (English),9,The Good Doctor,1.0,,,tt38960977
2021-08-08,TV (English),10,Car Masters: Rust to Riches,3.0,,,tt8893550
2021-08-08,TV (Non-English),1,The Snitch Cartel: Origins,1.0,,,tt14417802
2021-08-08,TV (Non-English),2,Control Z,2.0,,,tt11937662
2021-08-08,TV (Non-English),3,The Cook of Castamar,1.0,,,tt12626014
2021-08-08,TV (Non-English),4,"Newly Rich, Newly Poor",1.0,,,tt32375039
2021-08-08,TV (Non-English),5,Carrossel,,,,tt11974324
2021-08-08,TV (Non-English),7,Control Z,1.0,,,tt11937662
2021-08-08,TV (Non-English),8,How to Sell Drugs Online (Fast),3.0,,,tt9184994
2021-08-08,TV (Non-English),9,"Nevertheless,",1.0,,,tt14518284
2021-08-08,TV (Non-English),10,Too Hot to Handle: Brazil,1.0,,,tt14902484
2021-08-01,Films (English),1,Resort to Love,,,,tt12929990
2021-08-01,Films (English),2,The Last Letter From Your Lover,,,,tt1893273
2021-08-01,Films (English),3,Trollhunters: Rise of the Titans,,,,tt12851396
2021-08-01,Films (English),5,Wish Dragon,,,,tt5562070
2021-08-01,Films (English),7,Twilight,,,,tt0035912
2021-08-01,Films (English),10,The Twilight Saga: New Moon,,,,tt1259571
2021-08-01,Films (Non-English),1,Blood Red Sky,,,,tt6402468
2021-08-01,Films (Non-English),2,The Last Mercenary,,,,tt12808182
2021-08-01,Films (Non-English),4,Mimi,,,,tt0026718
2021-08-01,Films (Non-English),5,Bartkowiak,,,,tt14315566
2021-08-01,Films (Non-English),8,A Perfect Fit,,,,tt0391397
2021-08-01,Films (Non-English),9,Major Grom: Plague Doctor,,,,tt7601480
2021-08-01,Films (Non-English),10,Words Bubble Up Like Soda Pop,,,,tt12735338
2021-08-01,TV (English),1,Outer Banks,2.0,,,tt10293938
2021-08-01,TV (English),2,All American,3.0,,,tt7414406
2021-08-01,TV (English),3,Virgin River,3.0,,,tt9077530
2021-08-01,TV (English),4,Outer Banks,1.0,,,tt10293938
2021-08-01,TV (English),5,Never Have I Ever,2.0,,,tt10062292
2021-08-01,TV (English),6,Sex/Life,1.0,,,tt0179609
2021-08-01,TV (English),7,Love Is Blind,1.0,,,tt11704040
2021-08-01,TV (English),8,The Good Doctor,1.0,,,tt38960977
2021-08-01,TV (English),9,The Walking Dead,10.0,,,tt1520211
2021-08-01,TV (English),10,The Good Doctor,2.0,,,tt38960977
2021-08-01,TV (Non-English),1,The Cook of Castamar,1.0,,,tt12626014
2021-08-01,TV (Non-English),2,"Newly Rich, Newly Poor",1.0,,,tt32375039
2021-08-01,TV (Non-English),3,How to Sell Drugs Online (Fast),3.0,,,tt9184994
2021-08-01,TV (Non-English),4,Sky Rojo,2.0,,,tt8690776
2021-08-01,TV (Non-English),5,The Snitch Cartel: Origins,1.0,,,tt14417802
2021-08-01,TV (Non-English),6,Too Hot to Handle: Brazil,1.0,,,tt14902484
2021-08-01,TV (Non-English),7,Carrossel,,,,tt11974324
2021-08-01,TV (Non-English),8,"Nevertheless,",1.0,,,tt14518284
2021-08-01,TV (Non-English),9,Chiquititas,,,,tt0154063
2021-08-01,TV (Non-English),10,Elite,4.0,,,tt7134908
2021-07-25,Films (English),1,Trollhunters: Rise of the Titans,,,,tt12851396
2021-07-25,Films (English),2,The Last Letter From Your Lover,,,,tt1893273
2021-07-25,Films (English),3,Twilight,,,,tt0035912
2021-07-25,Films (English),5,The Twilight Saga: New Moon,,,,tt1259571
2021-07-25,Films (English),8,The Twilight Saga: Eclipse,,,,tt1325004
2021-07-25,Films (Non-English),1,Blood Red Sky,,,,tt6402468
2021-07-25,Films (Non-English),4,A Perfect Fit,,,,tt0391397
2021-07-25,Films (Non-English),5,Major Grom: Plague Doctor,,,,tt7601480
2021-07-25,Films (Non-English),6,The Guide to the Perfect Family,,,,tt11991786
2021-07-25,Films (Non-English),7,A Classic Horror Story,,,,tt12877640
2021-07-25,Films (Non-English),8,Deep,,,,tt0422634
2021-07-25,Films (Non-English),10,Haseen Dillruba,,,,tt11027830
2021-07-25,TV (English),1,Never Have I Ever,2.0,,,tt10062292
2021-07-25,TV (English),2,Virgin River,3.0,,,tt9077530
2021-07-25,TV (English),3,Sex/Life,1.0,,,tt0179609
2021-07-25,TV (English),4,The Good Doctor,1.0,,,tt38960977
2021-07-25,TV (English),5,Never Have I Ever,1.0,,,tt10062292
2021-07-25,TV (English),6,Manifest,1.0,,,tt14738778
2021-07-25,TV (English),7,Atypical,4.0,,,tt6315640
2021-07-25,TV (English),8,Heist,1.0,,,tt0491281
2021-07-25,TV (English),9,Virgin River,1.0,,,tt9077530
2021-07-25,TV (English),10,Virgin River,2.0,,,tt9077530
2021-07-25,TV (Non-English),1,The Cook of Castamar,1.0,,,tt12626014
2021-07-25,TV (Non-English),2,"Newly Rich, Newly Poor",1.0,,,tt32375039
2021-07-25,TV (Non-English),3,Sky Rojo,2.0,,,tt8690776
2021-07-25,TV (Non-English),4,Carrossel,,,,tt11974324
2021-07-25,TV (Non-English),5,The War Next-door,1.0,,,tt14821886
2021-07-25,TV (Non-English),6,Too Hot to Handle: Brazil,1.0,,,tt14902484
2021-07-25,TV (Non-English),7,Elite,4.0,,,tt7134908
2021-07-25,TV (Non-English),8,Hospital Playlist,2.0,,,tt11769304
2021-07-25,TV (Non-English),9,"Nevertheless,",1.0,,,tt14518284
2021-07-25,TV (Non-English),10,Lupin,2.0,,,tt1018841
2021-07-18,Films (English),4,Gunpowder Milkshake,,,,tt8368408
2021-07-18,Films (English),5,The Water Man,,,,tt4779326
2021-07-18,Films (English),6,This Little Love of Mine,,,,tt12546872
2021-07-18,Films (English),7,Wish Dragon,,,,tt5562070
2021-07-18,Films (English),8,Fatherhood,,,,tt0005308
2021-07-18,Films (English),9,Twilight,,,,tt0035912
2021-07-18,Films (English),10,Rust Creek,,,,tt6610158
2021-07-18,Films (Non-English),1,Major Grom: Plague Doctor,,,,tt7601480
2021-07-18,Films (Non-English),3,A Classic Horror Story,,,,tt12877640
2021-07-18,Films (Non-English),4,The Guide to the Perfect Family,,,,tt11991786
2021-07-18,Films (Non-English),5,Haseen Dillruba,,,,tt11027830
2021-07-18,Films (Non-English),6,A Perfect Fit,,,,tt0391397
2021-07-18,Films (Non-English),7,Last Summer,,,,tt0064573
2021-07-18,Films (Non-English),9,The 8th Night,,,,tt14781176
2021-07-18,Films (Non-English),10,Silver Skates,,,,tt0132513
2021-07-18,TV (English),1,Virgin River,3.0,,,tt9077530
2021-07-18,TV (English),2,Never Have I Ever,2.0,,,tt10062292
2021-07-18,TV (English),3,Sex/Life,1.0,,,tt0179609
2021-07-18,TV (English),4,Atypical,4.0,,,tt6315640
2021-07-18,TV (English),5,Manifest,1.0,,,tt14738778
2021-07-18,TV (English),6,Virgin River,1.0,,,tt9077530
2021-07-18,TV (English),7,The Good Doctor,1.0,,,tt38960977
2021-07-18,TV (English),8,Heist,1.0,,,tt0491281
2021-07-18,TV (English),9,Virgin River,2.0,,,tt9077530
2021-07-18,TV (English),10,Too Hot to Handle,2.0,,,tt12004280
2021-07-18,TV (Non-English),1,The Cook of Castamar,1.0,,,tt12626014
2021-07-18,TV (Non-English),2,"Newly Rich, Newly Poor",1.0,,,tt32375039
2021-07-18,TV (Non-English),3,The War Next-door,1.0,,,tt14821886
2021-07-18,TV (Non-English),4,Elite,4.0,,,tt7134908
2021-07-18,TV (Non-English),5,Elize Matsunaga: Once Upon a Crime,1.0,,,tt14856998
2021-07-18,TV (Non-English),6,Carrossel,,,,tt11974324
2021-07-18,TV (Non-English),7,Lupin,2.0,,,tt1018841
2021-07-18,TV (Non-English),8,Hospital Playlist,2.0,,,tt11769304
2021-07-18,TV (Non-English),9,"Nevertheless,",1.0,,,tt14518284
2021-07-18,TV (Non-English),10,Biohackers,2.0,,,tt9849210
2021-07-11,Films (English),3,Fatherhood,,,,tt0005308
2021-07-11,Films (English),4,Warcraft,,,,tt0803096
2021-07-11,Films (English),5,Wish Dragon,,,,tt5562070
2021-07-11,Films (English),6,This Little Love of Mine,,,,tt12546872
2021-07-11,Films (English),7,Mother's Day,,,,tt0081186
2021-07-11,Films (English),8,How to Train Your Dragon: The Hidden World,,,,tt2386490
2021-07-11,Films (English),9,Kung Fu Panda 3,,,,tt2267968
2021-07-11,Films (English),10,The Huntsman: Winter's War,,,,tt2381991
2021-07-11,Films (Non-English),1,Major Grom: Plague Doctor,,,,tt7601480
2021-07-11,Films (Non-English),2,Haseen Dillruba,,,,tt11027830
2021-07-11,Films (Non-English),4,The 8th Night,,,,tt14781176
2021-07-11,Films (Non-English),5,Silver Skates,,,,tt0132513
2021-07-11,Films (Non-English),7,Dynasty Warriors,,,,tt7587604
2021-07-11,Films (Non-English),8,Xtreme,,,,tt11658120
2021-07-11,Films (Non-English),9,O Candidato Honesto,,,,tt4083076
2021-07-11,Films (Non-English),10,Last Summer,,,,tt0064573
2021-07-11,TV (English),1,Sex/Life,1.0,,,tt0179609
2021-07-11,TV (English),2,Virgin River,3.0,,,tt9077530
2021-07-11,TV (English),3,Too Hot to Handle,2.0,,,tt12004280
2021-07-11,TV (English),4,Manifest,1.0,,,tt14738778
2021-07-11,TV (English),5,Pokémon Journeys: The Series,1.0,,,tt14033496
2021-07-11,TV (English),6,Atypical,4.0,,,tt6315640
2021-07-11,TV (English),7,Manifest,2.0,,,tt14738778
2021-07-11,TV (English),8,Virgin River,1.0,,,tt9077530
2021-07-11,TV (English),9,Lucifer,5.0,,,tt4052886
2021-07-11,TV (English),10,Sweet Tooth,1.0,,,tt12809988
2021-07-11,TV (Non-English),1,"Newly Rich, Newly Poor",1.0,,,tt32375039
2021-07-11,TV (Non-English),2,Elite,4.0,,,tt7134908
2021-07-11,TV (Non-English),3,The Cook of Castamar,1.0,,,tt12626014
2021-07-11,TV (Non-English),4,The War Next-door,1.0,,,tt14821886
2021-07-11,TV (Non-English),5,Lupin,2.0,,,tt1018841
2021-07-11,TV (Non-English),6,Elize Matsunaga: Once Upon a Crime,1.0,,,tt14856998
2021-07-11,TV (Non-English),7,The Seven Deadly Sins,1.0,,,tt3909224
2021-07-11,TV (Non-English),8,Young Royals,1.0,,,tt14664414
2021-07-11,TV (Non-English),9,Carrossel,,,,tt11974324
2021-07-11,TV (Non-English),10,Somos.,1.0,,,tt14719590
2021-07-04,Films (English),1,Fatherhood,,,,tt0005308
2021-07-04,Films (English),3,Wish Dragon,,,,tt5562070
2021-07-04,Films (English),4,The Ice Road,,,,tt2458296
2021-07-04,Films (English),5,Good on Paper,,,,tt8231668
2021-07-04,Films (English),6,Kung Fu Panda 3,,,,tt2267968
2021-07-04,Films (English),7,Warcraft,,,,tt0803096
2021-07-04,Films (English),8,Fatale,,,,tt1616102
2021-07-04,Films (English),9,Skylines,,,,tt9387250
2021-07-04,Films (English),10,The Mitchells vs. The Machines,,,,tt7979580
2021-07-04,Films (Non-English),1,Silver Skates,,,,tt0132513
2021-07-04,Films (Non-English),2,Haseen Dillruba,,,,tt11027830
2021-07-04,Films (Non-English),4,The 8th Night,,,,tt14781176
2021-07-04,Films (Non-English),5,Dynasty Warriors,,,,tt7587604
2021-07-04,Films (Non-English),6,Security,,,,tt0359954
2021-07-04,Films (Non-English),7,Murder by the Coast,,,,tt13323092
2021-07-04,Films (Non-English),8,Xtreme,,,,tt11658120
2021-07-04,Films (Non-English),10,Prime Time,,,,tt0162854
2021-07-04,TV (English),1,Sex/Life,1.0,,,tt0179609
2021-07-04,TV (English),2,Too Hot to Handle,2.0,,,tt12004280
2021-07-04,TV (English),3,Manifest,1.0,,,tt14738778
2021-07-04,TV (English),4,Sweet Tooth,1.0,,,tt12809988
2021-07-04,TV (English),5,Manifest,2.0,,,tt14738778
2021-07-04,TV (English),6,Lucifer,5.0,,,tt4052886
2021-07-04,TV (English),7,Pokémon Journeys: The Series,1.0,,,tt14033496
2021-07-04,TV (English),8,Sophie: A Murder in West Cork,1.0,,,tt14681732
2021-07-04,TV (English),9,CoComelon,3.0,,,tt12427840
2021-07-04,TV (English),10,Lucifer,3.0,,,tt4052886
2021-07-04,TV (Non-English),1,Elite,4.0,,,tt7134908
2021-07-04,TV (Non-English),2,The Seven Deadly Sins,1.0,,,tt3909224
2021-07-04,TV (Non-English),3,"Newly Rich, Newly Poor",1.0,,,tt32375039
2021-07-04,TV (Non-English),4,Lupin,2.0,,,tt1018841
2021-07-04,TV (Non-English),5,Somos.,1.0,,,tt14719590
2021-07-04,TV (Non-English),6,Elite,1.0,,,tt7134908
2021-07-04,TV (Non-English),7,Elite,3.0,,,tt7134908
2021-07-04,TV (Non-English),8,Elite,2.0,,,tt7134908
2021-07-04,TV (Non-English),9,Katla,1.0,,,tt11102190
2021-07-04,TV (Non-English),10,Record of Ragnarok,1.0,,,tt13676344
