nconst	primaryName	birthYear	deathYear	primaryProfession	knownForTitles
tt0177971
tt4566758
tt1210166
tt0442632
tt0101120
tt0279113
tt0145531
tt0110357
tt0097428
tt0327056
tt0120657
tt0120631
tt0337921
tt0100263
""
tt3402236
tt0126886
tt0155267
tt1454468
tt4686844
tt0435705
tt1630029
tt0120890
tt0120382
tt1193138
tt0180093
tt0103855
tt0119488
tt0116695
tt0077651
tt0450385
tt0274558
tt0104694
tt0383574
tt0120338
tt0119738
tt0443701
""
tt0119468
tt1372686
tt2802144
tt0476964
tt0115369
tt0119094
tt0117438
tt0108147
tt0116629
tt0118928
tt0107818
tt0227538
tt0381681
tt0120655
tt0120461
tt0112384
tt0455805
tt0230030
tt1220198
tt0113277
tt0276919
tt0096446
tt2096673
tt0346156
tt0119695
tt0252076
tt1007028
tt0105698
tt0156841
tt0131857
tt1935179
tt0120915
tt0116287
tt17526714
tt3316960
tt0362270
tt0811138
tt0103874
tt0117998
tt0117247
tt0120577
tt0096018
tt0376541
tt0106677
tt10366206
tt0112642
tt0111161
tt0119738
tt0118655
tt0100140
tt0312098
tt1602613
tt0105690
tt0107144
tt0080116
tt1190634
tt0115759
tt0116629
tt0120032
tt0114369
tt0108162
tt7131622
tt1735898
tt0118688
tt0109348
tt0077631
tt0482606
tt17663992
tt0111301
tt0407887
tt0139654
tt0265459
tt0167404
tt0243155
tt1564367
tt0073114
tt0119217
tt0067959
tt3835080
tt0452608
tt0077975
tt0100502
tt0113442
tt0810788
tt0271367
tt0190138
tt0089218
tt1437366
tt0119025
tt0281680
""
""
tt0187393
tt0318374
tt0111418
tt0367089
tt1345836
tt0118884
tt0094734
tt0332452
tt9731598
tt0452702
tt0108394
tt0107120
tt1504320
tt0871427
tt0116040
tt3501632
tt0408236
""
tt7784604
tt0109731
tt0099939
tt0159206
tt0454082
tt0089374
tt0395169
tt0104684
tt0331811
tt0186549
tt0104431
tt1659337
tt0109707
tt7984734
tt0134119
""
tt5776858
tt0108333
tt0119177
tt0381681
tt0090756
tt4003440
tt0056758
tt0110428
tt0087182
tt0848228
tt0098546
tt5592146
tt0110367
tt0088000
tt0273435
""
tt0119654
tt1628841
tt0100994
tt0122541
tt1823059
tt0106598
tt1285016
tt0088680
tt0234215
tt0080684
tt1951266
tt0118688
tt0253754
tt13833688
tt0371724
tt0107130
tt0099674
tt0243655
tt0088128
tt0107144
tt0250687
tt1907668
tt0125439
tt0087985
tt0088161
tt5027774
tt0112384
tt0120201
tt0076984
""
tt0118954
tt0190138
tt0175880
tt3606756
tt0080360
tt0343737
tt0092099
tt0185371
tt0088184
tt0112682
tt0096895
tt0079268
""
tt2797190
tt1709143
tt1981115
tt0106950
tt13444912
tt0808357
tt0099978
tt0117509
tt0109642
""
tt0112442
tt0116367
tt0331632
tt0405296
tt0091983
tt0181984
tt20969586
tt0105793
tt0117038
tt0111201
tt0118749
tt0086567
tt0492044
tt0120744
tt1194616
tt0417148
tt0247638
tt0102130
tt0106375
tt0098627
tt1748122
tt0093467
tt0158552
tt2817246
tt0118880
tt0099615
tt0086969
tt0175880
tt0203946
tt0372532
tt0443489
tt0429493
tt1300851
tt0162360
tt0190865
""
tt0110322
tt1300854
tt0790736
tt0356680
tt0480255
tt0106689
tt0112818
tt0092319
tt7131622
""
tt0369339
tt2359024
tt0116695
tt0116922
tt0093260
tt0099365
tt0118749
tt0117665
tt0317919
tt0246677
""
tt0314331
tt0115433
tt1320253
tt0106881
tt0133152
tt1228705
tt0084787
tt0098093
tt0113161
""
tt0117887
tt2802144
tt0404030
tt2314952
tt0117438
tt0117731
tt0089470
tt0114467
tt0105812
""
tt2395427
tt0104691
tt1527186
tt0203975
tt0098206
""
tt0466909
tt0104454
tt1758772
tt1596363
tt0411951
tt0120148
tt0293564
tt0146675
tt0328538
tt0120856
tt5657856
tt1334102
tt0338096
tt0099582
""
tt0092455
""
tt0108101
tt0976051
tt0126886
tt0120762
tt0338013
tt0093779
tt3104988
tt0096874
tt1907668
tt0170016
tt0099487
tt9208444
""
tt2996684
tt0443680
tt0413573
tt0452681
tt1186370
tt1859650
""
tt0106350
tt0413895
tt0088513
tt1791528
tt0096542
tt0253867
tt0119809
tt0368774
""
tt0245046
tt0306685
tt0283003
tt1567432
tt1321865
tt0493406
tt0442933
tt2792284
""
tt0124315
tt1130080
tt1164999
tt0887261
tt15768848
tt0086871
tt1130884
tt0467406
tt0119874
tt1769323
tt30446847
tt0418279
tt0113101
tt0128133
tt0119173
""
tt0465602
tt0102164
tt0099703
tt0085289
tt11280740
tt1091191
tt0102340
tt0093171
tt0256524
tt32916440
tt0116075
tt0106039
tt0285742
tt0090605
tt0093605
""
tt0263181
tt1300854
tt0127536
tt0088206
tt1389096
tt0086687
tt0363589
tt0098520
tt1010048
tt0180052
tt0104670
tt0090967
tt0119643
tt1791528
tt0253754
tt0120660
tt0313443
tt5583512
tt2103085
tt0085387
tt0120596
tt0143145
tt0306841
tt0072562
tt0426883
tt0075513
tt0225071
tt0188453
tt1442462
tt0112464
tt0808357
tt0117905
tt0113188
tt0100740
tt1674771
tt3332064
tt0116282
tt2042568
tt0274558
tt0143145
tt0388419
tt0105946
""
tt5592248
tt0120082
tt0105415
tt0319061
tt0102526
tt0446029
tt0113189
tt0480239
""
tt0197182
""
tt0109686
tt0109127
tt1520211
tt0115137
tt2333784
tt2051879
""
tt2910904
tt0350258
tt0266543
tt2015381
tt0110955
tt0461770
tt0101761
tt0182789
tt1253864
tt0162346
tt2303687
tt0082239
tt0790636
tt1038686
tt0303361
tt0111149
tt0298814
tt0086827
tt0120728
tt0799949
tt0120591
tt0131369
""
tt0437086
tt0093870
tt0120591
tt0379889
tt0944947
tt1477076
tt0119468
tt0140379
tt0098936
tt0457433
tt0113749
tt0114660
tt0097523
tt0211577
tt6474236
tt0114924
tt1764234
tt7131622
tt0119345
tt0085755
tt0100994
tt0096101
tt0087630
""
tt0102898
tt0472399
tt0120738
tt0376994
tt0094336
tt0795368
tt0320244
tt0112864
tt0113313
tt0106918
tt0120832
tt0095484
tt0468569
tt0243155
tt0174856
tt0758758
tt0112760
tt0094072
tt5797184
tt0100842
tt0387877
tt3896198
tt0120879
tt0413573
""
tt0125022
tt2294629
tt0117247
tt0120630
tt0120794
tt0107007
tt0065272
tt0120689
tt4120176
tt0099864
tt0089841
tt0133240
tt0245574
tt0094921
tt1391137
tt0120912
tt0110005
tt0120873
tt11891850
tt0146316
tt0117039
tt1568911
tt0075686
tt0096542
tt0112442
tt0081871
tt0091167
tt5052448
tt0113419
tt0128853
tt0098904
tt1282140
tt0108174
tt0073972
tt0427327
tt0493406
tt0119715
tt0305669
tt0112442
tt0375355
""
tt30319516
tt0268380
tt0119874
tt0123923
""
tt0078349
tt5108870
tt0271027
tt0203230
tt0119396
tt1462054
tt0091954
tt0107659
""
tt4872078
tt0090756
tt0104952
tt0120789
tt0109484
tt2062575
tt0081283
tt0114558
tt0338769
tt0164085
tt0110997
tt0463854
tt0098384
tt0099348
tt0488085
tt0238546
tt0110725
tt3750872
tt0120802
tt0093773
""
tt0106154
tt0219653
tt0387877
tt0088580
tt0180052
tt4034228
tt0087332
tt0289848
tt0458352
tt0825232
tt0816711
tt0765443
tt0277371
tt0162677
tt0264395
tt2562232
tt0106246
tt0470765
tt0237572
tt0081060
""
tt0310281
tt0106763
tt1082886
tt0120863
""
tt0106977
tt0367089
tt0119313
tt0419946
tt0265349
tt0812352
tt0385267
tt8999762
tt0097179
tt0309698
tt0087277
tt1578873
tt8364368
tt0102536
tt5555260
tt0327247
tt0102685
tt0317705
tt0298203
tt1560747
""
tt0139414
tt8806524
tt0104257
tt0363547
""
tt0090418
tt0107978
tt0109506
tt28106865
tt0117039
tt0216216
tt19244304
tt0437714
tt0072951
tt0274558
tt0252076
tt0351283
tt0287717
tt0120812
tt0156146
tt0100232
tt0111280
tt0095362
tt0352520
tt0288045
tt0112642
tt0367652
tt1700258
tt0488085
""
tt1872181
tt4094724
tt0114496
tt8695030
tt0443543
tt0109040
tt0177789
tt0115963
tt0075314
tt0462229
tt0101862
tt1877832
tt0113277
tt0332047
tt3748528
tt0195685
tt0395584
tt0808526
tt0925266
tt0110016
tt1226271
tt0119324
tt0134619
tt0138097
tt0129387
tt0120728
tt0159365
tt0124819
tt0360486
""
tt0217505
tt0115472
tt0185014
tt0328107
tt1371111
tt0866437
tt0458339
tt0107977
tt0102494
tt0099423
tt0114924
tt0162661
tt0289879
tt0089908
tt0289765
tt0104897
tt0120616
tt0173840
tt0101761
tt1825683
tt0410975
tt2404463
tt1620680
tt0097889
tt0408985
tt0134269
tt0306735
""
tt0095270
tt0318649
tt1210166
tt0137494
tt1375666
tt0115956
tt2027128
tt0276919
tt0112883
tt0822854
tt0493406
tt0065955
tt0960144
tt0120184
tt0337978
tt0107566
tt1083452
""
tt0110413
""
tt1657507
tt0084787
tt0370263
tt1266020
tt1489889
tt0116282
tt1844624
tt0160153
tt1646225
tt0100403
tt1259014
tt0119395
tt1596346
tt1951265
tt1282140
tt0250223
""
tt0328880
tt0099871
tt0106145
tt0272152
tt0118782
tt1111948
tt0111282
tt2178470
tt0356150
tt0088272
tt0139668
tt2194499
""
tt0097216
tt0113845
tt0101531
tt0357413
tt0085672
tt0486655
tt1083452
tt0437863
tt0112387
tt5478918
tt0086823
tt0092546
tt0804503
tt0120694
tt0988595
tt0348836
""
""
""
tt0114857
tt0985694
tt0092026
tt1235166
tt1228705
tt0283427
tt0409459
tt0265343
tt1853563
""
tt0119116
tt0101934
tt5859238
tt0383574
tt0120609
tt0118884
tt4680182
tt1609159
""
tt10293938
""
tt0320691
tt17720272
""
tt0091474
tt0118480
tt0864992
tt6513656
""
tt0096583
tt1266020
tt0240890
tt1454029
tt0106004
""
tt2139965
tt13322120
tt0499549
""
tt0100258
tt0448190
tt7975244
tt0185665
tt0141842
tt0119485
tt0116242
tt0109504
tt0123755
""
""
tt0314331
tt0103064
tt1405406
tt0804503
tt0822847
""
tt0414993
tt9873892
tt0435625
tt6806448
tt4610748
tt0117433
tt0138304
""
tt0367027
tt1187064
tt3470600
tt0327056
tt0360009
tt3910630
tt0109402
tt0401855
""
tt4267492
tt10686204
tt2446042
tt0317740
tt0120768
tt1524137
tt0146838
tt0093677
""
tt2771200
tt0179739
tt0120828
tt0095043
""
tt0808519
""
tt0417104
tt0132477
tt0094737
tt4649466
tt0463998
""
tt1532503
""
tt0251369
tt0268695
""
tt0197182
tt2083355
tt1547234
""
tt0213537
tt0120685
tt0181852
tt3371366
tt0440963
""
""
""
tt0281398
""
tt1323595
tt7668870
tt0253754
tt0388944
""
tt0458290
tt8964206
tt0903747
tt0120657
tt0168629
tt0122744
tt1135922
tt0100705
tt0174378
""
tt5834426
tt0372784
tt7598448
tt0118928
tt1661199
tt1194599
tt0814255
tt2304933
tt0383782
tt0391891
tt3722070
""
tt1859650
tt0366551
tt2278388
tt0265086
tt0364083
tt3489302
tt0116670
tt1709165
tt4370596
tt4473482
""
tt0237572
tt0408236
tt0109444
tt0482960
tt1490017
tt1176439
tt0106382
tt0121164
tt1663662
""
tt0120844
tt0419294
tt0206388
tt37503797
tt27324030
tt0314226
tt1615147
tt0800038
tt10502690
""
tt1648208
tt0221465
tt0140770
tt0086163
tt0207604
tt0220047
tt6546758
tt0097368
tt1361825
tt2402207
""
tt1745960
tt0816399
tt4566242
""
tt7945440
tt1692504
tt10101702
tt1512235
tt5178264
tt0275130
tt8552934
tt3748528
""
""
tt0221027
tt0138089
""
tt0114069
""
tt8404256
tt0301357
tt0449089
""
tt0121765
tt0187078
tt0158983
""
tt0163978
""
""
tt2889820
tt5997452
tt0118747
tt0269356
tt0475380
tt0229400
tt10160804
tt0480249
tt2049403
""
tt1403865
tt0120689
""
tt2101473
tt0830515
tt0423030
""
tt0119177
""
""
tt1082886
tt0356680
tt0204313
tt3489184
tt1029161
tt1636826
tt0134273
""
tt0358273
tt0101092
""
tt3106846
""
tt1763264
tt1273222
tt0180734
tt4843344
tt0368331
tt0164181
tt0242423
""
tt0116126
tt7262922
""
""
tt0361852
tt0449487
""
tt0065272
tt9203694
tt0119919
tt0120655
tt0790736
tt0486583
tt27987047
tt0362716
tt0400538
tt0083791
tt0273435
tt1070874
tt0374463
""
tt0108977
tt0119567
tt0320661
""
tt0120915
tt0233589
tt0477302
tt0419946
tt0200550
""
tt0247199
""
tt2417404
""
tt0107594
""
""
tt0190138
""
""
tt1320103
tt0145681
tt1226271
""
tt9359696
""
tt0163964
""
tt2649554
""
tt10545296
tt4937114
tt1592281
tt2365936
tt1327801
tt10820264
tt1059786
""
""
tt0113492
tt35064818
tt0112602
tt0177991
tt0115108
tt5697572
tt7207238
tt0292515
tt0120591
tt2193041
tt0113440
""
tt0217116
""
tt0103064
tt0113365
""
tt0489235
""
""
tt0345551
tt0417148
""
tt1233219
tt1065073
tt0120685
tt0251736
tt0120623
""
tt13016388
tt0330082
tt0120912
tt0455782
tt0100157
tt0115754
tt0097240
tt0158671
tt0491117
tt17424878
tt0111964
tt0150433
tt4093826
""
tt12758486
""
tt1964418
tt0119094
tt11794812
tt0206314
tt2375692
""
tt33035373
tt0415298
tt1480295
tt0283072
tt0239238
""
""
""
""
tt0127388
tt5573970
tt1634332
tt2948356
tt8180932
tt1001520
""
tt0283111
tt0090180
""
tt0758752
tt0457510
tt8041270
tt0116209
tt12614000
tt0093260
""
""
tt0765010
tt0058796
tt39373317
tt0376720
""
tt0178860
tt9174536
tt0219457
tt0277941
tt0118480
tt7620960
tt5460276
tt0247082
""
tt1122836
""
tt0112494
tt1234721
tt0203632
tt0354899
""
tt0838283
tt2267998
tt4385888
tt1441135
tt0304328
tt0248126
tt0363282
""
tt0120632
""
tt0091601
""
tt0121200
tt0337619
tt0192533
tt0337953
""
tt8388390
tt2980648
""
""
tt0106598
tt3895884
tt2288037
tt0086759
tt21807222
""
tt0251040
tt0190799
tt0112086
tt0970416
tt0484207
tt0103639
tt1764651
tt0300512
""
""
tt0220832
tt0300140
tt0375705
tt0144117
""
tt0108358
tt0415463
tt2349144
""
tt0120655
""
""
""
tt0955353
""
tt1562871
tt1446192
tt0329589
tt0490080
""
tt0213668
""
tt0118617
tt0158622
tt4877122
tt0985694
tt0453467
tt0385726
tt26453362
""
tt0115251
tt10771928
tt0151738
""
tt0163988
tt1758830
""
tt3398228
tt5109784
""
tt1327801
tt0297037
""
tt0199725
tt6911608
tt8009428
tt0942385
tt1477834
""
tt1842451
tt0181875
tt0374201
tt6390538
tt0461703
tt0112022
tt0443649
tt4786282
tt8594276
tt0361748
tt0804516
tt0462499
tt0244365
tt0165857
tt1129427
tt0324216
tt1605630
tt0103466
""
tt4718770
tt1839492
tt0119807
tt0278488
tt0120569
tt31462874
tt8999762
tt13327038
tt0305669
tt0202128
tt0103399
tt1640571
tt0332452
tt1282140
tt0139699
tt0119905
tt0256359
tt0117891
""
tt0181689
tt2188671
tt0108757
tt0106598
tt4875844
tt0123964
tt0426550
tt0243069
tt0286493
tt7126948
tt0386789
tt0372237
tt0116695
""
""
tt0168501
tt0981227
""
tt0384833
tt0348333
""
tt0172495
tt0096061
tt0172156
tt0119807
tt0368891
tt0120185
tt0265591
tt1298650
tt0493093
tt2660888
tt0167735
tt2027128
""
tt0790604
tt0165057
tt0106440
tt0163651
tt0327594
tt0112697
""
tt0126411
tt0141369
tt2820852
tt0238380
tt0335438
tt4034228
tt7949624
tt0315327
tt0281364
tt0146675
tt0462346
tt1415244
tt0306685
""
tt0222851
tt10362466
tt0111397
tt0126869
tt0297012
tt4016454
tt0204946
tt1674771
""
tt0479952
tt0291766
tt10945036
tt9866072
tt1498569
tt0202470
tt28037103
""
tt0134084
tt7798604
tt3892172
tt0443489
tt5580266
""
tt0109035
""
tt0324013
tt0467406
tt0266543
tt0993840
tt1898066
tt0107211
tt0114898
tt10430850
tt0800369
tt0106677
tt5451690
tt0103382
""
tt0110478
tt0145487
tt0088161
tt0212720
tt0480687
tt5363918
tt0164184
tt0302886
tt0880578
tt1605630
tt0479537
tt2388621
tt11447916
""
""
tt4824308
tt0133751
tt0097438
tt0201479
tt0383010
tt0104850
""
""
tt0110478
tt10696784
tt0236027
tt0145660
""
tt0810913
tt0099153
tt3829920
tt0106145
tt0298845
tt0430105
tt0362165
tt1877889
tt0770752
tt0116253
tt0791304
tt4431104
tt0247087
tt0473365
tt1340138
tt0780536
tt0119141
tt1582459
tt11389748
tt0056758
tt0108872
tt0884328
tt0427327
tt0380934
""
tt0098790
tt1677720
tt0462160
tt0115082
tt0107554
tt0338096
tt0118750
tt0376994
tt0120601
tt9376612
tt0108495
tt0120794
tt0275039
tt0123964
tt0328099
tt0083866
""
tt0117882
tt0093894
tt0385307
tt1117666
tt0279286
tt0433400
tt0366629
tt1823246
tt6511932
tt0158622
tt0139668
tt1327773
tt1037705
tt1103153
tt0120694
tt0158552
""
""
tt0452046
tt1814790
tt0120654
tt1285016
tt0309593
tt0114709
tt1674771
""
tt0356150
tt0081869
tt4419214
tt0355295
tt2042544
tt0460091
""
tt0390022
tt0098904
tt2443340
tt1843146
tt3727982
tt2368254
tt0118884
tt0416359
""
tt0298814
tt0164912
tt1302011
tt0156196
tt0215208
tt0104254
tt0117998
tt7037790
tt0115750
tt0119807
tt1578873
tt0115346
tt0120831
tt0307987
tt1389137
tt0118998
""
tt0093477
tt1790886
tt0098780
tt0350261
tt0116695
""
tt0473102
tt0323120
tt0343660
tt0988595
tt2788432
""
tt3383040
tt0119313
""
tt0272152
tt10329042
tt6116060
tt0363587
tt0413895
tt0115685
tt0350028
tt0434215
tt0110657
tt0141098
tt0161023
tt0841046
tt0112572
tt0120669
tt1074638
""
tt0278823
tt0112697
""
tt0117509
tt5638056
tt0103129
tt0323810
tt1194173
tt0097138
tt0250274
tt9603208
""
""
tt0242653
tt6857112
tt14309446
tt0194422
tt2911666
tt6722802
tt2179116
tt0156812
tt0298203
tt0146675
""
tt0120888
tt0292644
tt0119094
tt0201290
""
tt1670345
tt0120082
tt0109813
""
tt0120647
tt0327137
tt0112066
tt0292109
tt0267913
tt0141926
tt0257756
tt6823368
""
tt0048845
tt1845296
tt0119256
tt4236770
tt0328880
tt1441109
tt0285175
tt0118300
tt1517489
tt9362930
tt1853728
tt0164334
tt5277850
tt22022452
""
tt0245686
tt0130018
tt0892318
""
tt0816263
tt0109813
tt0120177
tt0413573
tt0369226
tt1814621
tt14858658
tt1462758
tt0217756
tt0375912
tt3402138
tt0139668
tt0790772
tt0132245
tt6139732
""
tt0109303
tt0393162
tt0137302
tt0120609
tt0326769
tt1931533
tt0790804
tt0268380
tt0376994
tt2193021
""
tt0069658
tt0093239
tt0107362
tt0317919
tt0309530
""
tt0192917
tt0446029
tt0377818
tt0213149
tt0482463
tt0285823
tt0396269
""
tt2053463
tt0118436
tt0069658
tt0103491
tt1432143
tt0083483
tt0095016
tt0285462
tt1398426
tt0380934
tt0255819
tt0281373
tt0120241
""
tt0245891
tt0433400
tt2140479
tt0158552
tt0120647
""
tt0120917
tt1225822
tt0460649
tt0401855
tt4779682
""
tt0080025
tt1291150
""
""
tt0337697
tt0259711
tt0149624
tt1190536
tt0361693
tt2398231
tt0350258
tt0181875
tt0102951
tt0284674
""
tt0278504
tt1637688
tt0120789
tt0161233
tt0356150
tt1234654
tt0109493
tt0758745
tt0368891
tt0275022
tt1661382
tt2817246
tt0120755
tt0160797
tt0147800
tt0090888
tt0460792
tt0388482
tt0113986
tt0112792
tt1073668
tt8722346
tt0472181
tt0113819
tt0141303
tt0167404
tt0367479
tt11309414
tt0213149
""
tt0430304
tt1046173
""
""
tt2170593
tt0151804
""
""
tt0443706
tt0120029
tt0183790
tt0115734
tt0335438
""
tt3322940
tt0139668
tt0250494
tt2402101
tt0145531
tt1666185
tt0118276
tt0472119
tt0166896
tt0312510
tt0096697
tt0300532
tt2071550
tt0882816
tt0281821
tt0097176
tt0119116
tt4627352
tt4731136
tt0111503
tt1791528
tt0089218
""
tt0390022
tt0780504
tt0435705
tt0097240
tt0454848
tt0455782
tt0107843
tt0293662
tt0327597
tt2431286
tt6823148
tt0403508
tt0352277
tt1340138
tt0088100
tt0147800
tt0120679
tt0085894
tt1392170
tt0453562
tt0080437
tt0844653
tt0139654
tt0897361
tt1870949
tt0362270
tt0093713
tt0111173
tt0146984
tt0449994
tt0287978
tt0103265
tt1677720
tt0084777
tt0250797
tt0249462
tt0090779
tt0122718
tt0120694
tt0160127
tt0266915
tt0116209
""
tt1533087
""
tt7239888
tt1135985
""
tt1663202
""
tt0289992
tt0118069
tt4801232
""
tt0481369
""
tt0313911
""
tt1126618
tt3413236
tt0122515
tt1928320
tt0384642
tt2379713
tt1517268
tt1869716
""
tt12361974
""
""
tt0120610
tt0114558
tt0116361
tt0235737
tt3045616
tt0835434
tt0190261
""
tt2975776
tt0118074
tt1948500
tt0118503
tt0311289
""
tt0425123
tt2109248
tt5013980
tt0100758
tt8244784
tt0325710
tt0243327
tt0119598
""
tt0803091
tt12276418
""
tt0099399
""
tt0134619
tt0365830
""
""
tt2479800
tt4154796
tt0347304
tt1865663
tt14856980
tt0123215
tt1905007
tt5688932
tt13443470
tt4178092
tt0252501
""
tt0120802
""
tt0116391
""
tt0456144
""
tt0119232
tt1729637
tt2402157
tt0244471
tt0411008
tt4278760
tt2101383
tt0094889
tt6450804
tt0403104
tt0882751
tt0235679
tt0295456
""
tt0093507
tt1855199
tt0106677
tt1210166
""
tt0113952
""
tt2872718
tt28082769
tt0310910
tt2527336
tt7575792
tt0367959
""
tt1305797
""
tt0324216
tt0122385
tt0903657
tt0785007
tt0114214
""
tt0365686
tt0277434
tt0844441
""
tt0421085
tt0285331
tt0183523
""
""
""
tt0119072
""
tt2234222
tt0213149
tt1442372
""
tt1581622
tt15975334
tt0378109
""
tt0352248
tt3147312
tt0454876
""
tt0110942
tt0218817
tt0338077
tt0120611
tt1253864
tt0254481
tt3950078
tt0116213
tt0119900
tt0277986
tt0434124
tt0454945
tt1592254
tt10999120
""
""
tt0970416
""
tt0116629
tt1351685
tt5109280
tt15574312
tt0970416
tt0105431
tt30825323
tt0473360
tt2294449
""
tt5715066
tt8332922
tt2675914
tt0929742
""
""
tt1098327
tt0402894
""
""
tt0096555
""
tt1613750
tt0385842
tt0093286
tt3340908
tt0762121
""
""
tt3922704
tt0090190
tt7974188
tt1683970
tt0107999
tt9252468
""
""
tt1690483
""
tt1955044
""
tt21962898
""
tt0107121
""
""
""
""
tt1543294
tt2338005
tt0120595
tt1632701
tt0093988
tt0315733
tt5869362
tt0120540
tt7060460
""
""
tt0808417
""
tt0103442
""
""
tt0313126
tt0929801
""
tt10127554
tt5073756
tt0110109
tt0120912
tt27142792
tt0402158
tt2527338
tt14802516
""
""
tt10676052
tt0488259
tt0283160
""
tt4686692
tt1515208
tt27610259
tt0095956
""
""
tt4300480
tt0415345
""
""
tt0120654
tt0903624
tt0118421
tt0086677
tt0184858
tt8844204
tt0331192
tt1947866
tt2268138
""
tt0119874
tt0285333
tt0428038
tt0352113
tt14485112
tt0116313
""
tt6506264
""
""
tt0058796
tt0460989
tt0220212
tt0317919
tt1990314
""
tt1890538
""
""
""
""
""
""
tt11466222
""
tt0423716
""
tt0081856
tt0119314
""
""
tt0276699
tt0118529
""
tt0848503
""
tt1560747
tt0081930
tt9419056
tt2303367
""
""
""
""
tt0339291
tt0120586
tt1200263
tt1210042
tt0493464
""
""
tt0323465
""
tt0120657
""
""
tt1054634
tt0082445
""
tt0118564
tt0172156
""
tt0366548
tt1885537
tt1881012
tt0499448
""
tt0111877
tt2402105
""
tt0315309
""
tt0101199
""
tt0386862
""
tt1023111
""
""
""
tt0099739
tt0230030
""
""
tt0229362
tt0252060
tt8836988
tt2510028
tt3014666
tt2087571
tt0104009
tt1723121
tt0970416
tt10731768
tt2562232
""
""
tt1298604
""
""
tt0362227
tt0172917
tt4136774
tt0099134
tt0103855
""
tt0096697
""
""
tt0829482
""
tt0488853
tt0472526
tt2096672
tt0498380
tt0074660
tt6334354
tt1837492
tt0122626
tt0443274
""
tt2660888
tt14648106
""
tt1087856
tt13610562
tt0096535
""
tt5779372
""
tt5313296
""
""
""
tt2039393
""
tt0233798
tt1924429
tt0141842
""
tt0192614
""
tt1343097
""
""
tt0120252
""
tt0208092
tt0116253
""
""
tt9604400
""
""
""
""
tt0443489
""
tt1186367
tt10482560
tt3199006
""
""
""
tt8396314
tt8739752
tt0241588
tt0326900
tt8531188
tt2372222
tt0439848
tt0096560
""
tt5970800
tt1500761
""
tt0180052
tt0103927
tt1319690
""
""
tt0499493
tt0153027
tt8364368
tt10806040
""
tt1220634
tt19768016
""
tt0323633
tt0988595
""
""
tt0770828
tt1718801
tt0886539
tt1929675
tt0247102
tt2345481
""
tt5099568
""
tt3203606
tt0880502
""
""
tt14592064
tt0220506
""
""
tt0276270
""
tt0472301
tt1424310
tt0247082
tt0163494
tt0264235
""
""
tt7668518
""
tt14955348
tt0096438
tt0370194
tt10459366
tt2955414
tt0114472
tt2039338
""
""
""
tt14833464
tt0896893
tt0083470
""
tt3472862
""
tt1423995
""
tt0104051
tt0387575
tt0482606
tt1403846
""
tt0248645
""
tt6222118
""
""
tt0088512
tt33992125
tt0099653
tt1934195
tt0120157
tt4707274
tt0092035
tt1659175
""
tt0100814
tt0261655
""
""
tt0112864
tt0250157
tt6756454
tt0135505
""
""
""
""
tt4370596
""
""
tt7682382
tt0460649
""
tt8134742
tt0117509
""
tt3654206
""
""
tt0426592
tt1842384
tt0253798
tt0770752
""
tt0946589
""
""
""
""
""
tt0814314
tt1090755
""
tt0195275
tt0317919
tt0109707
""
""
""
tt0144596
""
""
""
""
tt12464300
""
""
tt2281375
""
tt0120329
tt1758810
tt0499319
tt0274711
""
tt0118928
tt1188996
tt4824302
""
tt1954470
""
tt0080221
""
""
""
""
tt0816483
""
tt11772966
""
tt10540674
""
tt0437777
tt0397442
tt0460989
tt0119718
tt13794598
tt0279600
""
tt0444682
""
tt0084136
tt0115083
tt0139216
tt1283976
""
tt1625346
""
""
""
tt0811077
tt3352390
""
""
tt1956620
tt0102703
tt0326208
tt0098038
tt0382028
""
""
tt0112073
tt5813010
""
""
""
tt0804503
tt0094602
tt0083402
tt0192614
tt0455275
tt1001508
""
""
tt0160574
""
tt0368287
tt5970800
""
""
""
""
tt0758745
""
tt0106028
tt0205843
tt0457045
tt5164196
""
""
tt0484877
tt1049948
""
tt3107288
tt0098891
""
""
""
tt4080956
tt0159273
""
tt0110620
""
""
""
tt0185125
tt0948470
""
""
""
tt0266543
""
tt28517179
tt15301048
""
tt7806380
tt13433814
tt3532216
tt0758790
tt0120179
""
tt0323756
""
""
tt11608100
""
""
""
tt0113855
""
""
""
""
tt12675416
tt0268216
tt1951266
tt0410979
""
""
""
""
tt0096542
tt0105151
""
""
tt3662066
tt1706593
tt0183280
tt4370784
""
tt0103352
tt8155288
tt0107372
tt0325805
tt0076721
tt26454084
""
""
""
""
tt15557828
""
tt1401152
tt0489458
""
""
""
""
""
tt11998960
tt0830515
""
""
tt1119176
""
tt0082644
tt0120570
""
tt0205451
tt0123338
tt2353767
tt0387533
""
tt7662316
""
""
tt3005242
""
""
""
tt0206226
""
""
tt12580324
tt1124037
tt1306980
tt0824327
tt0101036
tt0369702
""
tt0413573
""
tt0364343
tt2069844
tt7513360
tt0084019
tt0117582
tt0172726
tt1735898
tt1664065
tt0124879
tt4314814
""
tt11199132
tt0312895
""
tt0105070
tt0436364
""
tt0452625
""
tt5420376
""
""
tt0399201
tt1733785
tt0243736
tt0396659
tt0815178
""
tt0077055
""
""
""
""
tt0220504
""
""
tt0811154
tt0338526
""
""
tt0092400
""
tt0154421
tt0272360
""
tt27714581
tt1242527
tt15551346
""
tt0161292
""
tt0386342
tt13919878
tt0418279
""
tt4669264
tt0286788
tt0955381
tt0831387
tt1493274
tt0317219
tt1133985
tt1604096
tt1051904
tt0128445
tt0109906
tt1178636
""
tt0105982
tt5730780
""
tt0113347
tt0261392
""
tt0380420
tt4779682
""
tt0339454
tt0348333
""
tt1219024
""
tt0179940
tt2639718
""
""
""
""
tt0466342
tt0972541
tt0452608
tt0187738
""
""
tt14138650
tt0120855
tt0097474
tt0245625
""
""
tt1034032
tt0312358
tt0920470
tt8847712
tt1856014
tt0110860
""
tt8963708
tt3543634
""
""
""
""
tt0099777
tt0251091
tt0361192
tt0347246
tt5536316
tt5169714
""
tt1710621
""
tt0407354
""
tt0287624
tt1599296
tt0085049
""
tt0305945
tt0290013
""
tt4786824
""
""
""
""
tt7738346
tt0211443
tt0057731
""
tt0129167
tt0171433
""
""
""
""
""
tt1628841
""
""
""
""
tt4649482
tt0804540
tt1024810
""
tt0104388
tt0181875
""
tt0270846
""
""
tt0111987
tt11905696
""
tt0257623
tt2463208
tt0319610
""
tt1130091
tt0283249
""
tt0075801
tt36120475
""
""
""
tt2580658
""
tt2240046
""
""
tt1784167
""
tt14787414
""
tt0176459
""
tt1421051
""
""
tt1342240
tt1473074
""
tt0093227
tt2023587
tt0860906
""
""
""
tt5164196
tt0131517
tt0289408
tt0913354
""
tt0120004
""
""
tt1156398
tt1460746
tt0102065
tt0298814
tt0296604
tt0087333
tt0084234
tt0231775
tt0840196
""
tt0102964
tt0804503
""
""
""
""
tt5907796
tt0343663
""
tt0302148
""
tt1638319
tt0181689
tt0277828
tt0477479
tt10676012
tt0426313
tt0084555
""
tt2096672
tt0405422
tt0907683
tt4538632
tt1825482
tt3148468
tt1853728
tt4500814
""
tt0264235
tt0995029
""
tt13357236
tt7138426
tt0106308
""
tt0453467
""
""
tt0791304
""
""
""
tt0105275
""
tt0119051
tt0211347
tt0117381
""
tt0093565
tt3104988
tt0780521
""
""
tt1173901
tt0480680
tt0929760
tt3467412
tt5396928
""
""
""
""
tt10367990
tt1230414
tt14400246
""
""
tt0120620
""
tt1268809
tt0227089
""
tt1093908
tt10023172
tt1003027
tt1663202
tt0222812
tt0308383
tt4827774
""
""
tt0181266
tt10443252
""
""
tt6135042
""
tt1041829
""
tt0115408
""
tt0479952
tt4878326
tt0101131
tt0465234
tt0169858
tt0267259
""
tt0205873
tt0107978
tt0267891
""
""
""
""
tt0413267
""
""
tt0117658
tt0110678
""
tt4975280
""
tt0243209
tt0432999
tt1807028
""
tt0093713
tt0316975
""
tt0460792
""
tt0220656
""
tt1489428
""
""
""
tt0282209
""
tt1565958
tt0084716
tt0096520
tt3264240
""
""
""
""
tt0112641
tt2201227
""
""
""
tt0409937
""
tt1282140
""
tt2106361
""
tt0188453
tt0990407
tt1956620
tt0398017
tt0853195
tt0089984
tt0350258
tt0405336
""
tt0164052
tt1843866
tt1131724
tt0096697
tt3694654
tt0408839
tt0109444
""
tt0073897
tt0301357
tt0115221
""
""
""
tt26731216
""
""
tt11827282
tt0106179
tt3607078
""
tt0307901
tt28277817
""
""
tt6189022
tt3152624
""
""
""
""
tt1663662
tt1094248
tt5758778
""
""
""
tt4874334
""
tt0083437
tt13116846
tt0337610
""
tt2461132
tt6663582
tt0107387
tt0866439
tt0192917
tt0111686
tt0449467
""
""
""
tt0338639
tt13137330
tt0164184
""
tt6425734
tt9841750
""
tt2046219
tt0971170
tt1661862
tt2342652
tt0256380
tt0132907
tt0472071
""
tt12637892
""
""
""
tt0373469
tt3769652
tt0101943
tt3185808
""
""
""
""
""
tt0434706
""
tt0800369
tt0100944
tt0101414
""
tt2578560
tt1105469
tt0839976
tt1270797
tt0407531
""
tt0144084
""
""
""
""
tt3696610
""
""
tt8266310
tt0362359
tt0465482
""
""
tt11908172
tt0111873
tt2749258
tt0898332
tt0202381
tt5302174
""
""
""
""
""
tt0109097
tt23219684
""
tt0103639
""
tt0120903
""
""
tt0120681
""
""
""
tt0139964
""
""
tt10147580
tt0800080
tt0063850
""
tt23561322
tt0292870
""
tt0997193
""
tt0997023
tt0114829
tt0081592
""
tt0108776
""
tt0167261
tt0271197
tt6396378
""
tt2556114
""
""
tt0207163
""
tt0309047
tt0096684
""
tt0848537
""
""
tt1365474
""
tt0450923
""
tt12057402
tt0097165
tt0369436
""
tt0110604
tt0259149
tt0228333
""
tt6078532
tt0120746
tt1799834
tt1756406
tt0977667
tt1544603
tt0389564
""
tt5151570
""
tt0285331
tt3120990
tt0108709
tt0279556
tt0410975
tt0094432
tt0181498
tt0098513
tt0109503
""
""
tt0213847
tt3478962
tt0269499
""
tt0295397
tt1201167
""
tt1325004
tt1934332
""
""
tt0046593
tt0111987
""
""
tt0102068
tt0963178
tt3614440
""
""
""
tt0191610
tt2866056
""
tt15326988
tt0105356
""
""
tt0138501
tt0203259
""
""
""
tt0139239
""
tt0309294
tt0258100
""
tt1905041
tt0068862
""
""
tt2395459
tt6284564
""
""
tt2741602
tt1386588
tt0498012
tt0119488
tt1212974
tt10100628
""
tt1458915
tt0386649
tt0473101
tt0165565
""
""
""
""
tt0388377
tt1505346
""
tt0114888
""
tt5622316
tt0104815
""
tt0196708
""
tt2660888
""
""
tt0106519
""
""
tt0090233
""
""
tt0102972
tt6211060
tt0120915
tt0085574
""
tt0110475
""
tt0262307
""
tt0035423
tt0204993
tt0248254
tt9150192
""
""
tt1833395
tt2070791
tt12745216
tt2940284
""
""
tt14418052
tt1361919
""
""
tt12304420
tt0103639
""
""
""
""
""
""
""
""
""
""
""
tt0446082
tt0095752
tt0082244
tt1064932
tt5536736
tt0120008
tt29630969
tt0096202
""
""
tt1190536
tt1590245
""
tt0238784
tt0119567
tt0118276
tt0435365
tt8784956
tt0304711
tt0069658
tt0112715
tt3393786
tt3555036
""
""
tt0299117
tt1232829
""
""
""
tt0088587
tt0106085
tt0187853
tt0302640
tt0124819
tt4187590
tt1185420
""
tt0455782
tt0420206
tt1294081
tt30221531
tt12104930
""
""
tt0096754
tt9074154
""
tt1615918
tt0270487
tt0172156
tt0988045
tt8266310
tt0172495
tt0948470
tt14022668
tt0424823
tt2593392
""
tt0819750
tt1615147
""
""
tt10986410
tt0808148
tt0382627
""
""
tt0439572
tt0955308
""
tt5753856
tt0313542
tt0113568
tt0115387
""
tt1517494
tt8160284
""
tt1450324
""
tt3152078
tt0373283
""
tt0115751
""
tt3609352
""
tt1735311
tt1286562
""
tt7043176
tt1280553
""
""
tt1487118
tt0307479
tt0353087
tt0137523
tt0113492
tt1430811
tt8740790
tt0267804
tt0945513
""
tt3920548
tt0350774
tt0765476
""
""
tt0978764
""
tt0452623
""
tt9495224
tt0319262
tt0120461
tt0084827
""
""
""
tt5944330
""
tt0986263
""
""
tt0104981
""
tt2357129
tt0808174
""
tt8855592
tt29347034
""
""
tt4329800
tt0468569
tt0131664
""
tt4913966
tt1296898
tt0285823
tt0089218
tt0371257
tt1623205
tt0077025
tt1276104
""
tt2306299
""
""
tt0118267
""
tt0086678
tt1185834
tt1020072
tt3691740
tt0098554
tt0230011
""
""
tt0213113
""
tt0097509
tt23856696
tt1032755
""
""
tt0418819
""
""
""
""
""
""
tt0369195
tt0149534
tt0180817
tt0156849
""
tt0108356
""
tt0106438
tt9896912
tt2328900
tt29226284
tt0401729
""
""
tt0300471
tt0242653
tt2402129
""
tt1533435
tt0118880
tt0402910
tt0095172
tt3316960
tt0804461
tt0891441
tt0096531
""
""
""
tt0115928
tt1130969
tt16311594
tt0086759
tt0469689
tt0366005
""
tt11327514
tt0800080
""
tt0126604
""
""
""
""
tt0086129
tt0272020
tt0268948
""
tt0479263
tt1248971
tt1343092
""
tt0120647
""
""
""
""
tt0233469
tt10457304
""
tt0120912
tt0372588
""
""
""
tt0157007
tt0306734
""
tt1294226
tt0113878
tt0397857
tt4116284
tt0356618
tt0258463
tt12447796
tt3121050
tt2016894
tt1695360
""
""
""
tt0221073
tt0402022
""
tt4836736
tt0101414
tt0103639
""
tt0234829
tt1258123
tt0113066
""
""
""
tt0805660
""
""
tt5177088
""
tt5969696
tt5727282
tt1386697
""
tt0207919
tt14537248
""
""
""
""
tt0418819
tt0092005
""
""
tt19872934
""
tt0398712
tt2245003
tt1492090
tt0144084
""
tt0383184
""
""
tt2404463
""
""
""
tt3411420
""
tt1756851
""
tt6687720
tt1655424
tt0431527
""
""
tt9207600
""
tt0808873
tt6437276
""
tt25386348
""
""
tt11127680
tt1500873
""
tt26917685
tt0099423
tt2261749
tt3168230
tt0102798
""
""
tt0178737
""
tt1560756
""
tt0479780
""
""
tt0299161
tt15067722
""
tt0260662
tt21942866
""
""
tt1649418
tt0119053
""
tt5606776
""
tt0424705
""
tt0086190
""
""
""
""
tt0344744
tt1450320
""
tt0790636
""
""
tt32600290
""
tt0159485
""
""
""
""
tt0338086
tt0763840
tt10834220
tt2948790
tt0120616
""
tt0494834
tt0089269
tt2531344
""
tt0473609
""
tt0290116
tt0479884
""
tt0436339
tt4970024
tt3551022
tt0343449
tt0458122
""
""
""
""
tt0100502
tt3787754
tt1270798
tt0119535
""
tt0120686
tt0100477
""
""
""
tt15127984
tt0086886
""
""
tt1571404
""
""
""
tt1280822
""
""
tt10714856
""
""
tt0106039
tt0134247
""
""
tt1992236
tt2268018
""
tt1035736
""
tt0107302
""
""
tt0889583
""
tt0088944
""
""
""
tt3385516
""
tt10062652
tt0399706
tt0104850
""
tt15590732
tt1837587
tt1206885
""
""
tt0995832
""
""
tt0211172
tt0898367
tt10040584
tt0302361
tt0174170
tt0993744
tt0119345
""
""
""
tt5016504
""
tt0195314
tt0426741
tt0120461
tt0283534
tt0117761
tt0765494
tt0416213
tt2190492
""
tt0342505
tt0101054
""
tt0360783
""
tt3184534
""
tt0905372
tt1481572
tt1201607
tt0158552
""
""
tt9843470
tt36285349
tt0470752
tt0313597
tt0087399
""
tt0362165
""
tt0073291
tt0085020
tt4163020
tt0093011
tt1205082
""
tt1135083
tt0117705
tt1492966
tt4907178
tt0228977
""
tt0116731
tt0200682
""
tt0103956
""
tt0090305
""
""
tt14926808
tt0318081
tt0465234
tt0266697
tt0443649
tt0256380
tt0112740
""
""
tt0409553
tt0119177
""
""
""
""
""
tt0454876
""
tt7137906
tt17044594
""
tt3792960
tt0176758
""
tt0347772
tt0119707
tt0114814
""
""
""
tt1134829
tt0253394
""
""
tt0963966
tt1412386
tt6328648
""
tt23547040
tt1815605
""
tt2950648
""
tt0231015
tt0765833
""
""
tt6133466
tt2520046
tt0441897
tt1321510
tt0350194
""
""
tt0456781
tt0146309
tt0096131
tt1647462
""
""
""
""
""
tt1983079
""
tt0120004
""
tt0149454
""
tt0217772
tt0119670
tt2140315
""
tt0408403
""
""
tt3633192
""
tt1002964
tt1943790
tt0119642
tt4807398
tt0809432
""
""
tt0404112
""
tt0395956
tt0106041
""
""
""
""
tt1309379
tt0078480
tt0765010
""
tt0186771
""
""
""
""
tt6809496
tt4593060
tt2193041
tt0289408
""
tt0109828
tt27658815
""
tt0168734
""
""
""
""
""
""
""
tt0126765
""
tt1559547
""
""
""
""
tt0211842
tt0094484
tt0441074
""
""
tt13327258
""
tt0449467
""
""
""
""
""
tt5294550
""
tt4129428
tt2303367
tt0103241
""
""
tt0166813
tt2286990
tt32376165
tt0110125
""
""
tt0373889
""
""
tt0110297
tt0089991
""
""
""
tt9810022
tt0359045
""
""
""
tt1720254
tt1390411
tt0245686
""
""
tt0122846
tt0942806
tt0221073
tt2267140
tt14084228
""
tt0183659
tt0305357
tt0278238
""
""
tt0158983
""
tt2091935
tt9179616
tt10556022
""
tt0106977
tt0164912
tt0427392
tt0414993
""
tt0439312
tt0167261
tt16350296
""
""
tt1067106
tt3663976
tt0079917
tt0805570
tt0112682
""
""
tt0382400
tt1951264
tt0118320
""
""
""
""
""
tt0120177
tt1190634
tt1001508
tt1291584
tt0376541
tt1340107
tt0356150
tt4816922
tt5034838
""
tt1464540
tt0118276
""
""
""
""
tt1024932
tt0109255
""
""
tt0826760
tt0114354
""
tt0445922
tt6402468
""
tt1702385
tt7918240
""
tt1071875
tt1684734
tt0104615
""
""
tt0109850
tt0380389
tt0286499
""
""
tt0120024
tt0095953
""
tt5580540
tt0365847
tt0294230
""
""
""
tt0119874
tt0091091
tt1631867
""
tt2329077
""
""
""
tt0891527
tt0758794
tt6394270
tt14369976
""
""
tt0092325
""
""
""
tt0110678
tt2727662
tt8550800
tt1543907
tt0112022
""
tt7634968
tt11558924
tt5774450
""
""
tt0278876
tt9470280
""
""
tt0106246
tt8544498
tt1856101
tt0263317
""
""
""
tt5078134
tt1872818
""
""
tt1745686
""
""
""
""
""
""
tt0183790
tt0459252
tt0410730
tt4246894
tt0409904
tt17345976
""
tt10651786
tt0310281
tt3224458
""
tt13475220
tt0817538
""
tt0472252
""
tt0117581
""
tt1613092
""
tt9066502
tt0401921
""
tt0133240
tt0448134
tt0289992
tt0367631
tt4513316
tt5208216
tt5016946
tt0772137
tt0115206
tt11547014
tt0116695
""
""
tt0238784
tt21192142
""
""
tt0808151
tt4520988
""
tt0104299
""
""
tt1976009
""
""
tt5574940
""
""
""
tt0112004
""
tt0070992
tt0257072
tt0947802
""
""
tt0118873
""
tt1728611
tt2930872
tt0458339
tt0445946
tt0118933
""
tt0120338
tt0099487
""
tt1255953
""
""
""
""
tt1435513
tt0435669
tt1090749
tt0116367
""
tt1558128
tt0095990
""
""
tt0095386
""
tt3487356
""
""
""
""
tt0158811
""
tt0118276
tt10236444
""
tt0101827
tt0120888
tt7642500
tt0094898
tt0084509
""
tt1964485
tt2356777
""
""
tt1379222
tt0310001
""
tt0122718
""
tt0204700
""
""
tt0208922
""
tt4158110
tt1619042
""
tt0120607
""
tt0361620
tt1276419
""
""
""
""
""
tt5719748
""
tt0281138
""
""
tt1340138
""
""
""
""
""
tt3775742
tt0907683
""
tt0377471
""
tt0105508
""
""
tt7456310
tt0212579
""
""
tt0285086
""
tt1043774
tt0892700
""
tt15686638
""
tt0103460
tt1091909
tt0338880
""
tt0103488
tt0115709
tt31510819
tt2917484
tt0318236
tt0291358
""
tt30834513
tt13786042
tt0084917
tt0179900
""
tt26802075
tt0346222
""
tt0372183
""
tt0074077
""
tt3645618
tt3228420
tt0461770
tt2015349
""
tt0103263
tt3846642
""
""
tt0890870
tt0369339
""
tt0231040
tt0100912
""
""
""
tt13355234
tt0100699
tt2261547
tt0398913
tt0432021
""
tt0075529
tt0071034
""
tt1083452
""
""
tt2061771
tt1227529
tt0101761
tt3591398
tt0168501
""
tt8693266
tt2427220
""
""
""
tt14321668
tt5616144
tt0479884
tt0192377
""
""
""
tt0367082
tt0159206
tt2177489
tt0092086
tt6447474
""
""
""
tt0264235
""
""
tt0131613
""
tt9071322
""
tt0896798
tt0079710
tt0136535
tt24578210
tt0117705
tt0099145
""
tt4445154
tt10166602
tt0401792
tt11053220
tt0430518
tt5187886
""
tt6105098
tt0426592
tt1637725
""
tt1228705
tt1464540
tt0401711
""
""
tt0099760
""
tt1861103
tt0426037
tt0139056
tt0409182
tt0091670
tt1726839
""
""
tt0116583
tt10098592
""
tt0089931
tt2822400
tt9780822
""
""
tt1359421
tt0479307
tt0088308
""
""
""
""
tt0278769
tt0275847
tt3203606
tt0112384
""
""
""
""
""
tt0111048
""
tt0804461
""
tt2193021
tt0088194
tt9407490
tt0284034
tt0103888
tt1129442
tt0115472
""
tt0112095
tt0136668
tt1620981
tt0120696
tt0158831
""
""
""
""
""
tt0108185
""
tt11851430
""
tt0362225
tt3263904
""
tt0103893
tt0280282
tt1821641
tt0765432
""
tt1376706
tt2234052
""
tt3371366
tt1904996
""
tt0391095
""
""
tt0756509
""
tt0338467
tt0450405
""
""
""
tt0099703
tt0120373
tt33986138
""
tt0105577
tt0120903
""
tt11862812
tt0320661
""
tt2755016
tt2582782
""
tt0772627
tt0094772
tt4154664
""
tt0325258
""
tt31434030
""
tt0198099
tt0166276
""
tt0479537
""
""
""
tt0314329
""
""
tt3877674
tt0212215
tt1107614
tt18260238
tt5311542
""
tt0075519
""
""
tt0473570
tt21098774
""
tt0168749
""
tt0103352
tt0496375
""
tt0356150
tt5473860
""
""
""
""
tt0212662
tt4084056
tt3791072
tt0339642
tt1284575
tt0215208
tt0087197
""
tt1240982
tt11198330
""
tt0221885
tt5278832
tt0217031
""
tt27787158
tt0108255
tt0319970
tt12593682
tt0120844
""
tt0317919
""
tt2151220
tt0244627
tt1489428
tt1226251
tt2108546
tt0491281
tt0783233
""
""
tt0206226
tt19609810
tt0295178
tt14205554
""
""
""
""
""
tt0361127
tt5812510
""
""
tt1595198
tt8960382
tt0375611
""
tt10350626
tt1274295
tt0222666
tt2631186
tt9179430
tt1213648
""
tt1297845
tt3848938
""
tt0286664
""
tt10994860
tt1518542
tt0327679
tt4681132
tt0379668
tt0271195
tt0120679
tt0462322
""
""
""
""
tt0095925
tt0358082
""
tt0289616
tt1555927
tt0475276
tt10023022
""
tt0903748
""
tt0223067
tt0321442
""
tt1515193
""
tt0108757
""
tt0120616
tt0125664
""
""
tt4228294
tt2249007
""
""
tt0084059
""
tt0178142
tt0253474
""
tt1670630
""
""
tt0145480
""
""
""
""
tt1399664
tt0120685
tt0352248
""
tt0115040
tt0346156
tt0143145
tt0399201
""
tt7767422
tt1023490
""
tt1437385
""
""
""
tt0107798
""
""
""
tt0093629
""
tt1638355
tt2431438
tt1954315
tt5164184
tt1846254
""
tt28259207
tt0256009
tt0845537
tt0963178
""
tt0093798
tt0497941
""
""
tt0497848
tt2911666
tt0460084
tt21235182
tt0110006
tt0138681
tt0844441
tt0369436
""
tt0150918
""
""
tt0324452
""
tt0892782
tt0385157
""
tt0391127
""
tt0427327
tt0181689
tt0220238
tt0875034
tt4452144
""
""
""
tt0087727
""
""
""
""
tt7856368
tt2450186
""
tt9288030
""
tt10161390
""
""
tt0273923
""
tt0273689
tt0468569
tt0206184
tt5723272
tt0129167
tt0278435
""
tt26474708
tt0118715
tt0115147
""
tt2059171
tt0880435
""
""
tt1047490
""
""
tt0370263
tt1324999
tt0235679
tt0315327
""
""
""
tt0251160
tt0118332
""
tt2381111
""
""
""
""
""
tt0058796
tt1951265
""
tt0290602
tt5095030
tt0111987
""
""
""
tt0356150
""
tt0427889
""
tt5103098
tt0353672
tt0289889
tt2381249
tt0120789
tt0106079
""
tt0218839
""
tt2230358
tt1433816
tt4236770
tt3138984
""
tt1196946
tt0167382
tt5770864
""
tt14304084
tt0463872
tt5673782
""
""
""
tt0114709
tt0134001
""
tt0294725
tt0446476
tt0162625
""
""
""
tt1340421
tt0452633
""
tt0134847
""
tt1616195
tt1032817
tt0360717
tt0160184
tt9349814
tt0486531
""
tt0114040
""
tt0072562
tt0095066
tt0120623
""
tt0814314
tt0363983
""
""
tt0177444
""
tt0415482
""
tt0371724
tt0145783
tt1067106
tt0080354
""
tt0145487
tt1615147
tt0372732
""
tt0110737
""
tt0411008
""
""
tt0112435
""
""
tt1198138
tt1800302
tt0212216
tt0270288
tt5198068
tt0430357
tt0179116
tt6924650
""
tt1038083
tt1371160
""
tt1270798
""
tt0120515
""
""
""
tt0152432
tt0100342
tt0172061
tt0116401
tt0495596
tt0810784
tt3884426
tt9140554
tt9170112
tt2187106
tt1478964
tt1288631
""
tt0106582
""
tt0250581
""
tt0103511
""
""
tt0974654
tt6565702
""
""
tt0264235
""
tt0244365
""
""
tt0092312
""
tt0096101
tt0097637
tt0426459
tt0233142
tt4357394
tt0395251
""
""
tt0116756
tt0276816
""
tt0255679
""
""
""
tt9200376
tt0329589
tt3527550
""
tt3284450
tt0167759
tt0375679
tt0111280
tt0098621
tt0102803
""
tt0460791
tt1951178
""
""
tt0283160
""
tt0283084
""
tt0092339
tt0133240
tt0970452
tt3681484
tt0107688
""
""
tt12923656
""
""
tt1951265
tt0132347
""
tt2467372
""
tt3514324
tt13182354
tt14966898
""
tt0118571
tt2141913
""
tt0209804
""
tt0086879
tt3756982
""
""
""
tt0179626
tt0088172
tt0804461
""
tt2711738
""
tt13392012
""
tt0087843
tt0119094
""
""
tt0167261
tt0251160
""
tt0120912
tt5191110
""
tt0472198
""
""
""
tt0348913
tt0367631
""
""
""
tt0307847
""
tt1035736
tt0103420
tt1051906
tt0261983
""
tt0083131
tt0323944
tt0179029
""
tt0265208
tt0075471
tt0101225
""
tt0086567
""
tt39636984
""
""
""
tt1864017
tt0187078
""
""
tt1211837
tt0472198
""
""
""
""
tt0091762
""
tt0088466
tt0119874
""
tt0478942
tt4786824
tt1319598
tt1817273
""
""
tt0300657
""
""
tt7547410
tt0988824
tt0118480
tt0098780
""
tt1363141
tt1401152
tt8266310
tt1386703
tt0861689
tt14688458
tt1667082
tt0172495
tt6006350
""
tt0118281
tt0108885
""
""
""
""
tt0116754
""
tt0876233
""
tt0097757
""
tt0094025
""
""
tt0492916
""
""
tt10886166
tt3566726
""
tt5348176
""
tt0095609
""
""
tt0401287
""
tt0113987
tt7349950
tt5093026
""
""
tt33132188
tt0276816
""
tt5727208
""
tt4878432
tt0167404
tt0107711
tt1567432
tt5876122
tt0462538
""
tt2181831
tt0475394
""
""
tt0318252
tt27787158
""
tt1733785
""
""
tt0396652
tt0121765
""
tt24218504
""
""
""
""
tt15421858
tt1911644
""
""
tt0088445
tt0103994
""
tt1149608
tt12677948
""
""
tt0436494
tt0133952
tt7660970
""
tt0056758
""
tt2918436
""
""
""
tt0383222
tt0092210
tt0092210
tt8786842
tt0113312
tt0118827
tt0811080
tt12444748
tt3089630
""
tt0097963
tt13392024
tt4139588
""
""
tt5304992
""
tt0119282
""
tt1337338
""
""
tt0099759
tt0309122
tt1386703
""
tt1358522
tt0457597
tt0070061
tt0325258
tt10881800
""
tt4715760
tt3480822
tt2333804
tt0074074
tt0206512
""
tt0143145
""
tt4731148
tt8769228
tt0266465
""
tt15318872
""
""
""
tt0120698
tt0910936
tt13731400
tt0825744
""
""
tt1216496
""
tt0281373
tt1210819
""
""
tt10851618
tt0325011
""
""
tt0115237
tt1228705
tt6350336
tt0826814
""
tt1082009
""
tt0963178
tt0981227
tt0404461
tt0836700
""
tt0125439
tt0382580
tt0203009
""
tt1235432
tt0381211
""
tt1095174
tt0113247
""
tt15300602
""
tt8337158
""
tt0412142
tt0108713
tt0411677
tt0270845
tt0322259
tt28278979
""
""
""
tt7608248
tt0120404
tt4686844
tt0117918
""
tt6143796
tt4579596
""
""
""
""
""
""
tt2375692
""
""
tt0102171
""
""
""
""
tt0109506
tt0412689
""
""
tt0401089
tt0808339
tt3770700
""
tt1253869
""
""
""
""
tt0096764
""
tt0402894
tt0140379
""
tt1364356
tt5715066
""
""
""
""
""
tt0974661
""
""
tt9170516
tt1534508
tt11565002
tt0115341
""
""
""
""
tt0106115
tt6450804
""
tt0091815
""
""
""
tt0327554
""
""
""
""
tt4604612
tt0096569
""
tt1334429
tt0996918
""
tt3013588
""
""
""
tt0098904
tt4635034
""
tt2245084
tt3078296
tt0140305
tt14144732
tt1053424
""
tt0120188
tt0335559
tt11214590
""
tt3623668
tt0816462
tt1521197
tt1245736
tt0321021
tt0996994
tt5442430
tt5582876
tt0145734
""
tt12306964
tt10127708
tt0163953
tt0067328
tt10749760
tt0110282
tt0926891
tt8129006
tt1227787
tt13598120
tt0478970
""
""
""
""
tt1374992
tt0401997
""
""
""
tt0429231
""
""
tt28636981
""
""
tt0416236
tt0277296
""
tt0210450
""
tt0825348
tt3092076
tt1070886
tt0140731
""
""
""
""
tt5164432
tt2119543
tt0307639
tt0392969
tt5723272
tt0097778
""
tt1464763
tt13207594
tt0086589
tt6217926
tt0418758
""
tt0986263
tt1866205
tt0112864
tt1282024
""
tt0170635
""
tt3339404
tt0089370
tt0168628
tt6815648
""
tt1308729
tt5769154
""
tt3432286
tt11426232
tt0119396
tt1410270
tt8493688
tt0280330
""
tt5889372
tt0106179
""
tt0159211
""
tt0102065
""
tt0480687
""
tt0159277
""
""
tt0357277
""
""
""
tt0083437
""
tt0129705
tt18297772
tt3487356
""
tt1270798
tt0120630
""
""
""
tt9873892
tt0116176
tt2103281
""
tt0423409
tt15122138
""
tt5814060
tt1485070
tt0387575
tt0469021
tt1362125
""
""
tt0103060
tt0415978
tt0448190
""
""
tt0281494
tt0381741
tt0469318
tt1166100
tt2271685
""
""
""
tt0093773
""
""
""
""
tt5338644
tt0351369
tt1469304
tt0138414
tt0250067
tt2978576
tt0222868
""
tt3859076
tt0115856
""
""
""
tt0107322
tt0153975
""
tt0289889
""
tt0093049
tt0189810
tt0112584
""
tt13682122
tt0083505
tt0439923
""
""
""
""
tt0276033
""
tt1673697
""
tt1680102
""
tt10949778
tt0119989
tt0457513
""
""
""
tt0811080
tt1623205
tt1053424
tt2039393
""
tt12299824
tt3359350
tt8936646
""
tt5457772
""
""
tt0308644
""
tt0086793
tt28441750
""
""
""
tt0961108
""
tt0070608
""
""
tt0403702
""
""
""
tt0053494
tt0986263
tt9434816
""
tt0383574
tt0411665
tt1080813
""
tt0303938
tt0295787
tt11826274
tt0309918
""
""
""
""
""
tt1322333
""
tt0493464
tt0235596
tt0112073
tt1386588
tt0250494
tt0171465
tt0094700
tt0261889
""
""
tt15139516
tt2099719
""
""
tt0348817
""
tt0120647
""
tt5269594
tt0118612
tt0325805
""
""
tt0312210
tt13739990
""
tt0095719
tt0299283
tt1684907
tt6866266
""
tt0428505
tt5239494
tt26673911
""
""
""
tt3701442
tt0120632
tt0092246
tt0087385
tt0804555
""
""
""
""
""
tt0119101
tt0398417
""
tt0327506
tt1200263
tt0209163
""
tt0108330
tt0134619
""
""
tt0115351
tt1075747
""
tt0298814
tt0317919
tt1095789
tt18257450
tt13382698
""
tt0371746
""
tt5099020
tt0110099
""
""
tt14642626
tt13573050
tt0974015
tt0379623
""
tt1943629
""
""
tt0115151
tt30391090
""
""
tt6182864
""
tt4257926
tt0102641
tt0241527
""
""
""
tt1034331
tt4414438
tt0119925
tt0082348
tt4145384
""
tt34993667
tt0102536
""
tt0106677
tt3474788
tt0313043
""
tt7119536
""
tt4220354
""
""
tt0112225
tt13779092
tt2395421
""
tt0949731
tt0100156
tt1144884
""
""
""
tt1365519
""
tt0343660
tt0144168
tt1099212
""
tt0096061
tt0450927
tt0918940
""
""
""
tt0980970
tt1013752
tt1439629
tt0098792
tt0401488
""
tt2195698
tt0759567
tt1285482
tt0185400
""
tt0368479
tt9077540
""
""
tt0256415
tt10669868
tt3626508
""
tt8888540
""
""
""
""
""
tt35390399
tt0087004
tt0101889
""
""
tt0469021
tt12115616
tt0489049
""
tt1728242
tt3214576
tt0098830
""
""
""
tt1536053
tt4769836
tt6085872
tt0383161
""
""
tt0302128
""
tt1333125
tt0420433
""
""
""
""
tt1231593
tt0104692
tt0187761
""
tt0365830
tt1166098
""
tt0126159
""
tt1758830
tt0195685
tt0117666
""
""
""
""
tt0119822
""
tt0346383
""
""
""
tt0412637
tt1746428
tt2109248
""
""
tt0169438
tt1371150
""
""
tt7470850
""
""
tt0375568
tt0375568
tt5078134
""
""
""
""
""
tt0378215
tt0139765
tt0458481
tt0113189
tt0497539
tt0145681
tt9603212
""
tt0119280
""
""
tt2390361
tt0160166
""
tt0256415
""
""
tt21382296
""
tt0765443
tt0411008
""
""
tt0937378
tt19724076
""
tt0419843
""
tt0101640
""
tt0441074
tt0421400
""
""
""
tt0098627
""
""
""
tt1237845
""
""
""
tt0117609
""
""
tt0090233
""
tt0300902
tt1606389
""
tt0100758
tt0780206
""
""
""
""
tt0114047
tt9185206
""
""
tt1631867
tt0862651
tt1273800
""
tt1342115
""
""
""
""
tt1887923
""
tt0787474
tt2239862
""
""
""
tt1971534
tt1156525
""
tt0146386
tt0360717
""
""
""
tt0988595
tt4225736
tt2197926
tt22008196
tt1409024
tt0362359
tt0053494
tt0239271
""
""
""
tt0331011
""
""
""
tt0364008
tt0171392
""
tt0265298
tt0831387
""
""
""
tt31194612
""
""
tt7703924
tt0205873
""
tt1055369
tt1135985
tt0431197
""
tt1596343
tt0314734
""
tt0313792
tt0087513
tt1025100
""
tt0159730
tt0186385
""
tt1396484
tt0088595
tt12900110
""
tt0266915
tt1987680
tt0098900
""
tt2404233
tt0139803
tt0111987
tt2034742
tt20420552
tt0105636
""
""
tt1261945
""
""
tt0421073
tt1440129
tt8129006
tt3475734
tt8106534
tt1196651
""
tt1306980
""
tt0273799
""
""
""
tt0124102
tt1911883
tt1587934
tt2229499
tt0455078
""
""
""
tt0120693
""
tt20417988
tt1186823
tt0078638
""
tt0211816
""
tt0448115
tt6533468
""
""
""
""
""
""
tt5833186
tt1921064
""
""
""
tt1657507
tt0107468
tt0362478
""
""
tt1049413
tt0108333
""
tt0104614
tt1753543
tt0417614
""
tt0096716
tt0306734
tt0113277
""
""
tt0428003
""
tt8357814
""
""
""
""
tt14984728
tt6130920
""
""
tt2234543
tt0306734
tt12673488
tt2231461
tt0209069
tt3039472
""
tt1023114
""
tt0251032
""
""
tt0281432
tt0433309
tt0080430
""
tt0104985
tt0105502
""
tt1821694
tt0299930
tt1474897
tt0120841
""
""
tt0356910
tt0090887
tt0382992
tt0106601
tt31190108
""
tt0822832
tt0179063
tt1013542
tt0445934
tt0201694
""
tt1160631
""
tt0168786
tt0112818
""
""
""
tt0114558
""
tt3459766
tt0486576
tt1740047
""
""
tt0816616
""
tt0095687
""
""
tt0107889
""
""
tt0085210
tt1236311
""
tt0272647
""
""
tt0292746
""
tt1452645
tt1532448
tt6986990
""
tt3498820
tt0187738
tt1649443
""
""
tt0171827
tt0466149
tt1369633
""
""
""
""
""
tt13370002
""
tt0790724
tt1211837
tt0386327
""
tt14295940
tt0104753
""
""
""
""
""
tt0374569
tt11304740
""
tt1361336
tt0259711
""
""
tt0115963
tt0094625
tt3960412
tt4465564
""
tt0362359
""
tt1830617
""
""
tt0094608
tt0075513
""
tt1959490
tt0082017
tt0428760
""
tt0109686
tt1148165
""
""
tt0108778
tt0395164
""
tt0114906
tt3531530
tt1441404
""
tt2637294
""
""
""
tt0084021
""
""
tt0123755
""
""
tt0344854
tt0331487
tt6470924
tt0259955
""
""
""
tt37077878
tt11812260
tt0127021
tt1491044
tt6965662
tt2948166
tt0129354
tt1800246
""
""
""
""
""
tt0082010
tt0242423
""
tt0279600
tt1334307
tt0192205
tt0198781
""
""
""
tt0345950
tt3778644
""
""
tt5608166
tt0099112
tt0460649
tt1093908
""
tt0239195
tt0190865
tt0104808
tt0758794
""
""
tt0294307
tt0417944
""
tt0204098
""
tt0497215
""
tt4846340
""
""
tt0117876
""
""
""
tt1663202
""
tt0787985
tt0243609
tt0354226
""
tt0105296
tt0364045
""
""
""
tt0251160
""
tt2609222
tt0116142
""
tt4124758
tt0195550
tt2427220
tt1677720
tt3065204
""
""
tt2231461
""
""
tt0948470
tt0142233
""
""
""
""
""
tt1486185
""
""
tt13159924
tt0934814
""
tt0119792
""
tt0116996
""
tt0115417
tt0926084
tt30988739
""
""
tt1539466
tt0107330
tt1322269
""
""
""
""
tt4565226
""
tt1496025
tt2488496
""
tt1510984
tt0364782
tt2084952
tt0089393
""
""
""
tt1231587
""
""
tt0279286
""
tt0491109
tt0770703
""
tt18290432
tt0954947
""
""
tt0385880
tt0282417
tt0464118
tt1957920
tt0179116
tt0190138
tt0405469
""
""
""
""
tt1692091
""
tt0903747
""
tt1588173
""
""
tt0102832
tt2281587
tt0116353
tt32590259
""
""
tt0106356
""
tt10801114
""
tt5106500
""
tt6015808
tt5933560
tt0086804
tt0080016
tt1480692
tt0084827
tt0460649
""
tt1568322
""
tt0195472
tt0277296
""
tt3433160
tt1382367
tt0117500
tt0069658
tt0132347
""
""
""
tt5606664
""
""
tt0238552
tt0120755
tt0105290
tt2169273
tt0363163
""
tt0188338
tt0380599
tt0104409
tt0182576
tt0145681
""
tt0441796
tt6902676
tt0489606
tt11576146
tt0120603
""
""
tt0298148
tt0484207
tt0330498
tt0245712
""
tt0176578
""
tt0415424
tt0212671
tt0217477
tt0109402
tt0108761
tt0112792
""
""
""
""
tt6461746
tt1038919
""
""
tt0191473
""
""
""
tt2301225
tt1047216
tt2450310
tt0433387
tt27236663
tt0118836
tt13247440
tt1355683
tt0090633
""
""
""
""
""
tt1544608
tt1279478
tt3457508
tt0311113
tt0420982
tt8740320
tt0246692
tt6467266
""
""
""
tt0446750
tt14895206
""
""
""
""
tt0401488
""
tt0183505
""
""
tt0117212
tt2557490
tt0180674
tt0111419
tt0298203
tt0477050
""
""
""
""
tt7448858
tt2051994
tt31036941
tt0363378
tt0093389
tt0272836
tt5710514
tt14681924
""
tt4034404
tt2004420
""
""
""
tt0107937
""
tt0112541
tt0247134
tt10868980
""
tt0995012
""
""
""
tt0208874
tt0297871
tt0104437
tt35338010
""
""
tt1862846
""
tt3794028
tt0106125
tt1592525
tt3947868
tt26440619
""
""
tt0249241
""
tt0109356
""
""
""
""
tt0130827
tt0209124
tt0172726
tt3203606
tt1649419
tt0137523
""
""
""
tt0202283
tt0417555
tt0159206
""
tt0892318
""
tt3154604
tt0112883
""
""
tt1360058
tt0107206
tt1517236
""
tt1212419
""
tt0096684
tt0443559
""
""
""
""
tt0145393
tt2096672
tt0292644
tt2303687
""
""
tt0201888
""
""
""
tt1190689
tt0814314
tt0088571
tt3038808
""
""
""
tt0299279
tt1161967
tt0480255
""
tt1074936
""
""
tt0473700
tt0411008
tt0175142
""
tt0370263
tt3276714
tt0134243
tt0852863
""
tt0252503
tt5664636
tt0096571
""
""
""
""
tt1440741
""
""
tt7285858
tt5463162
tt0272020
tt9043228
""
tt1972571
""
tt0277027
tt4287320
tt0252501
tt0120148
""
""
""
tt0096601
tt0470801
tt1433806
tt0398037
tt0280653
tt1408101
""
""
""
""
""
tt3787590
tt0107978
""
""
tt0262981
tt0105957
tt0095016
tt0106080
tt1095174
""
""
""
tt1788634
tt0302886
tt26746807
tt0243155
""
""
""
tt0117420
tt10978398
""
""
""
tt0433624
tt2072230
tt3203084
""
tt0083470
tt0196186
tt0433549
tt1748179
tt13834006
tt3578212
tt0231040
""
""
tt0368794
""
""
tt0465234
""
tt0110364
""
""
""
tt0105023
tt2704998
""
tt5031332
tt1129423
""
tt0089847
tt4920262
""
tt0307692
tt1252605
tt0465234
""
""
tt5287168
tt0144084
""
tt1971352
tt0181739
tt0259288
tt0105793
""
tt6285336
""
tt0160429
""
""
tt5901992
""
tt0425430
""
tt0415906
tt4908644
""
tt0426741
tt1186830
tt0095677
""
tt0094481
tt39213623
""
""
""
tt0258470
tt0099785
tt1616195
tt0396269
""
tt0837562
tt0118798
""
""
""
tt1000774
tt0075784
tt0078480
tt0118763
""
tt0396555
tt1037090
tt1156398
""
tt0273855
tt3576752
""
tt2908446
tt0142040
tt0120737
""
tt2425486
tt0233469
""
""
tt0102070
tt1055366
""
""
""
""
tt2709692
tt6035464
""
""
tt17009710
""
tt0358273
tt1440232
""
tt0165643
tt0318915
tt0423382
tt5685534
tt1904996
""
""
""
tt0182789
""
""
""
tt1505927
tt1319636
tt4765284
""
tt0337592
tt0110091
""
tt0104663
""
""
""
tt0273878
""
tt1706593
""
""
""
tt0110997
""
tt3480158
""
""
""
tt1242545
tt0159206
""
tt0107362
""
tt6277342
""
tt0345185
tt0085859
""
tt0119845
""
tt0197569
tt0397582
tt1304873
tt0339607
tt29870301
tt0211858
tt0108755
""
tt7917178
""
tt0377092
tt1315981
tt0152087
tt1387391
tt3481210
tt0489099
tt0114367
""
tt0317740
tt0109484
tt0088512
tt5192158
""
tt7884916
tt0780504
tt0113114
""
""
""
""
""
""
tt5057130
tt0449088
tt2905838
""
""
tt0838283
tt0137523
""
tt0976060
tt0451493
tt0984155
tt1038919
tt7436428
""
tt5151570
tt0108972
tt9859542
tt0321052
tt0164292
tt1214962
tt23219684
""
tt0278504
""
tt0067956
tt0463345
""
tt1596363
tt15268244
""
tt0086511
tt0805663
tt0405031
tt0418198
""
tt1474684
tt13327038
tt7660850
tt2406566
""
""
""
""
tt0145660
tt4536768
tt0382943
tt1047216
tt1086334
tt0325258
tt0148321
""
tt0452637
tt2560078
tt12899886
tt6320628
tt0093493
tt0098745
tt3589698
tt0087774
""
tt3877674
tt0268995
tt4651824
tt0407398
""
tt9253666
tt0452032
""
""
""
tt1606389
tt0950739
tt0485842
tt0956101
""
""
tt0116861
tt0156887
tt14747262
tt0348914
""
""
""
tt0969007
tt0252503
tt9251798
tt5748448
tt2015381
tt4697200
tt0084217
""
""
tt0396356
tt1980929
""
tt1186370
""
tt2560808
""
""
tt2097298
""
""
tt3325112
""
tt5827228
""
tt0081912
tt1217426
tt0088678
""
tt0760437
""
""
""
tt0160611
tt0111503
tt3234248
""
""
tt0112606
tt0397065
tt0089222
tt2980708
tt0267913
""
tt0449086
tt0081930
tt0218138
tt0455499
""
tt2109184
""
""
tt2103281
tt0923771
tt0108756
tt0092120
""
tt0800039
""
""
""
tt1535109
""
""
tt4843618
tt0155267
""
""
""
tt0160862
""
tt0095016
""
""
""
""
""
tt15122138
tt0096969
""
tt0317364
""
""
tt9351324
""
tt1677720
""
""
tt0317648
tt0416779
tt7525778
""
tt0107290
""
tt0119002
tt0080920
tt1806805
""
tt0130416
tt1325113
""
""
tt2300975
""
""
""
tt0268397
""
""
tt8526872
tt12036676
tt0208104
tt0081480
tt0119664
tt0347546
""
tt0078856
""
""
tt0089841
tt0325980
""
""
""
""
tt0113972
""
""
tt0239381
""
tt0319930
tt0163852
tt1702439
tt0772200
""
""
tt0013674
""
tt7751898
tt0265666
""
""
tt12831788
tt0112216
""
""
tt0449059
""
tt0094602
""
""
""
tt0167743
""
""
""
tt8373172
""
tt9775360
""
tt1213672
tt0361250
tt8741290
""
""
""
tt6402468
tt0184858
""
tt7961060
tt4445154
""
tt0120683
tt11016042
""
tt5691552
""
""
tt0808399
tt7394754
tt2908632
tt1588335
""
""
tt0376994
""
tt1730752
tt0436339
tt0135079
tt0230600
tt3382518
tt0441051
""
""
tt0221027
""
""
tt1160015
""
tt4508542
""
""
""
""
tt0117705
tt0343737
tt0286788
""
""
tt20215234
tt6360204
""
""
tt3308106
""
tt2360446
""
tt2300975
""
tt0270327
""
""
tt0101058
tt8282958
tt27155038
tt8406738
""
tt0130529
""
""
tt1074638
""
tt0155198
tt0113107
""
""
tt0110475
""
""
""
tt1980218
""
tt0472027
""
tt5907796
tt0493452
tt8951692
tt0185102
tt3499966
tt0360139
tt1583421
tt0144700
""
tt6219314
""
tt0440192
tt1333125
""
""
tt2582576
tt0415306
tt0188257
tt0383694
""
""
""
""
""
""
tt0484801
tt0268397
tt2396135
tt2499472
tt0775552
""
tt29768334
""
""
tt1206087
tt32306451
tt4912910
tt1441142
tt0233142
""
tt2193215
tt10946934
""
tt13073252
tt0367830
""
""
tt0112004
tt0119029
tt1950395
tt0385092
tt0421528
""
""
tt0118615
tt0150377
""
tt0231013
tt7504818
""
tt0203166
tt0102426
tt8714904
tt2243537
tt2170584
""
""
tt0119238
""
""
tt0118276
tt0100938
tt5664684
""
""
tt3978516
tt11116204
""
tt0098116
tt1462758
""
tt0117054
tt0981227
""
tt1961148
""
tt3371366
""
""
tt0256552
tt2015381
tt3956562
""
tt0116136
""
tt2741602
tt0417791
tt1660648
tt0783598
""
tt4550098
""
""
tt0171804
tt1464580
tt1046997
tt0239395
tt1099686
tt0117705
tt1405761
""
""
""
tt1233381
""
""
""
tt1667889
""
tt0316654
""
tt0173536
tt0086200
tt5712152
""
tt2273734
tt0401711
tt18970320
tt0462322
tt0491203
tt1020982
""
tt7737800
""
""
""
""
tt0069658
tt0140379
tt1441135
tt0111987
""
tt1764172
tt4520906
tt1980986
tt5259734
tt0120755
tt0831387
tt0094540
tt3778644
tt1756566
""
""
tt0443738
""
tt0252503
tt0112864
""
""
""
tt6111130
tt1392214
tt0286499
tt1344611
tt0246544
tt0110622
""
tt2231253
""
tt10648342
tt2181941
""
""
tt0242949
tt0086729
tt0085255
""
tt3593432
tt0091140
tt0255327
tt0110200
tt5167200
""
tt0165499
tt0112462
tt2278392
tt1211837
tt0101219
""
tt0098835
tt1981677
tt2511784
""
tt0120157
tt1373405
tt0360717
""
""
""
tt1188996
tt0377818
""
tt0425637
tt0285331
tt0099611
tt0215240
tt0805564
tt10560014
tt3781952
tt5183654
""
tt0458413
tt0346630
""
tt14502728
tt2322932
tt0108551
tt2671706
""
tt0120100
tt0146675
""
tt0101414
""
tt2321549
""
""
""
tt0126909
tt0092455
""
tt0093044
tt0285462
""
tt0267804
tt0120693
tt0310315
tt0369610
""
tt4131800
tt1194238
tt0118164
tt0084234
tt0258360
tt0105235
tt4902250
tt0264235
tt4618398
""
""
""
tt0145531
""
tt0159950
tt0482901
""
""
tt0087289
""
tt6343314
""
""
tt1311045
tt27099963
tt0101188
tt0114308
""
tt1231277
""
""
tt0094070
tt26676962
tt0472399
tt2281375
tt4955642
""
""
tt0309698
tt0120167
""
""
tt0380869
""
""
""
tt5024912
""
tt2431438
tt12593682
tt0439100
tt0411008
tt0488414
tt0472462
""
""
""
tt1235522
tt0094578
""
""
""
tt0123816
tt0271945
tt0078907
""
tt0294870
tt3783958
""
tt3450958
tt0144084
""
tt0282593
tt8111088
tt0090459
tt0303361
""
""
""
tt0201694
tt0069647
""
tt0113133
tt0092181
tt0185183
tt18382028
""
""
tt2699780
tt0108914
tt0115028
tt4016454
tt0851532
tt0851532
""
tt9143112
tt0133093
""
tt1482459
tt1386932
tt3898860
""
tt0282687
tt10283270
""
tt1029231
tt6253942
tt0383216
tt14376190
""
""
""
tt0119313
tt0210070
tt1477017
tt1336608
tt0396976
tt0372646
tt0085010
tt0311289
""
""
tt0078921
tt37983382
tt0209475
tt0133751
""
""
""
tt0120616
tt0119062
tt0816711
tt0974661
""
tt0082534
tt0442933
""
""
""
""
tt0288480
""
""
tt0093870
tt0217505
tt15469020
""
tt1674782
tt0481797
""
""
tt0195231
tt1245492
""
tt0109830
tt0094035
""
tt2084868
tt0994314
tt1260502
tt21638298
tt1291123
tt0089984
tt3032476
tt0350258
tt4813336
tt0163180
tt0119357
""
tt0098439
""
tt2080374
tt0163025
tt5969180
""
tt11188682
tt0102631
tt0104036
tt0112571
tt0134250
tt0184907
tt0409962
tt0165598
tt3614922
""
tt0105496
tt0117786
tt0393394
tt0325710
""
tt1029231
tt0114367
tt15339456
tt2088966
tt0360139
tt0108829
""
tt0805564
""
tt0276320
""
""
tt0277027
tt5273676
""
""
tt0373883
tt0369339
""
tt0213134
tt5129970
tt0233447
""
""
tt0458428
tt2156765
tt1408101
""
""
""
""
tt0409459
""
""
""
tt14810692
tt2927648
tt3012698
tt0204946
tt0127710
""
tt1852904
""
""
""
tt4154756
tt0112870
tt0109555
tt0400626
tt0177789
""
tt0077943
tt5155486
tt0109962
tt0280330
""
""
tt9456668
tt0299658
tt1860357
""
tt0188453
tt0120008
tt1416765
""
tt0264796
""
""
""
tt0108906
tt3892996
tt7909878
""
tt0126286
""
""
tt1552224
tt9328644
""
""
""
tt2066069
tt2404181
""
tt0295236
tt3103598
tt0918927
""
tt0300844
tt0181852
tt0426436
""
""
""
""
""
""
""
tt0099864
""
tt9419884
tt0376827
tt5020034
""
tt18073066
tt0342329
tt1578258
tt12726428
""
""
""
tt19847976
tt0087164
tt0100791
""
tt0113926
tt0096542
tt0171433
tt0200276
tt0350258
""
tt4154004
""
tt0498311
""
tt1682180
tt5633396
tt0087129
tt0402022
tt6033150
tt0115167
tt1131742
tt0108968
""
tt1723121
tt0120053
tt0116922
tt0372784
""
tt0115108
tt0184907
""
""
""
tt0108472
tt10328530
tt0794399
""
""
tt0179148
tt0267804
tt1641410
tt5363618
""
""
tt0104231
tt0099674
tt4196776
tt0358129
""
""
tt0441074
tt13385408
""
tt0401722
tt3397884
""
""
tt1356745
tt4901798
tt0095342
""
""
tt0134067
""
""
tt5862166
""
""
tt3446734
tt0124028
""
tt0238463
""
tt0120667
tt0114677
tt4419364
tt0202179
""
""
""
""
tt0870984
""
""
""
""
tt0090366
tt1840309
tt5711672
tt0498399
""
tt1512685
""
""
""
""
""
tt0087363
""
""
tt0108983
tt0090728
tt2393813
""
""
tt1637727
""
tt0160127
tt1024715
""
tt0813715
""
""
tt0267804
""
""
""
tt0203116
tt0290334
""
tt0120610
""
""
""
tt20969586
tt0410076
tt0116583
""
""
tt0180825
tt0116225
tt3544112
tt2103281
tt0124595
tt0337960
tt0452702
tt6554240
tt0339291
tt0096438
tt0101473
""
""
""
""
tt33241588
tt0184122
tt0115243
tt0292644
""
tt0164970
tt0407290
tt0086250
tt1282140
tt3522806
""
tt0387131
tt0203268
tt0103060
""
""
tt1846526
tt1692504
tt1711386
""
tt0347330
tt0190138
""
""
tt0083929
""
tt0074119
tt0218871
""
tt0109068
tt0276751
tt0088513
""
tt0096029
""
""
tt11834592
""
""
tt0104254
tt0103644
tt2126357
tt0115341
""
""
tt0111395
tt10944486
tt0780521
""
tt0145487
tt2071507
tt1691926
""
""
tt2415182
tt1781633
tt5892354
tt0117438
""
tt10477296
tt0097499
tt1655442
""
tt0095776
tt0195314
tt21148004
tt0115683
""
tt0112173
""
tt0111970
tt0321021
""
tt0109179
tt0432021
tt6367582
tt0417056
tt4645330
tt36506282
tt0278435
tt0098238
tt10845350
""
tt0813495
""
tt5516154
tt0100477
tt0289758
""
tt1951265
tt2805574
tt10738442
""
""
tt0202314
tt0119396
tt15227890
""
tt8173510
tt0163141
tt0349642
""
""
""
tt0319967
""
""
tt0385307
tt0443412
tt2034098
tt0115417
tt0172495
tt1623288
""
""
""
tt0089503
tt0098830
""
""
""
tt0276919
tt0093278
""
tt5687236
tt0317364
tt0358332
tt21688772
tt0128445
tt0086478
tt15049206
""
""
tt0108896
tt0112453
tt1054486
""
""
tt0295701
tt0102070
""
tt0093780
""
tt0120647
tt0209475
tt0362265
tt0396555
tt1351264
""
tt0113481
tt0119838
tt0384680
tt1560139
tt12969160
tt8399288
""
""
tt8337662
tt0401711
""
tt0212720
tt0194624
""
""
tt3798582
""
""
""
tt0251744
tt0265459
tt2125539
tt0123967
tt0119632
""
""
tt1371155
tt0758758
tt0307351
""
""
""
""
tt1520211
""
""
tt1190617
tt0324864
""
""
""
tt0364845
tt0452625
tt0119654
tt7131622
""
""
tt0408961
tt0065323
tt0115447
tt0476964
""
""
""
tt0099088
""
""
""
tt0120004
tt11892272
""
tt0113870
""
tt0213722
""
tt0099044
""
""
tt0305206
tt8114980
tt3896198
""
tt0292858
tt0401590
tt1440292
tt0274652
""
tt0358332
""
tt0405861
tt1920849
tt0103442
""
tt0108845
tt1392170
tt0436992
""
""
""
tt5495134
tt2100816
tt0405422
tt6288124
tt1392183
""
""
tt0111892
tt0477071
tt0112442
tt13874422
""
""
""
""
tt3630580
tt0163187
tt0758774
""
tt0269329
""
tt1934172
tt0228333
tt0103569
""
""
""
""
tt3828948
tt4263482
tt0814255
""
""
tt0119822
tt2025690
tt0109532
tt0110064
""
""
tt13038218
""
""
""
tt0452608
tt0086697
tt2032452
tt0101021
tt0799911
""
tt0139030
""
""
tt0430357
tt0903747
tt2235695
""
tt2369756
tt1017451
""
tt0086734
tt2529256
tt1270797
""
tt0132245
""
tt14849194
tt0194704
tt2777882
""
tt0095271
tt0332658
tt0299658
tt3498820
""
tt0970411
tt9288822
""
tt27625359
tt1082601
tt0817307
tt0397352
tt10298840
tt0475331
tt9319818
tt0120679
""
""
tt1823059
tt0379786
tt3786386
""
tt14168162
""
""
""
""
""
tt0105112
tt1674771
tt0283426
""
tt5144174
tt39313837
tt16283824
tt9777644
tt1197323
tt1439629
tt0264616
""
tt0113870
""
tt0460686
tt13148384
""
tt0129368
tt2272364
""
tt0338751
tt0475784
tt2027128
""
tt3756234
tt1204340
tt0411272
tt0218126
tt14523164
tt2333784
tt0338526
tt0060215
""
""
tt0847897
tt1385867
""
tt1801061
""
""
tt0174105
""
tt0096754
""
tt0326359
tt0079917
""
""
tt0364745
tt3078296
tt0092812
tt0435625
""
tt0107014
tt2163354
""
tt0119942
tt3385524
tt0101414
tt0098900
""
tt0901476
tt0424993
""
tt0160127
tt0120789
""
""
tt7642558
tt0274309
""
tt1538403
tt0830515
""
""
tt1645131
tt0107501
tt0212555
tt0102217
""
tt8089592
tt0387686
tt0077003
""
""
tt0139699
tt5335606
tt0085622
tt0424993
tt0163651
tt0112819
""
tt0119732
tt2006295
""
tt1800241
tt0169547
tt0086856
tt0278925
tt0302436
""
""
tt1440129
""
""
tt7319038
tt1540011
tt1206543
""
tt0319262
""
tt0274429
tt0098904
tt0062575
tt0089411
tt1008108
""
""
tt0195945
""
""
""
tt0222850
tt0116329
""
tt0256278
tt1981558
tt0118929
tt2802850
""
tt8305358
tt1405810
""
tt2097307
tt1421051
tt0087089
tt0268126
tt5104604
tt0118647
""
""
tt0112335
""
tt0135727
tt0101198
tt0358952
""
tt0425430
""
tt10850264
""
tt3225262
tt2548396
""
tt0348150
""
tt4052886
tt3451968
""
""
tt1509767
""
tt1641385
""
""
tt0485947
""
tt0170016
tt1695360
tt0419073
""
""
tt0107046
""
""
tt1416801
""
""
""
tt1980929
tt0090305
tt0118971
tt1114677
tt0848228
""
""
tt0942385
tt0086829
tt0770752
tt0120815
tt0286716
tt3721954
tt0096332
tt0978764
tt6811018
tt0118276
tt0072131
tt33029879
tt6018030
tt0469021
""
tt0124958
""
""
tt0298845
tt0239949
tt0101605
tt0217505
tt13477638
tt0244244
tt6380224
tt0401711
""
""
""
tt1076950
tt0086765
tt0256380
""
tt0211718
tt0477080
""
tt8260226
tt9260446
""
tt0115865
tt3276924
tt26451073
""
""
tt0074539
tt1119644
""
""
tt0411477
""
tt5057054
tt6312802
""
""
tt0277578
tt0395603
tt0109384
tt33145803
""
tt4769836
tt3416536
tt1031280
tt0258038
tt34621892
""
""
tt0281322
tt2372222
tt1634140
""
""
tt2717822
tt0110631
tt0249380
tt0109532
tt0112435
""
tt0077086
tt0125516
tt0112086
""
tt2737050
""
""
tt1582459
""
tt0478779
tt0183523
""
""
tt0214017
tt0832266
tt2473510
tt9010322
""
tt4791314
tt14147420
""
tt0083773
tt0391114
tt2278388
tt0278548
""
""
""
tt10857160
""
""
""
tt6823148
tt0295178
tt1538367
tt0449552
""
tt5719748
""
tt0151137
tt2158411
""
tt10665342
""
""
tt0095898
""
""
""
""
""
tt1986358
""
tt1186365
""
tt0211190
tt0371746
tt0099371
tt0116483
""
tt8130056
tt1345836
""
tt0119567
""
""
tt2946762
""
tt1630029
tt0405469
""
""
tt0363547
""
""
tt0096464
tt0456554
tt0102757
tt0408046
tt0405325
tt31181421
tt6524122
tt1172065
tt0168987
""
tt10633456
tt0240462
tt0088306
""
tt0177176
tt4572514
tt0120669
""
""
""
""
""
""
""
tt0144528
tt0290223
tt0119468
tt1888075
""
tt0799949
tt1205535
tt4500922
""
""
tt0346222
tt1077744
""
tt0116213
tt0143145
""
""
tt0242445
tt0120754
tt1371111
tt4439102
""
tt1442566
tt0796264
tt2379713
tt4798814
""
tt0104040
tt0411267
tt0086759
""
tt1855199
tt0086765
""
tt7631058
tt1343992
""
tt1723121
""
tt8001036
""
tt0272839
tt1024648
tt0142238
tt5910344
""
""
tt0098320
""
tt0113609
""
tt0092138
""
tt0463969
tt0369672
""
""
tt0413573
tt0268695
tt7638556
tt0367631
tt10539608
tt0119396
tt0375349
""
tt1153690
tt0105459
""
tt0112440
""
""
tt1795702
""
tt0098888
""
tt8244784
tt0177991
tt0118691
tt0091738
tt0970416
tt0298845
tt7134096
tt0412022
tt0445922
""
tt4176678
tt2261227
tt0202725
tt0131664
tt1320253
tt3170832
tt0158833
""
tt0114168
""
""
tt0159918
""
""
""
tt0122743
tt33549478
""
""
tt0104573
tt0162983
""
""
tt0091083
tt2546024
tt2193021
tt0359078
""
""
tt0098904
tt1984119
tt5749964
""
tt3110922
""
tt10332508
""
tt0163924
tt0297512
""
""
tt0094761
tt1502417
tt0804503
tt13052154
tt8755868
""
tt0137523
""
tt0272338
""
tt0089218
tt0439337
tt1128052
tt1905041
tt0383574
""
tt16058454
""
""
""
""
""
""
tt1298649
tt0177331
tt1302011
""
""
tt3920596
tt15421858
tt0103359
""
""
tt8879940
""
tt0175058
""
tt1385869
tt0280707
""
""
""
tt11091696
tt1213585
tt0423613
""
""
""
tt2004304
tt0976014
tt0077631
tt0400446
tt2091473
""
tt5540196
tt35489508
tt0093780
tt0104427
tt0816692
tt1220634
""
""
""
tt0196176
""
""
tt0098936
tt0102370
tt0187393
tt0209144
""
tt0092325
""
""
tt0063887
""
tt0095776
tt0109444
tt0210616
""
tt0112346
tt0859163
tt4042798
tt1530545
""
tt0295701
""
""
tt0167743
""
tt6155172
tt3277552
tt0368709
tt0103791
tt9077530
tt0096542
""
tt4975856
tt1299368
""
""
""
tt1450330
tt0109513
tt13656980
""
tt0332960
""
""
""
""
tt0084967
tt3829266
""
tt1262416
""
tt1839578
""
tt4827268
tt0239395
""
tt18070984
tt0901176
tt0258273
""
""
""
""
""
tt0164912
""
tt16227044
tt6677754
""
tt0147415
tt0480249
tt1449283
tt0118766
tt19853674
""
tt0101497
tt0292782
tt0163924
""
""
""
""
tt0360009
""
""
tt0978764
tt0118480
tt0211443
""
tt0120633
tt0800320
""
tt0120912
tt0308383
""
tt0120685
""
tt0457400
tt7390586
tt10857160
tt0114857
tt0106028
""
tt0109592
""
""
""
tt1839578
""
""
""
""
""
""
tt11041332
tt0118880
tt0086571
tt0100212
tt1856010
tt1578873
tt0435757
""
tt0930067
tt0974661
""
""
tt1657507
""
tt0455944
tt0342916
tt1414382
tt1131729
""
tt0105562
""
""
tt0115759
""
""
""
""
""
tt5057054
tt0958060
""
tt0094242
tt0314331
""
""
tt0359013
tt0296572
""
tt0083470
""
tt0283509
""
""
""
tt0356070
tt8819596
""
""
tt0088680
""
tt0078631
tt0395119
""
tt0098000
""
tt0106697
""
tt1083456
tt0140073
tt0382625
tt1521088
tt7456436
""
""
tt8623376
""
tt1219827
tt7374948
""
""
tt0319237
""
""
tt5037840
tt0478311
tt1720616
tt5013056
tt0095924
tt2567858
""
tt0269043
tt1430111
""
tt0424092
""
""
tt4595882
tt0096542
tt0226094
""
tt0305669
""
tt0095348
tt0329774
tt0305357
""
tt0111622
tt6571548
""
tt0118421
tt0115751
tt1630282
tt1653823
""
""
""
""
""
tt0452668
tt0244357
tt2140111
""
""
tt1661199
tt0107076
tt1193507
""
tt0269389
""
""
""
tt0175876
tt10834220
""
tt0785002
""
tt0314170
""
""
""
tt0290435
""
tt0441909
""
tt0250223
""
tt4267026
""
""
tt0228654
tt0145571
tt0477302
tt3778644
""
tt0087399
tt0102803
tt0822854
tt0758746
tt1062325
""
tt0460627
""
tt0451187
tt0301817
tt1022603
tt0220506
""
""
tt0103405
""
tt21440780
tt34733718
tt10160804
tt0386820
tt0081118
tt0071227
""
""
tt2733252
""
""
tt0120655
tt0441773
tt5716464
""
""
tt3038708
""
tt5934646
""
tt0096244
""
""
tt2006848
tt0120647
""
tt0285385
tt0411270
""
tt2603650
tt0222790
tt0085333
""
tt2490326
tt7632008
tt1435513
""
""
tt27787158
tt0395495
tt1126591
""
""
""
tt0354496
tt5532868
tt0133189
tt0119809
tt5785016
""
tt0108949
""
""
""
tt6865690
""
tt0381681
""
tt0120616
tt2343793
""
""
""
""
""
tt0831387
""
""
""
""
tt6156656
tt9450316
""
tt0103434
tt0361127
tt0079871
tt0462199
tt0095803
""
""
tt0264150
""
tt1392214
tt0257437
tt0123078
""
""
""
""
tt0120484
tt2444946
""
tt13429870
tt0095978
tt0093626
tt5771574
tt0373883
""
""
tt3623726
tt4080178
tt2873282
""
tt5622316
tt0099685
""
""
""
tt0100851
""
tt0117483
tt0437179
tt0120036
""
tt1060277
tt13050556
tt1758830
tt0119273
tt0115624
tt0383518
tt0423277
""
""
tt6923462
""
tt10645852
tt0897435
tt0401792
""
tt1278447
tt12536294
""
""
tt0120002
tt0773262
""
tt4061848
tt0138590
""
""
tt0187393
""
""
tt11808942
tt0282313
tt27047997
tt0102875
tt0420222
""
tt0449088
""
tt0211157
""
tt0432399
tt0389635
""
tt1000774
tt0084787
""
""
""
tt8806524
tt11223896
""
tt0098844
""
tt0859592
tt0221728
tt0332375
tt6251390
tt8110652
tt0118750
tt0203166
tt0110835
tt1523267
""
tt1446192
""
""
""
tt0428134
tt0094025
""
""
""
tt1568334
tt7557108
""
tt31433814
tt1379734
tt0117107
""
""
""
tt0802821
tt0120647
tt4557060
""
""
tt0116026
""
tt0296204
""
tt0163025
""
""
tt0242653
tt0107688
tt0411095
tt0078938
tt0105698
tt3498820
tt0106387
""
tt1535715
tt0108495
tt2704998
tt3566834
tt3850214
""
tt0300781
tt8106584
tt15599300
tt31107727
""
tt0455499
""
tt0147746
""
tt4007248
""
""
tt0214388
tt1136680
tt0095302
""
tt8119782
tt0928363
tt0113845
""
tt0104377
""
tt0106598
""
tt8093700
""
""
""
""
tt0075472
tt0112715
""
tt1073498
tt0211465
tt0368803
""
""
tt6175802
""
tt0187078
tt0092007
tt5770788
tt1856101
""
tt0208204
tt0120596
""
""
tt0477080
tt1499658
tt0440841
tt0377109
tt0480782
tt0144867
""
tt3018070
tt0918940
tt0800039
tt0121766
tt0401792
tt5840762
tt0103569
tt28928923
""
tt8404614
tt4863962
tt0120658
tt0491611
tt0342735
tt3040964
""
""
tt1825683
""
""
tt15813014
tt0240890
""
tt0220274
tt0307453
tt2366608
tt0491611
tt0120667
tt0425112
tt0191208
tt0110223
""
tt1324027
""
""
tt0289414
tt0491877
""
tt5344054
tt0409184
tt0114835
tt1708133
""
""
tt1047931
tt1440345
tt22073352
""
tt1956460
tt0117925
""
tt0283469
""
tt1386697
""
""
""
tt0892187
""
""
tt1522468
""
""
""
tt0110632
""
tt0301524
tt0382484
""
""
tt30219099
tt0120610
""
tt1536537
""
tt0480232
tt4246818
""
tt0184397
tt1321870
""
""
""
""
tt1954464
tt0106703
""
tt0245372
tt0466456
""
tt0115351
""
tt2850386
""
tt2337926
tt0109312
""
""
""
""
tt0986340
tt0107291
tt0098273
tt2848070
tt1186367
tt2134107
tt0411008
tt2224233
""
""
""
tt5663062
""
tt8512120
""
""
tt0139918
tt0475276
""
tt2265534
tt1417038
""
""
tt1260911
tt1174691
""
tt15193160
""
""
""
tt1075113
""
""
""
""
tt0204098
tt0763275
tt0243736
""
tt7138426
""
""
""
tt0083506
""
""
""
tt1979376
""
tt0454919
tt0363593
tt0232500
tt0200181
tt6933124
""
tt1226273
tt0462335
tt1611224
tt5463162
tt0108778
""
""
""
""
""
""
tt0889583
""
""
tt0118663
tt0297626
""
""
""
""
tt1641415
tt0444182
tt0118767
tt2386490
""
tt1645170
tt0314015
tt1852006
""
""
tt0220939
""
tt0104691
tt1082886
tt0374563
""
""
tt0758745
""
tt0481986
tt0926170
tt0304669
tt7122350
""
""
""
""
""
tt0078723
""
tt0105323
tt0265208
tt3511124
tt1288558
""
tt0094608
""
tt0444954
tt7681824
""
""
""
""
""
tt0253754
tt0120616
""
tt0119282
tt1723807
""
tt0244244
tt3829266
tt1523483
tt1600194
tt0118984
tt1049413
tt0220905
tt2865120
""
tt4136084
tt0452623
tt9000184
tt0096708
tt5778188
tt1014775
""
tt0229421
tt1534346
""
tt0282108
tt1592525
tt0089888
tt22819280
tt1758795
tt3065204
tt2281375
tt0105428
tt4669974
tt0219446
tt0165086
tt0460084
""
tt0211915
tt10505316
tt0810788
""
""
tt5501032
tt1217613
tt0198093
""
""
tt1972571
tt1492179
""
tt4859164
tt0090837
tt0137094
tt4425200
""
""
tt0205477
""
""
""
tt0201694
tt0108876
tt0177997
tt4513678
""
tt0100488
tt0363282
tt3371366
tt7339792
tt0295427
tt1286039
tt0111333
tt0859635
""
tt0408236
""
tt0332375
tt5884234
""
""
""
""
""
""
tt0123964
""
tt0118275
tt0071159
tt0116231
""
tt0875595
tt0284110
tt2184339
""
tt1231287
tt0171804
""
tt0110763
""
tt0107840
tt0123923
tt0095834
""
""
""
tt32151364
tt1191971
""
tt3829266
""
tt2027128
tt0195462
""
tt1204340
""
tt0084015
tt1078588
tt5687612
tt0296572
""
""
tt3556944
""
tt0104897
tt0458339
tt0269760
tt0182789
""
tt0833476
tt0284137
""
tt7970348
tt0106573
tt0490234
tt14964094
""
tt1082601
tt0138493
""
tt9660502
tt0945248
""
tt1563742
tt10234992
""
tt2392179
tt5531466
tt2094767
tt0335266
tt0111419
tt0266171
""
tt1190080
tt0106151
tt13654226
tt0114709
tt0100486
tt14561712
""
tt4075230
""
tt0814759
tt0110657
tt9688874
tt0289408
""
tt1121096
""
tt1821593
tt18363072
""
tt0812243
tt0120188
tt0159365
tt0319343
tt0189275
tt7166874
tt11663228
tt1211837
tt0149261
tt0082269
tt0112230
""
""
tt0183056
""
tt32550101
tt6386684
tt0119326
""
""
tt0286499
tt0105412
tt0438097
""
""
""
tt0463034
tt1805458
""
""
tt0191397
""
""
tt0104524
""
""
tt2077833
""
tt6324278
tt0133952
""
tt0091832
""
tt1135985
tt2735490
tt0247419
""
""
tt2589362
""
tt0802948
tt0317919
tt0209069
tt0279331
""
""
""
""
tt0119567
tt7661390
tt27761801
""
""
tt0171433
tt1851040
""
tt3061836
tt8803930
tt0825232
tt1035736
tt11559472
tt0101507
""
""
""
""
""
tt3371366
""
tt0427229
""
tt1932718
""
""
tt0361256
""
tt5757738
""
tt14926914
tt2362778
""
""
""
tt1865718
tt0100878
tt3850740
tt0277434
tt0479221
tt1430612
""
tt9778888
tt0073339
""
tt5791098
""
""
tt0417944
tt2224265
tt0287978
tt0116683
""
""
""
""
""
tt0188071
tt20465746
tt30444310
""
""
""
""
tt0102984
tt7991608
tt0092363
tt1210166
tt0091990
""
tt1103153
tt1397255
""
tt4741306
tt6229218
tt1700453
tt30320931
tt0035423
""
""
tt0111890
tt2109248
tt0298656
tt2011533
tt13980362
tt0105956
""
tt0905372
tt0115847
""
tt0270792
""
tt1520211
tt0103520
tt0369610
tt1399683
tt0170884
tt9243804
tt6513120
""
""
tt13468602
tt0167260
""
tt2418530
tt0303017
tt0913354
""
tt0457433
tt0920505
""
tt0126765
tt0382357
tt0132678
""
""
""
tt0089416
tt2487938
tt1139797
""
tt14145426
tt0089575
tt4537646
""
tt0255067
tt0385683
tt0117509
tt0475276
tt0116169
tt16419074
tt0282410
tt4925292
""
tt2109248
tt0293815
""
""
""
tt7370936
""
tt0286152
""
""
""
""
tt0196614
tt0913354
tt0105103
tt1123965
""
tt4555426
""
tt1142978
""
""
tt0110632
tt0115433
tt9185206
""
tt6994156
tt0117705
tt0227984
""
tt9018736
""
""
""
tt0411805
tt0102803
tt0458254
tt0113697
tt0119693
""
tt2325977
tt0101458
""
tt0762107
tt0132212
tt5027774
tt1236429
tt17275932
tt2175563
""
tt1791528
tt5173032
tt0107977
tt0285348
tt0103064
""
tt1018736
tt0139699
tt3319920
tt0219034
tt1606384
""
tt0224637
""
""
""
tt0349047
tt0418455
""
tt0104142
tt0347014
tt2447842
""
""
""
""
tt0155267
tt0093409
tt0343121
tt0118926
tt0216604
""
tt0367188
""
""
tt32143936
""
tt0097223
tt10455028
tt3661210
""
tt0095320
tt0158493
tt0218053
tt0190450
tt0116120
""
""
tt0102181
tt0131400
tt0127376
tt0401320
tt1351685
""
tt0240278
""
tt0149176
tt0214341
""
tt0125816
tt6478512
tt15339570
tt0106179
tt1823672
tt0430912
""
""
tt2368619
tt2948372
tt3620418
tt1542344
tt0120188
tt0209069
tt0210831
tt0116629
""
tt4068576
""
""
tt2090574
tt1488606
tt0105191
tt1877832
""
""
tt0111689
tt1401152
tt0293662
""
tt0340163
""
tt4080728
tt0806910
tt1390843
""
tt0413267
tt0182629
tt0273003
""
""
""
tt0101912
""
""
tt1172994
tt0462538
tt1949507
""
""
""
""
""
""
""
""
tt0906325
tt3457144
tt0116583
tt4154796
tt1877889
""
tt1764234
""
""
""
tt0217716
""
tt1297919
""
""
tt2474958
""
tt0321021
tt0096769
tt0185014
""
tt0112022
tt0115857
""
tt0085385
""
tt0117149
tt0110008
tt0810819
""
tt0152279
""
tt0822847
tt0114214
tt0113651
tt0232657
tt2787764
tt22202452
""
tt1019988
""
""
tt0324692
tt10072662
tt0381061
""
tt6228658
tt1064899
tt2244901
""
tt3397884
""
tt0310793
tt0096686
tt0475268
""
tt0103934
""
""
tt0314353
tt0193437
tt1596365
""
tt36152103
tt10618286
tt0281415
""
tt2085930
tt14174940
tt0086122
""
tt0881891
tt0107214
tt4566758
""
""
tt5656266
tt6148376
tt0217869
""
tt0213149
""
tt0970179
tt3498622
""
tt0278504
""
""
""
tt2788780
tt0117809
""
tt26453362
tt7602930
tt1188701
tt0458367
tt0389796
tt4419214
""
tt0444950
""
""
""
""
""
""
tt2063660
tt0110202
""
tt0057579
tt0118956
tt2397531
""
tt0376541
""
tt0403702
""
tt0424237
tt20834746
tt1091863
""
tt0335245
tt0100688
tt3959576
tt4145178
tt16358302
tt0413573
""
""
tt0892754
""
""
tt0094148
""
tt0110186
""
tt0410975
tt0247082
""
tt0118655
tt0165642
""
""
tt11389748
tt2163227
tt0245844
tt1010271
""
""
tt0073812
""
tt0166396
tt2828884
tt0981042
tt3065204
tt0772210
""
""
""
""
tt1284575
tt1077254
tt2193021
tt1378167
tt0115734
tt0360486
""
tt0115683
tt1456635
""
tt1715873
tt0118694
""
""
tt0087800
""
tt0318155
""
tt0106519
""
tt1730535
tt1548669
""
tt0796366
tt6489100
tt1217613
tt0088402
tt1809002
""
tt0090385
tt0201345
""
""
tt0446046
tt0084987
""
tt1649418
tt4357394
""
tt1899085
""
""
tt0113755
tt1527186
tt0113500
tt0815244
tt0112715
""
""
tt0413559
tt0088016
tt6923740
tt0389860
""
tt3468798
tt0295064
""
tt0227984
tt5311542
""
""
""
tt0112384
tt14220870
tt0460681
tt0279600
""
tt0231040
tt0128853
""
tt0248408
tt6019206
""
""
tt0161081
""
""
""
""
tt0340377
""
""
tt2520946
""
tt0109573
tt0088184
""
""
tt0097757
tt1951266
""
""
tt0364970
tt8354062
""
""
tt0462683
""
tt9131320
tt0472252
tt0247714
""
tt1556664
""
tt0345950
tt0241025
""
tt0094862
tt0120800
""
""
tt0204082
tt3204696
tt0076985
tt0233127
""
""
tt0323013
tt5322004
""
tt0257516
""
tt1765510
""
tt0132347
tt1135503
""
""
""
tt0070130
""
tt0175142
tt4154796
""
""
tt1306980
tt0421030
tt0852892
tt0323236
""
""
tt0120616
tt0082509
tt4734102
""
""
tt1289449
tt0322896
""
""
tt0115083
tt0361696
""
""
tt0993840
""
tt3606756
""
tt1371155
tt0274558
tt0326835
tt0756729
tt0460651
tt0091635
tt0106068
tt0120533
tt7120662
tt0316717
tt0116629
tt15824142
""
""
tt0499400
tt1270797
""
tt6263850
tt0114367
""
tt1091191
tt0454970
""
""
""
""
tt0412535
""
""
tt0168786
tt0117108
tt0361748
""
tt0411118
tt1024715
tt0423132
tt0285531
""
""
""
""
tt0465676
""
tt0959337
tt0357379
tt1142798
tt5838588
tt0275124
tt0088591
tt0349710
""
tt0307453
tt4481414
""
tt0069647
""
tt8712204
""
tt2231554
tt0335266
""
""
""
""
tt1267295
tt3920596
tt0118571
tt2398241
""
""
tt1636826
""
tt0108778
tt0117998
tt0167404
tt1392214
tt0374639
""
tt0390022
tt0344908
""
tt0106673
tt0331632
tt0120751
""
tt0108186
tt0322802
""
tt1954843
""
tt0298845
""
tt10426506
tt8579674
tt0425601
tt0258223
""
""
tt11671006
tt1355144
tt7124090
tt1742336
""
""
tt0160009
tt10196398
""
""
""
""
""
""
tt1329457
tt6823368
""
""
""
tt1465478
""
tt1843866
tt18372386
tt0955308
""
tt16172254
tt1327194
""
""
""
tt0280590
tt0090400
tt0094651
""
""
tt1438176
""
tt0396575
tt0174481
tt2248999
tt0086759
tt1135300
tt0297398
tt0337978
tt2467046
tt0145487
tt0082269
tt7654872
""
tt1043451
""
""
tt0299172
tt17351924
tt0309698
""
tt0105665
tt0959601
tt0443680
tt7988616
tt2638144
tt6320628
tt6945708
""
tt0228700
tt0104691
""
""
""
tt0111503
""
tt0104040
""
tt0458413
tt2172985
""
tt5000002
tt0181518
""
tt0312700
""
tt6288694
""
tt13976134
tt0115378
tt5099020
""
""
tt1319722
tt0489089
""
tt2327571
tt1408101
""
tt7016936
tt0772137
tt0325602
tt8174330
""
tt1186367
tt0429573
""
tt0185183
tt2289982
tt23777532
tt0227563
tt1679620
""
tt0496328
""
""
tt1774358
tt0281190
""
tt0441909
""
""
tt0312085
tt3910804
""
tt0291320
""
""
tt0081860
tt9251798
tt3721936
tt1502397
tt15561558
tt32755853
""
""
tt1362140
tt0388795
tt3315342
""
tt1091751
tt0175143
tt6088922
""
""
tt0371724
""
tt16154594
tt0088512
tt3206540
tt3921180
tt0100758
tt0097171
tt0472515
tt0056758
tt1057500
""
tt3420056
tt0327056
""
tt0954947
""
tt0381061
tt1413495
tt2382320
tt1298650
tt0094898
tt0112947
""
tt0096969
""
tt0278815
""
""
""
""
""
tt0386264
""
tt0076726
tt0472279
tt1540803
tt0134067
tt5133308
tt2056757
tt2302755
tt2785470
""
tt0476327
tt0116261
""
tt0117898
tt0216459
tt0844457
""
tt13885592
""
""
tt0239020
tt1132290
tt0848228
""
""
tt0209144
""
""
tt0814314
tt5783956
""
tt0377972
""
""
tt0328538
tt0097123
tt0350258
tt0159485
tt0171433
""
""
tt0120212
""
""
""
""
""
tt10676052
tt1343092
""
tt0473609
""
""
tt9111220
""
tt19516036
""
""
""
""
tt0208988
tt0248655
tt0103376
tt2748608
tt0087262
tt1312171
tt8105150
""
""
tt0090264
tt0372784
tt0844993
tt0191074
""
tt0101770
""
tt0421143
tt0117608
tt0091817
""
""
tt0120917
""
tt0098663
tt0309530
""
""
tt0106469
""
tt0100029
tt0416212
tt0453556
tt35069678
""
""
tt2209300
tt0235922
""
tt0097981
""
""
tt5706568
""
""
tt0101055
tt3079768
""
tt0138537
tt0365498
""
tt2310003
tt0079501
tt5597690
tt0387514
tt39396318
tt0806910
tt0910970
tt4964788
tt4052886
tt1114712
""
tt0134119
""
""
tt0155296
tt0277941
tt7777788
""
tt0141369
""
""
tt0112006
tt1152766
""
tt1821681
tt0920549
tt0096994
tt0760437
""
""
""
tt0891414
""
""
tt0105462
""
tt0298814
""
tt1675434
tt0452694
""
tt2172554
tt0117589
tt4622512
tt0146386
""
tt0215824
""
tt1232200
tt0367089
""
""
""
tt1734493
""
tt0114608
tt0078158
tt2395427
tt1220634
tt0318649
""
tt0379786
tt0342272
tt3183660
tt0113720
""
tt8385148
""
tt5194410
""
""
""
tt0918940
""
tt0163651
tt10551236
tt8378126
tt0096184
tt1754811
""
tt0910560
""
""
""
""
""
""
tt0154013
tt0489099
tt0986263
""
tt6253522
tt2304771
tt0119981
tt16293376
tt0265086
tt0143047
""
""
""
""
""
tt0490154
""
tt0800325
tt0185114
""
tt0194915
tt0988824
tt0101199
""
""
tt6806448
tt0120603
tt0112750
tt0152492
""
tt1032856
""
""
tt0114436
""
tt0433387
""
""
""
tt0467110
tt0119395
tt1798603
tt0109520
tt0164114
tt0245024
""
tt4520364
tt0200550
tt5246700
""
""
tt5272796
""
""
tt0134630
tt2871832
tt5926516
""
tt0109361
tt0103639
tt2115291
tt0279493
tt0441751
tt0292644
""
""
tt0417148
tt1633356
tt1609149
tt0253754
tt8579674
tt0318902
tt0972857
""
""
""
tt0120157
tt0092319
tt1533435
tt6566830
tt3450650
tt0477139
""
tt0407368
""
tt0117060
tt0417731
tt17676606
tt0983193
tt10169440
tt0257930
""
tt18502366
""
tt0110411
tt0119249
""
""
tt30795917
""
tt4793190
tt0120804
tt0827517
tt0101120
""
tt1840417
tt0092991
""
""
""
tt4655480
tt0495664
tt4532038
""
""
tt0155197
tt18351846
tt0120434
tt0235553
""
tt1419703
""
""
tt2166834
tt0412080
""
tt0410724
""
""
tt0113855
tt0418279
""
tt0217505
""
""
tt7638348
tt6069962
""
tt2782588
""
tt5924572
tt2510102
tt0180093
tt0116514
tt2582846
tt3501584
""
tt0765432
tt0098360
tt1859522
tt6304046
""
""
tt2948356
tt0302935
tt0120857
tt22006044
tt0499448
""
tt2334879
tt3877674
""
tt0365675
""
""
tt17517876
tt1019700
tt0762114
""
""
tt1116184
""
""
tt0286499
tt0248742
tt2024469
tt0126686
tt2014681
""
tt2404583
""
tt1195857
tt9815554
""
""
tt12324366
""
""
""
tt0807745
""
tt1067583
tt0337921
tt0117951
""
tt0169547
""
""
tt0238948
""
tt31036941
tt32205693
""
tt0167873
""
""
tt10648342
tt1268869
""
""
tt0120685
""
""
tt1051981
tt21186798
tt0432021
tt0159876
tt0171804
""
tt0280381
tt16282114
tt0200052
""
""
""
tt0110737
tt1015971
tt0453467
tt1827487
""
tt1527049
""
tt0272142
""
tt3564858
""
tt2283336
""
tt0120880
tt0102982
""
tt0157892
""
tt0151738
""
tt0892782
""
""
tt0120794
tt0948437
tt1433261
tt0286112
tt3422244
tt0285742
""
tt0092117
""
tt0311463
tt0482016
tt2244077
""
tt0099365
""
tt0308383
tt1366365
""
""
tt0323572
tt0477273
""
tt5598292
tt0131646
tt0810442
tt2273657
tt0920458
tt17024450
tt0211877
""
tt1667889
""
""
tt1570374
tt1124373
tt0302640
tt1504196
""
tt1859650
tt0162677
""
tt0085179
""
tt1418867
""
""
tt9849210
tt0120461
""
""
tt0430357
tt0363394
tt0146309
""
tt29568087
tt0246544
""
tt12412888
tt1901030
tt9620292
tt0307742
tt0814335
tt1591493
""
""
tt0113941
tt0089738
tt28656919
tt3219686
tt0113360
tt0881891
""
tt1189340
""
""
""
""
""
tt0078924
tt1160419
""
""
tt0475390
tt0470705
tt1843866
""
tt1606375
""
""
tt3322314
tt14527962
tt0386534
tt0192071
tt1190536
tt0115317
tt0407362
tt0288045
tt0048845
tt0426371
""
""
""
""
tt1291065
tt0167872
""
""
""
tt0112883
""
""
""
tt1743711
""
""
tt2024544
""
tt3895884
""
""
""
tt2626350
""
""
tt1133985
tt0362359
tt22016156
tt0120855
""
""
""
tt0118631
tt1213660
""
tt0092400
""
""
tt5654600
tt1068997
""
tt6636246
tt1340800
""
tt2423426
tt5180504
tt1173898
tt0258309
""
""
tt11214590
""
tt0096054
tt2343793
""
tt0345950
tt5057140
""
""
""
tt0300532
tt1259198
""
""
tt3961068
""
""
""
""
tt1127715
""
tt1351685
""
""
tt21628198
tt9686708
tt0165361
""
tt2212008
""
""
""
tt1059475
""
""
""
tt1650554
tt1163752
""
tt1091722
""
""
tt6143568
""
tt0367975
tt0120118
""
tt2894198
tt0369284
tt0430154
tt0185130
tt0098084
""
tt0112401
tt0332047
tt7738980
tt0072562
""
tt0119707
tt1745960
""
""
tt3205802
tt6294706
tt1013752
tt0094374
""
tt0494222
tt0347449
tt0122718
""
tt0091142
tt14531774
tt0416212
""
""
""
tt0827517
""
tt0375154
tt0104868
tt1691638
""
tt22022452
tt0758774
""
tt6111130
""
""
tt3748528
tt0448267
tt0316732
tt0396909
""
tt0180052
tt0440270
""
""
""
""
""
""
tt0388795
""
tt11527058
tt0082912
""
""
tt2820852
tt0232657
tt0460740
tt0425061
tt0188863
tt0120689
tt34260053
""
tt12383460
tt0192565
""
""
tt0109900
tt0425430
tt2188671
tt0103639
""
tt0327850
""
tt4530422
tt1098327
""
tt0330098
tt0383574
tt0492044
""
tt0119019
""
tt1392197
tt0482522
tt0181689
tt1126618
tt0215135
""
tt0129332
""
tt0187078
""
tt0144543
tt5171438
""
""
""
tt1333125
""
""
""
""
tt1307068
tt0087810
tt0087810
tt0365797
""
tt1841695
""
tt2231253
tt0307987
tt1405761
""
""
""
tt1200263
tt32398150
""
tt28613565
tt0387636
""
tt13320622
tt0249301
tt0263488
""
""
""
tt6927444
""
""
tt0261486
tt1565068
tt8111088
tt0970416
tt1284575
tt0282209
""
""
tt4160708
tt0188997
""
tt1517268
tt5673782
tt2058673
""
""
tt0450405
tt0120797
tt0250494
tt0436331
tt2091298
""
""
tt10298810
""
tt0328538
""
tt0099612
""
""
tt2234261
tt0360717
tt1978940
tt1270798
""
""
""
tt9642746
tt2150371
tt0203230
tt10872600
tt5095030
tt2150371
""
tt1245188
tt6133130
tt0252028
tt0118665
tt0081070
tt2467372
""
tt0181266
tt1726252
tt6226232
tt0100802
tt28809319
tt10161886
tt0120569
tt1155076
tt6320628
tt0428167
""
tt0192071
tt5485566
""
tt0120609
""
tt0465710
tt14141076
""
""
""
tt8000718
""
tt8337264
tt0228196
tt0783233
tt0053494
tt0454349
tt0245932
""
tt35670878
tt4090040
""
tt0304141
tt6667360
tt0106573
tt0800080
tt0091493
tt0112574
""
""
""
tt6654316
""
tt5848554
""
""
tt0103352
""
""
tt2494280
tt0109879
tt0115242
tt3604156
tt0216247
""
tt0800369
""
tt0130827
tt0078405
""
tt0116230
""
""
tt1104326
tt0195234
tt0880578
tt0276856
""
tt4912910
tt0108778
tt1431056
tt0109236
""
tt0109446
""
tt0371606
""
tt1704637
""
tt1483013
tt0165857
""
""
""
tt0088512
tt1785670
tt7549308
tt0205750
""
tt2043971
tt4964788
tt0160498
tt0838283
""
""
tt0284491
tt0091886
tt6662734
tt9204142
tt0758790
tt0063878
""
tt1078588
""
""
tt0373672
""
""
tt0332870
tt0286716
tt0097357
""
""
tt0104839
tt0069641
tt21990710
tt0903747
""
""
tt0416212
tt0410975
""
tt0120770
""
tt1059786
""
""
tt0090585
""
""
""
tt0986263
""
""
tt0089981
tt0263728
""
""
tt2948372
tt10676134
tt0092484
tt0109552
tt0974661
""
tt0275067
tt15339570
tt30956826
tt0096000
tt1198156
tt1441135
tt0303184
""
""
tt0274558
tt2179136
tt0094138
tt10366206
""
tt0388125
""
tt30787081
tt0423445
tt1850457
""
tt8594510
tt0102034
tt0121932
tt1641384
""
""
""
""
tt0176397
tt0114194
""
""
""
tt4056314
tt0367097
""
""
tt1411250
tt0400796
tt0317198
tt0078657
tt3513498
tt13695668
tt0079429
tt1954614
tt0088559
tt0081534
tt0113133
""
tt0844479
tt0966151
tt2152198
tt0100003
""
""
tt0093177
""
tt1843840
""
""
""
tt0112675
""
tt0914797
""
""
tt0355987
""
tt11866324
tt0118691
tt9813792
""
tt38841642
""
""
""
""
tt0439815
tt0410316
tt3202374
tt0100457
tt1176441
tt15567174
""
tt1723121
tt0102713
tt0109198
tt14549716
tt0113189
tt18352530
""
tt1430626
tt2792728
tt0120611
tt0100758
tt0381167
tt0120902
tt0410975
tt0097523
tt0445070
""
""
tt1631867
""
""
""
""
tt0109303
tt1839492
""
tt0363771
tt0084649
""
""
""
""
tt4419214
tt0103223
tt0118615
""
tt0118956
""
""
""
tt0267804
tt0091814
tt10366460
""
""
tt0830558
tt11296488
tt2281345
tt0120755
tt1408101
tt0123816
""
tt0086760
tt0200465
tt0099810
tt0108692
""
tt0124299
tt6433456
tt0368709
tt0193763
""
""
""
tt0841046
""
tt0119029
""
""
""
tt1587694
""
""
tt0111987
tt31806049
tt1430819
tt5191110
tt5116302
tt1928161
tt0106452
""
tt0466856
tt1403241
tt2316891
tt0398165
tt1386703
tt0464154
tt0379889
tt1446192
""
tt0805660
tt0106064
tt0295701
tt0116320
tt9346050
tt1107948
tt6352678
tt0077042
tt3186318
tt1793936
tt0188575
tt3551796
tt4979824
tt5086060
""
tt0340012
""
""
""
""
tt4154664
""
""
tt0359950
tt0127723
""
""
tt0238924
tt0114681
""
""
""
""
""
""
tt0244365
""
tt13457822
tt0111296
tt2122313
tt0392878
tt2805096
tt0111064
tt0101458
tt0153355
""
tt0294032
tt0814314
tt0112573
""
tt0103446
tt12617934
tt0490084
tt1268799
tt6230736
""
tt0329774
tt8975854
tt0118715
""
tt2349144
""
""
""
""
tt0205177
tt4669264
tt0298130
""
tt13566172
""
tt0096874
tt0826760
""
tt1464335
""
tt0367279
tt0107277
tt5460880
tt0104240
tt1245526
tt5127102
tt0897361
""
tt5027774
tt0364774
""
tt0103586
tt2356777
tt0395699
tt0329101
""
tt4427584
tt0412080
""
""
tt0098546
""
tt0323050
tt0265104
tt0421188
""
tt1083452
""
tt0143145
""
""
tt0120632
""
tt0277371
tt0092563
""
""
""
tt0103017
tt1619648
""
tt0092085
""
""
""
""
""
tt0240683
tt0091875
tt5034838
""
tt0122829
""
""
""
tt2105470
""
""
tt2183641
tt0157938
tt0098238
tt0106977
""
""
""
tt0208988
tt0363446
tt0844479
tt2488396
tt1438176
tt3640424
""
tt1179056
tt0886543
""
tt0115378
tt0183649
""
tt0421459
tt2827950
tt0452625
tt1167638
tt1565810
""
tt5501104
tt5707802
tt1059317
tt0120910
tt1735907
tt0212457
tt0195462
tt0100232
tt4343130
tt1267504
tt0084516
""
tt0127759
tt0118586
""
""
tt0212346
tt0432021
""
""
tt1126391
""
tt0243415
""
""
tt4643084
""
""
tt0097523
tt0119773
""
""
""
""
tt0307560
""
""
""
""
""
""
tt0088851
tt3784222
tt0112022
tt2473510
""
tt2481498
""
tt0278866
tt0892432
tt0306685
tt1031969
tt0283090
tt1617233
tt14500340
""
""
""
tt33338853
""
tt0156934
""
tt1171225
tt9204352
tt0286788
tt0436688
""
""
tt0294083
""
tt0279600
tt0080406
tt2368619
""
""
""
tt0134247
tt3230454
tt0494238
tt0482463
""
""
""
tt1309000
tt14579150
tt0137799
""
tt2436386
tt0134618
tt1936426
tt0094481
tt6974196
tt1100935
""
tt0095611
tt5727282
""
tt0074452
tt0088591
tt0103360
""
tt1148277
tt0799900
tt1568346
tt7405458
""
tt19224248
""
tt1684233
tt0145929
""
tt0406265
tt3743822
tt1490017
""
""
tt0173533
tt4769844
tt0315480
""
tt36267583
tt0974661
""
""
""
""
tt3775086
tt0088915
tt0206634
""
tt1343727
tt0259324
tt0370263
""
tt2875816
""
""
""
""
tt0091832
""
tt2092588
tt0451279
""
tt6752398
""
tt1146320
tt0117829
""
tt0270560
tt0372588
tt1038023
""
""
""
""
""
tt1024171
tt0118447
tt3573598
tt1371111
""
""
tt0453467
tt0418676
tt0219408
""
""
""
tt0349995
""
tt1053810
tt1518917
""
""
tt0280707
tt0475394
""
""
tt32821451
tt0124718
""
tt0096405
""
""
tt0850642
tt0472181
tt13523610
""
tt0307479
tt0119033
tt0189192
tt0354284
""
tt0094620
""
""
tt1168425
tt3544112
tt3748172
""
tt0110950
tt0165598
""
tt14362262
""
""
tt0458364
tt0120277
""
tt0270933
tt0104137
""
tt0093777
tt0085895
""
""
tt3581920
""
tt3220192
""
tt21108294
tt0300421
tt0096690
tt3526078
tt1220634
tt0910936
tt8860450
""
tt0096071
tt0104006
""
tt0113243
""
""
""
""
tt1351145
""
""
tt0181689
tt0096566
tt3891260
tt4733624
""
tt2024432
""
tt0804522
tt0117814
""
tt1321870
tt1160996
tt0387736
""
""
""
tt0372784
tt0312946
tt0151568
""
""
tt0114170
tt0101077
tt14641648
tt3216586
tt0198837
tt0452637
""
tt1634106
""
""
tt0115834
tt1242432
tt0323551
""
""
tt0114011
""
tt18559464
tt1877830
tt0106179
""
""
""
tt0088799
""
tt0098927
tt0284227
tt1563738
""
""
""
""
""
tt5788792
""
tt0211641
""
""
""
tt0104573
tt0270911
""
""
""
tt0402743
""
""
""
""
""
tt0369441
tt0282578
tt0950739
""
""
tt0120630
tt0086361
tt0212346
""
""
tt0347618
tt1126592
tt0114369
""
""
tt0460627
tt22499790
tt0098910
tt0116213
""
tt1213663
""
tt0120800
tt2671706
tt2372162
tt17279496
tt1336608
tt6902676
tt0097910
tt6212478
""
tt0408306
tt0146479
""
tt0327597
tt2490326
""
""
tt0139776
""
""
tt9288030
""
tt0115956
""
tt0097428
tt1634121
tt0311653
tt1949012
""
tt0125439
""
tt10540276
tt3502172
""
tt12992178
""
""
tt2602070
""
tt0090700
tt1260995
tt5433138
tt0203009
tt0087538
""
""
""
tt1666186
tt2358925
""
""
tt0212338
tt11242246
""
""
""
tt0200373
tt0204624
tt0306841
tt0097550
tt5131516
tt1567437
""
tt0758926
tt1345836
tt1077258
""
""
tt0380389
""
""
""
""
tt3240784
tt0945513
tt1343076
tt1147684
tt3554580
tt0098089
""
""
tt0114287
tt1365490
tt0478394
tt5755238
tt2361497
tt1719667
tt0090444
tt0118926
""
tt4154796
tt0120363
tt11204154
""
tt4154796
""
tt0884214
tt6021284
""
""
tt1075113
""
tt1210018
""
""
tt8385148
tt2725962
tt0110950
""
tt0427327
""
tt0115986
""
tt1478964
tt0395252
""
tt0096559
tt0106083
tt1206478
""
tt1277953
tt1623288
tt0119081
""
""
tt0120812
tt0320244
""
""
tt1073241
tt0311429
tt4604612
tt0281364
""
""
tt0119034
""
""
""
tt1190080
""
""
tt0334754
tt0119978
tt1667889
""
tt7798634
""
tt9471678
tt2179211
tt0368975
tt1149608
""
""
tt8954954
tt0119567
""
tt0177991
tt0117500
tt0332375
tt0130156
tt0101587
tt13607498
""
""
tt3398268
""
tt2188535
tt27235576
tt1309449
""
""
""
tt0236493
""
tt0097814
tt1160629
""
tt0108761
tt0120382
""
tt0056751
tt0127316
tt2793490
""
""
tt0310298
tt2005374
tt1168651
tt0118928
tt0120185
""
tt1458175
tt0120917
""
tt0178223
tt0432260
tt0103522
""
tt2791404
""
""
""
""
""
""
tt5866930
tt1029238
tt0120841
""
""
tt1537739
""
tt1798684
""
tt0473075
""
""
""
""
tt0202864
tt0103231
tt22029066
tt2224026
tt4441098
""
tt0416979
tt1024255
tt0096686
tt4701182
tt0397614
""
tt0103369
tt0162065
""
""
tt0108778
tt15180746
tt5507878
tt8009314
""
""
""
""
tt24577462
""
tt0187738
tt7466442
tt1234721
tt2252680
tt29366532
tt0361748
""
""
tt0490181
tt0320691
tt1628841
tt0397042
tt0412930
tt0098844
tt0094291
""
""
tt17527468
tt0473651
""
tt35196636
tt0121765
tt33318859
""
""
tt8236336
""
tt0111282
tt0144084
tt1682187
tt0113939
tt0129136
""
tt3774114
""
""
tt0338768
""
tt2782844
tt27447671
""
""
""
tt0109225
tt2404181
""
tt0242653
tt13483866
tt1797404
""
tt0265104
tt0108757
tt0221027
tt0267248
tt0826194
tt0907700
tt0429573
""
""
""
tt0094590
""
""
tt0106057
tt0436992
""
""
""
tt29386622
tt0096000
tt8636864
""
tt0320691
""
tt1457767
""
tt13873302
tt16023832
tt0311429
""
""
tt0096874
tt12908150
""
""
tt3007512
tt0247827
tt0119345
""
tt4116284
""
""
tt0411061
tt1082807
tt0120915
tt2125539
""
tt0087803
tt0111255
""
""
tt0119395
tt7651352
""
""
""
tt1014775
tt1378167
tt1124377
tt1195935
tt4400216
tt23476986
tt6320628
""
tt2707858
""
""
""
tt0093624
tt1226229
tt0101252
""
tt4998350
tt0385842
""
""
""
""
tt0121164
tt0109506
""
tt1440129
""
tt12672536
""
tt0146675
""
tt0119879
""
tt9658736
""
tt0245027
tt0118887
tt0202576
tt0116102
""
tt7741830
tt3534294
""
tt6692188
tt2214869
tt6029336
tt0095710
tt0349260
""
""
tt11081050
""
tt1087890
tt2647548
tt9273800
""
tt0455782
tt0140603
tt0118506
tt0800240
""
""
tt1724597
tt0112175
""
tt2213658
""
""
tt0784896
""
tt0109506
tt0384537
""
tt3522806
tt4554212
""
tt3450650
""
tt15767808
tt0104291
""
""
tt0114898
""
tt3077214
tt1469304
tt0166287
""
tt0167190
tt1015971
""
tt1634549
""
tt0368745
tt3402236
tt0367975
tt1422822
tt0305669
tt0140744
""
tt0366548
tt1442464
tt0103352
""
tt0120471
""
tt3416828
""
tt1316004
tt32393547
""
tt0319769
tt0245712
""
tt9204128
tt11519748
tt0244325
tt0294869
tt2248944
tt15372564
""
tt4326444
tt2479478
""
tt0189296
""
""
""
""
""
tt0285600
tt1547617
""
tt0272379
""
tt0117705
tt0363473
tt0382992
""
""
""
tt0289758
""
tt0296845
tt0160261
""
tt0104897
tt0106873
tt9153270
tt8466564
tt8388390
tt0102592
""
tt0479974
""
""
""
tt13841850
""
tt1038919
tt0247199
""
tt6394270
tt0164184
tt0417217
""
""
tt0338751
tt5034838
tt2243497
tt13321244
""
tt0117450
tt0118475
""
""
tt0995029
tt0297722
tt0907702
tt0119225
""
tt19841734
""
tt0910936
""
tt0078239
tt0091419
tt0765443
tt3219562
""
tt0794240
""
""
tt0397101
tt0091278
tt1155056
tt14225838
tt2511032
tt0116778
""
tt2575988
tt0904208
tt0256531
tt0379786
""
""
tt3896102
tt0419984
""
""
""
tt0133240
tt0114069
""
""
tt0096697
tt4637050
""
tt0115798
tt0110413
tt12593218
tt5519340
""
""
tt0207201
tt0392023
""
tt0347330
tt0352074
tt0898266
""
tt0097290
tt1134665
tt0265298
tt0477095
tt0114609
tt0374563
tt0287467
tt0128234
tt0337821
tt0396818
""
tt0093567
""
tt0090060
""
tt0115320
tt5012102
tt0446013
tt0267129
tt0965394
tt1483789
tt3212232
tt0401711
""
""
""
tt5581752
tt0462971
""
tt24409536
tt6892462
""
tt0139803
tt0120201
tt1951265
tt0480680
tt0097742
tt0338526
tt0329774
""
tt2609222
tt0057731
tt1400591
tt0967945
""
tt0770703
""
tt0159876
tt1699748
tt8337290
""
tt0088024
""
tt1670345
tt0103186
""
""
tt0120338
tt9032400
""
""
tt0382932
tt0421427
""
tt0343737
""
tt0415011
tt0383574
""
""
""
""
""
tt1877832
""
tt6723592
""
""
tt0120685
""
tt9288046
tt1305656
""
tt0329632
""
tt1808331
""
""
tt1242463
""
tt2918436
""
tt0292963
tt2112129
""
tt0418819
tt11311754
""
tt0365983
tt9121024
tt0970182
""
tt0396659
""
""
""
""
tt0329949
tt0092493
tt0118864
""
""
""
""
tt11992904
tt15201944
tt8129006
tt0945321
tt0848228
""
""
tt1548308
""
tt0238459
tt0119190
tt0100802
""
tt3868430
tt0090670
tt13639222
tt0117330
tt0171433
""
tt0285391
""
tt4504040
tt2908446
tt1535109
tt0831884
tt0117069
""
tt0425624
""
""
""
tt1059786
tt0144214
""
""
""
tt0486576
""
tt0419324
""
tt0098321
""
""
tt0111640
tt0121765
tt4765284
tt0328589
tt0433309
tt0209144
""
tt0281358
tt0099253
tt0846040
""
tt1925535
tt0248667
""
tt0116695
""
""
tt0372588
tt0317219
""
""
tt4136774
tt1452291
""
tt0995039
tt0373051
tt1311076
tt14321668
tt0133152
tt0332047
tt0288602
""
tt0142632
tt0120912
""
tt0289043
tt0758751
""
""
""
tt3359958
""
""
tt0133027
""
""
""
""
""
tt0091859
tt0317226
tt0073441
tt3531824
""
tt2543164
""
""
tt0385841
tt2873282
tt3748528
tt0425196
""
tt14849194
tt0098749
""
""
""
tt0093415
tt10872600
""
tt0157828
tt1800241
""
""
""
""
""
tt0362164
""
tt0156413
""
tt6994156
tt1657507
""
tt0451079
tt12150486
""
tt0120008
tt0215750
tt2258493
tt0230011
tt0363685
""
tt0479468
tt0092455
tt9620288
tt8351424
tt0098141
""
""
tt4878720
""
tt1888075
tt0094924
tt0342735
""
""
tt0078697
""
tt5061126
""
tt0116168
""
tt0106611
tt0439879
""
""
tt4154796
tt0997039
tt0101065
tt0160236
tt0117737
tt0212985
""
tt1663202
tt0265436
tt14821414
tt0892782
tt4074928
""
tt0312773
""
tt0116365
tt0093930
tt0092965
tt0320808
tt0251469
tt0117951
tt0363547
tt0107302
tt1758766
tt0818895
""
tt10058906
""
""
tt0364845
tt0086884
tt0194948
""
""
tt1442437
tt0107042
tt0159876
tt1289406
""
tt2427892
""
tt0385969
""
tt34741792
""
tt0096623
""
""
""
""
""
tt3402138
tt1345836
tt1441084
tt4858404
tt1438176
tt5269594
tt0155388
tt0090037
tt8270718
tt0068131
tt0120669
""
tt1567432
tt10612922
tt0374563
tt2789014
tt3032476
tt0137327
tt0103644
""
tt2071509
tt2908228
tt2939114
""
tt22004344
""
tt0106941
""
tt0088000
tt7043012
""
tt4176370
tt1291584
tt1462704
""
tt2306299
tt0472023
tt0122260
tt0190524
""
""
tt0221027
tt0104029
tt0220580
tt0097341
""
tt4385888
tt0184894
""
tt3778644
tt1924435
tt0409459
tt0210149
tt4901306
tt11384300
""
tt1311071
tt0072837
tt2638144
""
""
""
tt6139946
tt0097635
tt0379865
tt1667353
""
tt26447272
tt0420388
tt1139592
tt1099212
""
""
tt3997584
tt0840015
""
tt0166604
""
tt0119695
tt0096548
tt33257086
tt1724965
tt0094012
tt12755918
tt0770829
""
""
tt2293640
tt0759057
""
tt3773386
tt2170401
tt0108941
tt0104507
tt4353996
tt2741602
""
tt0105322
tt0425118
""
""
tt15439048
""
tt0105236
tt38496417
""
tt0115698
""
tt0089523
tt0104120
""
tt1645170
""
""
tt9103772
tt13991232
tt0313911
""
""
tt0265087
tt0417148
tt0114011
""
tt1808454
tt0107045
tt0221027
tt6506264
""
""
tt0159270
""
tt0203119
tt0335266
""
tt6472976
""
tt0113862
""
tt0318997
""
tt0078358
tt0144728
""
tt0133240
""
tt11813216
""
tt0224086
tt0252127
tt0124770
tt4786824
tt0478942
""
tt0106195
""
""
tt5208216
tt3371366
tt6111130
tt5329786
""
tt0970866
""
""
tt0335559
tt2404217
tt0107286
tt0122151
""
""
tt0063951
""
tt1282140
tt0112462
tt0455944
tt0094535
tt0104797
tt0093334
""
""
""
tt1941928
""
""
""
""
tt0298803
tt0199789
tt0295743
""
""
tt1528273
tt0130795
tt1726592
tt0112431
""
""
tt0828620
tt1714201
""
tt7369734
tt0080539
""
tt0335266
tt0185125
tt0470055
tt0092582
""
""
tt0413354
tt1964703
""
""
""
tt0289758
""
""
tt0371246
""
tt0386117
tt1059475
""
tt2606788
""
tt10368460
tt1853728
tt0148196
tt2059255
tt0111756
tt3774114
""
""
tt1549572
tt1426320
tt0448303
tt0116126
tt0480239
tt0302883
tt0115338
tt2281587
tt0185102
tt0123034
tt0372834
tt0114148
tt0285356
tt0295427
tt2963254
tt0372237
""
tt0110364
tt0462538
tt0108319
tt0114746
tt1458930
tt7867678
tt0316396
tt2084970
""
""
""
tt0146882
tt0319347
tt1083456
tt0181689
tt0304391
tt0082089
""
""
tt0460688
""
tt0207749
tt10398802
tt0352248
""
tt0257076
""
tt0207201
tt0971209
tt2103538
tt1325743
""
tt0207972
""
""
tt2906216
""
""
tt0410975
tt11847410
tt0133331
tt4624366
""
tt0219086
""
tt1522857
tt0083437
""
""
tt0106115
""
tt0115289
tt0449306
tt0253754
""
tt1839522
tt0120762
""
tt0110877
tt3760922
tt8416494
tt3829266
tt1520211
tt1043813
""
tt0112115
tt17555566
tt2042568
""
""
tt1618445
tt2226301
""
""
tt0452694
""
""
""
tt0120891
""
tt0091816
tt3323254
""
""
""
tt2562232
tt6101820
tt1954414
tt0485851
""
""
tt0252781
tt5247022
tt0098252
tt3205846
tt0266543
""
tt0367631
""
tt0397442
tt0108052
tt0118689
""
tt3923388
tt0131613
tt0086429
""
""
""
tt0086673
tt0108740
tt2163354
tt0260924
tt0408306
tt0149460
tt0970416
""
tt1226271
""
tt1746545
tt2257314
tt10381014
""
""
""
tt0149261
tt0095956
tt0421030
tt6128300
tt6274614
tt0396335
""
tt2467372
tt0104291
tt31868189
tt0346491
tt1477837
tt0299693
tt0286934
tt0243133
tt3558240
""
tt0085859
tt0450373
""
""
tt1745960
tt1225630
tt1370165
tt7772588
""
tt0266031
""
tt0092319
""
tt0196229
tt5439796
tt0473705
tt0348811
tt1355630
tt1329457
tt0102526
tt4209788
tt0460627
tt0259974
tt0104503
tt0186785
""
""
tt20564606
tt0119282
tt0436101
tt0443632
""
tt0100822
""
""
tt1306980
""
tt1232829
tt0118971
tt2406566
tt0086425
""
tt0142260
tt1921064
""
tt0360009
""
tt0111480
""
""
tt0057731
tt0166919
""
tt0120414
tt0379865
tt2488496
""
tt0118303
""
""
tt0162065
tt7766378
""
tt0475937
""
tt0332280
""
tt0331632
""
tt1500491
tt3829920
tt0276919
tt2235695
tt1981115
tt0277434
tt12340128
tt0380151
tt0092644
""
""
tt0108147
""
tt7491982
""
tt0095593
tt1981677
tt9165824
tt1464540
""
""
tt4063800
tt0119372
""
""
tt0367959
tt0120832
tt3952746
""
""
""
""
tt0918927
tt0354310
tt3017412
tt0117710
tt3859980
""
tt0383652
""
tt0368980
tt0363532
""
tt0106004
""
tt9873892
tt2294459
""
tt0372784
""
tt0165598
""
tt2197926
""
tt0251637
""
""
""
tt0995747
tt0249326
""
""
""
""
tt0475394
""
tt0100286
""
tt0114558
tt4616292
""
""
""
tt0236493
""
""
""
tt3572740
""
tt8444952
""
tt1586680
""
tt0230838
tt30401050
tt0795493
tt0979432
tt1615160
""
tt1077368
""
""
""
tt2051999
tt1189340
tt3814678
""
tt0317919
tt1229340
tt8622274
tt4736898
tt6899266
tt6470396
tt2196114
tt0246592
tt3263430
tt0424238
tt10801324
tt1658837
""
tt27816831
""
""
tt0104291
tt0182617
tt2381213
""
tt5813010
tt0338325
tt0081633
tt0099100
""
""
tt0395495
tt0339955
""
""
tt2938496
tt0364863
""
tt0116041
""
""
""
tt1699231
""
""
tt0949731
tt0094574
""
""
tt2382009
""
""
""
tt0768816
""
tt0168785
tt1716744
tt1019690
""
tt0102685
""
tt0472023
""
tt0294423
tt0850677
tt32642706
tt0240890
tt0113118
tt0206511
""
tt1103275
tt2053463
""
""
tt0460644
""
tt2802850
""
""
tt0379698
tt0090807
tt1603421
""
tt5583512
tt1433014
""
tt1969005
tt11123012
""
tt0108525
tt0450188
tt1680044
""
tt7012890
tt0247113
tt0119174
tt0290095
""
tt4852128
tt0120338
tt1423894
""
tt10314462
tt1877830
""
""
""
tt2368645
tt2402207
""
""
tt0249327
tt2195548
tt0410764
tt26451544
tt1612560
tt0285492
tt1582507
""
tt0119738
tt0120157
tt1133985
tt0186566
""
tt0312315
tt0149458
tt0265808
tt0273366
tt0108796
tt0338337
""
tt13022314
tt0112642
""
tt18335752
""
""
tt7958736
tt0104346
tt0096080
tt0107659
""
""
tt0206501
tt2554274
tt0318374
""
tt0385307
tt1038919
tt0262985
tt1003253
tt1856010
tt0265208
""
tt3416828
tt0440963
""
""
""
""
""
""
tt7772588
tt0410975
tt0881891
tt0366174
tt0343818
tt0405336
tt5776858
tt0111987
tt0096555
""
tt1964418
""
tt0111416
tt7944348
tt0486674
""
""
""
tt0094077
tt0088478
tt34370562
tt0119081
""
tt0241470
tt1570728
tt2874692
tt1477834
tt1347081
tt2241189
""
tt1993391
""
""
""
""
""
""
tt0112760
tt0418689
tt0389564
""
tt0220575
tt1786812
""
tt1403846
""
tt0380201
tt0160127
tt29431953
""
tt0497967
tt0120008
""
tt2649554
tt0872230
""
tt0396171
""
""
""
tt0113161
tt0388795
""
""
tt0098800
tt27618867
tt0133952
tt0128755
""
""
""
tt0205000
tt0106686
tt1196956
tt6782014
""
tt3910690
""
tt1448754
tt0460681
tt0121765
tt0120434
tt0325805
tt0114369
""
""
tt8690918
""
tt0116213
""
tt0359013
tt0365929
tt0115355
tt15565978
tt0492968
tt0221027
""
tt2222352
""
tt0102481
tt0363771
tt2488496
""
tt3481544
tt0158552
""
tt0092765
tt3829266
tt1483830
tt13110216
tt0955308
""
tt0252947
""
""
""
tt0796366
tt6541090
tt0373889
tt3220192
tt0214299
tt0257282
tt5924572
""
""
tt0355295
tt0097981
""
tt1772264
""
tt0368891
tt0118276
""
tt0840196
tt3480822
tt10307440
""
""
tt0408318
""
tt0078269
tt0306047
tt0097714
tt7563270
tt0096913
tt0425061
tt0099044
tt0205647
tt0120791
tt0263734
tt2177461
tt1056441
""
tt3038142
tt0088056
tt0186397
tt0364970
""
tt1343097
tt1525780
tt0780568
tt0119807
""
tt0069658
tt0999913
tt0439311
tt0078638
tt0384642
tt0365686
""
tt0097802
tt0155267
""
tt2278388
tt14917354
""
""
""
""
tt0116799
""
tt6021284
""
""
""
""
""
""
""
""
""
tt0118252
tt8047210
""
tt2355495
""
tt0837106
tt0762110
tt2126355
tt1215870
tt0117155
""
tt0421082
""
""
""
tt2526328
tt0187393
tt0108979
tt0415855
tt0445506
""
tt10168670
tt0475276
""
tt0056751
tt1845307
tt0116583
""
""
tt0108255
tt1562847
""
tt5884796
""
tt0189456
tt0301357
""
tt1706596
tt0095172
""
tt0135100
tt0489461
""
tt0352343
""
""
tt1678046
""
tt0254110
tt21614216
tt0101831
tt0082163
""
tt5085178
tt0186523
tt0362225
tt0110097
""
tt0094462
""
tt0326856
""
tt0402556
tt34965967
tt6682358
tt6491178
tt0498745
tt0280194
tt27795370
""
tt0271582
tt0167585
tt4917224
tt2777882
""
tt1340138
""
""
""
tt0490760
""
tt0317186
tt4120176
tt1855325
tt7123960
tt0087804
tt1564916
""
tt8740976
""
""
tt1458175
""
""
tt1277953
tt2392451
""
""
tt0227972
tt0844479
tt4420942
tt0807716
tt0837106
""
""
tt0100519
tt0091149
tt0310455
tt0067959
""
tt1650062
""
""
tt0114214
tt0314353
tt2137109
""
""
""
tt0960731
tt1822302
tt0117761
tt1333125
tt0115834
tt10584446
""
tt11729298
""
tt1082807
tt1468039
tt4779682
tt0156442
""
""
""
""
tt0149427
""
""
tt0188604
tt0198781
tt0212991
tt0139221
tt4019560
tt1288179
tt0311049
tt4758646
""
""
""
""
""
""
""
tt3750872
tt1786653
tt3750872
""
tt14130630
tt0159206
tt0118880
""
""
tt0472198
tt0194704
""
""
tt6320628
tt0417148
tt2094766
tt2390426
""
""
tt29899420
tt1405406
""
tt1719676
tt0120903
tt0093192
""
tt0804503
""
""
""
tt1386703
tt0119395
""
""
""
""
""
tt16301792
""
tt1111422
tt1032838
""
tt1523498
""
tt0409184
""
tt0281176
tt0119173
""
tt0390022
tt0385360
tt8149662
tt1392214
tt1605717
tt0204932
tt31590669
tt0120907
""
""
tt0124349
""
""
""
tt1510918
tt0077867
tt0104019
tt0223077
""
""
""
tt23728826
""
""
""
""
tt0411008
tt0214659
tt0171420
""
tt0268917
""
tt1487118
""
""
tt0107050
""
""
tt2343707
tt0113961
tt0493464
tt0112538
tt0173450
""
""
tt0294144
""
""
""
tt0114861
""
tt36415552
tt1458696
tt12299720
tt5257726
tt1293847
""
tt0114558
tt0347293
""
tt3498820
""
""
""
tt1879016
tt2016940
""
tt3152624
tt3014866
tt0487928
tt1216492
""
tt0959601
tt0360717
tt0164008
tt28171985
tt6217608
tt0409345
""
""
tt15506958
""
""
tt0101115
tt0118276
tt4846340
tt38855312
tt0380083
""
""
""
tt0245429
tt2006242
tt24169886
tt0083530
tt27208407
tt0496806
tt5581528
tt0405159
tt1657081
tt0251523
tt0313724
""
tt0438288
tt0230011
tt0889573
""
""
tt0109831
""
tt0426883
tt0090501
tt0110186
tt0460681
tt0896872
tt0109016
""
tt1183865
tt8688634
""
""
""
""
""
""
""
""
""
tt1060277
tt4235342
tt34379051
tt2106361
tt30316827
""
tt3805860
tt0338095
""
""
""
tt10115722
tt1134528
tt0318974
tt3316948
""
""
tt1130884
tt0162346
tt0138510
tt2960144
tt0101921
""
""
""
""
""
tt3890160
""
""
tt0091003
tt0114369
tt0433451
tt0494222
tt5943720
tt0283952
""
tt27436557
tt0264464
tt0162315
""
""
tt0373883
tt0810726
tt1186370
tt0270288
tt2112096
""
tt1078885
tt0118665
tt0104009
""
tt5697572
tt0103469
tt0310455
tt0338337
""
tt8221738
""
tt4666726
tt0362120
tt0325939
tt0120902
""
tt0257516
tt0297181
tt0119327
tt0057731
""
""
tt1646971
tt1510918
""
""
tt1748122
tt0118480
tt21650832
tt10087640
tt0295297
""
""
""
""
tt0325710
""
tt0134273
""
""
""
tt0096542
""
tt23468450
""
""
tt0133122
tt0314204
""
tt0159097
tt0115315
""
""
""
tt0113922
tt8898292
tt14309446
tt2543164
tt0104765
tt0104604
tt26547864
""
""
""
tt0088475
""
""
tt7657364
tt0096281
tt0099915
""
tt0350165
tt0113537
""
tt1033575
tt4727530
tt0107042
tt0173840
tt0206184
tt1399103
""
""
""
tt0100994
tt0117101
tt2854926
tt9073958
""
tt0955211
""
tt0275277
tt0463985
tt0113277
tt0077051
""
""
""
""
tt0332280
tt0056758
""
tt0072562
""
tt1599293
tt2005374
tt3206484
""
""
tt0382992
""
tt0093075
tt1480656
tt0406956
tt14016198
tt0118276
""
""
""
tt2186812
tt0208995
""
tt0425637
""
""
""
tt2279339
tt9619824
tt0330793
tt1571235
""
""
tt0759567
""
tt2853250
tt10016180
tt4703048
""
tt1846197
tt0248110
tt0117438
""
tt0420294
tt0338135
""
""
""
""
""
tt3714804
""
""
tt0250258
""
""
tt13415854
tt1583420
""
tt0988082
""
tt13241650
tt0182576
tt2101441
""
tt2261391
tt1443454
""
""
tt7979580
tt0120815
""
tt1319598
tt0099700
""
""
tt13236504
tt1856010
""
tt0976051
tt0133952
""
tt0989757
""
""
""
tt0415023
""
""
tt0099059
tt0369195
tt0356910
tt0204946
tt11100776
""
tt0479537
tt1374992
""
tt0101414
tt0480083
tt6910282
""
""
tt1951261
tt1951261
""
tt0099878
""
""
""
tt1951261
tt0092015
tt0122573
tt0115099
tt1295905
tt0276919
tt8526712
""
tt0378341
tt6914122
""
""
""
""
""
tt0455748
""
""
tt0789767
tt0282687
tt0335563
tt0257727
tt0119663
tt0264395
""
tt15211330
""
tt1454468
tt1727824
""
""
tt3045616
tt0209144
tt1058601
tt0099951
""
""
tt0114658
tt0105085
tt0110971
""
tt1666185
tt10872600
""
tt5708154
tt5941692
tt3846674
tt0253474
tt1392190
""
tt0280707
tt0163025
tt1796960
""
tt0490086
tt0321436
tt1606378
tt0385752
tt0275311
""
tt0164052
tt1387005
""
tt5334276
tt4701182
tt1442462
""
tt0270980
tt0015881
""
tt0323033
""
tt1615160
""
""
tt0071932
tt4600404
tt0864835
tt0365763
tt1568346
tt0250687
""
""
tt0138749
tt0088473
tt0095981
""
tt0120647
tt0118254
tt1920849
""
tt0277027
""
""
tt0480025
""
""
""
""
""
tt0102034
""
""
tt8772296
tt0120860
""
tt0168596
tt0219965
tt3502248
tt1230414
tt0338592
tt0264395
tt7661390
""
""
tt0434672
tt0119925
""
tt1311067
""
tt1598742
tt0096542
tt0356159
tt13652142
tt0464154
tt16311594
""
tt5334390
""
tt10374610
tt0245803
tt0081233
tt6881594
""
""
tt10342730
""
""
tt0177997
tt0489235
tt14402146
tt0937375
tt7475578
tt0097481
tt0236877
tt0086805
""
tt0274309
tt0096895
""
tt0395843
""
tt0306414
""
tt0255734
""
""
tt0182648
tt3322314
tt0395843
""
tt0460651
tt2692250
tt0200550
tt0367371
""
tt1219024
""
""
""
tt0452055
tt0116594
tt0252223
tt0159273
""
tt0206511
tt0120461
""
tt0162065
""
tt0959329
tt0424345
tt0362590
""
tt2709768
""
tt0284490
tt0266747
tt0086789
tt0498380
""
tt0235679
tt0368891
tt0083966
""
""
tt1380993
tt1655460
""
""
tt0110116
""
tt0101659
tt0419677
""
tt0321722
tt6450374
tt0177455
tt0165592
""
tt32868866
""
""
tt0880502
tt7550000
tt0120177
tt0120177
tt0371746
tt0413099
tt2403029
""
""
""
""
""
""
tt0445990
""
tt0114892
""
tt0117925
""
tt0114558
""
tt1249208
tt5645908
tt0116483
""
""
tt0119476
tt0279510
tt5037914
""
""
""
""
tt0368146
tt0239195
""
tt0120794
tt6982720
tt1659337
tt0389702
tt4779020
tt9124430
tt0351916
""
tt0203163
tt0162510
""
tt5753856
tt3040964
tt1663649
""
""
""
tt6111130
""
""
tt14636190
""
""
""
""
tt7897478
tt0488535
tt0239195
""
""
tt3573598
tt1830617
""
tt0103003
""
tt0267913
""
""
tt0188640
""
tt3706352
""
""
tt0118652
tt0162903
tt0260320
""
""
tt1325004
tt2377396
tt0110367
tt2304933
tt0359950
""
tt2552316
""
tt2397255
tt0092777
""
""
tt1189076
tt11445072
""
""
tt1787767
tt1582428
tt0780536
tt4810846
tt0403448
tt0092965
""
tt1130080
""
""
tt2782332
""
tt0430308
tt0197633
""
tt21096438
tt0289652
""
""
tt10648342
tt0155776
tt1441326
""
""
tt5580540
""
""
""
tt0372285
""
""
""
""
""
tt0314331
tt0398585
""
""
tt0300532
tt0362359
tt1228987
tt0088109
tt0411951
""
tt0890870
tt2458948
tt1010055
""
tt0110733
tt0331632
""
""
tt9742936
tt0265795
""
""
tt6020800
tt0397065
""
tt0099088
tt0112062
tt0137799
tt2027231
tt0156812
tt0219224
tt24330900
tt1951264
tt0108903
tt0112173
""
""
""
""
""
tt0112817
tt6018306
tt0379786
""
tt0453453
tt0826167
tt1535109
tt0859163
tt4139124
""
tt0290334
tt0264395
tt0105033
tt8421350
""
tt0220343
tt0764952
tt5687334
tt1582457
tt1431130
tt0308353
""
tt0096555
tt0084350
tt6744360
tt1429534
""
tt3097204
tt1071875
tt0413300
""
tt1538403
tt0120894
tt0349169
tt0787523
tt2024452
tt1032755
tt2553232
tt0423169
""
tt0165054
tt0183523
""
""
""
tt0183505
tt0108709
tt3278416
tt0498318
tt1213663
tt0116313
tt0100156
""
tt0082432
tt0365125
tt0129619
tt0118301
""
tt1707386
tt0139699
tt0115624
tt0437702
tt0112173
tt11846996
""
tt0113501
""
tt0371257
tt0151754
tt14856980
""
tt1064899
""
""
tt6818570
tt11198330
""
tt0194119
""
tt0473153
""
""
""
tt0120201
tt0088286
""
tt0480242
tt0128886
tt33338105
""
""
""
""
tt0859635
tt2304771
tt2649554
""
tt1881105
""
tt0354443
tt2196296
tt1376195
tt0068377
tt0382572
tt0433387
""
""
""
""
""
tt0094651
""
tt0348914
""
""
tt0896680
tt3176298
""
""
tt2631186
tt0413573
""
tt3410834
""
tt0386946
""
tt0187078
""
tt6280900
tt1919184
tt0461642
""
tt0094447
tt1019452
""
tt2022371
""
tt3068194
tt8633462
tt0128755
tt1986770
""
""
tt15468716
""
tt9318602
""
tt0199685
tt0082540
""
tt0256524
tt8933030
tt0461770
""
""
""
""
tt10360772
""
""
""
tt9466114
""
""
""
tt0490215
""
tt1680136
tt2938956
tt0365671
""
""
tt0110475
""
""
""
""
""
""
""
tt0451212
tt0097124
tt0387199
tt0105211
""
tt0773138
""
tt1712261
tt0113552
tt18553594
tt6744400
tt0298130
""
""
tt0808506
tt0330373
""
""
""
""
tt1798603
tt1397514
tt1098327
tt0982882
tt0103855
""
tt0807655
""
tt4661680
tt0107438
tt4154858
""
""
tt1825683
tt2713180
""
tt1656186
tt0330373
tt0491735
tt2245084
""
""
""
tt0903131
tt0119472
tt14846026
""
tt0096639
tt2367546
tt0360717
tt9806222
""
""
""
tt1033595
""
""
tt0212686
tt3598030
""
""
""
tt0368794
""
tt0108723
""
tt0271367
tt0299930
""
tt0112365
tt0120053
tt0386140
tt1270262
tt0775539
tt0346156
tt3699516
tt4587656
tt1155076
tt3323254
""
""
tt6800294
""
tt15485298
""
""
tt0163025
""
""
tt1179658
tt3009772
""
""
tt2017109
tt0108333
""
""
tt0976051
""
""
""
tt0112508
""
tt0242423
tt3658402
tt0147004
tt0814130
""
tt0311425
tt2083383
tt0464141
tt0129332
""
tt0250224
tt1776615
tt0113896
""
tt1019442
tt4940370
tt1636826
tt0460792
tt0245712
tt4354880
tt13528580
tt0314204
tt0195462
tt0097937
tt0339291
tt1783232
tt0276830
""
tt0243885
""
""
""
tt1720280
""
tt11891850
""
tt0108238
""
""
tt0128975
tt0195945
""
""
tt0116353
tt0202198
tt0499556
""
""
tt2989024
tt0086765
tt3305316
tt0245512
""
tt3279024
tt0089791
""
""
tt1605630
tt0373690
""
tt0806901
""
tt0112715
""
""
tt0457510
tt0085114
tt0086759
tt0103060
""
tt2955668
tt0855326
""
""
tt0100813
tt0193680
tt0107999
""
tt0230155
tt1156398
""
tt5949958
tt0088207
""
tt0466345
tt0279871
""
""
""
""
""
""
tt0374455
tt0280486
""
tt1137992
tt0330713
tt0091828
""
tt5116302
tt0081859
tt0787985
""
tt0174336
tt0304141
tt0440751
""
""
tt0780374
""
""
tt13514390
tt36022476
""
tt0120667
tt0110771
""
tt0110169
""
""
""
tt0144214
""
tt0266987
tt0107969
tt0091575
tt7097896
tt0118513
""
tt1189346
tt0091738
tt0489235
tt3702706
""
tt0068997
""
tt3322312
""
tt1327194
""
tt0150377
tt2248996
""
tt2421230
tt0318155
""
""
tt0218783
""
tt1340138
""
tt1677720
""
tt1284575
tt0966151
""
tt2180411
tt0056751
tt1645080
tt0374279
""
tt0113142
tt4584878
""
""
tt0120604
tt0255476
tt6474236
""
tt0338427
""
tt0106004
""
tt0119807
""
tt0110725
tt1385826
tt0275847
""
""
tt0120201
""
tt1441952
tt0125439
tt0082358
""
tt0082340
tt2891574
tt15440398
""
tt0465234
""
""
tt0144728
tt0124443
""
""
tt0081948
""
tt0455499
tt9664108
tt5114356
""
tt1654842
""
tt0475937
tt6100122
tt0106115
tt0826960
""
""
tt0849988
tt1540125
tt7587890
tt4158318
""
tt0265349
""
""
tt2632424
tt0233651
""
tt2784020
tt0417056
tt0337741
tt0111282
tt1439629
""
tt1821681
""
tt0242445
tt0182576
""
""
tt3007572
tt1142988
tt2723654
tt4824302
""
tt1343727
""
tt0318233
""
""
""
""
""
""
tt0245574
""
""
tt0046617
""
""
""
tt3181822
""
tt0107564
tt0131179
tt0088863
tt0347246
tt6452574
tt0294002
""
tt0120623
tt2358911
""
tt7961060
tt17724102
tt0328622
""
""
""
""
""
""
""
""
tt7131622
tt7073522
tt1598642
""
tt0427392
""
""
tt0414055
""
tt2013293
tt0243558
""
""
tt0389328
""
""
tt25375256
""
""
tt1423894
tt0309626
tt1132620
tt13078824
""
tt1527186
tt10288566
tt3632248
""
tt6885002
tt1407972
tt0120685
""
""
""
tt0478016
""
""
""
""
tt1976014
""
""
""
""
""
""
tt0159876
tt1911658
""
""
tt0120863
tt0176948
tt0125622
""
""
""
tt1046163
""
tt0110632
tt0085267
tt1754300
""
""
tt0422401
tt0878804
""
""
tt0112864
tt0163978
tt1068680
tt0120762
""
""
""
tt0988047
tt2937696
""
tt0402158
tt14215900
tt1536537
tt2660888
tt4642192
tt0177446
""
""
""
""
tt0292429
tt0165507
""
tt0365125
tt0389860
tt1630506
tt0092400
""
tt0450278
""
tt0168509
tt7638348
tt0113149
""
tt1016150
""
tt7740510
""
tt1413495
tt7375542
tt0108977
tt0303461
""
""
tt27587485
tt0251447
""
""
""
""
tt2543328
""
tt0128853
tt0119738
tt0171433
tt8634332
tt0109331
""
""
""
tt1107850
tt0109324
""
tt2906216
""
""
""
""
tt0095776
tt0276919
tt0118435
""
tt0247948
tt1563738
tt1877832
tt1119176
""
tt0278504
tt0286486
tt0340163
tt1041829
tt1429449
tt1464540
""
tt0418873
""
tt0092086
tt0407304
""
tt0116529
tt2194499
""
tt1629757
tt0093605
""
tt0097742
tt0105150
""
tt1190536
tt1217209
tt2194499
tt6771480
""
tt1583420
tt0855850
""
""
""
""
""
tt10540120
tt0481581
""
tt7875794
tt1223968
tt1413495
""
tt0362270
tt0084707
""
tt2950242
""
tt5226984
tt7405458
tt0248770
tt0497941
""
""
tt0874608
tt0248667
""
tt0094980
tt1747463
tt0349903
""
""
""
tt0361925
""
""
""
""
tt0238784
tt5638642
""
tt0364845
""
tt0120679
tt4244994
""
tt0899216
tt0447819
""
""
""
tt2787918
tt0110527
""
""
tt0470991
tt0135790
""
""
""
""
tt0406222
""
""
""
""
tt0111282
tt19847976
tt0912950
tt1691593
""
""
tt0078638
""
tt4272866
tt1155652
tt4299890
tt0460651
""
tt0410975
""
tt1176096
tt0138677
""
""
tt1091191
tt0285492
tt14753612
""
tt2392846
tt0455944
tt0387658
tt0227538
tt0462160
tt1149608
tt1856010
tt3703806
""
""
tt1504320
tt1366344
""
tt4895394
tt1655441
""
""
tt0120772
tt2082415
tt0366174
""
tt0219822
tt0896872
tt0102138
""
tt5153236
tt4374208
tt0167260
tt1753693
tt0260662
tt0120574
""
""
""
tt0439817
tt0072554
tt1083456
tt0124718
""
""
tt9429690
""
tt0056758
""
""
tt9318772
tt0290966
tt0142236
tt6473344
tt0249008
""
""
""
tt0904127
tt0409847
tt1833116
""
tt2088003
tt1174732
""
""
tt0119196
tt2274492
""
""
""
""
tt0117918
tt1839497
tt0265298
""
""
tt0109686
tt0796366
tt12908464
tt1740718
tt0102875
tt0162212
""
tt0094473
tt0094484
""
tt5363918
""
tt0959086
""
tt1130080
""
""
""
tt0136423
tt0367959
""
tt7014748
tt1636691
""
""
""
tt4272866
tt0189254
""
tt2178941
""
tt0409182
tt0372588
""
tt0299977
""
tt0281471
tt0167257
""
""
tt1798684
""
""
tt1877832
""
""
""
tt0970416
tt5798432
tt0369610
tt8790086
tt0069888
""
tt0291337
""
tt0458525
tt6517918
tt0205700
""
""
tt0329101
tt0353737
tt4244994
tt1053424
tt0819853
""
""
tt4831286
""
tt0297884
tt2229129
""
""
""
""
""
tt0365686
""
tt1210166
tt8111088
tt0397892
tt0216216
""
""
tt0113376
tt4982870
""
tt1609495
tt0097757
""
tt0080546
tt0105417
""
tt0118665
tt0465502
""
tt2015298
tt0195462
tt11466222
tt0363485
""
tt0116908
""
tt0189998
tt0295498
tt3766376
tt4191638
tt0360717
tt1105301
tt0450897
tt1617661
tt0099348
tt10562854
tt0272020
tt0117585
""
""
tt0795368
tt0360486
""
""
tt0218817
tt0093605
tt0343818
""
tt9849210
""
""
tt3729144
""
""
tt0291943
""
tt1959490
""
tt0401488
""
""
tt0172495
""
tt13175334
tt5034838
tt15365726
tt0415863
""
tt1363490
tt0487942
tt0463398
tt12663250
""
tt0186895
tt1706620
tt0100240
tt0091777
""
tt0317198
""
""
""
tt1114677
tt0116409
""
""
tt1779569
""
""
tt0270980
tt0115438
tt0356470
tt2848252
""
tt9286542
tt0365653
tt0094137
tt3670742
""
""
tt1853728
tt28262637
""
tt0109129
tt11203682
tt0085704
tt0437086
tt0399201
""
""
tt1307068
tt2170439
tt1027862
""
tt0227972
tt4191702
tt0111825
""
tt0120681
tt0120681
""
tt0089886
tt0340012
tt0106006
tt15782690
tt4954566
tt0483333
tt0309280
""
tt0078788
tt4048688
tt1486834
""
tt0112384
tt1959563
""
tt0250274
""
""
""
tt0421082
""
""
tt0298148
tt10313176
""
tt1289403
tt15430012
""
""
tt0108399
""
tt0116130
tt2527336
""
""
""
tt2827412
tt0319343
""
tt0229260
""
""
tt1270798
""
tt1074638
""
tt0112462
""
tt3850214
tt0083137
tt0815245
""
""
""
tt2170439
""
tt2261277
tt1157547
""
tt0206634
tt0100260
tt1836966
""
tt8518136
""
""
""
""
""
""
tt0109370
""
tt0120241
tt1291196
tt10128846
tt2100573
tt0088206
tt0094968
""
""
tt30475123
""
tt3606756
tt0474265
tt0414055
tt0985694
tt0119432
""
tt0120647
tt0811138
tt3240144
tt2401013
""
""
tt0159876
tt0448663
tt0161081
""
tt0113059
tt19853698
""
tt9165134
tt1666801
""
""
tt0117887
""
tt0436992
tt0465602
tt0098929
""
tt0112230
tt1192628
""
""
tt4167960
tt0460925
""
tt0258463
""
""
""
tt3638488
tt0944947
tt0098904
tt4192998
tt0176016
tt1436466
""
tt0468569
tt6704880
""
tt12325312
tt1291584
tt0115269
""
tt1259521
""
tt7798634
tt1637688
tt2529122
""
tt0412535
tt1201607
tt0110300
tt0267749
tt0311443
""
""
tt1877832
""
""
""
""
""
tt0118375
""
tt29344903
tt5883570
""
""
tt2106476
""
tt9169658
""
tt1835977
tt0168856
tt1756563
tt15074312
""
""
""
tt0183790
tt3722070
tt0119094
tt1584131
""
""
""
tt3501632
tt0240781
""
tt0107625
tt0298412
tt0085574
tt1634549
""
""
tt2113681
""
tt0150662
tt1675434
tt1340107
""
""
tt0216284
""
""
tt5078390
""
tt0386244
tt0099365
tt0080768
""
tt0963194
tt1759761
tt0272417
tt0395429
""
""
tt0414290
""
tt0213804
tt0332379
tt3142450
tt0448458
""
""
tt0806081
tt3848892
tt3949660
""
tt0382628
""
""
""
tt3774114
tt0247880
tt29439114
tt2262227
""
""
""
""
tt2348539
""
tt0138919
tt0195972
tt0156887
tt0462654
""
""
""
tt3491244
tt2290828
tt2113681
""
""
""
""
tt0208435
tt0139699
""
""
tt0183320
""
tt0094716
""
tt0116225
tt0121765
""
""
tt5061124
tt0482107
tt0382525
tt7583600
tt0074751
tt0131673
tt0081249
tt7105944
tt1023490
""
""
tt0108778
tt0380510
tt0337909
""
tt0295178
""
tt0247514
tt16358384
tt1843853
""
""
tt0112138
tt7043012
tt10676052
tt0185431
tt0948186
""
tt1433804
""
tt2071475
tt0800080
tt0156020
""
tt1953251
tt1430509
tt13802576
tt2198235
""
""
""
tt0107763
tt1173898
""
tt0326116
""
""
tt0399146
tt1340161
""
tt0112178
tt0258470
""
tt15495000
""
tt8695030
""
tt5093026
tt20216316
""
""
""
tt0424774
""
tt1039949
tt0415978
tt0295743
tt5960090
tt1266020
tt1606389
""
tt9185206
tt3300126
""
tt11951276
""
tt0452637
tt0127378
""
tt1119646
tt0093075
""
tt0117571
tt0229119
tt22781238
""
tt0102511
tt0091003
tt1758575
""
tt7251298
""
""
""
""
""
tt0133363
""
""
tt1798102
""
tt0366659
""
""
""
tt0988818
tt8404256
""
tt14371256
tt11027510
tt1783780
tt0965394
tt0114690
tt0169858
""
tt2942218
""
tt20561114
tt0448404
""
tt0165982
tt0800116
""
tt0173840
tt0408664
tt0108182
""
""
""
tt1730768
tt0113189
""
""
tt0157202
tt1560788
""
""
tt39228552
""
""
tt0228456
tt0091794
""
tt0120787
""
""
""
tt0265086
""
tt0116860
""
""
""
tt4444616
tt0292149
""
tt0479647
tt0120157
""
tt0086488
""
""
""
tt23317774
""
tt7205316
""
tt0134618
""
tt0102919
tt0178132
tt1215315
tt0462538
""
""
tt3751306
""
tt0887788
tt5362988
""
tt9318772
tt1321870
""
""
tt0284525
""
tt0465624
""
""
""
tt0963194
tt0307479
""
""
tt0317705
tt0337734
""
tt0125683
tt0399201
""
""
""
tt0458525
tt0095275
tt1596363
tt0475047
tt2557490
tt0095742
tt26940324
""
""
""
tt1706686
""
tt0199725
""
tt0110186
tt0960886
""
tt0095296
""
tt0095655
tt0415705
tt0337851
tt7335184
tt0119396
tt10962368
tt0091954
""
tt0248654
tt0094563
""
tt0228528
tt0118589
tt0120082
tt1223982
""
tt0251478
""
tt2301351
tt0113189
tt0284266
""
""
""
tt0317219
""
""
tt1758830
tt1122599
tt1911658
""
tt2302755
tt0243655
tt0185103
tt3973820
tt1666186
""
tt0090406
""
tt0424095
""
""
tt0097890
""
tt4209256
""
""
tt1756631
tt26547948
tt11081102
tt0259685
""
""
tt5779228
tt0369441
tt0289324
tt0338751
tt0756648
""
tt0265086
tt2179136
tt0120762
tt3954418
tt1757678
tt0267626
tt0368222
""
tt8378126
tt0125664
""
""
tt0090547
tt0171484
tt2928842
""
tt3240154
tt1929263
""
tt0376994
tt0369195
tt0119375
tt4176826
tt1130077
""
""
""
tt0190374
tt0118531
""
""
""
tt0242423
tt0108783
tt0491152
tt14761462
tt0018192
tt10426086
tt0901687
tt10932348
tt1515091
tt0213149
""
""
""
tt2120120
tt6538034
tt0758730
""
tt0114214
""
tt0158552
tt0134273
tt0170157
""
""
""
tt0091713
tt5952382
""
""
tt0081831
""
""
tt1469304
tt0178623
tt0221762
tt2844798
""
tt0102087
""
""
tt0229340
tt0247079
""
tt14865358
tt0111282
tt0363771
""
tt1033643
""
tt0106375
""
""
""
tt0454987
tt1975839
tt0102926
""
""
tt0464196
""
""
""
tt0096597
tt0396184
""
""
tt2118648
tt1872319
""
tt0120422
tt4627104
tt27757500
tt6830412
""
tt1808331
tt3332064
tt0477507
tt0118685
tt0326306
""
tt0108929
tt0253665
tt0258463
""
tt0106660
tt0088184
""
tt6334354
tt0479528
tt0118972
""
tt0251469
""
tt1355630
""
tt0412536
tt0800080
tt0109765
tt2788316
""
tt0119422
""
""
""
tt0363971
tt35286242
""
""
tt1622555
""
""
""
tt7646322
tt2093462
""
""
tt0115062
tt1599348
tt0308793
tt26439764
""
""
""
""
tt0104997
tt0106079
tt0140379
tt0118487
""
""
tt0830515
""
""
tt0164184
tt1690389
tt0101765
tt1737272
""
tt0056758
""
tt0106151
tt1853728
""
tt3672742
tt1440129
tt0303785
tt0329774
tt0099088
tt0472198
tt13605284
tt0443456
""
""
""
tt0090633
""
""
tt0160504
""
""
tt0349903
tt8041658
""
tt0112124
tt0242888
tt0188583
tt0368530
tt4902904
""
""
tt0305632
tt11473680
tt0423977
tt0367279
""
tt0491152
tt0068069
tt5607096
""
""
""
""
""
""
tt0449467
tt1844624
""
tt0115571
tt0117913
tt1562872
""
tt0318155
tt2295953
""
""
""
""
tt0236027
""
tt0445114
""
tt0790477
tt0107206
""
""
tt0132910
tt0109865
tt1858561
""
tt0327344
tt0167137
""
""
""
tt1244588
tt0120693
tt0154420
""
""
tt1629747
""
""
tt1399103
tt0088586
tt0158621
tt1000768
""
tt0056751
""
""
tt1526318
tt0132910
tt2906216
tt0102057
tt0114664
tt0302447
""
tt28523129
tt2304933
tt1728102
tt8068712
""
""
""
tt0119720
tt2327714
""
tt1258189
tt0859765
tt4379800
tt0769507
""
tt2679576
tt0246460
tt4364194
tt1127715
""
""
tt5052474
""
tt7312266
tt1158788
""
tt0865554
""
tt13715448
tt6878038
tt15484476
tt1244754
""
""
tt3440298
tt11803696
tt0247096
tt1815862
tt0098253
""
""
""
tt0100114
""
""
tt0091584
""
tt0095372
""
tt1233192
tt0149431
""
""
tt1091722
""
tt0236027
""
""
tt0274518
""
tt0375100
tt0102433
""
""
""
tt0419925
tt0251160
tt3480822
tt1188996
tt0450314
tt0416706
tt1291150
tt0096642
tt0115341
tt0227173
tt0451279
tt0120915
""
tt1118649
tt0119288
tt0346222
tt1018820
tt1883221
tt0131436
""
tt0460792
""
tt0096542
""
tt0107563
tt0486551
tt0827735
""
""
tt0910865
""
""
tt0138956
tt0429589
tt1217613
tt0475276
tt2578622
tt4477536
tt1205489
""
tt0432021
tt0437072
""
tt1469304
""
tt1844624
tt4477536
tt9304350
tt1684721
tt0120467
""
""
""
""
tt1540996
""
""
tt1727899
tt0871426
""
""
tt0114069
tt21301418
""
tt0317219
""
""
tt0096921
tt4519400
""
tt0096579
""
tt15939198
""
""
""
tt0406816
tt0161457
""
tt2222042
""
tt0203536
""
tt1680140
tt0110835
""
tt10091530
tt1387290
""
tt0117522
tt0393109
tt0110442
tt1374904
tt0077597
""
tt3040964
tt2805096
tt0906840
""
""
tt0119654
tt0096677
tt0161233
""
""
""
tt0387955
tt0174508
""
tt0096686
""
tt1285009
""
""
""
tt0075860
tt0316732
tt0382932
tt0476922
tt0110001
""
tt1051263
tt1993355
tt0168350
tt0251446
tt1192628
tt7635308
tt9742588
""
tt0478813
tt24169886
""
tt0073011
tt21626942
tt0101605
""
""
""
tt0318443
tt1653002
tt1663202
""
tt0099487
tt0123346
tt0103786
tt0250720
tt0057755
tt0884732
tt0297626
""
tt0107302
""
""
tt2319580
""
tt0349903
""
tt0159876
""
""
""
tt14583892
tt1007029
tt0115798
tt2359704
""
tt0144117
tt0167190
""
""
tt3062096
tt0115351
tt0120032
""
tt0426883
tt0342505
""
""
tt0112384
""
""
tt7203552
""
""
tt0787985
""
""
tt0202989
tt0160862
tt1586265
""
tt6095472
tt2191178
tt0398546
""
""
tt2303367
tt0844286
tt0167261
tt3606756
""
""
tt0191397
tt0210070
tt1155056
""
""
tt0183649
tt0101912
tt0368530
tt0092455
tt0445922
tt0093296
""
""
tt3872778
tt0320052
tt0274309
tt1405406
tt0934814
tt0964517
tt0446755
""
tt0250023
tt8005118
""
tt0367631
""
tt0159587
tt1065102
""
tt8880922
""
tt0215750
tt0281924
tt0147757
tt29232158
""
tt0143914
tt0205688
tt0119809
""
""
tt0107206
tt0204640
""
tt6343314
tt0265118
""
""
tt1937390
tt5663062
""
""
""
tt0486585
tt2106361
""
tt0094118
""
tt0790724
""
tt4083080
""
tt0172061
""
tt0115288
tt0120609
""
""
tt0367371
""
tt6452574
tt8765164
tt0800956
tt0111143
""
tt2796678
""
tt0131190
""
""
""
tt0105097
tt15845412
""
""
tt0386741
""
""
tt0406740
""
tt0120655
tt0910812
tt0426592
tt0291265
""
tt1217613
tt0088247
tt0172049
tt0117723
tt0092325
tt0094137
""
""
tt0113957
tt0096969
tt0396652
tt0411004
tt1345836
tt14681596
""
""
tt0132347
""
tt1107845
""
""
tt38179902
""
""
tt0409459
tt13369836
tt2368619
tt0856127
tt0157411
tt0282790
tt0310280
tt3501416
""
tt2357377
tt0076009
tt0141006
""
tt2513058
tt0120218
tt0460665
tt12361974
""
tt0138220
""
tt0116744
""
""
tt0084827
""
tt26693652
""
""
""
tt2304933
""
""
tt0796366
tt0343660
""
tt28945425
tt5082418
""
""
""
""
tt19895576
tt3342990
""
tt0396171
""
tt6365896
""
""
tt2543164
tt2093689
tt2085059
tt10851466
tt0382330
""
""
tt8451932
""
tt0347016
""
tt0126034
tt1745960
""
tt0326640
tt2016894
""
tt0208911
""
tt10288566
""
tt0445070
tt0418455
tt1894509
tt0795392
tt33244550
tt1174730
tt24248114
""
""
tt0287641
""
tt8706988
""
""
""
""
tt0844441
""
""
""
""
""
tt1149608
tt7839456
""
""
tt0372183
""
tt0135790
tt1425624
""
""
""
tt0327344
""
tt2051178
tt0147800
tt0802983
tt0398563
""
""
tt23630030
""
tt2503944
""
tt0081859
""
tt1691917
""
""
tt0435770
tt0108757
tt6356576
tt1340138
tt0118480
""
""
""
tt0844471
tt2186715
tt1649419
""
tt3079380
tt0107978
""
tt0103157
tt0297284
""
""
""
tt0234829
tt6470924
tt5774060
""
tt0316975
tt3775202
tt0094625
""
tt6905756
tt0377981
tt1071881
tt0976064
tt1487118
tt0297162
""
tt1337487
tt0115320
tt0160706
tt0231971
tt11851548
tt0092325
""
""
""
""
""
""
tt0144117
tt4019560
tt5743796
tt0317219
tt0327137
""
""
tt0202236
tt2572632
tt0472033
""
tt0104652
""
tt0810827
tt0425637
tt1596343
tt7542154
tt1035730
tt0420502
tt0274959
tt1403177
tt3881026
""
""
tt2022582
""
tt6110648
tt0219653
""
tt2870648
""
tt2130120
tt0114321
tt0765425
tt4466330
tt0386676
""
tt7942804
tt8976664
tt6226232
""
tt0367027
""
""
""
tt1815862
""
tt0268380
""
tt18266584
tt7027278
tt7431594
tt9248940
tt0451833
""
tt4900716
""
tt1275863
tt1024943
""
""
""
""
tt0247134
tt4065552
""
""
tt0959342
tt0112712
tt3727306
""
tt0370821
tt0288793
tt0815190
tt0283524
tt0146882
tt7713068
tt0109707
tt0065272
""
""
""
tt0480249
tt0416449
""
""
tt0200550
tt6304968
tt0258883
tt10254550
tt4061010
tt9141320
tt2113681
tt0095193
tt0952640
""
tt0305000
tt9049042
""
tt0120903
tt0082979
tt3362590
tt0158659
tt6461676
tt1600194
tt0390463
tt4829796
tt0253839
""
tt0495024
""
""
""
tt0289825
tt7766378
""
""
tt0119707
""
""
tt14948432
tt0085244
tt0268405
tt0092467
""
tt2023587
tt0352248
""
""
""
tt0293416
tt3322420
tt0348505
""
tt2109290
tt4016454
tt0295701
""
""
""
""
tt0446055
""
tt0103772
tt1285009
tt0404364
tt22398846
tt0228786
""
tt0102170
tt0080158
""
tt0106582
tt1333622
""
tt1525916
""
tt6587046
""
tt7704290
tt0379139
tt1613027
""
tt0112750
""
""
""
tt0270882
""
tt0202677
tt2479478
tt0364829
tt0120004
tt0111987
""
tt0364845
tt0422720
tt0317248
""
tt2049403
""
""
""
""
""
tt1877740
""
tt0338013
tt8009428
""
tt0158811
tt2279922
""
""
""
tt0111019
tt1288376
tt0154420
tt2216854
tt9903968
tt5222918
tt2378177
""
""
tt0116752
tt3577684
""
""
""
tt0120873
tt2906216
""
tt1369667
""
""
""
tt0088928
""
tt0104652
""
tt1219827
tt0138919
tt0243558
""
tt1028528
""
""
tt0485985
tt0044265
""
tt0094540
tt2355844
""
""
tt4236770
""
tt1965057
""
tt3921076
""
tt12497014
tt13932844
""
tt5580390
tt0467167
""
""
tt0062595
tt0116064
""
tt19866966
tt0235952
tt2284141
""
tt0432282
tt0470153
""
tt6565702
""
""
""
""
tt0082801
""
""
tt0092410
""
tt0209582
tt0398286
tt0258578
tt0441773
tt0098319
tt4196776
""
tt5683716
""
tt0202724
tt0271263
""
tt1770685
tt4425200
tt1860238
tt0102803
""
tt0831387
tt0429591
""
""
""
""
tt15105094
tt1724700
tt0835834
tt3138104
""
""
tt4711356
tt0471711
""
tt0089489
tt0335126
""
tt0118300
""
tt0319963
tt1111422
""
tt0327679
""
""
tt1386703
""
tt2197893
tt0240515
""
tt1449283
""
tt1447500
tt0120728
""
tt0170016
""
""
""
tt0069658
""
tt5785166
tt0249538
""
tt0826760
tt0181334
tt3387648
""
""
tt9077530
""
tt0477392
tt0489664
tt0393162
tt0416212
tt0956285
tt0368494
""
""
tt0115332
tt0117831
tt0341692
tt0116629
tt0119643
tt36107844
""
tt1606378
tt0114148
tt0295620
tt0405743
""
tt0838800
""
tt1985949
""
tt0191754
""
tt0928173
tt1388589
tt1567432
tt0325805
tt0351283
""
""
""
""
tt0995039
tt6189022
""
""
tt0116830
""
""
""
tt5214000
""
""
""
tt0257324
""
tt0157079
tt13722764
""
tt0182576
tt1670345
tt0104040
""
tt0104187
tt0342213
tt6533468
tt0421054
""
""
tt1721494
tt1141270
tt2072193
""
tt0221186
tt0190398
""
tt0043214
tt1289406
tt1663202
tt2626460
tt0103491
""
""
tt0088512
tt0082660
""
""
tt7737800
""
""
tt0166842
tt0112819
tt0240409
""
tt3826392
""
""
""
tt1598822
tt12636872
tt0399485
""
""
""
tt0143047
tt0122332
tt12304420
tt1545660
tt0075488
tt0092241
tt0477042
tt1602098
""
""
""
""
""
tt1655460
tt15792060
tt0338526
""
""
tt1865505
tt0112642
""
tt0215673
""
tt0044265
""
tt0276919
tt0116213
tt0111503
tt0250494
tt1002966
""
tt0096606
""
""
tt0109440
tt0228508
""
""
""
""
tt7401588
tt0926174
""
tt0104473
tt0106172
tt38691344
""
tt0338077
""
""
tt3158294
""
tt1707386
""
""
""
tt1182860
""
""
tt0480687
tt1017460
""
""
tt0213149
""
tt3551096
""
tt3471098
""
tt0780536
tt0086337
tt0091790
tt6924650
""
tt0097027
""
tt0300471
""
""
tt0118843
tt0295427
""
tt13918776
tt0463872
""
""
""
""
tt0243595
tt6723592
""
""
tt0097165
tt0274812
tt0099753
""
""
""
""
tt0275848
tt0158622
tt0115279
""
tt31806039
""
tt5135336
tt0098642
tt4955642
tt1645170
tt0464154
""
""
""
tt0348150
tt2338151
tt0278291
tt1758595
tt2016894
tt14993250
tt0117603
tt1188996
tt0369610
tt7721800
""
tt3089630
tt0373469
tt0248185
tt2176013
tt0053494
""
tt0443104
tt27922706
""
tt2946670
tt1368440
tt0171957
""
""
tt0466460
tt0420332
""
""
tt0332960
tt37304552
""
tt0114496
""
tt2244077
tt0357169
tt0805326
""
tt0442837
""
tt0112039
tt0073960
tt0105391
tt0161081
""
tt0450259
tt0317198
tt1907668
tt0098929
""
""
""
""
tt0217505
""
tt0848228
tt0256341
tt0417225
tt1411966
""
tt0773262
tt6616260
""
""
""
tt0117876
""
tt3263614
""
tt12872794
tt0112056
tt0267151
tt0455275
tt0284674
""
""
tt0289286
tt0115963
tt1646225
tt0276650
""
tt1100089
tt0475612
tt6781982
tt0362590
tt1349856
tt0320000
tt0326697
tt0090888
tt0118539
""
""
tt0384286
tt0107206
""
tt2390334
""
tt3303730
""
""
""
""
""
""
""
""
tt0456912
""
""
""
""
""
""
""
""
tt1527793
""
""
""
""
""
""
tt0307213
tt1565810
""
tt1596350
""
""
""
""
tt1334260
tt0388500
""
""
tt1477109
""
tt0250323
""
""
tt3272066
tt2139563
""
tt0120623
tt0115167
""
tt0230025
tt0313043
tt1829744
""
""
tt2794380
tt1408430
""
tt1527675
tt0772202
tt2333784
tt0258470
tt28093628
tt2345481
tt1714209
""
tt0397078
tt0381707
""
tt2015381
tt1528071
""
tt0262151
tt0373645
tt0374853
tt0434672
""
""
tt13382120
tt26591110
tt0113409
tt1386588
tt0795176
tt0094481
""
""
tt1951265
""
""
""
""
""
tt0089963
tt7572986
tt0874686
""
""
tt0118421
tt0137079
""
""
tt0162065
tt3689808
""
""
tt0156038
""
""
tt5788792
""
tt0811080
tt0307483
""
""
""
""
""
tt0405841
tt0125022
""
""
tt0199733
""
""
tt0417217
tt0162710
tt1640680
""
""
tt0108944
tt0219854
tt0116683
""
""
""
""
tt0432021
tt0460091
""
tt0101329
tt0461727
tt0091954
tt4866982
tt0482128
tt0115105
tt0800080
tt2122313
tt0347246
""
""
tt1924396
""
tt1453262
""
""
tt14723224
""
tt2582576
""
tt6423886
""
""
tt0255198
""
""
tt0399102
tt39338475
tt0780608
tt0096969
tt0312098
tt31844586
""
""
""
""
""
tt0445024
tt5615292
tt6485928
""
tt0099334
""
tt0264464
tt0110791
tt0369195
tt2611652
tt17595262
""
tt6367940
""
tt9272572
""
""
tt4937942
""
tt0117077
""
""
""
""
""
""
tt1544600
tt0848613
tt0116778
tt14470070
tt30216176
tt10165608
""
tt0111143
tt0120461
tt0439572
tt6208148
""
tt13229294
""
""
""
tt0261476
""
""
""
tt15839512
tt0170982
tt0489099
""
""
tt1132593
""
""
""
tt7574556
tt1182899
tt0402022
""
tt13099426
tt0937378
""
""
""
tt0144296
""
tt1078929
""
""
""
tt10838180
tt1343097
tt0229563
""
tt1083444
""
tt9894440
tt0114906
tt10463720
tt0960790
""
""
tt0116287
tt0113737
tt0106926
tt0115285
tt5712680
""
tt1104001
""
""
tt7909878
tt3681610
tt1236350
""
""
tt1297828
""
""
tt2296682
""
tt0263728
tt0304141
tt0187393
""
""
tt0088161
tt1951266
tt0455782
""
tt1798108
tt0264213
tt0075488
""
tt0439815
""
tt0499554
""
tt34771202
tt0098900
""
tt0465436
""
tt21379282
tt0119683
tt1352824
tt2084970
tt4975722
tt1441135
tt0355898
""
tt0339230
tt1670632
tt0458525
""
tt0121765
tt7181728
""
tt0464049
tt6105098
tt6501976
""
tt0985049
tt0098913
tt0139006
""
tt6304046
tt0403702
""
""
tt11806034
tt0087280
tt0207198
""
""
tt0235737
""
""
""
""
tt0326905
""
tt3896016
tt1086280
tt0205451
tt1746088
tt0094433
""
""
""
""
tt3650290
tt2947142
""
tt9612028
""
""
tt0413300
""
tt3203620
""
""
tt3682448
tt0275254
tt0110989
""
""
""
""
""
tt0270288
tt0311429
tt8364368
tt0337697
""
tt2205401
tt0425061
tt0128007
tt0339736
""
""
""
""
""
tt0117060
tt8415832
tt0379786
""
tt0169299
tt4129004
""
tt0460688
""
tt0103484
tt0227956
""
""
tt0107943
""
tt6526078
tt0974536
tt0151738
""
""
""
tt0307488
""
tt0112553
""
tt0363363
tt6718170
tt0311364
tt14418052
tt0096945
""
""
tt0203259
""
tt0139151
tt8000718
tt0480498
tt0119311
tt0338466
""
""
""
tt0120338
tt4024546
tt5695672
""
tt0213149
""
""
tt0235497
tt1493274
tt5607714
""
""
""
""
tt0103586
""
tt2103085
tt0319343
""
""
""
""
""
tt6982472
tt0156887
tt1698007
tt0384504
tt1261051
tt3293184
""
tt2718492
""
tt0112442
tt3062880
tt3250026
""
tt1991245
""
tt2139881
tt1468387
tt7979580
tt0237687
""
tt1267314
tt0239020
""
tt0112012
tt0388473
tt2149053
tt2352230
""
tt0105121
""
tt0120188
""
""
tt1211956
""
tt0119592
tt0158302
""
tt1144488
""
tt1318514
""
""
tt0209557
tt1194173
""
tt0783570
""
""
tt23736044
""
tt0114148
""
tt1234721
""
""
tt0212395
tt22444874
tt0252223
""
tt1272878
tt0164912
tt1276419
tt0213790
tt0215139
""
tt0065272
tt0103341
tt1167599
tt1441219
""
""
""
tt0081283
""
tt1966566
tt12374656
tt0087544
""
tt1343092
""
tt0822854
tt3566834
""
""
tt2343617
tt1692202
""
tt1757939
""
tt11947264
""
tt4419726
tt5907796
""
tt0204993
""
tt39312094
tt0237901
tt0440003
tt0416362
""
""
tt4703684
tt0293018
tt0472536
""
tt1282152
""
tt2241351
tt4065552
""
tt0120067
tt21031054
""
""
""
""
""
tt10078462
tt0418887
tt0398602
""
""
""
tt1993411
tt0105919
tt2873282
""
""
tt0209163
tt0312700
""
tt0377100
""
""
""
tt14998742
""
tt0962826
tt32820897
tt2359704
tt0806027
tt0109456
""
tt2582846
""
""
tt5918926
tt3175632
""
tt1785365
""
tt0088009
""
""
tt0101252
tt0472754
tt0190506
""
tt11744432
tt0780521
""
tt0342735
""
""
""
tt3052798
""
tt0934706
tt1486185
tt4565520
tt0338337
""
""
tt0160277
""
tt0107977
""
tt0310068
tt0105616
""
""
tt9075716
tt0079833
tt0367959
tt0924129
""
tt0299658
tt0082406
tt1648190
""
tt6658268
""
""
tt0462295
tt0287978
tt0780362
""
tt0120569
tt1403214
tt1452297
tt0364970
tt0298903
tt2790236
tt1152398
tt0105698
""
""
tt0309916
""
tt3397884
""
tt0146516
tt0156942
tt10397306
tt2719094
""
""
""
""
tt0183869
""
tt0317919
""
tt0975676
tt0806901
""
tt0816692
tt0264616
tt38359306
""
""
""
tt0456106
""
tt0100585
""
""
""
tt3140100
tt0120595
tt0112442
tt0090021
tt0493464
tt0080746
""
tt2193041
""
tt0826760
tt7095194
tt0240890
""
tt1016150
tt0096684
tt0103449
""
tt0220283
tt1282140
tt0357507
tt5723272
""
tt7019942
tt0355914
""
tt1688612
""
tt0342492
tt0115119
tt4003440
tt4351544
""
tt2022901
""
""
""
""
tt6226232
tt0243017
tt0248409
""
tt26733469
""
""
tt0230011
""
tt0858479
""
""
""
tt0129167
tt5462886
tt0284816
""
""
""
tt0398712
tt5815494
""
""
tt0396864
tt0137363
""
tt2334429
tt1072695
tt0265459
""
tt1598867
""
tt31923069
tt0282950
""
""
""
tt0100240
""
tt1299440
tt3638488
tt0462538
""
tt0280760
tt1937390
tt14388612
tt15460742
tt0219965
tt0401073
""
tt0083305
tt1247690
""
""
""
tt15255876
tt0120601
""
tt0323458
tt8714904
tt0110475
tt0169863
tt1348318
tt0074652
""
tt1070767
""
tt2493486
""
tt1825133
tt13679280
tt1135092
tt0979432
tt0813547
""
""
tt2101441
tt4193400
""
tt0177242
""
tt1045658
tt0196158
tt0118604
tt0347618
""
""
""
tt17162524
tt0247303
tt1638062
tt1833090
""
tt0119510
tt37365626
""
""
""
tt0780571
""
tt4935200
tt0222012
tt0499375
""
tt5165344
tt1586680
tt1156148
""
tt15373558
tt10362466
""
tt0077076
""
""
tt0120855
tt4196776
""
tt0880502
""
""
tt8041270
""
tt0092149
tt0780521
tt0795174
tt38502635
""
""
tt2392326
tt0399295
tt1784086
tt0491073
tt0098112
tt1381065
""
tt3674410
tt1536487
""
tt1517260
tt10298840
""
tt0366848
""
""
tt23736044
tt32828123
""
""
""
tt1171701
""
""
tt0238380
tt0110763
tt5171438
tt0071007
tt5606664
tt0120632
tt0208003
""
""
tt0258552
tt11041332
""
tt0139774
tt2278468
tt0439100
tt9073940
""
""
""
tt16427718
""
tt0379865
""
tt0203166
tt0111143
tt16358384
""
""
""
tt0409904
tt0116282
tt3065666
tt6263302
tt0115228
""
tt5893264
""
""
tt0218080
""
tt0108238
tt0308383
""
""
""
""
tt0293662
tt8119680
""
tt1674771
""
tt1545660
tt1430615
tt1596350
tt2203927
""
tt1972843
tt33305572
tt0285861
tt7183578
tt0095403
""
tt0293660
""
""
""
tt0117913
tt6660418
tt0321021
tt1609808
tt1190080
""
""
tt0134273
tt1645131
tt0119874
tt0111987
tt3566610
tt8648880
tt4433890
tt0351461
tt0896681
tt2113681
""
tt0239361
""
""
""
tt14962342
""
""
""
tt2112277
tt0401711
tt7984766
""
""
tt7679754
tt0826760
""
tt0107625
tt4201004
""
""
tt1125595
tt0085872
tt0337692
tt13392268
tt1454029
""
""
tt0204626
""
""
tt0277296
tt7760044
""
tt5212822
tt1167638
tt0103055
tt0787523
tt1355327
tt0108778
tt0415167
tt2877678
tt1156105
tt7368796
""
tt0265651
tt0260935
""
""
""
tt0381717
tt4687882
""
tt1453405
tt0467197
""
""
tt0364725
tt0463034
""
tt0116629
""
tt0124699
""
""
""
tt12174962
""
""
tt0115341
""
""
""
""
""
tt0345551
tt1060067
tt0105935
tt5526536
tt0443706
""
tt0472181
""
""
tt0114508
tt1700467
tt0099484
tt0119664
""
""
tt0386588
tt0094768
""
tt0362225
""
""
tt0088229
tt14378602
tt1253864
tt0115417
tt8933380
tt0773262
tt0338512
""
""
tt1146300
""
tt3180308
tt0116736
tt0213149
tt0438288
""
""
tt1559547
""
tt7414954
""
tt0203248
""
""
tt0104322
""
""
tt0343221
""
tt0103060
tt0144605
""
tt0120783
tt21264924
""
tt5209478
""
tt12749392
tt1820720
tt2345561
tt0291032
tt0118276
""
tt1201167
""
""
tt4218696
tt0161942
""
tt0385004
tt5813366
tt2063011
tt5758778
tt14713814
tt0338337
tt1075419
""
""
""
tt0112056
""
""
tt0273799
""
tt3276924
""
""
tt28104766
tt0120768
""
tt0425318
""
""
tt0112629
tt0443139
""
tt4421802
""
tt0433686
tt0225071
tt0243736
tt1201607
tt0118661
tt2085059
tt0106519
tt0455760
tt1502397
""
""
tt1997328
""
tt5846582
tt6838702
tt0244926
""
tt0053494
""
tt5342904
tt1440732
""
""
""
""
tt0120211
tt1512240
tt0437086
tt1194173
tt3896102
tt1132620
tt3502262
tt0844471
""
tt0113729
tt3739110
""
tt1706593
""
tt1688612
tt1727776
tt0109480
tt0088247
""
""
tt1415298
""
tt0466845
tt0163596
""
""
tt0325980
tt0364774
tt0098780
""
""
""
tt0113093
tt5164432
tt2310332
tt0090466
tt16527078
tt1487118
tt0115151
tt10371844
""
tt0113313
tt0387877
""
tt33484504
tt0439100
tt0113463
tt0086879
tt15340790
tt2551252
tt1334553
tt12749392
tt1838520
tt2140553
tt0110620
""
tt8479448
tt37541922
tt0119845
""
tt0806910
""
tt0162093
""
""
tt0175123
""
""
""
""
""
""
""
tt2017038
tt1840417
tt0264472
tt0106095
tt0463872
""
""
""
tt0117802
tt2647544
tt1519433
tt0939669
tt0126029
tt6604666
tt0386649
tt1562872
tt0167190
tt0104691
""
tt0103639
""
tt0192618
""
tt14230458
tt1149586
""
""
""
tt0112352
""
tt2452470
tt0110598
""
tt0376429
tt0265808
tt0421054
""
""
""
tt1981128
tt0338639
tt0115322
""
tt27928790
""
""
tt0100405
""
""
tt0185031
""
tt1225901
""
tt0156841
tt2077823
""
tt12883472
""
tt0122400
tt27811096
tt27811096
tt0826760
""
tt0217150
tt0097687
""
""
""
tt3638488
tt1714206
tt0088925
tt0416703
tt4677934
tt1529572
""
""
tt0993355
tt3174692
""
tt3509804
tt15783304
""
tt0313043
tt0270259
tt6473066
tt0365737
tt0271233
""
""
tt0164085
tt0137162
""
""
tt0116736
""
tt1412499
tt1714915
""
tt0116999
tt0122718
tt0166123
""
tt0913968
tt1487979
""
tt5215650
tt0911896
tt0825898
""
tt0163581
""
tt0286179
""
tt0460791
tt14841504
tt0155753
""
tt0112462
tt8790086
""
tt0086759
tt1702439
""
tt0110684
tt0486247
tt2463208
""
tt0105104
tt0367089
""
tt0494206
""
tt6341832
tt2172909
tt10275534
tt1485749
""
""
""
""
tt4176826
""
""
""
tt2426948
tt4165920
tt38452959
tt0203259
tt0086994
""
tt5968536
""
tt2270372
""
""
""
""
""
tt0302640
""
""
""
""
tt4532368
""
tt0081789
tt0412080
tt1148165
""
tt13479406
tt0889651
""
tt0206512
""
""
""
tt1015682
tt1734537
tt1314228
tt12084684
tt0105958
tt0106115
""
tt0217751
""
tt2106361
tt0468569
""
tt0110763
tt0135733
tt0083936
tt0080684
tt0080277
""
tt0119942
tt0266465
""
tt1229340
tt0318181
""
tt1246607
tt0485985
tt0205938
tt0134269
tt0278435
""
tt0095730
tt10834220
tt0247085
""
""
tt0493405
""
tt0112306
""
""
tt0990427
""
""
tt0098878
""
tt0086734
""
tt0244244
tt0177991
tt0138749
tt2275561
tt0084540
""
tt14243056
tt6521876
""
""
tt1325113
""
tt0291579
tt0467110
tt7991608
""
tt5271794
tt1070874
tt1119176
""
""
tt2474438
""
tt0116409
""
""
tt3281548
""
""
""
tt0947802
tt0106697
tt0489664
tt0101592
tt1727776
tt0411718
tt1190080
""
""
""
tt0118929
tt0472160
tt0454919
tt0937375
tt3811906
tt1798632
tt0081930
tt32359602
""
""
""
tt1711479
tt1245492
tt0264796
""
tt0119925
tt0283542
tt2398143
""
tt0387199
""
""
tt14142060
tt0350475
tt1043813
""
""
tt1728977
""
tt13660958
tt0932936
""
""
tt0465811
""
""
""
tt0103442
tt0102639
""
""
tt1772424
""
""
tt0108333
tt0280928
""
tt0119738
""
""
tt1634613
tt0250687
""
""
tt1270842
""
tt8434152
""
""
tt0910936
tt1087578
""
tt1588170
""
tt0219457
tt0247613
tt0266915
tt0486576
""
tt1518859
tt0382932
tt0093435
tt0144964
""
""
""
tt0406434
""
tt3091196
""
""
""
tt11833938
tt2417568
""
tt2306727
tt2805096
""
tt0109504
tt0210432
tt2059295
""
""
tt0338077
tt0346028
""
""
tt10919420
tt0445760
tt2625030
tt0280477
tt0115056
tt13217556
""
""
""
""
""
""
tt0293715
""
tt0475616
""
tt0109842
tt13622776
tt1441105
tt10731768
tt1741256
""
""
tt4465564
tt3231022
""
tt0157366
tt35231039
""
""
tt0260658
""
""
""
tt0093300
tt6905542
tt20258920
""
""
tt0185906
""
tt0208988
tt0184007
""
""
""
tt0343660
""
""
tt6339106
tt1259571
tt0107211
""
tt0190641
""
tt0211868
tt3040964
""
tt1020558
tt2806834
""
tt0103625
tt10540562
tt0822854
""
tt0126749
tt3780150
tt1656186
tt0114148
tt0806901
""
""
tt0243736
""
tt0081283
tt0119717
tt1170379
tt1954701
""
""
""
tt0107151
tt0248824
tt0264235
tt2728784
""
tt0305472
""
tt1510984
tt0360717
tt0445939
tt30221531
""
tt0787470
""
tt0125664
""
tt0315543
tt6806448
tt1412509
tt0082009
tt2042712
tt0183523
tt0160277
tt7285772
""
""
""
tt0364517
tt0113828
""
""
""
tt1466570
""
tt0445990
tt0234837
tt1514045
tt0125622
tt0211915
tt0424338
tt1344204
tt0122151
tt0375154
tt0298412
tt0859635
""
tt0385387
tt0119080
""
tt1535612
""
tt3487356
""
""
tt0157016
tt38342102
""
tt0099613
""
tt0319930
tt2339291
tt0264100
""
tt2552394
tt5437928
tt11464826
tt1700841
tt0350258
tt0238784
tt0077278
tt1155056
""
tt1748179
tt0320886
tt0085312
tt3101352
tt3468798
tt2364582
tt0160759
""
""
tt2751576
tt1244754
""
tt1626038
""
tt0373704
tt0115285
""
tt1833673
tt1531930
tt1321870
tt0203009
tt1436568
""
tt11771316
tt0422295
tt0141842
tt0092116
tt0948470
tt0119707
""
""
""
""
""
tt2171947
tt9028984
tt15539100
tt5688694
tt0477507
tt0478970
tt0335644
tt8111088
""
tt0158371
tt0203343
tt0119149
""
""
""
tt2333784
tt2094767
tt12830262
tt1544603
tt0095262
""
""
tt0114709
""
tt0327951
tt7368554
tt0159485
""
tt0105237
""
""
""
tt4235342
tt0167260
tt2707858
""
tt0116225
tt21191806
tt0106403
""
tt0318283
tt0367520
tt7163910
tt0112682
tt0379632
""
""
tt3604340
tt0205706
tt0300140
tt0293662
tt0349710
tt2341762
tt2490008
""
""
""
tt0119937
tt4024332
""
tt0095956
tt6111574
""
tt2935510
tt0808357
tt2083487
""
tt0162710
""
""
tt0094484
""
tt0094516
""
""
""
tt0099740
tt0494379
tt1200263
tt0102526
tt0120667
""
tt1495708
tt2455036
tt0086856
tt8772296
""
""
tt0796366
""
tt0942385
tt1526318
tt0291928
tt5860940
""
tt2191701
tt0097637
tt0119488
tt0120623
tt0120855
tt0277371
tt0454841
tt0362867
""
""
tt3322310
tt0408345
tt0087061
tt0102945
tt0103466
""
tt0150230
tt0120690
tt0372588
tt3734442
tt0208911
tt4449576
""
tt5195442
tt1591375
tt0806910
tt0385890
""
tt0407362
tt0101773
""
""
""
tt7203552
tt0118414
tt6922602
""
tt2275530
tt2463208
tt11729298
tt1319733
""
tt1375666
tt0963210
tt1396463
""
tt28366709
tt9032400
tt0319783
tt1078188
""
""
""
""
tt0457495
tt0095348
tt0116510
tt8750320
tt0424205
tt0120885
""
tt0337579
tt3487356
tt0116353
""
tt0265469
""
""
tt0119643
tt11702514
tt1180175
tt0106013
""
tt26350277
tt0241527
tt0810817
""
""
tt0090898
tt0092005
tt0384642
tt0115317
tt0069528
tt0084259
tt0397078
""
tt0191133
tt1661199
""
tt5162174
""
tt1641252
""
tt1848188
""
""
tt1817273
tt0456704
tt0116274
""
tt0287467
""
tt0119432
""
tt0865556
tt0184894
""
""
""
tt1517451
tt0208003
""
""
""
""
tt3529198
""
tt13253148
""
""
tt0086377
""
tt6478512
""
tt0112178
tt0194932
tt0342492
tt4714782
""
tt0109484
""
tt1204366
tt0999913
""
tt0282209
""
""
tt1556096
tt1474276
""
""
tt1266544
""
tt3713782
tt1663202
""
""
tt1731697
tt0395495
tt4815122
""
tt1135487
tt9323156
""
""
""
tt0138829
tt2089653
tt2297075
""
tt0137879
tt0359517
""
""
tt1686313
tt3743822
tt1413492
""
""
""
tt2210479
tt0443632
""
tt2852400
tt13372698
""
tt32264532
tt0192048
tt0451621
tt0120855
""
tt0120888
tt3359350
""
""
tt3560742
tt0790736
tt5433140
tt0768114
""
tt15808044
tt0165982
""
""
""
tt0835025
tt0280330
""
tt2303077
""
tt6156584
tt0429591
tt32139458
""
tt33336202
""
tt0118083
tt0498989
tt1164999
""
tt8244784
tt0300140
""
""
""
""
""
""
tt11806034
""
tt2011953
tt0382330
""
tt1289849
tt0486246
tt1951266
""
tt2711898
""
tt2118648
""
""
tt1119176
""
tt0469021
""
""
tt3491962
""
""
tt6696124
""
""
tt0093668
""
""
tt0817538
tt0115747
tt0262150
tt10986410
tt0116695
tt0093166
""
""
tt0085149
tt0120201
""
tt0096542
tt5581284
tt3659388
tt2870756
""
tt0112760
tt0105017
tt1268799
tt3981388
""
tt0364801
""
""
tt4236770
tt0096332
""
""
tt0499010
""
tt0173664
tt1195935
""
""
""
""
tt0100347
""
""
""
""
""
""
""
tt0163988
tt10551236
""
""
tt0441074
""
""
tt0078780
tt0197182
tt0097815
""
""
""
""
tt0266465
""
""
tt0119707
""
""
tt7401840
tt0254703
""
""
tt5833186
tt0377062
""
""
""
tt3620824
tt5926494
""
""
""
tt7546886
tt0465624
tt1213648
tt0281820
tt0279889
""
tt4714782
tt2201165
tt9077196
tt0098844
tt1258972
""
tt29225392
""
""
tt0449088
tt0478916
""
tt28484880
tt4052882
tt0085271
""
tt9115530
tt3560084
tt0101458
""
tt0185906
tt0069124
""
tt0878804
""
""
tt12412888
""
tt7322224
""
""
tt1077258
""
""
tt37693714
tt1984153
tt1878841
tt2518926
tt17054432
tt4451458
tt0319963
""
""
tt1229822
""
tt20768712
""
""
""
""
tt0119137
tt0090142
""
tt0829482
""
""
tt0104558
tt1462900
tt5640450
tt0465234
""
tt5460226
tt2121945
""
""
""
""
tt0129520
tt0118421
""
""
""
tt9365800
tt0117480
tt0095684
tt0056758
tt10178128
tt0100802
""
tt1670274
tt2305088
tt1024648
""
tt2017109
""
tt3920814
tt1776281
""
tt0830515
tt31036941
""
tt0090142
tt0082964
tt2034800
""
""
""
tt0103434
""
tt0205649
tt0182576
""
tt2732442
tt5198890
tt0110978
tt0172495
""
tt6398184
tt0107977
tt1596343
""
""
tt0289848
tt1525890
""
tt0115137
tt0897361
tt0358012
tt0393139
tt0319061
""
tt0112745
tt0387564
tt0109520
""
tt1762365
tt3333802
""
""
""
""
tt1746560
""
""
""
tt0120241
tt3843168
tt0080379
""
""
tt0285823
""
tt8064302
""
""
tt0383028
tt0144814
tt0101124
tt0171580
""
tt0266915
tt0947802
tt0217505
""
tt0098749
tt3099498
""
tt0107333
tt1657507
tt5755238
""
""
tt36623659
tt0116213
tt7547410
tt0219139
tt2837574
""
tt0162798
tt0106598
tt0330261
tt0473003
tt0100502
tt6839940
tt2176609
""
tt0090039
tt0478970
""
tt0231991
""
""
tt0103859
tt0116253
tt0231402
tt9362930
tt8291452
tt0443701
tt2294629
tt0288479
tt6048596
tt2928960
tt0100613
tt0312004
tt2294449
tt3475952
tt1843230
tt0409459
tt1480295
tt0276919
tt0099228
tt0768245
tt1937390
""
tt1981617
""
""
tt0120812
""
""
""
""
tt3810138
tt0069557
tt0137523
""
""
tt0163450
tt7255502
tt0282528
""
tt0058824
""
""
tt1024887
tt0283754
""
""
""
tt1251757
tt1343097
tt0160182
tt0150340
""
""
""
tt0113987
""
tt0947802
tt0092359
tt0120484
tt4699982
""
tt0275560
tt0129167
tt0282698
tt1683868
""
tt5034838
""
tt17014214
""
tt6251504
tt0160620
tt1560780
tt0112089
tt1355642
tt0456020
tt0191397
""
""
tt0103978
tt8038720
""
tt0365686
""
tt0780521
tt0118632
tt0094481
""
tt0300745
tt0418363
""
tt0159365
""
tt2741602
tt0106977
tt1655420
tt6682300
tt1513801
tt0187562
tt0499556
tt2431438
tt0108937
""
""
tt3894312
tt0785006
tt0415306
""
tt0090317
tt8888392
tt1964418
tt0133189
tt0095298
tt2442858
""
tt0439709
tt1413217
""
tt0096697
tt0457433
tt29553130
tt0400010
tt5983406
""
""
tt4636206
tt0844441
tt1663202
""
""
tt0309725
""
tt14190592
tt0100049
tt4236770
tt0362246
""
tt6166392
""
tt0211915
""
""
""
tt1714209
""
tt0099843
tt0112864
tt2574538
tt0097637
""
tt2652092
tt0188453
tt0322259
tt0454921
""
tt0342735
""
tt0356910
""
""
""
""
""
tt1545214
""
""
tt37181426
tt3704428
""
tt0386590
tt15464982
tt0140749
""
tt1285241
""
""
tt0367652
tt0382943
""
tt0289587
""
tt0250494
""
tt1856080
""
""
""
tt0117420
tt0159273
tt0285333
tt0217224
tt2177268
""
tt4555426
tt0316356
""
tt5433138
tt2404435
""
tt1368863
tt0170407
""
""
""
tt2166160
tt0099938
""
tt0795493
""
tt2494834
tt11307814
tt0119495
tt2191671
tt0228871
tt3157466
tt0342771
tt0785002
""
""
""
""
""
tt7024282
""
tt2372220
""
""
""
tt3500508
""
tt0115369
tt0111987
""
tt0084967
""
tt0316613
tt0413300
tt0099819
tt0999913
""
tt0175038
""
tt0095752
tt0398075
""
""
tt0104850
""
tt5000250
tt15469820
tt10761694
tt7456722
tt1560220
""
tt0496424
tt0250494
tt4154756
tt0271031
tt13667622
""
tt0106079
""
""
""
tt0160182
tt0273719
""
tt4227386
""
tt0113243
""
""
""
tt0203259
tt1641384
""
tt5171500
tt5113044
tt0183649
""
tt9902160
""
tt5420376
""
tt1092026
tt0080656
tt9902160
tt27045400
tt0305011
""
tt0258463
tt0375735
""
tt0236027
tt6386748
tt0383216
""
tt0217630
tt0256380
tt0859635
tt1525826
tt0448115
""
""
tt0844894
tt0103442
tt0844019
""
""
""
tt0845470
""
tt18970380
""
tt0167260
tt0300532
""
""
""
""
""
tt0210915
tt0184216
tt0211103
""
tt0181853
tt0397582
tt1139666
""
""
""
tt3779580
tt12361974
tt0204709
""
tt0086734
""
tt0168629
""
""
tt6205766
""
tt15025142
""
tt0344510
tt0382330
""
tt1951265
""
""
tt8093700
tt0311113
tt1978524
tt1517205
tt0091060
""
""
tt2125496
tt3278416
tt0132910
""
""
""
tt1650554
tt11967116
tt3508050
""
tt0090233
tt0396269
""
tt0128278
tt0169880
""
tt0113845
tt0460681
tt0488903
tt11547014
""
""
tt3416744
tt0098773
""
""
""
tt0787523
tt0227984
tt10548174
""
tt0183696
tt0133157
""
tt2763304
tt0473705
""
tt0490181
tt0285161
tt1798709
tt0113862
tt13834006
tt0414387
tt0094176
""
tt2557490
tt1392170
tt0102494
""
""
""
tt5339440
tt3408646
tt13794012
tt0242193
tt0381061
""
tt8367814
tt0492044
tt1632701
""
tt0212686
""
""
tt0295552
tt4622512
tt0450259
tt0119310
tt0303714
""
tt0170016
""
tt0308772
tt0338526
tt2085059
tt1470023
tt0466816
""
""
""
tt0093044
tt0116552
""
""
tt1041829
tt0160289
""
tt0317364
tt0421082
tt0435995
""
tt1334274
tt1142977
tt0391908
tt0401855
""
""
""
tt0258470
tt2446040
""
tt13352968
""
""
tt0446532
tt1095199
tt3230854
tt0250494
tt6257298
tt0098771
tt10964186
""
tt0229260
tt0117482
""
""
tt1374944
tt0462538
tt5193358
tt1895587
tt0976238
tt0149460
""
""
tt3327624
""
tt0116908
""
tt0203940
""
tt0102011
tt0904128
""
tt8688634
""
tt0386792
""
tt1661199
""
tt0076759
""
tt0294349
""
tt1308728
""
tt5310090
tt5578722
tt0185906
tt0852713
""
""
tt0363547
""
""
""
""
tt0141109
tt0297721
tt1392190
tt2343739
""
tt0222588
""
""
tt0279783
tt0475944
tt0119405
tt0408790
""
""
""
tt0120903
tt0109830
""
""
""
tt4016454
tt0114558
""
tt0448564
""
tt15196138
tt2829078
tt0224086
tt0375219
tt0392838
tt0102418
tt3020238
""
""
tt0288045
tt0481459
tt0296572
tt1332134
""
""
tt1514041
""
""
""
tt5511582
tt9204146
tt5421146
tt0292490
""
tt9741526
""
tt0058796
tt1600195
""
tt0804497
""
""
""
tt0243980
tt0861689
""
tt1479336
""
""
""
""
tt0263757
tt0099365
tt0159382
""
tt0460780
tt6579334
tt0124179
""
""
tt1918734
""
tt3575010
tt0844441
""
tt0418279
tt2661578
tt5057054
tt0076617
""
""
tt0074114
tt0110260
""
""
tt8721424
tt0465234
tt10187208
""
""
tt0167261
""
""
tt0116040
tt0108757
tt0214367
tt0319971
tt0079583
""
""
tt0443432
""
tt0477139
tt0104974
tt0117876
""
""
""
""
""
""
""
""
tt0250750
tt0286598
tt2118624
tt1401113
tt29546449
""
tt0102368
""
tt0433362
tt0288230
tt1204975
tt1031969
tt0167261
""
tt0108358
""
""
tt0102492
""
""
""
tt0423977
tt2379713
""
tt5165344
""
tt0175526
tt5971474
tt0419887
""
""
""
tt0276919
tt2763286
""
tt0104350
""
""
""
tt1758795
tt1528100
tt9742794
tt1161411
tt0113965
""
tt0305962
tt0113828
tt0257245
""
""
tt0139414
tt0082824
""
tt0157503
tt0078306
tt32141536
""
""
tt0374308
tt0268297
tt0808285
""
tt1975959
""
tt0281373
""
tt1951264
tt13780902
tt0096542
tt0101473
tt0448190
tt0113403
tt0904208
""
tt0308900
""
""
tt0837562
tt1418760
""
tt0321321
""
""
""
tt0213134
tt5950044
tt11287126
tt0231001
tt10537866
""
""
tt1315350
tt0162901
""
tt0430949
tt0234215
tt0097561
tt2870612
tt0821642
""
tt0406438
""
""
tt0305357
""
""
""
tt0086779
tt0897361
tt0107478
tt8385474
tt0270911
tt0119211
tt1361787
tt0312528
""
""
""
tt0098904
tt1647668
""
tt1666339
""
tt0199054
tt0420341
tt0332452
tt2062469
tt1723811
tt7137380
""
""
tt0188453
tt0844441
tt5108870
""
tt0208204
""
""
tt0240468
tt0372183
""
tt5247022
tt0220832
""
""
tt0112061
""
tt0088583
""
tt0113277
tt0204250
tt0114148
tt0460423
""
tt0986263
tt0457297
""
""
tt1339111
""
tt1319598
tt0295701
tt0094737
""
tt2188931
""
""
tt0093186
""
tt0276052
tt0202748
tt0391304
tt4403292
tt0183469
tt7189614
""
tt0949731
""
""
tt37835754
tt0107362
""
tt4222298
""
""
tt8122018
tt0407265
tt26448984
tt4075428
tt5357744
tt1402488
tt1337450
tt1375670
tt0239195
tt0387701
""
""
tt0071054
""
""
tt4116284
tt0458522
tt0318374
tt9340860
""
""
tt2975590
""
tt0217811
tt0178639
""
tt0087957
""
tt0285331
tt3659388
tt0421206
tt0469009
tt14681596
tt0114148
tt0469021
tt1188729
""
tt0149460
""
tt1270797
""
""
""
""
tt0213149
tt0413573
tt10127684
tt10945036
""
tt0411008
""
tt8291452
""
tt0119684
tt0118766
tt12873702
tt0265298
""
tt0465689
""
tt0056636
""
tt1267498
""
tt13846544
tt6328004
tt0292312
tt0074021
""
""
""
""
tt0362486
tt0146316
tt0084935
""
""
""
tt0096542
""
""
""
tt0450232
""
tt4555426
tt0105941
""
tt38127165
tt0255637
""
tt0162661
""
""
tt0306734
""
tt0094555
""
tt1270798
tt0115131
tt0312097
""
""
""
tt0118437
""
tt1074188
tt2229495
tt0234215
tt0811106
""
tt0103747
""
""
""
""
tt1519461
""
""
""
tt33581223
tt0181739
tt0121766
""
tt2302755
tt0097940
tt0119256
tt1405365
tt0822854
""
tt0093462
""
tt0473634
""
tt9419884
""
""
tt0338139
""
tt0343737
""
""
tt4963696
tt0113558
tt0183790
tt0175136
""
""
tt1340107
tt0318913
""
tt11242246
""
tt1934818
tt0358326
tt0102590
""
""
tt1024744
""
tt2520512
tt1405810
tt0243736
tt0113198
""
tt1202522
""
tt0239195
tt0461703
tt39108195
""
tt0286585
""
tt0433400
""
tt0419326
""
tt0103671
""
""
tt0311113
tt1872181
""
tt3834000
""
""
tt0093213
""
tt0085127
""
tt1126591
tt0315733
tt3064298
""
""
tt0327850
""
tt0126220
tt2299141
""
""
""
tt0118002
""
""
""
tt0233559
tt0250994
tt0163187
tt0240510
""
tt0101912
""
tt0475784
""
tt0363547
tt0875034
""
tt0350028
tt0077984
""
tt4176370
tt0110366
tt2737304
tt0431308
""
tt2249007
""
""
""
tt0300270
tt0282744
""
""
tt6463494
tt2716382
""
""
tt0360717
""
tt0112435
tt0077469
""
tt1386703
tt0117509
tt1405406
""
tt10618738
tt0102065
tt0275140
""
tt0088568
""
tt0083929
""
tt8178634
tt0380389
tt0121164
tt0439876
tt3594932
""
tt0846694
tt16288838
""
tt0115683
tt0098206
tt0142241
""
""
tt0079429
tt0244244
tt34675596
tt0088512
tt0106220
tt4478002
tt0275022
""
tt0088580
tt4693588
""
tt0159273
""
tt32376165
""
tt0117060
tt2072066
tt4458594
tt6718170
tt1510753
""
tt0413300
tt0403537
tt0181865
""
""
tt0095444
""
""
""
tt0944835
tt0959086
""
tt0397535
""
tt0451079
tt2400437
tt0120917
tt1138478
tt2039338
tt1888075
tt0111255
tt0332452
""
""
""
""
tt0418763
tt0464141
tt0934564
""
""
""
tt1401152
tt0091886
""
""
""
""
tt10035166
tt4601670
""
""
""
tt0110912
""
tt4481414
""
""
tt0105946
""
""
""
""
tt0076752
tt1355144
""
tt6973360
tt1111890
tt37610597
""
tt2364582
tt0123755
tt0120241
tt0169858
tt1625346
tt2823054
""
tt4600404
tt1869138
""
tt0119707
""
tt5987402
tt1230207
tt13266998
tt0094834
""
tt0175395
""
""
tt0167404
""
""
""
""
tt0433387
tt0105450
tt8809652
""
tt6806448
tt0360717
""
""
tt0427123
""
tt0171363
tt1175491
""
""
""
tt0135007
tt1124373
""
tt0117571
tt29429122
tt0945513
""
""
tt0451279
tt0087182
tt0255819
""
tt0257106
tt4477536
tt0976014
""
tt0264761
tt13877892
""
""
tt0264761
tt1815799
tt0120768
""
tt4176826
tt0860906
""
""
tt10016580
tt21881982
tt0119961
tt1262863
tt2741602
tt0284978
""
tt2391950
tt0169247
tt0113198
tt0167837
tt11341948
tt0096651
""
""
tt4898962
tt1037222
tt0119086
""
tt2964814
""
""
tt3332064
""
tt16101604
tt0275140
tt0086491
""
""
""
""
""
tt0157515
tt0203259
tt0335266
""
tt1318517
""
tt0496336
""
""
""
tt0106138
""
""
""
""
""
tt0250921
""
tt0244365
tt0156887
tt2012536
tt0121220
""
tt0279077
tt0457643
tt1257557
""
tt0433386
""
""
tt0075276
tt1273678
tt0411702
""
tt0107211
""
""
tt0234215
tt0433309
""
tt0452046
""
tt0164912
""
""
""
tt0225865
""
tt0324036
""
""
""
tt0110357
tt1951265
tt0489482
""
""
tt1401152
tt1447493
""
tt0343663
""
""
""
tt0125022
""
tt4172430
tt0899106
tt0118799
""
tt4045444
tt0103383
tt0307669
tt0120102
tt1031280
tt0094535
""
tt1409905
tt2267968
tt9621082
tt0286723
""
tt0094947
""
tt0072562
tt0168501
""
""
""
tt0397442
tt0081060
tt0094332
""
""
tt0139468
tt5712554
tt0357277
tt0129111
tt0374455
""
""
""
tt0093034
tt0285332
tt0059259
""
tt0163579
tt34490982
""
tt3322940
tt1983079
tt0819714
tt0082692
""
""
tt0187636
""
tt0108771
tt10168312
tt0099892
""
tt0104187
""
""
""
""
""
tt5722190
""
""
""
tt3725284
""
tt6414704
tt0165489
tt6412452
tt0089126
tt29762911
""
""
tt0369874
tt5233410
""
""
tt2279598
""
tt2230358
""
""
""
tt0093651
tt0395251
""
""
tt0415456
tt0356634
tt2620590
tt0887966
tt0369610
tt0116294
""
tt0253474
tt0112270
tt0387898
tt0220095
tt0245407
""
tt0301470
""
""
""
tt0090515
tt1240982
tt0118668
tt0096446
""
""
""
tt0138063
tt0112942
""
""
tt0065272
tt0089015
tt0084938
""
tt0120363
tt0090782
tt2406986
tt13274016
tt0349710
tt0120524
tt0455590
tt0362227
tt2583084
""
tt1867091
tt0092156
tt0243173
tt0864761
tt0261492
tt1003034
""
tt0096446
tt1861225
tt0366758
tt0116654
tt0121766
tt1440747
tt0790736
tt0457224
tt1358522
tt1438173
tt0381061
tt0361467
tt1300155
tt7488702
""
tt1014759
tt0374463
""
""
""
tt0190865
""
tt12747610
tt1727824
tt11252248
""
tt0149314
tt15574176
""
tt0258470
tt7286456
tt0094813
tt1352361
tt1478338
tt1045655
tt0093239
tt1895587
tt1991245
tt0105929
tt0118715
tt0442800
""
tt3598030
tt1442449
tt0117705
tt0098273
tt0155776
""
tt1650062
""
tt2494362
""
""
""
tt0205195
""
tt0357668
""
tt1132290
tt0120611
tt2375720
tt0109456
tt0106145
tt31842126
""
""
""
tt1685471
tt0451069
tt0429591
tt1980929
tt0200027
""
""
""
""
tt2379308
tt0186566
tt0248742
""
tt2187884
""
""
tt0355954
""
tt0100263
tt1114855
tt0452046
tt0405325
""
tt0244000
tt2096672
tt6806448
tt2191671
tt6343466
""
tt8041270
""
tt0176646
tt0098904
tt0888494
tt1307989
tt0175058
tt0386117
""
""
tt0092655
""
tt0169547
""
tt1469304
tt0407362
tt1403867
""
""
tt0926084
""
tt1754170
""
tt1201167
tt1231587
""
tt0091560
tt0111400
tt0382810
tt0127045
""
tt0109303
tt1058915
""
""
tt0124777
tt5033998
tt0115458
tt0123816
tt0307839
tt0219699
""
""
tt3623726
tt0910586
""
""
tt14107334
tt0177789
tt0109830
tt3079380
tt1866218
""
tt4062536
tt1318524
tt0249677
""
tt2262161
tt0319960
""
tt0338077
tt16366836
tt0304141
""
tt0367594
""
tt6025022
""
""
""
tt5117242
tt0204310
tt0125439
tt5171438
""
tt0305224
tt26591110
""
""
tt0102059
""
tt1695366
tt1175506
""
tt0115759
""
tt27543632
tt0119738
""
tt0371746
tt0355428
tt0388629
""
""
tt0118468
tt8364368
tt0120177
tt0120148
tt0096320
""
tt0096555
tt5442430
""
tt1242460
""
""
""
""
""
""
""
tt0264263
tt0117705
tt0352248
tt4844106
tt0130121
tt0120392
""
tt1996112
""
tt0213338
""
""
tt0084827
tt0130420
""
tt0108160
""
tt0108847
tt0166485
""
tt0109838
tt0420609
""
tt0102721
""
""
tt1277953
""
tt0181852
""
tt4703048
""
""
tt0356443
""
tt0807767
tt0110367
tt0810784
""
""
tt2171049
""
""
tt0341864
""
""
""
""
tt1130080
tt0411195
""
""
""
""
tt16283804
tt1175506
tt0382806
tt9772814
tt0457572
tt0112762
tt0120435
tt0185102
""
""
tt0306370
tt1430509
""
tt0120241
tt1588398
""
tt0375145
tt0166936
""
""
tt7608418
tt2861424
tt0120667
tt0103772
""
tt1596363
tt0086764
""
tt0304141
tt0205649
tt0110125
""
""
tt2219730
tt0783233
tt0087089
""
""
tt0421729
tt0096087
tt0191996
""
tt3778354
tt0460084
tt0221889
tt0118480
""
""
tt0495020
tt3401748
""
tt0105810
""
tt0280609
tt5028002
tt0851851
tt2908228
""
""
tt0974661
tt1403981
""
""
tt0120382
""
tt0072562
tt1114680
""
tt1843866
""
tt11651344
tt0114745
""
""
""
""
""
tt1041829
tt0399201
tt11388822
""
tt0270792
""
""
""
tt9573980
tt0187635
tt1305826
tt2788780
tt0460780
tt1836037
tt0285861
tt0779266
""
tt6461794
""
""
tt1477076
tt1592281
""
tt0819853
""
""
""
""
""
tt0158552
tt0282267
tt0372784
""
""
""
tt0350457
tt4126476
tt1878572
tt0903624
""
""
tt0243220
""
tt0398963
""
""
tt0106220
tt0298814
""
""
""
tt27124177
""
""
tt0449088
""
tt1978573
tt0092659
tt0119664
""
tt0066630
tt8839576
""
tt2364582
tt0103584
tt0142032
""
tt0247827
tt0118884
""
tt9376612
""
tt1034201
tt1616195
tt1379412
tt1287845
""
tt0307453
""
tt5924572
tt3860916
tt0180734
""
tt0123964
tt0465311
tt0114709
tt0080948
""
""
""
""
tt0216651
""
""
""
tt0213370
tt14060094
tt2310332
""
""
tt1362327
tt0268695
""
tt1306980
""
""
tt0203259
""
tt0322330
tt0404215
tt0120784
""
""
""
""
""
""
tt5447450
""
tt1424381
tt0488604
tt0164850
tt21341988
tt0044265
tt0382628
tt4273808
""
tt6320628
tt0143145
tt0319768
tt0248770
""
tt7235466
tt9686790
""
tt0247196
tt0311429
tt1690953
""
""
""
""
""
""
""
tt5614844
""
""
""
""
tt0407304
""
tt0808174
tt0136676
""
tt2446042
""
""
""
""
""
tt2113681
tt0147800
tt0119668
tt0850253
""
tt7383144
tt0787985
tt0454876
tt1146285
tt3709344
tt16426418
tt6219106
tt35256683
tt0107665
tt0288266
tt0255036
tt2461862
tt0119500
""
tt8404614
""
tt33257086
tt2679042
""
""
""
tt0088247
""
""
tt0094715
""
tt0365748
tt0107661
""
""
tt0081993
""
tt1683413
""
tt3469046
""
tt0145893
""
""
tt2075378
""
tt0328538
""
""
tt2844798
tt23847516
tt0111293
""
""
tt0094889
tt7322224
tt11460976
tt0373889
""
tt2120120
tt26443597
""
""
""
tt0255035
""
""
""
tt0106303
""
tt0411665
tt3889118
""
""
tt2176609
tt0762107
""
tt0238627
tt5027774
""
""
tt0103512
""
""
tt0174480
""
tt0807979
tt2578508
tt0106080
tt0279750
""
""
""
tt1065073
tt0088582
tt1677720
tt1210819
tt0259324
""
""
tt1233227
tt1472544
tt1219703
""
""
tt7970886
""
""
tt0096291
""
""
""
""
""
tt0843843
tt3443806
tt0110912
tt10461542
tt5142948
tt0139593
tt0976051
tt0274789
""
tt0295701
""
tt0461770
""
tt4786824
""
tt0113007
tt0082088
tt1298650
tt8693266
tt6266538
tt3315342
tt1833673
tt33317442
tt24163532
tt1538367
tt0090566
tt0108719
tt0113483
""
tt0382357
tt28639591
tt1024899
""
tt0115237
tt0273677
""
tt11914568
tt0095354
""
tt0269389
tt1760943
tt0443272
""
""
tt0460681
tt0119081
tt0346491
tt1376618
""
tt0833988
tt1068242
""
tt0120891
""
tt0072506
tt0455326
""
""
tt0289830
tt0311648
tt21383712
""
""
""
""
""
""
tt27787158
""
""
tt1560160
""
""
tt0402701
tt0077941
tt27010242
""
tt0457076
""
""
""
""
tt1386588
tt1839492
tt0240772
""
""
""
""
""
tt0116669
tt0115135
tt0098554
tt5361326
tt0092644
tt0102128
tt0119282
""
tt1464540
tt2305051
""
""
tt0108936
tt0272796
tt0312358
""
tt7745956
tt0331953
tt0168350
""
tt1343727
tt6477262
tt0426037
""
""
tt0261392
""
""
tt0105790
""
tt0120902
""
tt0371499
""
tt0217869
tt2818496
tt20194480
tt0145571
tt0223897
tt0062595
tt1740299
""
tt2245084
""
tt2352230
""
tt27861889
tt1941928
""
""
""
tt6892206
""
tt0831884
tt2155043
""
tt0221728
""
tt0119313
""
tt1291150
tt8295516
""
""
tt7697062
tt2015381
tt0191911
tt1336608
""
tt13701012
""
tt0138213
""
""
tt3957836
""
tt1979210
tt0335594
tt2908446
tt0101414
tt0087182
""
""
""
""
tt0120008
""
tt0313038
tt0283226
tt4145384
""
""
tt4411596
tt0083452
""
tt2861424
tt0210616
tt0095016
tt2489512
tt0103157
tt0063958
tt0194519
""
tt2071645
tt1456060
""
""
tt1127896
tt9795876
tt1515787
tt0219893
tt1804508
tt1401152
""
""
tt13223792
tt16426418
""
tt0085382
""
tt0279124
tt0385887
tt26757462
tt2403379
tt8045690
tt0368709
tt0257488
tt0108376
""
tt0088830
tt1730768
""
tt0211849
""
""
tt0228217
tt0190641
""
tt0482606
tt0826760
tt10288566
""
tt0119807
""
""
""
tt0116514
""
""
tt0115557
tt0435761
tt7129926
tt11301886
""
tt5769238
""
tt1181614
""
tt0081580
""
""
tt0210945
""
""
tt0337592
""
""
tt2112334
""
""
tt0097714
""
""
tt0119101
""
""
tt1464540
""
tt4477536
""
tt2641648
""
tt0103491
""
""
""
""
tt0298482
tt15237656
tt0076666
tt4468740
tt0150230
tt20601506
""
""
tt0262462
tt2294449
""
tt0094590
tt0308208
tt0117826
tt1274418
tt0416449
tt0438225
tt13969962
""
""
""
""
tt0272217
tt0120611
""
tt0290334
""
tt0403384
tt0100405
tt32647907
tt0203053
tt1198138
tt2196017
tt3457486
tt0327016
tt1068680
""
tt0114563
tt0358135
tt0114228
tt0325710
tt1134629
""
tt11338014
tt2369600
tt5612866
""
""
tt1220634
""
""
tt1052017
""
""
""
tt1049413
tt2396421
tt4513674
tt0184156
tt11229564
tt14269590
tt36460194
tt3589872
tt0377260
tt1265990
""
tt6152072
tt4154664
tt0318761
""
tt0099005
tt0135708
tt0093424
tt10234724
tt11238932
tt0168337
tt0092312
tt1297919
tt3006802
tt1839492
""
tt0104051
tt0419326
""
tt7658402
tt4272442
tt7867522
tt0166222
""
""
tt2007913
tt0387131
""
tt1351671
tt1259528
tt0192877
tt0851578
tt0116629
tt2424484
tt0255198
""
tt0266075
tt1160023
""
tt32810496
tt0139774
""
tt0500188
""
""
tt0317919
""
tt4955642
tt0082418
""
""
tt0116345
""
tt6892340
tt1378167
tt0133152
tt4040530
tt0442732
tt0213334
""
tt0120716
tt0299658
tt0338094
tt0109830
tt3966810
tt0138487
tt0072562
""
""
tt0320052
tt3641920
tt0109040
tt2306860
""
tt0079091
""
tt0462225
""
tt11092142
tt16311594
tt5028340
tt1239388
""
""
""
tt0077278
tt27590075
""
tt10059518
tt1623288
""
tt3375008
""
""
tt0449467
tt0120176
""
""
tt0110437
tt0319736
tt7881550
tt15832148
tt0116242
tt10327830
tt1712159
""
tt0122237
tt0450259
tt26759760
""
""
""
""
tt3381008
tt0096149
tt9577764
tt0490154
tt3560084
tt0259711
tt0186151
tt0110414
""
tt0935075
""
""
tt1318514
tt12879112
tt0134847
""
""
""
""
tt0455275
tt1529572
""
tt1621039
tt0113220
""
""
""
""
tt0860906
tt0121220
""
tt0351033
""
""
""
tt1185654
tt15560012
tt4154756
tt0111143
""
""
""
tt0266870
tt0306801
""
tt0318871
""
""
tt0450475
""
""
""
tt0105946
tt1417075
tt5033998
""
tt0080716
""
""
tt0235712
tt0120389
""
tt0105497
tt6654210
tt2638072
tt3247714
tt6445112
""
tt2305051
tt0367085
tt15742308
tt0119908
""
tt2144176
tt0332280
tt32792406
""
tt0253474
tt0253043
tt0356910
""
tt0075271
""
""
""
""
""
tt0120824
""
""
tt0452592
""
tt9139220
tt0758745
tt0111070
""
""
tt0346491
""
""
tt3566012
""
""
tt1377352
tt0095326
tt2078446
""
tt0440944
tt1059786
tt2403284
tt29495090
tt0363307
""
tt0095180
tt0118734
""
tt0398165
tt5719748
""
tt0115284
tt0099145
tt4249154
tt0099810
tt0090633
""
""
""
""
tt2711738
""
""
""
""
tt0414993
tt1059786
""
tt2386285
tt0076935
tt0397442
tt0411008
tt8179388
tt0437777
tt0112869
tt0159365
tt0371606
tt1821709
tt1323973
tt0976038
tt0293887
""
tt0119953
""
tt3532216
tt4919268
tt13429362
tt2522988
tt0075726
""
""
""
""
""
tt0081857
""
""
""
tt1220627
tt10423460
""
tt12333410
tt3362670
""
tt1126618
tt2071645
tt0806910
""
tt0395404
tt7227858
""
""
tt7984766
tt1788634
tt0114792
""
""
""
""
tt0482456
""
""
""
""
tt0142084
tt0118492
tt5223624
tt0395843
""
""
tt0231956
tt0096569
tt0107626
tt0386955
tt5516328
tt4979804
tt0106029
tt1979269
tt1922721
""
tt0290867
""
tt0083892
tt0331770
tt0112851
""
tt0804540
tt0163651
""
tt0388629
tt0284978
""
tt1409572
tt0139803
tt2820852
tt0203166
""
tt0167404
""
""
tt0419326
tt1731697
tt0372782
""
tt3464006
""
tt0473322
""
""
""
""
""
tt4718796
tt1402488
""
""
""
tt1355644
tt0126916
""
tt0137494
""
tt0089501
tt0116833
tt28224861
tt0115336
""
tt0988595
tt1850457
""
tt1757678
tt0159273
""
tt2543164
tt5485566
tt0103488
tt0247087
tt0114728
tt2229522
""
tt0360139
tt0102975
""
tt0088939
tt0131869
""
tt0103111
tt1232207
tt1946199
tt0149460
""
""
tt0185183
tt0115195
tt22041854
""
tt0242193
""
tt0268789
tt0102721
""
""
tt0285333
""
tt0092755
tt0231402
""
tt0367975
tt11608808
""
""
tt1179290
tt0105526
""
tt1618442
""
tt0765476
tt2234003
""
tt2991296
""
tt6237612
""
tt8985390
tt3628704
tt0365748
""
tt14850054
tt2295824
""
""
""
tt1024943
tt0116000
tt0092357
tt0425979
tt0401711
tt0110109
""
tt2515034
tt0216216
tt0480255
tt0269750
""
""
tt0137523
""
tt1245492
""
""
""
tt0324865
""
""
tt2237324
""
tt7661716
tt2650978
""
tt3243210
tt0316342
""
""
tt3513704
tt1778108
tt0411477
tt0076941
tt0097775
""
tt0081858
""
""
tt1320085
tt4143202
""
tt0091129
tt0310357
tt5689056
tt0480255
tt0313043
""
tt0074051
tt0436697
tt0391774
tt3014866
""
tt0067975
""
""
tt0787474
tt0377091
tt29780951
tt0349205
""
tt0423746
tt0905979
""
tt3004746
tt0944947
tt14807348
tt1198101
tt0108188
tt1560164
""
""
tt1226273
""
tt1631867
tt0164917
tt1196946
""
""
""
""
""
tt0120461
""
tt2330912
tt0478970
tt0372588
tt0093185
tt0473488
""
""
""
tt1578258
""
""
tt0352520
""
tt0119558
""
""
tt0209958
tt0450340
tt0114148
tt1825157
tt3704050
tt0465234
tt0103544
""
tt3487356
""
""
tt0107688
tt4422950
tt1578873
tt0368479
tt0964539
tt2241982
""
tt0105991
tt14770620
tt2027128
tt0452694
""
tt0098800
""
""
tt0276816
""
""
""
""
tt9663764
tt1020558
tt0448694
tt12003946
tt3748366
tt0765446
tt1935859
""
tt1178640
tt0358722
""
tt0285331
tt0094540
tt0243873
""
""
""
""
tt0359078
tt0800241
tt0419967
""
tt0340308
""
""
tt0112095
tt1480656
""
tt8890690
""
""
tt9151230
tt0775529
""
tt0177882
tt12987918
tt0305711
tt0100258
""
tt7319374
tt7414406
tt0980970
tt0112864
""
""
""
tt0060009
""
tt0409847
tt2860176
tt0092455
tt0109653
tt9047510
tt0433035
tt0411427
""
tt20355310
tt13818610
""
tt0397892
tt1438254
tt5675620
tt0402022
""
""
""
tt8404614
tt0986263
""
tt4734350
tt6920084
tt0117705
tt0254169
tt0095418
tt4385888
""
""
""
""
tt1723047
""
tt12718300
tt0119086
tt1315999
tt0113063
tt0248654
tt1868207
""
""
tt1656190
""
tt7825208
""
tt0111994
""
""
""
tt8206668
""
tt1600195
tt1458923
tt1017465
tt0307149
tt0097576
tt1470883
tt0848228
tt0098384
tt0180073
tt0083437
tt3382770
tt2596918
tt5720168
""
tt0077276
""
tt1028532
tt0247102
""
tt4025156
tt1185416
tt1229238
""
tt2582502
""
""
tt0472832
tt3230854
tt0160706
tt0265459
tt0438488
tt4009330
tt8811474
tt0833574
""
""
tt0116225
tt0187738
""
tt0187114
tt0187078
tt1058595
tt0280870
""
tt0096446
tt0163818
""
tt0112950
tt0388621
tt0952640
tt2603568
""
tt7131622
tt0439100
""
tt34573461
tt6134214
tt5605846
""
""
tt0276650
""
tt0085234
""
""
""
""
tt0112573
""
tt0112220
tt0276751
""
""
""
tt2129928
""
tt5878346
tt0096438
tt1313147
""
tt0381668
""
tt1542581
""
tt11388278
""
""
tt0101545
tt0115320
""
tt2710104
tt1339194
tt1465477
tt0051257
tt0426501
""
tt0318252
""
tt1198186
""
""
tt2316585
""
""
tt0118700
""
tt0103874
tt0095327
""
""
""
tt16452546
tt0124958
""
tt1349478
tt0120770
tt0418424
""
""
tt1634549
""
tt6993676
tt27236510
""
""
tt1499700
tt0493100
tt2329077
""
tt2017463
tt0162346
tt24019534
tt0396266
""
""
tt0382628
tt0069049
""
""
tt1389137
""
""
""
tt0096754
""
""
tt6954652
""
""
tt0353049
""
tt0372784
tt0163025
tt0129387
tt0431197
""
""
""
""
""
""
tt0083478
tt0144528
tt0120684
tt0448134
""
tt0460810
tt1013752
""
tt0167190
tt0090915
tt0100436
tt0285727
tt0274166
""
""
""
tt0362478
""
tt0322330
""
""
""
tt0117110
tt20317334
tt1655442
tt0089629
tt0142192
tt0238112
""
tt10731768
""
""
tt1046173
""
""
tt0439817
tt0483789
tt1315885
""
""
tt0097757
tt5503686
tt1528071
tt1016075
""
tt3385516
tt0116361
tt1261421
tt1754838
tt2126355
""
tt0108041
tt0301470
tt1429432
tt0460688
tt1270798
""
tt18968380
tt0253754
tt5363918
tt0210909
""
tt0297174
tt2825566
tt2078446
tt0224860
tt1661029
tt0284381
tt0448115
tt0338096
tt0118468
""
tt0247444
tt0245095
tt0138968
""
""
tt0077031
tt1017460
tt2328727
tt21830836
tt0790686
tt5563324
tt0361243
tt0108906
""
tt2699110
tt18968616
tt7947470
tt0092603
tt5071412
tt1540011
""
tt0338526
tt0276751
""
tt3037164
tt0101031
""
tt0459877
tt0311519
tt2066148
tt0997023
tt8879894
""
tt0131166
tt20766628
""
tt0892255
tt0135087
""
""
""
""
tt0109931
""
""
""
tt0400538
tt0105328
tt2526328
""
tt0098323
tt0214263
tt1626146
tt0806910
""
tt0331811
""
tt0107151
tt0118535
""
tt1608516
tt0450259
""
""
""
tt9537450
tt10757922
tt1386939
tt1243957
tt0810096
tt2372678
""
""
tt0142233
""
""
""
tt14716076
""
tt7637350
tt0256599
""
""
tt0169858
tt10198224
tt0860906
tt0415163
tt1017460
tt6324596
""
tt4824302
tt3622592
tt0286038
tt0278866
""
""
""
""
""
tt4327752
""
tt0759599
tt0138704
tt18500680
""
""
""
tt0245385
tt5994826
""
""
tt2935510
tt11080216
tt0322645
""
tt3544556
""
tt2621378
tt0294448
""
tt0213682
""
tt1539992
""
""
tt38689818
tt0266697
""
tt0311618
""
""
tt0294280
tt7961060
tt0382628
""
tt0423731
tt19860750
""
tt0115734
tt0970468
""
""
tt6528290
""
""
""
""
tt0356999
""
""
tt0262270
""
""
tt2175563
""
tt0424880
tt0783233
""
tt0206634
""
tt1697064
""
""
""
tt0120703
""
tt0260654
tt0427470
tt0450259
""
""
""
tt2582782
tt0398165
tt0499554
""
tt0977855
tt0408427
""
tt0494285
tt15193160
tt1017460
""
tt0098999
""
tt0119422
tt0101162
tt0293564
tt0102945
""
tt0462423
""
""
tt2304953
tt0360139
""
tt1869454
""
tt0218967
""
tt0123120
""
tt7997966
tt1562872
tt0792959
tt0494238
tt1663662
tt0948186
tt1193530
tt0275860
tt2886926
tt3566726
tt15789492
""
""
tt5093026
""
""
tt0177991
""
tt4154916
tt2935476
tt0892782
tt9897502
tt0350044
tt0318403
""
tt0170259
tt21477826
tt0173953
tt4270492
tt0410297
""
""
tt2294189
""
""
""
tt0120190
""
tt0115277
tt9642982
tt3783348
tt0947798
tt0195001
""
tt1041829
tt0108829
tt0382992
""
tt0282787
tt6663582
tt4513166
tt0097266
""
tt3107288
""
""
tt0104940
""
tt9170318
""
tt1935194
tt1219827
tt0970416
""
tt0115082
tt0072562
tt1655389
tt0119170
tt0119850
""
tt6513120
tt0364725
tt0119567
tt1250777
tt0099487
""
""
""
""
""
""
tt1378167
""
tt0176357
""
tt3717252
tt0135790
tt0485959
tt1148277
tt0808873
""
""
tt3010656
""
tt0313911
""
""
tt0242693
tt1351147
tt2355495
tt0118615
tt0335345
tt0096542
""
tt1437358
tt1132290
""
tt5893332
tt0119013
""
""
tt4202944
""
tt0087995
tt1383700
tt0226935
tt12731980
tt1239216
tt0218891
""
""
tt2717822
tt0787490
tt0997152
""
tt1783234
""
""
tt2406566
""
tt0102401
tt0446046
tt5283934
tt0099484
tt3481210
tt0089350
tt0095793
tt0416320
""
""
tt1841490
""
""
""
""
tt10066820
""
tt0096555
tt1206638
tt0481141
""
tt0069641
tt0090440
""
""
tt0160663
tt13087796
tt0087574
""
tt0338552
tt2197926
tt0101741
""
""
""
tt0383222
tt0100502
""
""
""
tt0083589
tt0443966
tt0083399
tt1411238
tt0115286
tt0469111
""
tt1196141
tt0091794
tt3511596
""
tt5158314
""
""
tt1468738
""
""
tt0150337
tt0760157
tt1041778
tt0120630
tt0120224
tt19854762
tt0240462
tt0284837
tt0309614
tt0169177
tt0251127
tt0098798
tt0404254
tt0184122
""
tt0116705
tt2660888
""
""
""
""
tt0139654
""
tt0096684
tt0928380
tt1103256
tt0095903
tt0463399
tt9620292
tt0238546
tt0382932
tt0454921
""
""
tt0485323
""
tt0223603
""
""
tt6250922
tt0775529
""
tt0865556
tt0105316
tt0997016
""
tt0329774
tt0433398
""
""
""
tt1517260
tt11024272
""
""
""
""
tt2058092
""
""
tt0088512
tt0119095
""
tt2234222
tt0094608
""
tt0814164
""
""
""
""
tt1762262
tt0780521
tt17076046
tt4278760
""
tt1630603
""
""
tt0104670
""
tt0220261
""
tt0092389
""
""
""
tt0330793
tt0284348
tt0120768
""
tt0179987
tt2215221
""
tt0094500
tt0209912
tt0324943
""
tt28254460
tt0094510
tt0875034
tt0468569
tt0106064
""
""
""
tt8290362
tt0401792
tt1320082
""
""
""
tt2015381
tt4019560
""
""
tt3289418
""
tt5180734
tt3981388
""
""
""
tt1212419
""
tt0095233
tt0453383
tt10834220
""
""
tt0120737
""
tt0133751
""
tt0242653
tt0338013
""
""
tt0413573
tt1024943
tt0356232
tt0209596
""
tt2512170
tt13356758
tt0167059
""
tt5747072
tt0184284
""
tt1612537
tt4635282
tt3095268
tt0277793
""
""
""
tt1870527
tt9406950
tt14664414
tt1295905
tt1295905
tt0363771
""
tt1859522
""
""
""
tt3829960
tt0114608
tt6468322
""
tt5791536
""
tt0947798
tt13175482
""
""
tt0399102
tt4667322
""
""
""
""
tt1268912
tt10333650
tt4283240
tt0170181
""
""
tt0397535
tt0115697
""
""
tt0170107
tt0368078
tt0770828
tt6511244
""
tt4012914
""
tt1000774
tt0107079
tt1078834
tt0110555
tt21394742
""
""
tt0190841
tt0443567
tt1558250
""
tt0348150
tt0213338
""
""
tt1365566
tt0420509
tt0311141
tt30492697
tt8022978
""
tt2372755
""
tt1139664
""
""
""
""
tt0111328
tt0482571
tt10257354
tt0758745
tt1194173
tt0811080
tt0475228
tt0468569
""
""
tt0117093
tt1080019
tt16970638
tt0461642
tt0108967
""
tt21141136
tt1152277
tt0443418
""
tt0087188
tt0240606
""
""
tt1876088
""
tt0110632
tt13654226
""
""
tt0181926
""
""
""
tt0472767
""
tt0185112
""
tt0095809
""
tt0117883
tt2690634
""
""
tt2431286
""
tt9140858
tt6301010
""
tt5727282
tt0253197
""
tt0248654
tt3636046
""
tt0892782
tt0109575
tt1386703
tt0369053
tt2404463
""
tt0312450
tt0220366
tt9603212
""
tt0950739
""
tt0081117
""
tt0120591
tt1408101
""
tt0085859
""
tt2948372
tt1392190
tt0439357
tt0230011
tt0290966
""
""
tt1515091
""
tt0090436
tt0326430
tt1261945
tt3877718
tt0236859
tt2379442
""
""
""
""
""
tt1129029
tt2404311
tt0328107
tt16025362
tt2058673
tt0238380
tt0269043
""
""
""
tt1204342
tt5727282
tt0239102
tt0286499
tt0127723
""
tt0210945
tt1107948
tt0117998
tt0163169
tt1600194
tt0290238
""
""
tt0097162
""
tt0157016
""
tt0084468
tt1166893
tt5581752
tt4118584
""
tt7462410
tt0186737
tt0240515
tt2381111
tt3134058
tt2005279
tt0114660
""
tt0163942
""
tt0137995
tt3489108
tt1663676
""
tt1832476
tt0185906
""
tt0120915
""
""
tt2070768
tt5788792
""
tt0120338
tt0436992
tt0353357
tt0102006
""
tt0154421
tt2073261
tt0392785
tt0421947
tt2442560
tt19785594
tt0103523
tt0203166
tt0106303
""
tt0112712
tt1272012
""
tt0095903
""
tt0211852
""
""
""
""
tt12182184
tt0089907
tt0494834
""
tt20452514
tt0870154
tt0115986
""
tt0104692
tt2693776
tt0325805
""
tt0405336
tt0283632
""
tt14998742
tt1682180
tt2403914
""
""
""
tt0108162
tt1515197
tt0145487
tt0117039
tt0460989
tt0187750
tt0762125
""
tt8722346
tt0116839
tt0149448
""
""
tt0117333
""
""
""
""
""
tt1741273
tt0874267
""
tt0155267
tt0086759
""
tt0758577
tt1291584
tt0118571
""
tt0120616
tt0279111
""
""
tt0112230
tt0234385
tt0118804
""
tt0115033
""
""
tt0279750
tt0816711
tt0320661
tt0297560
""
tt1385867
tt0449088
""
tt0098455
tt0164181
tt15375104
tt2310332
""
tt0106582
tt0401729
tt0424345
""
tt0436992
""
tt0461770
tt1185416
tt0384504
tt2799166
""
tt15054962
tt4842646
tt1266020
tt0247134
""
""
tt0314984
tt0068369
""
tt0804461
tt0112097
""
""
tt1136617
tt0109642
""
""
tt1181930
tt0424345
""
tt0120755
""
""
tt0118928
tt0174646
tt1437356
tt0362120
""
tt0473403
tt1132285
""
""
tt0112384
""
tt1537280
tt7366338
tt0341495
tt0365653
""
""
""
""
tt0228332
""
""
""
tt0102803
""
""
tt0329101
tt0092455
tt0094912
tt10121392
tt0282698
tt0117357
""
tt0935075
""
""
tt0451279
tt0086497
""
""
tt2634414
""
tt0246359
tt0108160
tt0402904
tt0120324
""
tt0234215
""
""
tt4731136
tt5363918
tt1220633
tt0111333
tt1001508
""
""
""
""
tt1870949
""
""
""
tt1272012
tt1636691
""
""
""
tt0873886
""
tt3382518
""
tt10384106
tt0420206
""
""
tt0111987
""
""
tt0230953
""
tt0133952
""
""
tt0085303
""
tt7263154
""
tt4918316
tt0928097
tt6878306
tt1014775
""
tt0187750
""
tt13363828
""
""
""
tt0328500
tt0101198
""
tt4974684
tt14163772
""
tt5363918
tt1821549
""
""
tt0103287
tt0110763
""
tt0112281
tt0455944
tt3743326
tt8508734
tt0932807
tt0117174
tt0096787
""
tt5461956
tt1723121
""
tt1193631
tt0808506
tt0420260
tt0169880
tt4532368
""
""
""
""
tt3892618
""
""
""
tt1397280
tt0328589
""
""
""
""
tt4675986
tt7271836
tt6099416
tt0070463
tt0114829
tt0364343
""
tt1618434
tt1540133
tt9354944
tt0495596
tt0228012
""
""
tt0190703
""
tt2375379
tt0107692
tt1848220
tt0093429
""
tt0396555
""
""
""
tt0113568
""
tt10449276
tt0404182
""
tt6160506
tt0213149
tt0970416
""
tt0124198
tt0113957
tt10323676
""
tt0086791
tt0332375
tt2788732
""
tt2402579
tt0389655
""
tt0339804
""
tt1661228
tt23622516
""
tt0802984
""
tt5537228
tt0379463
tt1077044
tt1523483
""
tt11594766
tt0087291
""
tt1462764
tt0098929
""
tt0220931
tt0178161
tt1478839
""
""
""
tt0342300
tt0114746
""
tt0220201
tt0389792
""
tt4154756
tt0337921
tt2404463
""
tt0281432
tt0890886
tt0400538
tt1686034
""
""
tt0317919
tt0093629
""
""
tt10833270
tt0472209
""
tt0095307
tt1129398
""
tt1804508
tt0116494
tt1895306
tt26547948
tt0296572
tt0186566
tt0097662
tt0114551
""
tt0455407
tt0272982
tt0453467
""
tt3228904
tt3516936
""
""
""
""
tt0115292
""
tt21432090
tt0209069
""
""
""
""
""
""
""
tt9436632
tt0219288
""
""
""
tt5040510
""
""
""
tt0423372
tt1846487
tt0948103
""
tt12017738
""
""
tt0260615
tt0210234
tt2802008
""
tt2101341
tt0795174
""
tt0765443
""
""
tt18309940
tt0127383
""
tt0138645
tt0084107
tt0305357
tt0213338
tt1600194
""
tt0167261
tt0247638
""
""
""
tt1345836
tt1447981
""
""
tt0353115
tt3692582
tt5475022
tt27550567
""
tt0829459
tt0944835
tt0114558
""
""
""
tt1799566
""
tt0111282
tt0499549
""
""
""
tt0486048
tt0910936
""
tt0145681
""
""
""
tt0118300
tt0109254
""
tt0437800
tt1355630
tt0777246
tt0119360
tt2486880
""
""
""
tt0758730
tt0486572
tt0345551
""
tt0170635
tt0300532
""
tt0808151
tt0455967
tt0116016
tt4359164
tt10116978
""
""
""
""
tt0198021
tt0252028
tt0803000
tt4016454
tt9110650
""
""
tt2406566
tt1324999
""
tt0100507
tt0830588
tt0124770
""
tt0494640
tt0182789
tt1252638
""
tt1043568
tt1039891
tt0404032
""
""
""
tt0493093
tt0118665
tt2819130
tt6718170
tt0097601
tt0077612
tt3216482
tt1289787
""
""
tt0092050
tt3606756
""
tt0198837
tt2444946
tt1291652
tt34258080
tt0088583
""
tt26529220
tt5539112
tt1720607
tt0235198
tt3909336
tt0308021
tt0359950
""
tt0125659
tt0119528
""
tt0083581
tt0986263
""
tt7128732
tt16884490
""
""
tt0127385
""
tt0318462
""
tt0338095
""
""
tt5171438
""
tt0320000
tt0316654
""
""
tt0096543
""
tt0938330
tt1836808
tt1508675
tt0815229
tt0118884
""
tt0094746
tt0274747
""
tt0300140
tt0411951
tt1130080
""
tt3486670
tt0435651
tt0110443
tt0454848
tt0430304
""
tt1454906
tt0401729
tt0486655
""
""
""
tt0467200
""
""
""
tt0318913
""
tt9376612
tt1826590
tt0096446
""
""
""
tt5749860
""
tt2427220
tt2011311
tt0324133
tt3203620
tt0488450
tt1674771
""
tt0890883
tt0110860
tt5655222
""
tt3727948
tt6810090
tt2277860
""
""
tt1358868
""
tt0391304
tt0283026
""
tt7675204
tt10287954
tt0119013
tt5462602
""
tt0165581
""
tt6614914
tt1174730
tt4059516
tt0268437
tt0384286
tt0056751
tt7818694
tt0128445
""
tt0340468
tt0079576
tt0119062
tt3993272
""
tt0338639
""
""
tt0826760
""
""
tt0165581
tt14324650
tt0111921
""
""
tt1964418
tt0435995
tt0096289
""
tt0114694
""
tt4406178
""
""
tt0116000
tt0367153
tt0345032
""
""
tt1477834
tt0997152
tt0281358
""
""
""
tt0108308
tt1031969
tt4431104
""
tt1234721
tt2119535
""
tt2560140
tt0094394
""
""
tt1773686
tt0901487
""
tt0119675
""
""
""
tt0458525
tt0163464
""
tt1680045
""
""
tt0182576
tt6281448
""
""
tt1532448
""
""
""
""
tt7977162
tt1266073
tt4326444
tt0144085
""
""
tt0069085
""
tt0266452
""
tt0160484
tt0120738
tt0267319
""
tt0387467
tt1632708
""
tt5680678
""
tt1527186
""
""
tt0120241
tt0098214
tt0119256
tt1161864
tt8425674
tt2937898
""
tt0319169
tt0448011
""
tt0102816
tt0120347
""
tt2494362
tt0306514
""
tt0120540
""
tt4435072
tt1891755
""
tt0120461
tt1262416
""
tt0425430
""
tt0312617
""
tt9260992
tt1442462
""
""
tt0119013
""
""
tt0103064
tt4240848
""
tt0277327
""
tt0923653
""
""
""
""
tt37032285
tt4322812
""
""
tt1020072
tt16447750
tt18259606
""
tt2860636
tt0206303
tt0285331
tt0251439
""
tt0254252
""
tt2584702
tt0263496
tt0117420
""
tt0264930
tt0116852
tt7825208
tt1546654
""
tt0279493
tt0179116
tt31193180
tt2334733
tt0376649
tt0831387
tt1655420
tt0079756
tt0324865
tt0101196
tt0369069
""
""
tt2128016
""
""
tt0314996
""
tt0120483
tt0111438
tt1196948
tt0832266
""
tt12477480
""
tt0417326
tt5883570
tt1972307
tt0108598
tt0365748
tt0308208
""
tt14230388
""
tt0373469
tt0097428
""
""
tt1578873
tt0371724
tt0294146
tt0089489
""
""
tt0094591
tt0183700
""
tt2788432
tt0485947
tt0112573
""
tt0116783
tt0338094
tt1234721
tt0113416
tt0964587
tt14109724
""
""
tt0335702
""
""
tt0079833
tt4191580
""
tt3205802
tt1836195
tt0427470
""
""
""
""
""
""
tt6566768
""
tt2109248
tt0357413
tt1839683
""
""
tt0141369
""
tt6151526
tt0410975
tt0077031
tt1702439
tt7413448
tt2649126
""
tt0114137
""
tt39309831
tt0115083
tt0086807
tt0115195
""
""
tt2891174
tt1659337
tt0081935
tt0111976
tt4270492
""
""
""
tt0120655
""
tt0804503
""
tt8721424
tt0112291
""
tt10974332
tt24116458
""
tt2209300
tt5013056
""
tt0805488
tt0460681
""
tt3833474
tt6117824
tt0419321
tt2140379
tt3073904
tt0220313
tt0117038
tt1924396
tt5095030
tt1485698
""
""
""
tt0014109
tt1413492
tt0412922
tt3614440
""
""
tt0452718
tt0195462
""
""
""
""
tt7221090
tt1099212
""
""
tt10964430
""
tt8472964
""
""
""
tt0462538
""
""
tt0119936
tt0056055
tt0437863
tt0814335
""
tt1303808
tt0362359
tt0460952
tt0115493
""
""
tt0462229
""
tt9398640
""
tt2637276
tt0265208
tt0119086
""
tt2465308
tt0191133
tt0110363
tt3674910
""
""
""
tt0305729
tt1183929
""
tt1132203
tt2103188
tt1181795
""
""
tt4881806
""
tt0454914
tt0844708
""
""
""
tt0324554
tt1323594
tt0346222
""
tt0356910
""
tt1735898
""
tt0118665
tt5016504
tt0124102
tt6918686
""
tt4058012
tt0106004
tt0101414
""
tt35600079
tt0485985
""
tt0244895
tt10370710
tt6951546
""
""
tt0344510
tt0790686
tt0415908
""
""
tt0108265
""
""
tt0247120
tt0166036
tt0133064
tt1966566
""
tt0120125
""
""
tt0120201
tt0163471
tt0213874
""
""
""
tt0279083
tt0375063
tt4052590
tt0486576
tt0285333
""
""
tt0119173
""
tt0120338
""
tt0265459
tt0116168
tt1552112
tt0106937
""
""
tt0126168
""
""
""
tt0083987
""
tt2614700
""
tt12783496
tt0302103
tt2286554
tt1877889
tt6684884
tt0831387
tt0118435
tt2109248
""
""
""
tt0385988
tt0815168
tt0122151
tt0347369
""
""
tt12747748
""
tt0435651
tt0103003
tt0119114
""
tt11231226
tt0327850
""
tt0056758
tt0476519
""
""
""
tt3127306
""
tt0125664
tt0811136
tt1015456
tt0758737
""
tt1234719
tt1817081
tt0165042
tt11098626
tt0101198
""
tt0355295
""
""
tt0329767
""
tt0210382
""
""
""
tt0309379
tt0095016
""
""
""
tt0201721
tt8000674
tt0364842
""
tt2891574
tt0796366
tt3361792
""
""
""
tt0107289
""
tt1465522
tt0086541
tt1051906
""
tt1279972
tt1758795
""
tt0252781
""
tt0461161
""
tt0379725
""
""
tt0181875
tt0416871
""
tt0489237
tt27958415
tt0144289
""
""
""
tt1616195
""
tt0371724
""
tt0478970
tt0365991
tt0058796
""
tt2854926
""
""
""
""
tt2727662
tt0242786
""
tt5616176
""
tt1268799
tt0141842
tt0103644
tt0290334
""
""
""
tt0113613
""
""
""
tt3855240
""
""
tt0368564
tt0120834
tt0098282
""
""
""
tt0107364
""
""
tt0266773
""
tt1839482
tt0105127
tt0371746
tt4411596
tt9150192
tt0068093
tt0486531
tt0101414
""
""
""
""
tt15403362
""
tt0462570
tt5607096
""
""
tt0465581
tt2033213
""
""
tt4948838
""
""
tt9224104
tt8751994
tt0461770
tt14544584
""
""
""
tt5059406
tt0163169
tt0187078
tt0310443
tt0312004
tt0367882
tt0403996
tt0462538
tt1039922
tt6184194
tt0143145
tt1286821
""
tt3553442
tt0117038
""
""
""
tt0252019
tt1563584
tt0242653
""
tt0100281
""
tt0283453
tt0126886
""
tt1231277
tt4526136
tt1391483
""
""
tt0199129
tt1843866
tt0118437
tt2387499
tt0104691
tt0452573
""
""
""
""
tt2720680
tt1772341
tt2609222
tt37673196
tt0310435
tt0374583
tt0380389
tt0103440
""
tt0120695
tt0118771
tt0443139
tt0203701
tt0103668
tt5989610
""
""
tt0853078
""
tt1964983
tt0093139
""
""
tt0278488
tt0270803
tt2911666
""
tt0976238
""
tt1151410
tt0418279
tt0272338
""
tt4172430
tt10370710
""
""
""
""
tt6521194
tt1087861
tt0271263
tt0116287
tt2277860
""
tt1487009
tt0804463
tt0106387
""
""
tt0395495
""
""
tt0285403
tt0187393
tt2177278
tt0287338
tt26691432
""
tt0430922
""
tt0457993
tt1130092
""
tt3077818
""
tt0112769
""
""
""
tt0402894
""
tt0864761
tt0366005
""
tt0208990
tt0426408
""
""
tt10342730
tt6334354
""
""
""
""
tt5505556
tt12653060
""
tt5834426
tt10463488
""
tt0424714
""
""
tt8999762
""
""
tt2650986
tt0103523
""
""
tt0242193
""
tt0116695
""
""
tt6675244
""
tt1959563
tt1509651
tt0462538
""
tt2126355
""
tt0109012
tt7401588
tt0347312
tt13445528
tt0093747
tt1002973
""
tt0242193
""
""
""
tt4154796
tt10095376
""
""
tt2717870
tt1952499
tt0332129
tt0450232
""
""
tt0089826
tt0164184
tt4633694
tt3704428
tt9165830
tt0247638
tt0398340
tt2879390
tt0078754
""
tt1596346
tt0407304
tt0118647
""
tt0099051
tt0498399
""
tt0086759
tt0088939
""
tt0318403
tt0970917
tt1592281
tt0380510
""
tt5719748
tt0094006
tt0337792
tt0112178
tt0108174
""
""
tt2632344
tt0086687
""
tt0412117
""
tt0366627
tt1991245
""
tt0195275
tt0117737
""
tt1756461
tt0384054
tt11315808
tt0443489
tt0804522
tt1877832
tt0162661
tt0831884
""
""
""
tt0419294
tt0092400
""
tt5649144
tt14824590
""
""
tt0120461
""
""
tt1402964
""
tt0106179
tt3480822
tt0337909
tt0116313
""
tt0140614
""
tt0114306
tt0094738
""
""
""
tt7559264
tt1453405
""
tt0120176
tt1813388
""
tt0212985
tt1655460
tt4196776
""
""
tt1205537
tt0106140
tt1951264
tt0455275
""
tt0116830
tt0117665
""
""
""
""
""
tt0096591
tt1488589
""
""
tt8077628
tt0100999
tt7059774
""
tt15341198
tt0264235
tt1839558
""
tt0118250
tt0089108
tt0230011
""
tt3954908
tt0087469
""
tt0790724
""
""
tt0120902
tt0883073
tt1013753
""
tt3702652
tt0469045
tt0378215
tt0914813
""
tt0113198
tt0329028
tt1333125
tt6155922
tt12372560
""
tt0114781
""
""
tt3521164
tt1235075
tt10560056
tt1584131
tt5516154
""
""
tt0220212
tt0120623
""
tt3743822
""
tt9783600
tt0230011
tt0112401
tt0805564
tt0094791
tt2204824
""
""
tt0112682
""
tt4595186
tt0294097
""
""
""
tt2628232
""
""
tt0110215
""
tt0804503
tt3551096
""
tt0490196
""
tt10279472
tt0083218
tt0108174
""
tt0399201
""
""
tt0272557
tt5433140
""
""
""
""
""
""
""
""
tt0144296
tt0083383
tt0230011
tt0298148
""
""
tt0449460
tt0112682
""
tt0462601
tt2231253
""
""
tt2884206
tt0838283
""
tt0387808
tt0445922
""
tt1024648
tt7647518
tt0360717
""
""
tt15300212
""
""
tt0110907
tt0455566
tt0320042
tt27729779
""
""
""
tt0252444
""
tt5715524
""
tt0116830
tt1703231
""
tt19837660
""
tt0478970
tt0112461
""
tt3228774
tt0044265
""
tt1424381
""
tt3296742
""
tt0113277
""
""
tt2632424
tt2345737
tt0096463
tt1440129
tt0108847
""
""
tt4118584
""
tt1985966
""
tt5511512
tt0105450
""
""
""
""
tt5884784
tt0091805
""
tt0104691
tt0118978
tt0387898
tt0970416
tt6095472
tt8045468
tt0944947
tt0410454
tt0164181
""
tt0072562
tt0382365
tt1035736
tt0096542
""
""
""
""
tt0114581
""
tt1055369
tt0283877
""
tt0479647
tt0115070
tt0428430
tt3233534
""
tt0099654
""
tt0420015
tt4425258
""
tt13143964
tt0322674
tt0363163
tt0075265
""
tt0120188
tt1386588
tt2861424
tt0343178
""
""
tt0378262
tt0184157
tt0077108
tt0100514
tt0261755
tt1462411
""
""
""
""
""
tt3181920
tt0191133
""
""
tt0240510
tt0092005
tt5314118
tt0160574
tt0106246
tt0107076
""
""
""
""
""
""
""
tt0111309
tt0462538
tt0094540
""
tt0116718
""
tt0114436
tt7737800
tt0133240
""
tt0302886
tt0281415
tt11396282
""
""
""
""
""
""
tt2091235
tt0108903
tt0117959
tt3220900
""
tt0264263
tt0886535
tt0120461
tt7555294
tt1014775
""
tt0171865
tt9000224
tt0217630
tt0104094
tt0115736
tt0323633
tt1051906
tt0331575
tt0368891
""
tt0264150
tt10480532
tt0321340
""
tt10995302
tt7524382
""
tt1430132
""
""
""
""
""
""
tt7121252
tt0088939
tt0384054
tt0192614
""
""
""
""
""
tt0103064
""
""
""
tt1183251
tt0279743
""
tt0489853
tt11464446
""
""
""
""
""
tt0880569
tt1645844
""
""
""
""
tt14077696
tt0108999
""
tt0120770
tt0387808
tt0116683
""
tt0450937
tt0151738
""
tt0395584
tt0104036
tt1567432
tt2404435
tt0252076
tt0265086
tt1194491
tt0099919
""
""
tt0435670
tt0081859
""
""
""
""
tt3892996
""
tt0439341
tt0248654
tt0254562
tt0318221
tt0970468
""
""
tt0436992
tt0391687
tt1196946
tt2614860
tt1539325
""
tt0809443
tt0252792
tt20214908
""
""
tt0297827
""
""
tt0195945
tt0115114
tt0120815
tt1201607
tt0092005
""
""
tt3778644
""
tt0361354
tt0139239
""
tt0119843
""
""
""
tt2402927
""
tt0219952
tt1212974
""
""
tt0300745
tt1677720
""
""
tt13463532
""
""
tt0097718
tt0250750
""
""
""
""
""
""
""
""
tt0861739
tt0120647
tt0159876
tt0112178
""
tt12712604
""
tt1084972
tt0111257
tt0280486
""
""
tt1029234
""
""
""
""
tt0369610
tt0106598
""
tt11017758
tt0293737
""
tt0460780
""
""
""
tt8075892
tt6594436
tt0131613
tt37546892
""
tt0197773
tt2347497
""
tt5168192
""
""
tt0228371
tt3631112
""
""
tt0327850
tt9340916
tt0144117
tt1099219
""
tt0248709
tt0089013
tt0122718
tt3881916
""
tt1645774
""
tt2651352
""
""
tt0421321
tt0494184
""
tt8577458
tt0103855
tt5531466
tt5376862
""
tt6315640
tt0300536
tt0102210
tt0255734
tt1985949
tt4627382
""
""
""
""
tt0119700
""
""
tt0103082
""
tt1985064
""
""
""
tt0120749
tt0120125
tt11454722
""
tt0089461
""
""
""
tt0154421
""
tt8045468
""
""
tt2184219
tt0814314
""
""
""
""
tt2015381
tt0195857
tt0401792
""
""
""
""
tt9350174
tt20426646
tt0972735
tt0225535
tt0078607
tt1300926
tt0089348
""
""
tt0269095
""
""
""
""
tt0338647
tt0480249
tt39372291
tt13491900
tt5514348
tt0317648
tt0118480
""
tt0098415
tt0050363
tt1538403
""
""
""
""
""
tt0208616
tt0082121
tt1409691
tt4102722
tt0117198
tt0109300
""
tt0146682
tt0419673
""
""
tt0391397
""
""
""
tt0955308
tt0089274
tt1462764
tt0382205
""
tt8368408
tt0367188
tt11655202
""
""
tt7660850
tt0411291
""
""
tt0251504
tt1233560
tt5222918
tt0092339
tt1259014
tt0274590
tt0282354
tt1216491
tt14857528
tt0077318
""
tt32034963
tt0327679
tt0235952
""
tt0117437
tt0238380
""
tt0259393
tt1860357
""
tt0172495
""
tt0116409
""
""
tt0104069
tt6495770
""
""
tt2379713
tt0109303
""
""
""
tt0220910
tt2025661
tt0420341
tt0111235
""
""
tt3825638
""
""
tt0090317
tt0109165
tt1493073
tt3526706
tt0140397
""
tt0258463
tt1630061
""
tt0311519
""
tt0388318
tt0331811
tt1270797
""
""
""
""
tt0268255
tt0395119
""
tt0326713
""
""
tt0822847
tt0078610
tt0208988
tt12856524
""
""
""
""
tt10678886
tt0403477
tt4277656
""
tt3661568
tt0095687
tt0241760
tt0417503
tt26443597
tt0111143
tt14642142
tt0435761
tt2873282
tt0472200
""
tt0105199
tt0159876
""
tt30955517
tt0089560
tt4194974
""
tt10014774
""
""
""
""
tt0115491
tt2262383
""
""
tt6313900
""
tt12965556
tt0307901
tt0265666
""
""
""
""
""
tt0088526
tt0120207
tt0114214
""
""
tt1309366
tt0364517
tt0200337
tt0463034
tt3314416
tt0085049
tt1866249
tt2355844
tt0163025
tt3564794
tt0218817
""
tt0350386
tt0451565
tt11897178
""
tt1667310
""
""
""
tt1408101
tt9731598
tt0331776
tt3261672
tt0170765
""
tt0418758
tt0395890
""
tt5180504
""
""
tt0808339
tt1829012
""
tt2534648
""
""
""
""
tt0094791
tt0119859
tt0407362
tt0368891
tt1588878
""
tt1744476
tt2095649
""
tt0120737
""
""
""
tt0110912
""
""
""
tt6509080
""
tt0926084
tt2120120
tt0119683
tt1210820
""
tt0112130
""
""
""
""
""
""
""
""
tt3961954
""
""
tt6878378
tt0280653
""
""
tt11286314
tt14215900
""
tt6218010
""
""
tt0800080
tt0362942
""
tt4786824
""
""
""
""
""
tt13873302
""
tt0378847
tt0135037
tt2638144
""
""
""
""
tt0181926
""
tt0238936
tt0321021
tt0106671
""
""
tt0331963
""
""
tt0413300
""
tt0083987
tt0253556
tt2086858
tt0076993
tt1158101
tt0156442
""
tt1166100
tt1178618
""
tt8028842
tt0380599
tt5071886
""
""
""
""
""
tt1862079
tt1189340
""
tt2190324
""
""
""
""
""
tt1014759
tt2543472
tt1345836
tt0813715
""
tt1846985
""
tt0185112
tt14664414
tt9130508
""
""
tt0246197
tt1743880
tt0145531
""
tt2136138
tt0397065
""
""
tt0118880
tt0331811
tt0331811
tt2870376
tt0126916
""
""
""
""
tt4731952
tt0291004
tt6565702
tt0489099
tt0103484
tt13847690
""
tt0171685
tt0120901
tt0094524
""
tt0773262
tt0113855
tt33296751
""
tt1645170
tt13827606
""
""
tt1183922
""
tt0108333
""
tt1403177
tt31710822
""
tt0465502
""
tt0096542
""
""
tt2494280
tt0822849
""
tt38834113
tt5171438
tt0416320
""
""
""
""
tt0119282
tt0120363
""
tt0361796
tt5884796
""
""
tt0103639
tt0373889
tt5640558
""
tt1920849
tt0104819
""
tt0284764
tt0995832
""
tt0087020
tt0317248
tt11827628
tt9537292
tt0104692
tt0252246
tt0953382
tt0220623
tt1067106
tt1300851
tt0092513
tt8521876
""
tt4698940
""
tt0405325
""
""
tt1853728
""
tt2106476
tt0113418
""
""
tt0495040
""
""
""
tt0306685
tt1073498
tt2917388
""
tt4477536
tt0379865
tt6873926
tt0164538
""
""
""
tt0208104
tt0104868
tt0301235
tt1267297
""
tt0099785
tt7921248
tt0114436
tt0104139
tt8634332
tt1565958
tt0103064
tt12890750
tt0095812
tt0466510
tt1130988
""
tt0368933
tt2205653
tt0458253
tt22180926
tt1173506
""
tt39366364
""
tt0112004
tt0115751
tt24870072
tt0093828
tt0258089
""
""
tt3714720
tt0493459
tt2621784
tt0164912
tt3721936
tt0116168
tt0813383
tt2474984
tt1546028
tt6493330
tt1600195
""
""
""
tt0103530
tt0115336
tt2281587
""
""
""
tt0119565
tt0118375
tt1077065
""
tt0246319
tt3731562
""
""
""
tt0282718
tt0464642
tt0397892
tt0234137
tt0163025
tt0106145
""
tt1649795
tt0127603
tt0301484
tt2402105
""
""
""
tt5689632
""
tt0368941
tt2093099
""
tt2467372
tt1710308
""
tt23053920
""
""
tt34811184
tt1569923
tt0375553
""
""
tt6328648
tt2567026
""
tt2334879
""
tt0244970
tt0053494
""
""
tt21389338
tt10393074
tt0325352
tt0106115
""
tt0450259
""
""
""
tt0187738
tt2788432
""
tt0111590
""
""
tt1185442
tt0104516
tt8545450
""
""
""
""
""
""
tt0093428
""
""
tt0088915
""
""
tt0120552
tt4079388
""
tt6921498
""
tt3596174
tt0888062
tt0258527
tt10954600
""
tt1905041
tt0387808
tt0181288
tt0243086
tt0177789
tt0117705
""
tt0163025
tt0250214
tt0098844
tt4761112
""
tt0430779
tt0119502
tt2103281
""
""
""
tt5114356
tt0216621
tt0280486
tt36511057
tt0359078
tt2182159
tt0862467
tt0455944
tt0100044
tt0458339
tt1266020
tt4047222
""
tt0097339
""
tt0120611
""
tt0800320
""
""
tt0118437
""
tt1661230
""
""
""
tt3273738
tt0480083
tt0468526
""
tt0256949
tt4642192
""
tt0414195
tt1157547
tt0078714
""
tt0103978
""
tt0159876
""
tt0090481
tt0277828
tt0107286
""
tt0465353
tt37603783
tt8110652
""
tt0988045
tt0115101
""
tt0162625
tt1285152
""
""
""
""
""
""
""
tt1951264
""
""
""
tt12722018
tt1901033
tt0446241
""
""
tt0118487
tt0119925
tt0103848
tt0482571
tt0061199
tt0478311
tt0467406
tt0452637
tt2515180
tt0422720
tt10648342
""
tt4806220
""
tt0117338
tt0400282
tt0214542
""
tt2402207
tt0302886
tt0144061
tt7372604
tt3520702
tt0259324
tt9252156
""
""
tt5859238
""
""
""
""
tt0848228
tt5420020
""
tt0110932
tt1288631
tt0168856
""
tt5884004
""
""
tt0282857
tt1430612
tt0094889
tt0088763
""
""
tt0356150
tt1934241
tt1149362
""
tt0477252
""
""
tt1929560
tt0118971
""
""
tt1485796
tt0888357
tt0329717
""
""
tt0044265
tt0116649
""
tt19837660
""
tt0233469
""
""
""
""
""
""
tt0367882
tt0110961
""
""
tt27079350
tt4287320
""
""
tt3101362
""
""
tt0107969
tt15444704
""
""
tt5145440
tt0088519
tt0107930
tt0120484
""
tt0245844
tt0368259
tt0116409
tt0243554
tt0331468
""
""
tt0439121
tt0485851
""
tt0111173
""
""
tt10618286
tt4566758
tt2866056
tt14661396
tt0423661
""
""
tt0086361
tt0110313
tt1442437
""
tt4209256
tt0120890
tt0289446
tt0266697
""
""
""
tt0423294
tt6294822
""
""
tt5626028
""
tt7351828
tt1364467
tt2445698
tt0466366
""
tt0108122
""
""
tt12680684
""
""
tt0077086
tt0878801
""
""
""
""
""
""
tt3714720
""
""
""
tt0265662
""
""
tt10692788
tt0950739
tt0423515
tt1606339
tt0107182
tt2370060
""
""
tt0086697
tt0096531
""
tt1468846
""
tt1641384
tt2788780
tt0120915
tt0108309
tt0918940
tt8368512
tt0338751
tt1190536
""
""
tt0183649
""
tt1645131
tt5884796
tt0496375
tt0890870
tt0332047
tt7869070
tt2119543
tt0096256
tt0134084
tt6264654
tt1119186
tt0460829
tt0351283
tt0066110
tt5833186
tt0278815
tt1285241
tt0368730
tt0093693
tt1596346
tt0102526
""
tt2557490
tt0376994
tt0083000
tt0388437
tt0321021
tt0111987
tt0372784
tt1595859
""
tt0298203
""
""
tt0119115
""
""
tt0279493
tt7293256
tt0300140
tt0411709
""
tt4834232
tt0113960
""
tt11662358
tt1063669
tt0118467
tt0088517
""
tt1843880
tt0318276
tt0316654
tt0096933
""
""
tt0202179
""
""
tt0115351
""
tt1583607
tt5177114
tt0907845
tt0061277
tt0190919
tt0185284
tt0112022
tt0920448
""
tt7504818
tt0418279
""
""
tt0120167
tt5335606
tt0086759
""
tt4158096
tt0168501
tt1981677
""
tt1563776
tt2632424
tt0145430
""
""
""
""
""
tt2178941
""
tt0955346
tt0187078
""
""
""
""
tt0399995
tt0234793
tt1253090
tt0257106
""
tt1056036
""
tt0393148
""
""
""
tt0293815
""
tt18280522
""
""
""
tt0162677
""
""
tt0100758
""
tt2948166
""
""
""
tt0116996
""
tt0337917
""
tt6084202
tt3960394
tt0482613
tt7826108
tt6146586
""
tt2617828
tt0304330
tt1805314
tt4955012
tt0102970
""
""
tt0314226
tt30249004
""
tt33059022
tt2719784
tt2377564
""
tt0467959
tt0115320
tt1922612
""
tt0141369
""
tt0106598
tt0458339
tt19380952
tt0386176
tt27218960
""
tt0108757
""
tt0114558
tt27544281
""
tt0468569
""
""
tt14349032
""
tt0848557
tt1075747
tt2024469
tt0211933
tt0053494
""
""
""
""
tt4788880
""
tt4449516
tt5162996
""
tt0161140
""
""
tt0472984
tt2934286
tt0825269
""
tt5056786
tt1258134
tt0118542
tt6896118
""
""
tt0425210
tt2259728
""
tt0491152
""
""
""
tt1024255
tt0104346
""
tt0093296
tt0415306
tt0252104
""
""
""
tt0285748
""
""
tt1615065
tt0879870
""
tt31023604
tt0436992
tt0840787
""
tt0306275
tt2848292
""
tt1855325
tt0117911
tt2402927
tt0286788
""
tt0230838
tt0108308
tt0399877
tt0372091
tt29215305
""
""
tt0120179
""
""
""
tt11963006
""
""
tt0112095
""
tt7227044
tt0106168
tt0805669
tt0096256
tt0318915
tt2293002
""
""
tt2637294
tt0086759
""
tt0112462
tt0364725
tt0112761
""
""
""
tt1666185
tt1312171
tt0118124
tt0395251
tt0486640
""
""
""
tt0101042
""
tt0094466
""
tt0122335
""
tt0407304
tt0111512
tt1130077
tt0079192
""
tt0115372
tt0413573
tt0115317
""
tt0159930
tt0413895
tt0285566
""
""
tt0366548
""
tt32332334
tt1442462
tt0140681
tt2509508
tt0097236
tt9616700
tt0212338
tt0477619
""
tt0275834
""
""
tt13693964
tt1112124
""
tt0062595
""
tt0100232
tt3530002
""
tt0464051
tt0402064
tt1022603
""
""
tt2727662
""
""
tt0187393
tt1034032
""
""
tt0372183
""
tt1996310
tt1488109
tt1828149
tt1413492
tt0176700
""
tt0109254
tt0114767
""
""
""
tt0186547
tt10199640
""
""
""
tt0133751
tt10245072
tt1378167
tt1769327
tt1600196
tt0114564
""
tt0217869
tt2002718
tt1217613
tt0458481
tt1014775
""
tt1710354
tt0185130
tt4771896
""
tt3756418
""
""
""
tt0473360
""
tt0821927
""
""
tt0091777
tt0120873
tt0278731
tt0115083
tt0102984
tt4975920
tt0097108
tt4289166
tt0178142
tt0294464
tt0278191
tt1700841
tt0114283
""
tt0167371
tt6461824
""
tt0168366
""
""
""
""
""
tt0116604
""
tt0118271
tt1740299
tt0844464
tt0818523
""
tt0105043
tt1399655
tt1284971
""
tt2631186
tt35286916
tt0120915
""
tt0088787
""
""
tt3630580
tt10069804
tt1053810
tt0161743
""
tt0139699
tt0117609
tt0455275
""
tt1616195
tt0230030
tt0256204
tt1611816
tt2386404
tt0090054
tt0075488
tt0285370
""
tt0420323
tt0101414
tt0133751
tt0379786
tt0455944
""
tt0102614
tt1230569
tt0286145
""
""
""
tt2170671
tt0324133
tt0417217
""
tt1403846
tt33183823
tt1611224
tt2361317
""
""
tt1044418
tt1790809
tt4882376
tt9376612
""
tt1563738
""
""
""
""
tt0292707
tt7039422
""
tt2341669
tt1135993
""
""
tt0439815
tt4500922
""
tt1204342
tt0265298
tt0275821
tt0468569
tt0138474
tt1289403
""
tt22409096
""
tt0116684
tt0379698
tt2993508
""
tt0365485
tt2836364
tt6104188
tt1748531
tt2243286
tt33059031
""
tt0411271
tt0220882
""
tt1320253
tt8790086
tt0117918
tt0202470
""
""
tt1193138
tt5001718
tt4086032
""
""
""
""
""
tt1133993
tt32147189
tt0859592
tt0321359
tt0109305
""
""
tt0119654
""
""
tt0266824
tt6752866
""
tt0814207
""
tt3748528
tt2527336
tt0452623
tt0116193
tt5022622
tt0329774
tt10293938
tt0266543
""
tt0120667
""
""
tt0106564
""
tt0146336
tt1124323
tt0145503
tt9274670
tt1324999
""
tt0069820
""
tt0437857
""
tt1095217
tt7608028
""
""
""
tt0499549
tt0082353
tt1790954
tt0275688
tt0433035
tt0476038
""
tt0264235
""
tt0096021
tt0076451
tt1830617
tt0898266
""
tt0120885
tt7752034
tt2514338
""
""
""
""
tt31106862
""
tt17671748
tt0119380
tt0087863
""
tt12003946
tt0187251
tt0465142
tt0091828
tt0082010
tt9597366
tt0204946
tt0338751
tt0790772
""
tt0117613
tt0262943
tt0382925
tt0117060
tt0452046
tt0118928
tt2402927
tt1699763
""
""
tt1245526
tt0853076
""
""
tt4289230
""
tt0117367
""
tt0109830
tt0089568
tt0073195
tt13110024
tt2192116
tt0211679
tt0159103
tt0115303
tt0181875
tt0093072
tt1315924
""
tt0318411
tt0091790
""
tt1430612
tt0235905
tt0844479
tt5246438
tt0283090
tt1156398
tt0141098
""
tt0371675
tt27492010
""
tt0077008
""
tt1253863
""
tt2261391
tt4385888
tt0799862
""
tt1830617
tt0356634
tt4760060
tt0419299
tt1103968
tt0311113
""
tt1045770
tt2120120
tt1568911
tt0109905
tt13866832
tt0302103
tt0087889
""
tt6190050
tt0449467
""
tt0100361
""
tt1420425
tt1300854
""
tt0910917
tt0120685
""
""
""
""
tt4532368
""
tt0344510
tt0430845
""
tt0119654
""
""
""
tt0117765
tt0100330
""
""
""
""
""
""
tt26861992
""
""
tt0417741
""
tt1587000
tt0228143
tt0407304
""
tt1450737
""
tt11858890
""
""
""
tt1999995
""
tt1572169
""
tt0844479
""
tt0082627
""
tt1727254
""
tt0140352
tt0107034
tt0472221
""
""
tt9140560
tt0837796
tt1981677
""
""
tt0094416
tt1210846
tt0131369
tt1278379
tt0772203
tt0112175
tt0470732
""
""
tt0257568
""
""
tt0274252
""
tt1637725
tt1319598
tt0400156
tt1659337
""
""
tt0244244
tt0120382
""
tt0104940
tt0118437
tt15341380
tt5815492
tt0285961
tt0280462
tt1727388
tt1462757
""
""
tt1747924
""
tt1937149
""
tt7181546
tt0164226
tt16378988
tt0072562
tt1100089
tt13061914
tt0104691
""
tt15006628
""
""
tt0095527
""
tt0300151
""
tt0187696
tt0197182
""
tt0984155
""
tt0110399
tt2581164
tt1480295
tt2355844
tt0297162
tt6226232
""
""
tt0215446
tt2205697
tt2122313
tt0112572
tt0083399
""
""
tt0395584
""
tt31938062
""
""
tt0099564
""
tt0107211
tt36350685
""
tt0114467
""
""
tt0177789
tt1800671
""
tt2180411
""
tt0086143
""
""
tt0116213
""
tt2446980
""
tt5463162
tt0436992
""
tt1323932
""
tt30496526
""
tt3407818
tt9682428
tt0231035
""
""
tt4154796
""
tt0142688
tt4682804
tt1843866
""
""
""
tt14218674
tt0139699
""
tt9484998
tt1877832
""
tt0363771
""
""
tt0117789
tt0171825
""
tt1606392
""
""
""
tt2674348
""
""
""
""
""
""
tt0448910
tt0109098
tt0453556
tt0413573
tt0166485
tt1362058
""
""
tt0268229
tt0407423
tt3205376
""
tt0112022
tt5511582
tt0194915
""
""
""
tt1502417
tt7822050
tt6428202
""
""
tt0123816
tt1442065
tt0116277
""
tt2412746
""
""
""
tt2649522
""
tt10168670
""
tt0119819
tt12304420
tt14418052
tt0384819
tt0404777
tt1502712
""
tt0279493
""
tt0266697
tt5782146
tt37155227
tt0119769
""
""
tt2076176
tt5976538
""
tt0297174
tt1567609
tt25375032
""
""
tt9573180
tt0324336
tt2333552
""
""
""
""
tt0085177
tt0188018
tt9605878
tt4065552
""
tt1456959
""
""
tt0401729
tt0287717
tt0214341
""
tt0358794
tt0119709
tt0298130
tt0367163
tt2308417
tt3316948
tt0114857
""
tt1934756
tt0318155
tt5377018
tt34508588
tt0145652
tt1173901
tt6272434
""
""
""
""
""
tt4995540
""
""
""
tt0089331
tt0120711
tt0075488
tt1032815
tt2198241
tt31316692
""
tt1119176
tt0923811
""
tt0098273
tt0986219
""
tt0105477
tt5755238
tt2911666
tt6061336
""
""
""
""
tt1065073
tt0185114
tt0455640
tt0135790
""
tt3012340
tt2039338
""
""
""
""
tt9816244
""
""
tt0192071
tt0488539
tt1462900
tt0316396
""
""
""
""
tt21629194
tt1024943
""
tt0204932
tt0471957
""
tt0089290
tt0499549
tt2378177
""
tt5926320
""
tt0421073
tt0114690
""
""
""
tt0860917
tt0077089
tt0251410
tt0331834
""
""
tt0443489
tt2519428
""
tt23736044
tt7661932
""
""
""
""
""
""
""
""
tt0398093
""
tt1833883
tt2379713
""
tt0331933
tt0254686
""
""
tt7087878
tt1657507
tt0438097
tt1232829
tt1169165
""
tt0209950
""
tt0985058
tt0268175
tt0408306
tt1132594
""
""
tt0343449
tt0469896
tt39221969
tt0115341
""
""
tt0373562
""
""
""
tt0110963
""
tt3758814
tt0116000
""
tt0259128
tt0298845
""
tt0114651
tt4919268
tt0115885
tt0097239
""
tt0133870
""
tt1508675
""
""
""
tt13269616
tt1801552
tt5029602
tt0821642
tt6862538
""
tt1667889
""
""
tt0171698
tt0115446
tt0222222
""
tt0119395
tt5675620
tt3949660
tt1839558
tt0115753
tt0114112
tt0360009
""
tt0323120
tt2191332
tt0404088
""
""
""
""
""
tt2654620
tt0088496
tt0119008
tt0114558
tt0316190
tt0119216
tt0984204
""
""
""
tt5726086
tt0427470
""
""
tt0326856
tt1536053
""
tt27698332
tt0829482
tt0203259
""
""
""
tt9048026
tt1538451
""
tt1648216
tt0493509
""
""
tt1430132
""
""
""
""
tt0338466
tt0109444
tt0321021
tt0302387
tt1389137
""
tt1856047
""
""
""
tt0228786
""
""
tt36807877
tt8629748
""
tt0214341
tt0309141
tt11563598
tt0481499
""
tt3527950
tt0756509
""
""
""
tt1570349
tt0109127
tt0489611
tt0084405
""
""
tt0120815
""
""
tt0426160
tt0361805
""
""
""
""
""
""
tt0247638
tt2191701
""
""
tt0094484
tt0115639
""
tt0113161
""
tt0449088
tt6133034
""
tt2642442
tt0770728
tt1509787
tt1623205
""
tt0094608
tt0200530
tt6229218
""
tt0306685
""
""
tt0279112
tt0118040
""
tt1134828
tt31702278
""
""
""
tt10155932
tt0318462
tt0432131
""
tt0120844
tt5070270
tt4189022
""
tt0430454
""
""
tt0094898
""
""
tt0346786
""
tt0411008
""
tt0034492
""
""
""
""
tt1415279
tt0098878
""
""
tt0215129
tt0158030
""
""
tt1146321
tt11198330
""
tt5950044
""
""
""
tt3177504
tt10298810
tt4026034
""
tt0115277
tt0383694
""
tt0332280
""
tt1219024
""
tt0780536
tt0114563
tt0204993
""
tt11937732
tt0454876
""
tt0389664
tt0238112
""
""
""
tt1352824
tt0795461
""
tt5287168
tt28082769
tt0318155
""
""
tt4630562
tt1467328
tt1060256
""
tt3425772
""
tt0021125
tt0157503
tt0257231
""
tt1132600
tt0196229
""
tt0409459
""
tt0292085
tt2103148
""
tt0102719
tt2660888
tt1688612
""
tt3850590
""
tt0156166
""
tt2064926
tt0462504
""
tt0478087
""
""
""
tt0351078
tt0111875
""
""
""
tt0120483
tt0165454
tt2293640
tt1438534
tt5104604
""
""
tt0358082
tt0367882
tt0324961
""
tt0186566
tt5460480
tt0106079
tt4422756
tt0072684
""
tt0119809
tt3753432
""
tt0115420
tt0399989
""
tt0141842
tt0137401
""
""
tt0476323
tt1234654
""
tt0098904
tt10850264
tt0115157
""
""
""
tt1028528
""
tt0114563
tt0245429
tt0233780
tt0112130
tt2476452
""
""
""
""
""
""
tt0113071
""
tt7581902
""
""
""
tt32159989
""
""
""
tt1921064
tt3011894
tt0116654
""
""
tt1606610
tt1117563
tt0102138
tt2016152
tt0097757
tt0243736
tt0473705
tt0261107
""
tt1038098
""
tt0335119
tt3778644
tt5164196
tt1217209
tt0083470
tt9224288
""
""
""
tt0464049
""
tt20881488
tt0486946
""
tt11204094
tt0151804
tt0409572
tt0072562
tt0117008
tt11204462
""
tt0358273
tt0078111
""
tt0103658
""
""
tt0097778
""
""
""
tt0496634
""
tt1986204
tt1854349
tt5034838
tt1371111
tt0356150
""
""
tt0388795
tt0113183
""
tt0104437
tt0123089
tt0264551
""
""
tt0279074
""
tt1684562
tt0388679
""
""
tt0462538
tt0398581
tt1425926
""
""
tt0126253
tt0165581
""
tt0093336
tt0963178
""
tt14217100
tt1736341
tt3487382
""
tt13645000
tt0985694
tt1119644
""
tt18550140
""
""
tt0214341
tt1149362
tt0847709
tt2103281
""
""
""
tt17505010
""
tt0945513
tt4265878
""
""
""
""
""
""
tt0455275
""
tt11128440
""
""
""
""
""
tt0382572
tt15135104
tt0382992
tt0478311
tt1408101
""
tt1334526
tt0114369
tt0235918
tt0288861
tt0300841
""
""
""
tt5311542
tt8415836
""
tt0338647
tt5323760
""
""
""
""
tt0165710
tt0400156
tt0111280
""
""
""
tt0290673
tt0278504
tt0243067
tt1560747
""
""
tt13314558
""
""
tt2041335
""
""
""
tt0454931
""
tt0399146
""
tt0297299
""
""
tt0110361
tt0347618
tt0397892
""
tt1095423
tt0452598
""
tt0286486
""
tt0359984
""
""
tt0120903
tt1298540
tt0374455
tt2650978
""
""
tt0217135
""
""
""
tt10964100
tt0108977
tt4574334
tt11744432
tt0115632
tt2101441
tt18924008
""
tt10016180
tt0191397
tt0356888
tt1937390
tt0972534
tt0120053
tt0459072
tt1611827
tt1043740
tt0437863
""
tt0279600
tt0090520
tt0111980
tt0116684
tt0103247
tt0261066
tt0368709
tt1292566
""
tt1130884
""
tt3573236
""
tt0093335
tt0118688
""
""
""
tt0255873
tt0098090
tt0486574
tt1600196
tt0487504
tt0111306
tt0442976
tt1341188
tt0082010
""
tt0254516
tt3792960
tt9204128
""
""
""
tt6920084
tt0453467
""
tt0405325
""
tt0451279
""
tt1602620
tt0118346
tt5076054
tt0163231
""
tt0104046
tt5112054
""
""
tt6263850
""
tt2058673
""
""
tt0301357
""
""
tt0452623
tt2577668
tt0455805
tt22038962
tt1059475
""
""
tt4259850
""
tt0089729
tt0453340
""
""
""
""
tt0483168
tt0087903
tt0088404
""
""
tt0220307
""
tt0335121
""
""
tt0117011
""
""
""
tt0100913
""
""
""
tt0117407
tt0092576
tt0110907
""
tt21405896
""
tt0293662
""
""
tt15408522
""
tt0091499
tt1825784
""
tt0110357
tt0371405
""
""
tt1442353
tt0102724
tt1082886
tt5758404
tt1073486
""
tt0437473
tt2352230
tt3749900
tt0174857
tt3597912
tt1007028
tt0093260
""
""
""
tt1483070
""
""
tt0790772
tt0138230
tt7335184
tt0103818
""
tt0934814
""
""
tt0090177
tt0496806
tt2294449
tt1474684
tt7149336
tt1843894
""
tt0283160
""
""
tt5753856
tt1661461
tt0120035
tt0790736
tt2334873
tt4830786
tt3042408
""
tt30421413
""
""
""
tt27813554
tt0496425
tt10940402
tt10069398
tt4187618
tt37253880
tt2431438
tt10210882
tt0098621
""
tt0293822
tt0279781
""
tt0342767
""
""
""
tt0117887
tt0118583
""
""
""
tt2406566
""
tt0407887
""
tt6752992
tt0926380
tt3169706
tt0133152
tt0094006
""
""
""
""
tt0167260
""
""
""
tt1655420
""
""
tt0454921
tt4932600
tt31313827
tt2473602
""
tt0411098
""
""
tt0322389
tt27078639
""
""
tt0893382
tt0100419
tt0093857
tt0104119
""
""
""
tt2316204
tt0075809
tt0110366
tt1399103
""
tt0124718
tt0490084
tt1193138
""
tt16953666
tt0816405
""
tt0841046
tt0796337
tt1620933
""
tt0181419
""
tt0411024
tt0120595
tt0337711
tt0115167
""
""
tt0425061
""
tt1130080
tt0099710
tt0137494
""
tt0116477
tt0349467
""
""
""
tt0408985
tt1489428
tt0116225
""
""
""
""
tt1568911
tt10467112
tt0238470
tt1554091
tt13806602
""
""
tt0385387
tt0462271
tt0114846
tt0215208
tt0374463
tt6468322
tt1131734
""
""
tt0412253
tt0146838
tt0424205
""
tt7290748
""
""
""
tt0316613
tt1850458
""
tt0154420
tt0137229
tt4162916
""
tt8242084
tt2842732
tt1790885
tt3830828
tt0224902
tt0867225
tt21800162
tt5482714
tt1956620
tt3899796
tt0382189
tt0187738
tt1232202
tt1661031
tt0118700
tt13186604
tt13259622
""
""
tt0844441
tt0428186
tt0479846
""
tt0098309
""
""
tt3086442
""
tt0100758
tt3148450
tt3230454
tt0142688
""
tt2102465
tt0215841
tt0108983
""
""
tt6803212
tt0189192
tt0467197
""
""
tt5057130
""
tt5181830
""
tt0137140
tt0443649
tt9252468
tt0482527
""
tt11834320
tt14444726
""
""
tt1951264
tt1985949
""
tt4847932
tt1073498
tt0185154
""
tt2884206
tt3794354
""
tt10262648
tt0167261
""
tt1298714
""
tt1651321
tt1190080
""
tt0271242
tt21833834
tt19844156
tt0422015
""
tt2782728
""
tt0161100
tt0105958
tt7456310
tt0114576
tt0113277
tt5114356
tt0886534
tt3955992
tt0402141
tt16426418
""
""
tt0367430
tt0115376
tt0099810
tt0120915
tt0903747
tt0438488
tt6211976
""
tt0265208
tt0097858
""
tt0110200
tt10323676
tt0142998
tt0167261
tt0174418
tt1189340
""
tt0292890
tt0108874
""
""
""
""
""
""
tt0223638
""
""
""
""
tt12680684
tt13002770
tt0360025
tt0318903
tt27045702
tt18556146
tt5165344
""
tt12828206
tt4574334
tt0907694
""
""
""
""
""
tt5059782
""
""
""
tt3681474
tt0103074
tt1502712
tt0112950
tt0119637
""
""
""
""
tt0118928
""
""
tt1152651
tt0056751
tt14636668
""
tt1971570
tt0133152
tt1308728
tt0072231
tt0238303
tt3850214
""
""
""
tt0119190
tt2343158
tt0397551
tt23060796
tt0200087
""
tt0151592
tt1730109
tt5476322
tt0110763
tt0090633
tt0484740
tt0472954
""
tt5834262
""
tt5905328
tt1850457
""
tt0165210
tt0103644
tt0813715
tt5816682
tt0265343
""
tt0482389
""
tt1541775
tt0109686
tt6842770
""
tt2891174
tt0362120
tt0157697
tt0109520
tt11975994
tt1759761
tt6476140
""
tt2091256
""
tt0157472
""
tt2170439
""
""
tt0469008
tt30220788
tt0095285
""
tt8463712
""
tt10065678
tt1142800
""
tt1219818
tt11018038
""
""
tt0203259
tt2245084
tt1029388
tt0112135
""
""
""
""
""
tt0118456
tt0304141
""
""
tt0768212
""
tt0120667
""
tt0107969
tt0101507
tt0430634
""
tt6958014
""
tt0103712
tt0800080
""
""
""
""
""
tt1318514
tt0305357
tt1305562
tt1636826
""
""
""
tt1605783
tt2473794
tt0101540
tt0363163
""
tt8271124
tt1172571
tt1277403
tt0072562
""
tt0366056
tt0286788
""
tt4635548
tt0104511
""
""
""
tt0119468
""
""
tt2614684
tt0433946
tt0117775
""
tt5024912
tt3037316
tt7511008
tt0241760
""
tt0463344
tt0318997
""
tt0087089
tt2402105
""
tt0824775
tt0455407
tt0089173
tt5179408
""
""
""
""
tt0479952
tt0375912
tt0120789
""
""
""
""
""
""
""
""
tt0252902
tt2905838
tt4698608
tt0395584
tt0318627
tt0365737
tt4955480
tt1751105
tt0097937
tt0313043
""
tt3397884
""
""
""
tt2006848
""
""
tt0203503
tt0107616
tt0117958
""
tt0425112
tt0380914
""
""
tt0299937
""
""
tt0056758
tt0298203
tt0844708
tt0074379
""
""
tt0104616
tt0088944
""
tt1462667
""
tt1828246
tt1237838
tt0103752
tt31039280
tt0432817
tt0096240
tt0113360
""
""
tt3068190
""
tt0396659
""
""
""
tt11027510
""
tt0102793
tt0181689
tt21914860
""
tt0762073
tt0149460
tt0089995
tt15929100
tt0095031
""
tt4065758
tt0780503
tt0249008
tt0072506
tt0120654
tt4465472
tt0120255
tt1249185
tt0421357
tt0892791
tt14590886
tt0118475
""
tt9851854
tt0158591
tt7153034
""
""
tt0122353
tt0295037
tt0409904
tt1245736
tt1714206
tt0427229
""
""
""
""
""
""
tt1290400
tt3288518
tt0108756
""
tt21103300
tt0382382
tt3230854
""
tt3480822
tt0111958
tt7942882
tt0465234
tt0118708
tt17279496
tt1020929
tt0443409
""
tt5057130
tt10269684
""
tt0446533
tt0373623
""
""
""
tt4276752
tt0242998
tt0101327
""
""
""
tt1010048
tt1538403
""
tt0187819
""
tt1456959
""
tt0265675
""
tt4695530
tt1764336
tt0430918
""
tt1836944
""
tt0255140
""
""
tt0167404
tt0205727
tt3623726
""
""
tt0086793
tt0223897
""
tt0487469
""
""
""
""
tt0080500
tt0086779
tt0094510
""
tt0253556
tt1821478
tt0105249
""
""
tt0337792
""
tt0354766
""
""
tt0183297
""
tt0190641
""
tt1526318
tt0096874
""
tt0084649
tt0472589
tt8790086
""
tt0989757
tt0120533
tt2849902
tt0403537
tt0964535
tt7510346
tt0433963
tt1340138
tt3893956
""
""
""
tt1583420
tt0102037
tt0343042
""
""
tt0461958
tt1974419
tt8238544
tt19623228
""
""
tt1082872
""
tt0106179
tt1130884
""
""
""
tt0112642
""
""
""
tt4257926
tt0160746
tt1535109
tt0258038
tt0458253
tt0291646
tt0068069
tt0162360
tt4975856
tt3647986
tt20765054
tt0112851
""
""
""
tt0298148
tt6048596
""
tt15499568
tt1757678
tt0865556
""
tt0160399
""
""
""
tt1478314
""
tt0844479
tt0115147
""
tt0805669
tt0107978
tt0110093
""
tt0821375
tt0102803
tt1606389
tt0111299
tt0115992
tt0813971
""
tt0226430
""
tt2016940
tt5066544
""
""
""
""
""
tt0112682
""
tt0419365
tt0119676
tt2996684
tt0099091
tt0486051
""
tt0800308
tt0145487
""
tt1041829
tt1571313
tt5033998
""
tt8323956
""
""
tt2788732
tt0104427
""
""
tt5715874
tt0118480
""
""
tt32063050
tt0271263
""
tt0452633
tt0077089
tt3488056
tt2820852
""
tt1846975
""
tt0120912
""
tt1075114
tt0844286
""
tt0243415
tt0367279
tt0113812
""
tt1340107
""
tt0159206
tt0101877
tt0414426
tt0193676
tt0934814
tt0368412
tt10545296
tt0093773
tt0090779
tt2488496
""
tt0238784
tt0475784
""
""
""
""
tt0203259
""
tt0364828
""
""
tt11070500
""
""
tt0249893
tt1757678
tt3247714
tt3704352
tt0104389
""
""
tt0149992
tt35685056
""
tt0433441
tt1345836
tt0157451
""
tt0073236
tt9477520
tt3735246
tt26542557
tt0112197
tt2112096
tt0907683
tt4837128
tt0441673
""
""
tt0104710
tt0465551
tt0997282
tt2165859
tt0116250
tt0993846
""
tt0112641
tt0284655
tt2076176
tt1878870
""
tt0480249
tt0081617
""
tt14174586
tt1683921
tt0814666
""
tt2407838
""
""
""
""
tt0261964
""
""
tt0170949
tt0865556
""
""
""
tt0403462
tt0180652
tt0407304
""
tt1549920
tt1226229
""
tt0251806
tt0088850
tt0318176
""
tt13411722
tt0837106
tt1440728
tt2172061
""
""
tt0198837
tt0986263
tt6916502
tt7921248
tt15791034
tt1023114
tt0093311
""
tt8679726
tt0371589
""
tt7888964
""
""
tt15773174
tt32567837
tt3565342
tt0162661
tt1307071
""
tt1586680
tt0278504
tt7942794
tt1065318
tt0212643
tt0212643
tt5866930
tt0426173
""
""
tt1666186
""
tt2334649
""
""
""
tt4638148
tt0258341
tt0411035
tt4129004
tt32357858
""
tt0118883
""
""
tt0381061
""
""
""
""
tt2115394
tt0478394
""
tt0108168
""
tt5770786
""
tt0108829
tt0103064
tt1727291
tt0298845
tt0446719
tt0337978
tt3498820
""
tt0162065
tt0113161
""
tt3249220
tt11542758
tt0860866
tt0112579
tt0090461
""
""
tt0300556
""
""
""
tt9419834
tt1730523
""
""
""
""
tt5902414
tt0238112
tt0102234
tt0094012
tt0092722
tt3741700
tt31391925
tt1206881
""
""
tt0073812
tt0118771
""
tt0345950
""
tt5052474
tt0120844
tt10731268
tt0326249
tt10234470
tt0993846
tt0110555
""
tt1588362
""
tt0272338
tt2288938
tt0446372
tt0467200
tt2390222
tt2098799
tt0319930
""
""
""
""
tt0800268
tt0107818
tt0319262
tt5340348
""
tt0477051
tt2726560
tt6772950
""
tt0160862
tt2223236
""
tt37356748
tt0107659
""
tt3829920
""
tt1907668
""
tt0077834
tt0181288
""
tt0131349
tt0329028
tt1884447
""
""
tt0443295
""
""
tt0086689
""
tt0218817
tt0314979
tt0295700
tt0407265
tt1028576
tt0314166
tt11192306
tt6521876
tt0252076
tt0285335
""
tt4370596
tt0314166
""
""
tt0109813
tt0368933
""
tt0258085
tt0180093
tt0127759
tt0389564
""
""
""
""
tt1965040
""
""
tt5197820
tt1142988
tt0098529
tt0468569
tt1853728
""
""
tt0113228
tt0113277
""
tt0384947
""
tt0108961
""
tt0800069
tt0093818
""
tt0140432
""
""
tt5792472
tt0475784
""
tt3266948
tt0829176
tt0109506
tt0329824
tt0104007
""
""
tt0124718
""
tt0120902
""
""
tt2247476
""
tt0132245
tt1233227
tt32386588
""
""
""
""
tt1911883
tt0335345
""
""
""
tt0101587
tt7660850
tt8451712
""
""
tt3746250
tt0306685
""
tt0403537
tt0219929
""
tt35675897
tt0896680
""
tt7737528
tt0108560
""
""
tt1843230
tt1174703
""
""
tt0199065
tt1511543
tt2980472
tt4228058
""
""
tt0208783
tt0169528
tt0486946
tt0397077
tt0118928
""
tt7633230
""
""
""
tt0358223
tt0926129
""
""
""
""
""
""
""
""
""
tt0993840
""
tt0101169
""
tt4305148
""
""
tt0355295
tt1780762
tt3741700
tt0072562
tt0875034
tt0319869
""
tt2820578
""
tt0280380
""
tt0177991
tt0948470
tt0362084
""
""
""
tt1656179
tt0272152
tt7043612
tt0382932
""
tt5206268
""
tt0167880
""
""
""
tt0232128
""
tt0804529
tt0101163
""
""
tt0116790
tt0462570
""
""
""
tt0101544
tt3546254
tt1398918
tt36463894
tt33111907
tt0120014
""
""
tt1468387
tt10627334
""
tt0207102
""
tt21863352
tt0086759
tt6133130
tt0426883
""
""
""
tt0375021
tt0411008
tt0096542
tt4452630
tt0105977
tt6920356
""
""
tt0338526
""
""
""
""
tt10161886
tt1285016
tt1706620
""
""
tt0186547
""
tt0128332
""
tt0084616
tt7678984
""
""
tt1571403
tt10242558
""
""
""
tt2309919
tt0144214
""
tt0089175
""
tt0346500
""
tt0296572
""
""
tt4209788
""
""
""
tt1440345
""
tt0317740
tt1301480
""
tt0426654
""
tt0118971
tt3498820
""
tt1135525
""
tt5134214
tt0472206
""
""
tt3482498
tt0113247
""
tt0167404
""
tt3488710
""
tt0139809
tt0401711
tt0112281
""
""
tt3280262
tt1898069
tt0857190
tt0290811
""
tt14873088
tt0166382
tt1398028
""
""
tt0113845
""
tt0302640
tt3215218
tt18377206
tt0090365
""
tt0102614
""
""
""
tt3526470
""
tt0222616
tt0790804
tt2125539
tt2953050
tt17163970
""
tt6604188
tt1659337
tt1972779
""
""
tt0335266
tt9251798
tt0430105
""
tt0396184
""
tt26625873
""
""
tt0109760
tt0082213
tt37256493
tt0808096
tt1652287
tt0119887
""
tt0108800
tt1571222
tt5932548
""
tt0848954
tt0159365
""
tt0805663
""
""
tt0166936
tt11784166
""
tt0099323
tt0088640
""
""
tt2261391
""
""
tt2872518
tt0113820
tt0238380
tt2568204
""
""
tt0077714
""
""
tt0835060
tt0830515
tt0110622
tt1379711
""
""
tt0145487
tt0367882
""
""
""
""
tt0383574
""
tt12540080
tt0112760
tt2771200
tt1291580
tt0114287
tt0285335
tt0269224
""
tt0163651
""
tt4176826
tt0813715
""
tt26443935
tt0496356
""
tt0287978
""
tt1340138
""
tt0372532
tt0910970
tt1266020
""
tt1571222
""
tt3278330
tt0120667
tt1298650
tt0139615
tt0265086
tt0332280
""
""
""
tt7708090
""
tt0434409
""
""
tt0278238
tt0316116
tt0168446
tt0108778
tt0295427
tt0179144
tt0088761
""
tt0089568
tt0349688
""
tt0385002
""
""
tt0110475
tt0808357
""
""
""
""
tt0195231
tt7218518
""
tt1951265
tt0134830
tt0424136
""
tt0091557
tt0412930
""
""
""
""
tt0443567
tt0405336
""
""
tt1418888
tt0366005
tt0097757
tt3281796
""
tt4680640
""
tt1306980
tt0362350
tt32632828
tt0106052
tt0235137
""
tt0379907
tt0177789
tt0397044
tt0095647
tt3148952
""
tt30467885
tt1229413
tt0280870
""
tt15799866
""
""
tt1148229
tt0056758
""
tt0289649
tt0102492
tt0234215
tt0884328
tt2390245
""
tt6866266
""
""
""
tt0337573
""
tt1825947
tt1634549
tt0106179
""
tt7374948
""
tt1084961
tt0206634
tt0093741
tt0483098
tt0106308
tt2401878
tt1320253
tt1416765
""
""
tt0920505
""
""
tt1457767
""
tt5834426
""
""
""
""
tt10554232
""
tt1543879
tt0305743
""
tt0491159
tt2120120
""
tt14539740
tt0104155
tt0223424
""
""
tt19857646
tt0489237
""
""
""
""
tt0419749
tt0101414
tt6858948
""
tt0421082
tt8019472
tt0110061
tt0282209
""
""
tt3288518
tt1683526
""
tt0165598
tt0285351
""
""
tt0106179
tt0183225
""
tt0053494
tt0244714
tt0460665
tt2719094
tt0273567
tt0112688
tt0127723
""
tt0100150
tt1275409
""
""
""
""
""
tt9493708
tt0432034
tt9204164
tt0164216
""
tt0426616
""
""
""
tt0325980
""
tt0928413
""
tt0497373
tt0149460
""
tt0267626
""
""
tt2274172
""
tt5806204
tt0441074
tt0240462
tt0345950
""
tt0094074
tt0119859
tt0118929
tt3515512
tt1240982
tt1032755
tt1121931
tt0086393
tt0096639
tt27330757
tt0071023
tt0838224
tt0118480
tt0167137
""
""
""
tt0095379
tt0120604
tt6823148
""
""
tt0811138
tt1015474
tt0844286
tt9205538
""
""
""
tt0094517
tt1844624
tt0496356
""
""
""
""
tt3501018
""
""
""
tt8515700
""
tt0369702
""
tt3453580
tt0313250
tt1179069
tt1355630
tt8391658
tt1244668
tt0785007
""
tt26748321
""
tt0146675
tt31613279
tt0411475
tt0105414
""
tt2245784
tt0454970
tt0088478
tt0096061
tt0105323
tt1697813
tt0285462
tt0323576
""
""
""
""
tt0419706
tt0314063
""
""
""
tt0109912
tt0112902
""
tt10637908
""
""
""
tt1937390
""
""
""
""
tt0120654
""
tt6966692
""
""
tt1020167
tt0481456
""
""
""
tt0433350
""
""
tt0414830
""
""
tt0104299
""
tt4172430
""
""
""
""
tt0109178
""
""
""
""
tt0114069
tt0118655
""
""
""
tt15213278
""
""
""
tt10358022
tt0106144
tt1408253
""
tt0081846
tt0278554
tt7826108
tt8883486
""
""
tt0411117
""
""
tt3317234
""
tt0145487
tt0091734
tt0463985
tt3053464
""
""
""
""
""
""
tt0092488
""
tt0256572
tt0493079
""
""
tt0058796
tt0088128
tt3748528
tt1210042
tt0313911
tt0845046
tt0116191
tt2172103
tt4103470
tt1981115
""
""
""
""
tt0096579
tt0250687
tt0100051
tt0988045
""
tt4731136
""
tt0844441
tt4716164
tt0056751
tt1390535
tt0120693
tt1324999
tt7560942
""
""
""
tt10177098
""
""
tt1592154
""
tt1374992
tt0158552
""
""
tt0220658
tt31036941
""
""
""
""
tt0337910
tt0102059
""
tt0258463
""
tt0241088
""
tt1372686
tt0409459
tt2788198
tt10682266
""
""
""
""
tt0087909
tt0334575
""
""
tt0117331
""
""
""
""
""
""
tt0346631
""
""
""
""
tt0285403
tt0319262
tt0095065
tt0115857
""
""
""
tt2606608
""
tt6352296
tt0176856
""
""
tt0250258
tt3348730
""
tt0859635
tt0295178
tt0204313
tt2281587
tt1811351
tt0476991
tt4630562
""
tt0813715
tt0163187
tt3442990
""
tt8688634
tt0399295
tt0118437
tt2381249
""
tt1055737
tt1815924
tt0127536
""
""
tt0331933
tt0187211
""
tt0942385
tt0120738
tt1535109
tt0111486
tt0113987
tt0118763
tt21376908
tt31728562
""
tt0838283
tt0070806
""
tt0810895
tt2709768
""
tt1368440
""
tt0114478
""
tt4738360
tt10069398
tt0118453
""
tt0044265
""
tt32298262
tt1431045
""
""
""
tt0111149
""
""
""
tt0406816
""
""
tt0112084
""
""
""
tt4901798
tt7938492
tt0250846
tt1225822
""
tt2431438
tt0111667
tt0094963
tt1161418
tt3717490
tt0214341
""
""
""
""
tt11488458
tt0108360
tt0475984
tt0375210
tt0075500
tt6402468
tt27560723
""
""
""
tt0489099
tt0452625
""
tt0319262
tt0489099
tt1256552
tt0362506
tt0112022
tt5834204
tt9861122
""
tt6028620
tt1729597
""
tt0464131
""
""
tt1601913
""
""
tt0272068
tt0124595
""
tt10016180
tt0418401
""
""
""
""
tt8368408
tt10344410
tt0044265
tt0115340
tt1270797
""
tt18569496
""
tt0211349
tt13307972
tt2872718
tt8553778
tt1013860
tt3721964
""
tt4270492
tt1872194
tt3007132
""
tt1790885
tt1210069
""
tt0468533
""
tt0375750
""
tt1092026
tt1228705
""
""
tt27911000
""
tt4192998
""
tt0249327
tt2460594
tt0104839
""
""
""
tt0099365
tt1517260
tt2319785
tt1053424
""
""
tt36239104
tt0115798
tt0106175
""
""
tt0212720
tt0979432
tt5934552
tt11999520
""
""
""
tt0108211
tt4630562
tt1981128
tt3659388
""
tt1300854
tt2084977
""
tt1296898
tt4786824
tt0831856
tt0170259
""
""
tt16991146
""
""
tt1568346
""
tt0305945
tt8437226
""
""
""
tt0262429
tt0285341
tt13648184
""
tt0954947
tt0108100
tt1579884
tt0205461
tt0356150
""
tt0177971
tt0109440
tt30985335
""
""
""
tt4667322
tt0431420
tt1499658
""
tt0092067
tt1586265
tt0096769
tt5268868
""
""
tt1221141
tt0245438
tt0451279
tt0144640
""
""
tt0219446
""
tt0202362
""
""
tt0091869
""
""
""
tt0824747
""
""
""
tt0212671
tt0089927
""
""
""
tt0377981
""
""
""
tt0427873
""
tt0201888
tt5580664
""
""
tt10447004
tt2866676
tt1190858
tt0167720
tt0452694
tt6810552
""
tt0457270
""
""
tt0382330
tt3411420
tt0194410
tt6057416
tt0093424
""
tt5027774
tt0954947
""
tt0202096
""
tt0458352
""
tt0154750
tt0100142
tt0429589
""
tt0118842
tt0296574
""
tt0377248
""
tt1567215
tt0780521
""
tt0098273
tt0910970
tt0243655
tt0386993
tt5586376
tt1247637
""
tt1511543
""
tt2118707
""
""
tt0118273
tt0120693
tt0304176
tt0251075
""
""
tt0072530
""
tt0165710
""
""
""
tt0118928
tt0118534
""
tt1877832
tt6372694
""
""
tt4538670
tt1233507
""
tt0255198
""
tt0203082
""
""
tt2458948
tt0959314
tt7978710
tt0190641
""
tt0106305
tt0220947
""
tt34819091
""
""
tt26547864
""
tt0997188
tt10834220
tt4995790
""
""
tt0147800
""
tt0244926
tt4048272
tt0462396
tt0093331
""
tt11070500
tt0138956
""
tt0395972
tt0115862
""
""
tt0120586
tt0131613
tt0096579
tt4272866
tt0239570
tt0048845
tt0810913
""
tt0092718
""
tt0844441
tt0763831
""
""
tt0113673
tt0094226
tt0114571
""
""
""
""
tt0178746
tt0115963
tt6264654
""
""
""
""
""
""
""
tt0277371
tt0094512
tt1371150
tt0326769
tt1232829
tt3915174
tt5691552
tt3281548
""
tt1617661
""
""
tt0381061
""
tt1714915
tt4474344
""
tt1727770
""
""
""
tt0240510
tt4651520
""
tt0103874
""
""
""
tt0138749
tt4265508
""
tt11291274
tt0131664
""
""
tt20218152
tt1025100
tt2873282
""
""
tt0415127
""
tt10345858
""
""
""
""
tt0277434
""
tt37921057
tt0122626
""
""
tt2324384
""
tt5815492
tt0108171
tt0077799
tt0120628
""
""
tt2039349
""
tt0288491
tt0096446
""
tt0366548
tt9844522
""
tt0420408
tt2343137
""
tt0381637
tt1417075
tt0111749
tt3273738
tt0386140
tt0395171
""
tt8291806
""
tt0398596
""
tt33334400
tt0800369
tt0164016
""
tt0112546
tt1118649
""
tt0826760
tt0310458
""
tt0439867
tt2438644
""
tt0104965
""
""
tt0155837
tt0800998
tt1568346
""
""
""
""
""
""
tt0838221
""
""
""
""
tt1704637
tt0923811
""
tt0119051
tt0120777
tt0965556
tt0170544
tt3385516
tt1449383
tt6286796
""
tt0099245
""
""
tt0097742
""
tt3267222
tt1525835
tt0804497
tt0106333
""
""
""
""
tt0245891
""
tt5758778
tt3277432
""
tt0377109
tt0113922
tt0923811
tt1139478
tt0434706
tt0096754
""
""
tt0385791
""
""
tt0270933
""
""
""
""
tt0352465
tt9397284
""
tt3409718
tt0246894
""
tt1083476
""
tt2141913
tt11301886
tt4649416
""
tt0472160
tt7975674
""
""
""
tt0297162
""
tt2713178
""
tt0449059
tt0462504
tt0132245
tt0107290
tt0289765
""
""
""
""
tt0765491
tt0329774
""
""
""
tt0125602
tt0433386
""
""
""
""
tt0074799
""
tt0160277
""
tt5963752
tt0181689
""
tt0346314
tt0235679
tt0358559
tt0121220
tt0363226
tt0455121
tt0095107
tt2193215
tt0361399
""
tt14167344
""
tt0097576
tt3740350
tt0182645
tt0443734
""
""
""
tt0116353
""
tt0298203
tt0144296
tt0253969
tt0354766
tt0429422
tt4836736
""
tt4059696
tt11307440
tt16740278
""
tt0109040
""
tt0441773
""
tt0107076
tt11771270
""
tt1954843
""
""
tt32777999
tt0099871
""
tt3772576
tt0351977
""
tt0445114
""
""
tt0120483
""
tt0348836
tt13087796
""
""
""
tt0361243
""
""
tt0093058
""
tt17543592
tt0481258
""
""
""
tt0099085
""
tt0452643
tt0451080
tt4244162
""
tt0918557
""
tt0415885
""
tt1823262
tt0138833
""
""
tt1837703
tt0112112
tt27123044
""
tt1821406
tt0498515
tt0482088
tt1156398
""
""
tt0364774
tt14073836
tt1617123
tt36589971
""
""
""
""
tt2404233
""
tt0282768
""
tt1677720
""
tt0810922
""
""
""
tt0800080
tt0272020
tt6561576
tt0437086
""
""
""
tt0256555
tt0428446
""
tt0408375
tt0119807
""
tt1185834
tt0433366
tt10681222
tt4495098
tt3578766
""
tt0163025
""
tt0158622
""
""
""
""
""
tt3439694
tt0085049
tt0314123
""
""
""
tt0311429
tt2109248
""
""
tt7544398
tt1631867
tt0048845
tt0120768
tt0770828
tt0133093
tt3064298
tt0350028
tt1601141
tt1846589
""
tt7958736
tt0271582
""
tt0119137
""
tt0091530
tt0875609
tt0247079
""
tt0109836
tt1155591
tt7435316
tt0242339
""
tt0338466
tt30813817
""
tt0402910
tt0485301
tt11214590
""
""
""
tt11235988
tt6714432
tt13562148
tt0078723
""
""
""
""
""
""
""
""
tt0285823
tt1541610
""
""
""
tt33305815
tt1485796
""
""
tt0471717
tt26791495
tt0139216
""
tt5619332
tt1192628
""
tt32359602
""
tt0421463
tt0090904
""
""
""
tt0403360
tt0932807
tt1074638
tt0145531
tt1772412
tt0120631
tt2249364
tt0257044
tt0380623
tt2473602
tt0371746
""
tt0186908
""
tt0988824
""
tt1726286
tt0092069
tt1651337
tt1318514
""
tt0340855
""
""
""
tt0273842
""
tt0163125
""
tt0102820
tt7949200
tt1124012
""
""
""
tt0903747
tt27219467
""
tt0424600
""
""
""
""
""
""
tt0056172
tt0103437
""
""
tt35873729
tt0216578
""
""
tt0133152
""
tt0119809
""
tt0375568
""
""
tt0458525
""
""
""
tt0440978
tt0361841
tt0111503
tt0252076
tt1104001
""
tt0087507
""
""
tt4016454
tt0203009
tt0146838
tt7991608
tt0339291
tt10062292
""
""
""
tt0098749
tt0283646
""
tt7347846
tt3631112
""
tt0139414
""
tt0783233
""
""
""
""
tt1667074
tt0409847
""
tt6408230
tt0102722
tt3577624
tt19854762
tt0296099
""
""
""
""
""
""
tt15475330
tt3482062
tt1225822
""
tt0403961
tt0333780
tt0089331
""
tt0166707
""
""
tt1605630
""
tt0468569
tt13421372
tt1201167
""
tt0141842
""
tt0111227
""
tt0119707
tt1280822
tt5316540
tt1951266
tt0114148
""
tt10601604
tt0097216
tt0358349
tt0249462
""
tt34890519
""
""
tt0490181
tt1185416
tt0116908
tt1430587
tt8064302
""
""
""
tt0264429
tt0202179
tt0875034
""
tt0116404
""
""
tt0108783
tt0396041
""
tt0135790
""
tt26424928
tt1563738
""
""
tt0081633
tt0444112
tt2725962
""
""
""
tt8718158
tt0160184
tt0104922
tt0115231
tt0929632
tt3905764
tt0139668
tt0478074
""
tt14583892
tt0320038
tt1386697
tt0343660
tt2292553
""
tt0116768
tt0363999
tt0212879
tt0879870
tt0103060
""
""
tt0425624
tt0386342
""
""
""
""
tt0163924
tt0113483
tt0108771
tt1389072
""
""
tt0109444
tt0291395
""
tt0116253
""
tt0315824
tt1505281
""
tt0455275
""
""
tt1235099
tt1118045
""
tt0096684
""
tt1464540
tt0102034
tt0094473
""
tt0101054
""
tt7690670
tt0135790
tt0287469
tt0090467
""
""
tt0115288
tt0425112
""
tt7390646
tt0103439
tt22750834
""
tt0117407
tt0499095
tt0240515
tt4294924
""
""
tt0107007
""
""
tt2641648
tt0461684
tt27676959
""
""
""
tt0252485
tt1289406
tt0348150
tt0183790
tt0083401
tt0469494
tt6968614
tt0296572
""
""
tt0450232
tt0146882
""
tt13951826
""
tt1510726
tt0437359
tt1620981
""
""
tt0114228
tt1305080
""
tt1587807
""
""
tt0116743
""
tt16419074
tt0103060
""
tt5776858
tt0379786
tt2334873
""
""
tt0490215
""
tt0472198
tt0314353
""
tt0250161
""
""
""
tt1440728
""
""
tt0113303
""
""
tt0117979
tt2474976
tt2325881
""
tt24220088
tt0160607
tt10141736
""
""
""
tt0318949
tt12359080
tt1821658
tt3149900
tt0207333
tt6412452
""
tt0095364
tt15090124
tt0102798
tt14661418
""
tt2450588
""
tt0078467
""
tt0795461
tt1274409
tt0277296
tt5662910
""
tt8886670
tt0106766
tt9619798
tt0487037
""
tt0092965
""
""
""
""
tt0369060
tt4971344
tt1571234
tt0330813
""
tt1311071
tt0207932
tt0105414
""
tt5439812
tt1067106
tt0955308
tt6328648
""
""
tt2361317
tt1437358
tt0096061
""
tt0115417
tt0102070
tt0109506
tt0108894
""
tt0112178
""
tt0143907
tt1054580
tt0275022
""
tt2636552
tt2255586
""
tt0875034
""
tt4545976
""
""
tt0403360
tt2341669
tt0081873
tt0093881
""
tt0122933
""
tt1080008
tt11080216
tt2897076
tt0104839
""
tt2382320
""
tt6866266
tt0123322
""
tt0981227
tt0319486
tt0363163
tt0433035
""
tt0826760
tt0149460
tt0082783
""
tt0090756
tt0465963
""
tt0248640
tt0119368
tt0233418
""
tt0448404
tt15532274
tt0251806
tt0116629
""
""
tt0387714
""
tt34596949
tt0310281
tt0108147
""
tt2088003
tt2013293
tt28069807
tt21614558
tt16366836
""
""
tt1582507
tt0092319
tt0489395
""
tt3282858
""
tt0104558
tt0090585
tt0111876
""
tt6628024
""
tt0118480
tt2177771
tt0995048
""
tt0103639
tt1058595
""
tt0348836
""
""
tt0137523
""
""
""
""
tt27109303
tt1596350
tt8829830
tt4048946
tt0206113
tt6443346
tt3819668
""
tt0269944
tt0092455
tt0229260
tt4460252
tt33130884
tt5580390
tt0202510
tt3973820
""
""
tt0331632
""
tt3307330
tt0846116
tt0107943
tt9806468
tt0477139
tt2027178
tt10545296
tt4649466
tt0234215
tt2711256
""
tt27717667
tt0120746
""
tt0892782
tt0213149
""
tt0117887
tt0330991
""
""
tt0116147
""
tt0362496
tt2084878
""
""
tt0100403
""
""
tt0419887
""
tt1711525
tt2190760
""
""
tt0245641
tt0414916
tt3464896
""
tt0099762
""
""
tt0111198
tt1525366
tt0081445
tt0137363
tt0395584
""
""
tt0101507
tt0171827
""
""
tt1216475
tt0460745
tt2022170
tt0293508
tt0097239
tt0081873
tt0428212
tt2788316
tt0163901
tt1606761
""
tt5580036
tt0845746
""
tt1179933
tt0145038
""
""
""
""
""
""
tt0142772
tt1526772
tt0772168
tt9067020
tt0935095
tt0090631
""
tt8772296
tt0763854
tt0108979
tt0249280
tt0112767
""
""
tt1436568
tt0118630
tt1022606
""
tt0450405
tt7163910
tt7873348
tt1596346
tt0089907
""
""
tt1552205
tt3312830
""
tt0409459
""
tt0398375
tt0081080
tt0118589
tt0109987
""
tt13153584
tt0113409
""
""
tt0105698
""
""
""
tt2780586
tt0092493
tt10838180
tt1116184
""
tt0201969
tt0105317
tt2554274
""
tt7231342
tt4799066
""
""
tt0803069
""
tt0454898
""
tt26719871
tt0083437
tt0096446
tt1911600
""
tt10849328
tt0115237
tt0339034
tt0477507
""
tt3522142
tt1232776
tt0285403
""
tt0088680
tt0460681
tt3757982
""
tt6306400
""
tt1578873
tt0178132
tt0137799
tt1600194
""
""
tt13866832
tt0330251
""
""
""
tt2094767
tt8154270
tt0109099
tt0167331
tt0246460
tt0115674
""
""
tt0114168
tt0120647
""
tt1695392
tt0294357
""
tt0117706
tt0448157
""
""
tt0163025
tt0110357
tt1217613
""
tt0120157
tt0145660
""
""
tt0098407
tt3140100
""
tt0182706
tt2969096
""
tt0283003
tt0288729
tt0198781
""
tt0088580
""
tt0370263
""
""
tt0424603
tt0877512
""
""
tt0808555
tt1692486
tt0441074
""
""
""
tt1517177
tt0169414
tt6041030
tt0439630
""
tt2981510
""
tt6520660
""
tt0279193
tt14597228
""
tt5562070
tt2214958
tt0280976
tt0370008
tt1227637
tt4084744
tt6660926
tt0116147
""
tt0119250
""
""
tt0114769
tt4555426
tt0190641
tt0138919
""
""
""
tt0292103
""
tt0923811
tt2074027
""
""
tt0244000
""
""
""
""
tt2741602
tt36885662
tt4152032
""
tt0120461
""
tt0211919
tt0267154
""
tt0213149
""
tt7798634
""
tt0103399
""
""
""
tt0480271
tt0352520
tt0183790
""
tt0090887
tt5428444
""
""
tt1124377
tt1029234
""
tt0113247
""
tt1864017
""
tt0205461
tt0161081
tt0094291
tt1079968
tt7535994
""
""
tt1727776
tt1540128
tt0443473
tt34692003
""
""
""
""
tt0113463
""
tt0450232
tt0486028
""
""
""
tt0203702
tt21986824
tt0315733
""
tt0101996
""
""
tt0397078
tt14403178
tt0253556
tt3428882
""
""
tt0330251
""
tt0093437
""
""
tt9663764
tt0458339
tt0419311
tt0405007
""
""
tt0096405
""
tt0118615
""
tt0158493
tt5199774
""
tt4645368
""
tt0399087
""
tt31194612
tt0304415
tt0105899
tt0914387
tt1736633
""
""
tt0094025
""
""
tt0110357
""
""
tt0120157
tt0348150
""
tt1720263
""
tt0396171
tt0371589
tt0910554
tt0115167
""
tt0299567
tt0088323
""
tt0136825
""
""
tt0145130
tt4760028
""
""
tt0110352
tt0092666
tt0114069
tt0466909
tt0418279
tt8134996
tt5016504
tt0110889
tt0129908
tt0096324
""
tt1124039
""
tt0123833
tt0340377
tt0100802
""
tt0158030
""
""
tt0249241
tt0256079
""
""
tt0969307
""
tt14854526
""
""
""
tt1677557
tt1395738
tt0415978
""
tt0249474
""
tt0334754
""
tt3316960
tt1006926
tt31828554
""
tt0085407
tt0182629
tt0388944
tt8452134
tt0089124
tt7967026
""
""
tt0339702
""
tt2082453
""
tt2007472
tt5537002
tt3465074
tt0095180
tt1656175
""
""
tt2943178
tt0401711
""
tt1864750
""
""
tt1327801
""
""
""
tt0770828
""
tt0473444
tt14807744
tt0421625
tt0486674
""
""
tt3408252
tt13273800
tt10451914
tt0198781
""
tt3859320
tt0328132
""
tt2014239
tt0335704
tt0112431
tt1618442
tt6436726
tt0167260
tt0114214
tt3014866
tt0142688
""
tt0086081
tt0903624
tt0253006
tt0188030
""
""
tt14695770
""
tt0452046
tt15799866
""
""
""
""
""
""
tt0115678
tt0119269
""
tt0167018
tt0445946
tt0205697
""
""
""
tt0422374
tt1508332
tt3220192
""
""
""
tt1877830
""
tt2973418
""
tt3169706
tt1657507
tt0094961
""
""
""
""
""
""
tt13651794
""
""
tt0103440
""
tt0253839
tt4032496
tt0450314
tt0109830
""
tt0248742
""
tt0348060
""
tt0118790
tt0139216
""
""
tt0098040
tt5092380
tt8688634
tt0455275
tt0120689
tt0236784
tt0414384
tt8367140
tt1298818
tt0268711
""
""
tt0810913
tt0119081
tt7335184
""
tt2406566
""
""
tt0309832
""
""
""
""
tt0111901
tt1951261
""
""
tt1692503
""
tt0293245
tt0481033
tt2305051
tt3856124
""
tt0116752
""
""
""
""
""
tt0070072
""
tt1843866
tt0097588
tt0098923
tt39444603
tt0131278
tt8126130
tt0765700
""
""
tt2527186
""
""
""
tt0239020
""
tt0373889
tt0120737
""
tt0120753
""
""
""
tt0815124
tt0103074
""
tt0099141
""
""
""
""
tt1991245
""
tt0087513
tt0096597
""
tt0918627
tt10409498
""
tt14641542
""
tt0122151
tt0183523
tt1675733
tt10343928
""
""
tt2389456
""
tt5013056
""
tt0119088
tt0795421
tt0120448
tt0251272
tt2033944
""
""
tt1850397
""
tt0816462
""
tt0117894
tt1877889
tt0086625
tt0083739
tt0441844
tt0096542
""
""
tt0272207
""
tt0242024
tt0289624
tt0102450
tt10699300
tt0349903
tt0338443
""
tt0102316
""
tt2139563
tt0203259
tt0460724
tt3783958
tt0115624
tt0217128
tt1605630
tt1628841
tt0203755
tt0491157
tt0312004
tt0431197
tt0093252
tt0276919
""
tt10945288
""
tt7550000
tt0120873
""
""
tt0159507
tt1985019
tt0486611
""
tt0462538
tt0138959
tt0082406
""
""
""
tt1742023
tt0340256
tt0280732
""
""
""
""
tt1837576
tt4996088
tt1929263
tt10648342
""
tt0107206
tt2113681
""
""
tt0368891
tt0311519
""
tt0944947
tt0107505
""
tt0413825
""
tt1464507
""
""
""
""
tt1301270
""
""
tt0166707
tt0415481
""
""
tt4419196
tt0970416
tt0092493
""
tt0116981
""
""
tt0273855
tt4106376
tt29414998
tt0111901
tt0114223
tt0338526
""
tt0108909
""
tt2183641
""
tt0377818
tt0214065
""
tt0233142
tt4602768
tt2802144
tt0430634
""
tt0279600
""
tt0210429
tt0405336
tt0118984
tt0190374
tt0264395
""
""
""
tt15772866
""
tt0105415
tt0091600
""
""
tt0893412
tt0266381
""
""
tt1216491
tt4139124
tt4364194
tt0375920
""
""
tt0270127
""
tt10333426
""
""
""
tt0271288
tt0338535
""
tt29548549
""
tt26678108
tt0090107
tt0256009
""
""
tt0439547
""
tt1858561
tt27757546
""
""
tt1151375
tt0175058
tt0200720
""
tt0497454
tt1431045
""
tt0094894
tt2308260
tt0110889
""
tt9062988
""
tt0942379
tt0335121
""
tt0407304
tt8484586
tt1575576
""
tt0117509
tt0472198
tt0964539
tt7826108
""
tt0487037
tt0119485
""
tt0119148
""
""
""
""
""
""
tt0326835
tt1210819
""
tt0396171
""
tt0110135
""
tt1854513
tt0111249
tt14072384
tt0247063
tt1133617
""
""
""
""
tt1392214
""
tt1014759
""
tt0267626
tt1228705
tt1276104
""
""
tt0158552
""
tt3896198
tt4954522
""
tt0055708
""
tt0439753
""
""
tt27561741
tt7599146
tt0103934
tt4148454
tt0119468
tt14549270
""
tt0487928
""
""
""
""
tt1401152
tt0291579
""
tt3480182
""
tt3230454
""
""
tt2446042
tt0367082
""
""
tt0114906
""
tt0164052
""
tt0104291
tt0088929
tt0178392
tt0105849
""
tt0479952
tt0799949
tt2096672
""
tt0120661
tt1403981
""
""
tt1411697
""
""
""
tt3801314
""
tt0096697
tt3097490
""
tt13429870
""
""
tt0222637
tt2445698
""
""
tt13933600
tt0431021
tt0103594
""
tt28298505
tt35665197
tt0204110
""
tt1597420
""
""
""
tt0103671
tt0115571
tt0120763
tt2543164
""
tt0096160
""
tt1148770
tt0120749
""
tt0092563
tt0489664
tt2230358
tt0111342
tt4799050
tt0098627
""
""
""
""
""
""
tt0776766
""
tt0383216
tt0427327
tt0421715
""
tt1322385
tt0115751
""
tt4357394
""
tt1289737
tt0372472
tt4065552
tt4937942
tt1179817
tt2465578
tt0103855
tt0420238
tt0442939
tt0113677
tt0093489
""
tt0076759
tt2193215
""
tt4417520
tt2516864
""
""
""
""
""
tt0083697
tt0780653
""
tt15520368
tt0928188
""
tt1071880
tt0110816
tt3733400
""
""
tt1065325
tt0465790
""
""
tt0116313
""
tt0327162
""
tt0480249
tt0099163
tt1808409
tt4229954
""
""
""
""
tt2275471
""
""
tt2381249
""
""
""
tt0273689
tt0431197
tt2281587
tt0162222
""
""
""
""
""
tt1489428
""
""
tt0347909
""
""
tt7053920
""
""
""
""
""
tt0295238
tt0280249
""
tt0118571
tt0092325
tt3244992
""
""
""
tt1343755
tt2113681
tt0190590
""
tt0109830
tt0110894
""
""
tt0133240
""
tt0131157
""
""
tt0123755
tt7959296
tt0414387
""
tt0104640
""
""
""
""
tt0102307
""
tt0169272
""
tt0120915
""
tt1629739
tt1077255
""
""
""
tt0075474
tt5108870
""
""
""
""
tt2499818
tt0399095
""
tt0271031
tt0109712
tt1521197
""
""
tt0370141
""
""
tt0862998
tt0104508
tt4048272
tt38494775
""
tt0081860
tt1454573
tt12573866
tt0310198
tt17200194
tt0117249
tt0105321
""
tt0147746
tt0116790
""
tt17154094
""
tt0383694
""
""
""
tt0090766
tt16953666
tt3461252
tt0112729
tt0469641
tt0172495
tt0359535
tt1374992
""
tt1991245
""
tt1869949
""
tt1015241
tt0307453
tt14465516
tt0173907
""
tt0344510
""
tt28492130
""
""
tt0117705
tt21326658
""
""
tt10726774
""
tt0123231
""
tt7534342
tt0459731
""
""
tt0246005
""
""
tt0108876
tt4855896
""
tt0844457
""
""
tt0101829
tt3783958
""
""
tt0234215
tt0234215
""
""
""
tt0070047
tt0220096
tt2015441
tt3468260
tt0221073
""
tt0126100
tt0396405
tt0101798
tt4574334
tt0119643
""
tt0138855
tt2379713
""
tt0137305
tt0152139
tt0091630
""
tt6908274
""
tt8354218
tt0120685
""
tt9701230
tt0098320
tt0446792
tt0197384
""
tt0847517
tt0273689
tt0091278
""
tt0146882
tt1745686
tt14681148
""
tt0246989
""
tt0122346
tt3850214
""
""
""
tt0113845
""
tt1325113
tt1148205
""
tt0380609
tt0388795
tt11233960
tt1055292
tt0113845
""
""
""
tt0117531
""
tt0365737
""
tt0465494
""
tt2404301
""
""
tt1643222
tt2008647
""
""
""
tt6359956
""
tt0115420
""
tt0460681
tt0113041
tt2975578
tt0205195
tt0110074
""
tt2820852
""
""
""
""
""
""
tt3758814
tt1682886
tt0317705
tt0106677
tt30890683
""
""
tt0346631
tt0233491
tt0100156
tt3397884
tt1964418
tt12789558
""
tt1623745
tt0817230
tt0075561
tt2649554
tt0109831
tt0300556
tt0105112
tt0159382
""
tt6135828
tt30150289
""
tt1198156
tt0144401
tt10675026
tt0118615
""
tt14988172
tt0119283
tt0137523
""
tt3016748
""
""
""
tt1225901
tt1929263
""
tt0280590
tt0204626
""
""
tt0120917
tt0819853
""
""
tt0114558
""
tt0325352
""
tt0252866
""
tt1109624
tt0080563
tt0115325
tt1291652
tt0186183
tt2442670
tt2279373
tt0486655
tt0124088
""
""
tt0408839
tt0088210
tt0405296
""
""
""
tt3597790
""
tt0886692
tt13287846
tt0112225
""
""
tt0098844
""
""
tt0114508
tt0410297
""
tt11703050
tt0103873
tt0118466
tt2186766
tt1562871
tt0839980
tt0378109
""
""
tt0219519
tt15387926
tt0319262
""
""
tt2488496
tt2175797
tt0108238
""
""
""
""
tt11935556
""
tt1201607
""
tt4439872
""
""
tt0227984
tt0101698
""
tt0115351
""
tt0371606
""
tt1692486
tt4193400
""
""
""
""
tt1179891
tt0318411
""
""
tt0105890
tt10100318
tt0208988
""
tt2034800
tt4217392
""
tt4052994
tt9252468
tt0806910
tt0139809
""
tt2980648
""
tt34250944
tt0120912
""
tt10161596
tt0094625
tt0317919
""
tt35716528
""
tt0107631
tt0802977
""
tt3957202
""
tt0109830
tt14801528
tt0114202
tt0109506
""
tt3381008
tt0072209
tt1223909
tt6047058
""
""
tt0112483
""
tt1837584
tt0149427
tt0085334
tt0384766
""
tt2805748
""
""
""
tt0108891
""
""
tt3920890
""
tt2112096
tt0113863
tt8161226
tt0853246
""
tt0090400
tt0380817
tt0320028
tt0375349
tt0280696
tt0770752
tt0330094
""
tt13975392
tt8282042
tt0236348
""
tt0167190
tt3250026
""
tt0096446
tt1757678
tt0129723
""
""
tt0410975
tt0433405
tt0272332
tt0117372
""
tt0302302
tt15163652
""
tt0089886
""
tt8881102
tt0120669
tt0185257
""
tt0114027
""
tt0329717
""
tt11858890
tt1853728
""
tt0094889
tt0291672
tt1047540
tt2109248
""
tt0194426
tt0121220
tt0213338
""
tt0311429
tt6318896
tt0241383
tt0243585
tt6048922
tt0115676
tt0490084
tt0103776
tt0444682
tt0119324
tt0096555
tt0477348
tt0816226
""
tt10720914
tt0109686
tt0362404
tt0116320
""
tt7766378
tt0287467
tt0411008
""
tt0337697
tt0116590
tt2771200
tt0312032
tt0414322
tt0297037
""
tt3029556
tt0156841
tt0107930
tt0304346
tt0088512
tt0098929
tt0211661
""
tt0368479
tt0162272
tt1649419
tt21915168
""
tt1132290
tt2369135
tt7504818
tt5171438
tt2717860
tt1153706
""
tt1233334
tt0273855
tt0175142
tt0097994
tt0095304
tt0168366
""
""
tt0261475
tt0385560
tt0873886
""
tt0421073
""
tt0085049
""
tt1996346
tt0126771
""
""
""
tt0466856
""
tt0120655
tt0388980
tt0096542
tt0110395
tt31849826
tt0133093
""
""
""
""
tt0106148
tt0985699
tt2800038
tt4145304
tt0770828
tt0446029
tt2103264
tt0376994
""
tt0108757
tt30253266
""
tt0141926
tt0063951
""
""
tt5825380
""
""
tt0105950
""
""
tt1781769
tt2805096
""
tt0358082
tt5268098
tt0381190
tt1440129
""
""
tt0120185
""
tt0215129
tt3317234
tt0477731
tt0098844
tt0101889
tt0280974
""
""
tt13186482
tt0963178
tt1648208
tt0211714
""
tt0092744
""
tt0082176
""
tt1866249
""
tt0312082
tt3774694
tt0370032
tt0164181
""
tt0212579
tt0120667
tt3011960
tt0069658
tt3224458
tt1710417
""
""
tt0076459
""
""
tt2436386
tt2712740
tt0104928
tt0108495
tt0113986
tt5732530
tt1023111
tt0103639
tt0896680
tt0427309
tt0108238
""
tt0103454
tt0840196
""
tt0791055
tt0238793
""
tt5796156
tt0435705
""
""
""
""
tt0186151
tt10540242
tt0834965
tt0367153
tt1565059
""
tt0387808
tt10476426
tt1358522
tt0360016
tt1697029
""
tt31495504
tt20672534
tt0253474
tt2290247
""
tt1219024
tt0117060
tt0106079
tt0083399
tt3748528
tt0450405
tt1759761
tt9815454
""
tt1255953
tt1560976
tt0115685
tt3850214
""
tt1800241
tt0482606
tt0477557
""
""
""
""
""
tt1038971
""
tt0112480
tt0497724
""
tt0238064
tt0108908
tt0420223
tt9737030
""
""
tt2223990
tt0262985
""
tt5109280
tt0452623
""
tt0119190
tt5124786
""
""
tt30057084
tt1322269
""
tt1189017
tt1504320
""
""
tt0166813
""
""
""
""
tt12759778
""
tt0211718
tt0139745
""
tt2180271
tt0245562
""
""
tt0805541
tt0106028
tt0368933
""
tt0338526
tt2325717
tt17024450
""
""
""
""
""
""
""
tt12229416
""
tt0115082
tt1336617
tt3500508
""
tt0096754
tt3529198
""
""
tt0780521
""
tt0399201
""
tt0239395
""
tt0277828
tt0108757
tt1365519
""
tt0104667
""
tt1504501
tt2379713
tt0362001
tt6823368
""
""
tt1129029
""
tt2551396
""
tt1990181
""
""
tt4555426
tt0219653
tt2231253
""
tt0109830
tt0117694
""
tt5645006
tt39396318
""
""
tt1625134
tt4179074
""
tt1489428
""
tt4682266
""
""
tt1255956
tt9466114
tt1007029
tt1937269
""
""
tt0354210
""
tt1687901
tt0361254
tt0469641
""
""
tt0377818
""
tt0119257
tt5310622
tt0058796
tt2049424
tt9362930
tt2562232
tt31064841
tt0124555
tt1634106
tt6953912
""
tt5137330
tt0452046
tt1034007
""
tt9692016
tt0092493
tt0097368
""
""
tt0162065
tt0265307
tt0112816
tt0139803
tt0106179
""
tt3381008
tt1231575
""
tt0120004
tt0460792
tt0224025
tt0099566
""
""
tt12981616
tt0204946
tt1800241
tt0187626
tt10599314
""
""
""
""
""
""
tt0461097
tt0117480
tt1371111
tt9618638
tt0106793
tt0824747
tt4687882
""
tt0985040
""
tt1781794
tt7984734
tt2395427
tt9060240
""
tt2249007
""
tt0084509
""
tt0101205
""
tt0330568
tt21867434
tt0145734
tt0119303
""
""
tt11871764
""
""
""
tt0311648
tt0118548
tt0346631
""
""
tt13406094
""
tt5207838
tt0185183
tt0133412
tt4375664
tt0465624
""
tt0311429
tt6166392
tt0108783
""
tt0368479
tt0094744
tt0164022
tt1655078
""
tt2567026
""
tt0106039
tt0805661
tt0109842
""
tt1038098
tt1242548
tt1259521
tt10978578
tt0064485
tt1621039
""
tt1082601
""
tt0211465
tt0110074
""
tt0307901
tt0286367
""
tt1666801
tt0083424
tt7681902
tt0299930
tt0104940
tt9466498
tt0122827
""
tt2157045
""
tt0424095
tt0800214
tt0117705
tt0107554
""
tt0387199
""
""
""
""
tt0116000
""
""
tt0297181
""
""
""
""
tt0286788
""
tt0168310
""
tt0338309
tt9731598
""
""
tt0113720
tt0367557
tt2113681
tt0294939
tt5500148
tt1568815
tt0099289
tt6110318
""
tt0842926
tt0395867
tt3098954
""
""
""
""
tt10521092
""
""
tt12764298
""
tt0114622
tt0108052
""
""
tt2007360
tt29634843
""
tt0383694
""
""
tt0988045
tt27331246
tt0220239
tt2833408
tt2768234
""
tt0095274
tt0840040
tt0381061
""
tt0829459
""
tt2612800
tt0067418
""
tt11664254
tt0133751
""
tt0358349
tt2255957
""
tt0113537
""
tt0100405
""
tt0207932
tt1740299
""
tt0058796
""
""
tt0107286
tt0118495
tt0203247
""
""
""
""
""
tt0330373
tt0111887
""
""
tt4046784
tt0430357
tt0093011
tt8009420
""
tt0926063
tt0116422
""
tt0424095
tt2390334
""
tt2930604
tt0090528
tt21285562
tt14549466
tt1727824
tt0292963
""
tt0429493
""
tt2025899
""
tt10973800
tt0423730
tt0362192
tt5129792
tt1591190
tt0120838
tt0105946
""
tt0106246
""
tt0296095
tt1602620
tt1836944
""
tt1213648
tt1014775
""
""
""
tt0118770
""
tt0187078
tt3721964
tt0879250
""
tt0151738
""
""
tt0099371
tt0411670
""
tt3521164
tt0097757
""
""
tt2381089
tt1231583
tt0085049
""
tt1844624
tt0104033
tt39050831
tt0083658
tt0265208
tt0758751
""
tt5290382
tt0279493
tt0115857
tt0446775
tt0088512
""
tt0396592
tt1210042
tt4086018
tt0098786
tt1915581
tt0319823
tt0110099
tt0426615
tt4495098
tt1536044
tt0090395
""
tt9051908
""
tt0116905
tt0248655
tt0373889
""
tt0086687
""
""
tt0800241
tt2094766
tt0388795
tt9658388
""
tt0225434
""
tt0128445
tt0108757
tt0327554
""
tt2016894
tt14858658
""
tt9906264
""
""
tt0096754
""
tt8416494
""
""
tt0081858
tt0252501
tt0780521
tt1345836
""
tt0775374
tt2342231
tt0417148
tt0466909
""
tt1405406
""
""
tt0113277
""
""
tt1384598
""
tt3681794
tt0454082
""
tt1486217
tt1075417
""
tt2024505
""
""
tt0114011
tt33401141
""
tt0119822
tt0411008
tt1212450
""
""
tt1278428
tt0441824
""
""
tt4445154
tt0386676
""
tt0086744
tt0115734
tt0373469
""
""
tt0107362
tt0115341
tt2356777
tt0107818
tt0217107
tt10016180
tt0126916
tt2740892
tt0187592
tt7006358
tt0365957
""
tt3179568
""
""
""
tt0108757
""
tt0492956
""
""
tt0300556
tt29135600
""
tt0120133
tt0898367
tt0090728
tt0096579
tt0368709
""
tt0409459
""
tt0467406
tt0111282
""
""
tt0478311
tt5241840
""
tt0862856
tt4439102
tt0189049
tt0175777
tt7350902
tt3963816
tt0120032
""
tt0230512
""
""
tt1257562
tt0181739
""
tt0086759
tt1197624
tt0184907
""
""
tt1959490
""
tt3464254
tt0439572
tt0086837
tt0342735
tt1973692
tt21308888
tt0419073
""
""
tt1905041
""
""
""
tt3009772
tt0115215
""
""
tt0255361
tt0111282
tt15461440
tt0327554
""
tt0892318
""
""
""
""
tt0173450
""
""
tt1341341
tt0103644
""
tt0923811
tt2109248
""
""
tt1474589
tt5699154
""
tt0499549
tt0805602
""
""
""
""
tt0086776
tt7713068
""
tt5942890
tt0212720
tt0159365
tt4881578
tt0481536
""
tt0203142
tt0153737
tt1496422
tt18076310
tt0116722
tt1717153
tt0203259
tt0118884
tt0848228
tt0198294
tt0275913
""
tt0490204
tt0239395
tt14917354
""
""
tt0098032
tt4073582
""
tt1850397
""
tt0910970
tt0112469
tt0112081
tt1605798
tt0230011
tt2322932
tt3717252
tt2935510
""
tt11389872
tt1229238
tt0110216
tt0366090
tt0105711
tt36966126
""
tt4364194
""
""
tt0381061
""
""
""
tt0955353
""
""
""
tt1959332
""
""
tt0358273
""
""
tt0118647
tt0212215
""
""
""
tt0395843
tt0120815
tt8983230
tt0322423
""
""
tt0371710
tt0348864
""
""
tt0852713
""
tt2570500
tt0078346
""
""
tt1568346
""
tt0108894
tt0092493
tt1707240
""
tt0333766
tt0159787
tt0235737
""
""
tt0800039
""
""
""
tt31193180
""
""
tt0165982
""
tt0443431
""
""
tt0329502
""
""
tt0092469
tt0260866
""
""
tt0114214
tt0477050
tt0476990
""
tt0446755
""
""
""
""
tt0106559
tt0119219
""
tt0109424
""
tt0101490
tt0184076
tt0429078
""
""
tt0431308
""
tt0155510
tt0445922
""
""
tt0283219
tt3748850
""
tt0286486
""
""
tt20112746
""
""
""
""
""
tt0079261
tt0146984
tt0120479
tt2934286
""
""
tt1682246
tt0276751
""
""
tt1041829
tt2908446
""
tt11378426
""
tt0104070
tt0103008
tt0105112
tt0089017
tt8019044
""
tt1075747
""
tt0221073
""
tt0118276
""
""
tt9073940
tt0914863
tt1735898
tt1186356
""
tt3569230
tt0796264
""
""
tt2206354
""
tt1647675
tt13433802
tt1600194
""
tt1431181
tt9051908
tt1318514
tt15485160
tt2771200
tt0884070
tt0157000
tt0221197
tt1631867
tt3165264
tt0119025
""
tt0118150
""
tt0120844
""
tt0062595
tt1781769
tt3153532
""
""
tt28652464
tt0129723
tt0080993
tt1630029
tt0118276
tt0115167
tt0208037
""
tt0372784
""
tt0458376
""
""
tt0278238
tt0269389
""
tt0359517
tt0077416
""
""
tt0373889
tt6249974
tt9639470
""
tt0110500
tt10986410
tt1458175
""
tt0412019
tt0993842
tt5001772
tt0146336
tt14590206
tt0119567
tt0085049
tt2726560
tt0227972
tt0100029
""
tt0160862
""
tt1606392
""
""
tt0283225
tt0119115
tt0100114
tt2103085
""
""
""
tt0441074
""
""
tt0270792
""
""
tt7131870
tt0197148
""
""
""
""
tt1668056
tt0130064
""
tt0357413
tt0117802
tt0183649
""
tt1972571
tt0118270
tt1814691
tt1003034
tt6736430
tt0117571
""
tt0186566
tt3179568
""
tt7493824
tt1313092
tt0116361
""
tt0146336
tt0472180
""
tt4317676
tt0885468
""
""
tt5501104
tt1977739
""
""
tt12991074
tt0119905
tt0102322
tt0450314
""
tt4421802
tt0251433
tt0318283
""
""
tt0120550
tt1095217
tt0100931
""
""
""
""
tt1447508
""
tt14690802
tt0119780
tt0162222
""
tt0086822
tt0412142
""
tt10373830
""
""
""
""
tt0449467
""
""
""
tt0113568
tt0093207
tt4679062
""
""
tt0101950
""
""
tt0348003
""
tt0111555
""
""
tt32820897
""
""
""
""
tt0102587
""
tt14076576
tt0142250
""
tt3331846
tt1151030
""
tt0222851
""
tt22986616
tt34966934
""
""
tt0092965
""
tt1311067
tt0284204
""
tt0086154
tt0206013
tt0377192
tt1233381
tt0223310
""
tt0425061
""
tt0340163
""
tt0111987
tt14832996
""
""
""
""
""
""
""
tt0926084
tt0358135
""
tt0265709
tt5704966
tt0099138
tt0091993
""
tt2495118
tt19856688
tt10872600
tt0285333
""
""
tt4591834
""
tt2360310
""
tt1644580
tt0120751
tt0443632
tt5241732
tt7137380
tt0349825
tt33085802
""
""
tt0222837
tt0090952
""
tt0252501
tt0384766
tt1157605
""
""
tt23724682
tt0338466
tt10366206
""
""
tt0437745
tt4614612
""
tt0107120
tt2928084
tt1708505
""
tt0106342
tt0100757
tt0338866
""
tt0106881
""
tt6132720
""
""
""
tt1433322
""
""
tt0098946
tt0088015
tt0116477
""
""
tt0357894
""
""
""
""
tt1121931
tt4273800
""
tt4010778
""
tt0399201
""
tt0365830
tt0185547
""
tt0119698
tt0245479
""
tt21963824
tt0118379
""
""
""
tt6791350
tt0262985
tt0111869
""
tt0217869
tt0338466
tt13274016
tt0462160
tt1032856
""
tt0137180
""
tt8404256
""
""
""
""
tt0953981
""
tt3513498
tt0113820
""
tt1640111
tt0242445
""
tt1911553
""
tt0120722
""
tt0371746
tt0285403
tt0121766
tt0086200
tt5664788
""
""
tt3154666
tt0101301
tt3450958
tt3173594
tt0065272
tt5348176
tt0083470
tt0096289
""
tt1551632
""
tt0371746
tt12622524
tt0242423
tt0083470
""
""
tt11390604
""
tt0770828
""
tt30428883
tt0085404
""
""
tt1657081
tt8785040
""
tt0109686
tt3330910
""
tt0368508
tt6313896
tt5710514
tt0822847
tt4357170
tt0486946
tt2995148
""
""
""
tt15552018
""
tt9587166
tt0329101
tt0160127
tt0245803
tt4566758
tt0085127
""
tt0101764
tt0097618
tt0486946
tt0099871
tt4073790
tt1655007
tt1205537
""
tt35666286
tt0290223
tt0424430
""
tt1186367
tt0859635
tt0102422
""
tt0207201
tt0088954
tt1646980
""
""
tt1024744
""
""
tt11703710
""
""
""
""
tt0172515
tt7533836
tt2647544
tt0326976
""
""
""
""
tt0436992
""
""
tt0174856
""
tt13980362
tt7985860
tt0278554
""
tt27690061
""
tt0811080
tt1188996
""
tt1798684
tt0475161
tt2850480
""
tt1800246
tt0368801
tt0110719
tt0228750
tt2692904
""
""
""
tt4777008
""
""
tt1544608
tt0114558
""
""
""
""
tt1169951
""
tt14537710
""
""
tt0116389
""
""
tt0120390
tt0348593
tt0309916
tt22770538
""
""
""
""
""
tt0253474
tt0465538
tt7535964
tt13186296
tt2343137
""
tt0945586
""
tt0079077
""
""
tt0090009
""
tt0781899
tt2059255
tt33204276
""
tt3682448
tt38238651
tt0092403
""
tt0462504
tt0112793
""
""
""
""
tt5881528
tt7339248
tt0366174
tt0298130
tt1710590
""
tt0338348
tt0266522
tt2048854
""
tt26443597
tt0099547
tt11877386
tt0124349
""
""
""
tt8415352
tt4680444
""
tt0371147
tt10643926
tt7648148
tt30222500
tt13522676
tt4957446
tt0101640
""
tt0397535
tt0859765
tt1326972
tt0963997
tt0454914
tt0318034
""
""
""
tt8157074
""
""
tt1068649
tt0113972
tt2096673
""
""
""
""
tt0080381
tt0892782
""
tt0203259
tt3349420
""
tt0376717
""
tt0120616
tt1000774
tt1471171
tt6394270
""
tt0113277
tt0119468
tt7820906
tt0239406
""
tt14923260
""
""
tt2613468
""
""
""
""
tt0214357
""
tt0920489
tt0799862
tt0326977
tt0246544
""
tt0111333
tt1597033
tt4005402
""
tt0145487
tt0111503
""
""
""
""
tt10155688
tt0386117
""
""
""
""
""
tt1656190
tt0408378
tt2358925
tt7436642
""
tt0462322
tt4669986
tt0171825
tt1403865
tt0408306
""
tt0111412
""
tt3127306
""
tt0109456
""
tt0243452
""
""
""
""
""
tt20101614
tt0091534
""
""
""
tt0182576
tt1135985
""
tt2274172
tt0118364
tt8830002
tt0239178
""
tt0401729
tt7766378
""
tt1975158
tt11286314
""
tt0251110
tt1276419
tt0091173
""
""
""
""
tt11116912
tt0313911
""
""
""
tt0277027
tt13269616
tt0486219
""
tt0431197
""
""
tt0098252
tt11547454
tt10074050
""
tt8108560
tt0211791
""
""
tt0298491
tt0091670
tt0283003
tt1227804
tt0310435
tt0095766
tt0151080
tt0293808
tt0401383
tt0177924
tt2799064
tt11280740
tt28331529
""
""
""
""
tt0103286
""
tt0180825
tt1869453
""
tt4675926
tt1606375
tt0347048
""
tt2058617
""
tt1636833
""
""
tt0272407
tt1132620
""
tt4669296
""
""
""
tt4716466
""
tt0418455
""
tt0265087
""
""
tt8974670
tt1568346
tt27577474
""
""
tt1369706
""
tt0214358
tt1324999
""
""
tt1433108
""
""
""
""
""
""
tt4946972
""
tt0376994
""
tt1753413
""
""
tt0315327
""
tt0100089
""
""
tt4779682
""
""
""
""
""
""
""
tt0241527
tt0241527
tt0325258
tt3553442
""
""
""
""
""
tt0273982
tt4138414
tt0097165
tt0235553
tt0265298
tt10062292
tt1014690
tt1279935
tt0272207
""
tt0119038
tt2101341
tt1615065
tt0238588
tt1934169
tt0103417
tt0302640
""
tt0105980
tt1596365
tt0105980
""
tt0765491
""
tt0290097
""
""
""
""
tt7766378
tt0098800
tt5024512
""
tt1933667
tt0098800
tt1055369
""
""
""
tt1618434
tt1160996
tt14993816
tt0320847
""
tt1571724
tt7475558
tt1409054
tt0282695
""
""
tt0286788
tt0097757
""
tt0063951
""
tt11126994
tt2179161
""
tt0283431
tt0403703
tt9165438
tt9179616
tt0823617
""
tt1126591
""
tt2802144
""
tt13386570
tt0865554
""
""
tt6679480
""
tt0314166
""
tt0120910
tt1700841
""
tt0811080
tt2103188
tt1848952
tt1985966
""
tt0159206
""
""
tt0338348
tt0139803
""
tt0174508
""
""
tt6156336
tt2342808
tt0101891
tt0479952
tt3995060
tt5350974
""
""
""
""
""
""
""
""
tt0283999
tt4154796
tt12873562
tt1773060
tt0407342
tt4209788
""
tt0230011
""
tt0284120
tt0493464
tt0260042
tt1306980
tt0120794
tt0346222
""
tt0118623
tt2072280
tt1034331
""
""
""
tt2672748
tt9777984
""
tt0115341
""
tt0386158
tt0203872
""
tt0768836
""
tt0322522
tt5705956
""
tt0277434
tt0199650
""
tt1877889
tt0117285
tt0138956
""
""
tt1859650
""
tt1133985
tt1935194
tt10429158
tt0815245
tt0380934
""
""
tt4701182
tt1619029
""
tt1379250
""
tt2338349
""
""
""
tt0233142
tt0405576
tt0466456
tt13833722
tt0350373
""
tt7766378
tt1190617
tt12263384
""
tt0278435
""
tt0167190
tt0934814
""
""
""
""
tt0446241
tt0828383
""
""
""
tt0171433
""
tt1343092
tt1712261
tt2240929
tt4565520
""
tt2375850
tt0167190
tt0141842
tt0303991
""
tt0113061
tt0181852
tt0103184
tt0460390
tt0892318
tt0164114
tt4276820
""
tt0262151
tt15101958
""
tt4155436
tt16430052
""
""
tt0407006
""
""
""
""
""
""
""
""
tt0284233
""
tt0206501
tt0250067
""
tt1280567
tt0213149
tt0093467
tt0381414
tt0461097
""
tt0181852
tt6167132
tt8886032
tt3890160
""
tt12616480
tt0260596
""
tt3748528
""
""
tt7068942
tt1863997
""
tt1378167
""
tt0341033
""
tt0444682
""
""
tt0838241
tt0475195
tt14826022
tt3743822
tt1573109
""
tt0165598
tt1022603
tt5250888
tt0478024
""
tt12747748
tt2332092
tt5860892
tt5146182
tt13018146
""
tt3498622
tt0312271
tt0461936
tt1087539
""
""
tt2368619
""
""
""
tt4130418
""
""
tt13364190
tt0462519
tt29893924
""
tt0416891
tt0358856
tt3317234
""
tt9218128
""
tt5797772
tt9357050
tt9296330
tt1539302
tt0848228
tt38486752
tt1204977
tt2599106
""
""
tt2935974
tt0926084
""
tt13696172
""
tt8469890
""
""
tt0423977
tt0285806
""
tt1828327
""
""
tt0253556
""
tt0113027
""
tt2382009
tt12140804
""
tt11950864
tt1652338
tt0311371
tt0289627
""
tt0130623
""
tt0793361
tt4479380
tt0234295
tt11316854
tt0291836
tt0410943
tt1667485
tt2674062
""
tt1686821
tt2546292
tt0285301
tt0297162
tt0462504
tt0421054
tt1399103
tt1697869
""
tt0758746
tt0935075
tt0119683
tt0256524
tt2184336
tt0166813
tt1229238
tt0446850
""
""
tt3312830
tt14961624
tt0438052
tt3186162
tt18482800
tt0379786
tt2042583
""
tt3704298
tt0343818
tt0120903
tt0396688
""
tt1334512
tt5015218
""
tt0295815
tt4679432
""
tt2562232
tt0261480
""
""
""
""
""
tt0335345
tt10965976
tt0101414
""
tt0343314
tt1386697
tt0438705
tt7017502
tt0400506
""
""
""
""
tt3393628
""
tt0106598
""
tt20222166
""
""
tt1825371
tt27161556
""
""
tt2884018
""
""
tt0289369
tt0476961
tt32275802
tt0239178
tt1409912
""
""
tt0286598
""
tt1496891
""
tt29288566
tt0344352
""
""
""
""
""
tt0119282
tt9080014
tt0108957
""
tt0328733
tt0311850
tt1454468
tt2122505
""
tt0343270
tt2141913
tt4721400
tt0103352
tt0388285
tt0491720
tt0960136
tt0257568
tt8826128
tt0393049
tt1710310
tt2061527
tt1234654
tt2101307
""
""
tt3074578
""
tt3169706
tt0247081
""
""
tt0287094
""
""
""
tt1618373
""
""
""
tt1260995
tt0307950
""
tt1548298
tt1122836
""
""
tt0118375
tt0088481
""
""
""
""
""
tt5420376
""
tt20477492
""
tt0146309
""
tt31511598
""
""
""
""
tt0402901
""
""
""
""
tt0370263
""
""
""
""
""
""
tt7243884
""
tt0339965
tt4154756
""
tt21880644
tt0270288
""
""
""
""
""
tt4532826
""
tt3660378
tt27745002
""
""
""
""
""
""
""
tt1927068
""
tt0431021
""
""
""
tt1957867
""
tt1488698
""
""
tt32207971
""
tt4679210
tt0481141
""
""
tt1561768
tt16755706
tt1231587
tt0878113
tt0936504
""
tt8326624
tt0784979
""
""
""
tt0465353
""
tt2090465
tt8894604
""
""
tt14909314
tt0368479
""
tt6342474
tt19733712
""
tt1585563
tt0290334
tt13452446
tt1498878
""
tt0465602
tt6587046
tt2406566
""
tt1659337
""
tt0486946
""
tt1611224
""
tt1037218
""
""
""
""
""
tt0162650
""
""
tt6899330
tt0117628
tt0162346
tt2480074
tt0358082
""
""
""
tt13354972
""
""
""
""
""
""
tt0315543
""
tt17543592
tt0401792
tt0120655
""
""
""
tt0245574
tt8426854
tt1082601
tt22202452
tt0410966
tt0309169
""
""
""
tt0398577
""
""
""
""
""
tt0117918
tt36747499
tt8108274
""
tt1124035
""
""
""
""
""
""
""
tt0254626
tt1058579
""
""
tt1489887
""
tt1031254
""
tt9266608
""
""
tt5546610
""
tt0092325
tt0341901
tt1830379
tt11056730
""
tt0298814
tt8041270
tt33373502
""
""
tt0186014
""
""
""
""
tt0095262
""
tt0440963
""
tt18411622
tt1743034
tt0787490
""
""
tt12780388
""
tt17044594
tt2717058
tt11377838
""
""
""
tt12759100
tt0914366
""
""
tt8901932
""
tt6157190
tt0120828
""
tt2945504
""
tt5180504
""
tt23563378
""
""
""
""
""
tt0096542
tt0213327
tt36120468
tt29723462
""
""
""
""
""
""
""
""
""
tt0292231
tt0765425
""
""
tt8862518
""
tt12915960
""
tt10857160
tt0070157
""
""
""
""
""
""
""
tt9620288
""
""
tt0286188
""
tt1843230
tt0246628
""
""
""
""
tt1872181
""
""
tt0283026
tt0189998
tt0780571
""
""
tt9531772
""
tt0420206
tt1386948
tt0133302
""
tt0297813
""
""
""
""
""
""
tt28249567
tt2125425
tt14974282
tt1538403
""
""
tt16283824
tt0459159
""
tt11188682
tt11464118
tt2377938
tt7621200
""
tt17038504
""
tt30760194
tt14230388
tt4612952
""
""
""
""
""
""
tt26682237
""
""
tt1765622
""
""
tt1859650
tt38493052
tt26769944
""
tt1420425
""
tt0259324
tt8075940
tt4048272
""
""
""
tt15028214
""
""
tt1093357
tt1883303
tt1117554
tt1213644
tt0432291
""
tt6297258
tt34613809
""
tt1252513
""
tt1661263
tt3921180
""
tt0279600
""
tt11125908
""
""
""
""
tt0500166
""
tt1790914
tt3480822
""
""
tt3450650
tt0308208
tt0106400
tt7643430
""
tt5009980
""
""
""
tt1731141
""
""
""
""
""
""
tt0795441
""
""
""
""
tt2295809
""
tt1505281
tt0475998
tt37809085
""
""
""
""
""
tt10172724
""
tt6601072
""
tt1307989
""
""
""
""
tt0115101
""
tt12263384
tt0312881
""
""
""
tt0109506
tt14859416
""
tt3749900
""
""
""
tt0454943
""
""
tt9060306
""
""
""
""
""
tt3823662
""
""
tt0406375
tt0291337
tt13160360
""
""
tt0880434
""
tt0339535
tt30985335
tt4872920
""
""
tt14914988
""
""
""
""
tt0307076
tt0858479
tt0436262
""
tt0125622
tt0272341
""
""
""
tt1690953
tt0810922
""
""
""
tt1821156
tt0374900
tt0300140
tt0482572
tt0181984
tt0959086
""
tt2490008
""
""
""
tt8984716
tt21828868
""
tt0361620
""
tt0053494
""
tt15551346
tt0081634
tt5420210
tt14012664
tt10691474
""
tt0327850
""
""
tt14574350
tt0478149
tt2567026
tt0460637
""
""
tt0790736
""
""
tt0430308
""
tt27714581
tt3946960
""
tt0328828
tt5012644
""
tt9883996
""
""
""
tt3457530
""
""
tt0800060
""
tt0479290
""
""
""
""
""
tt1065073
""
""
""
tt1705125
tt0325980
""
""
tt0329028
""
""
""
""
""
tt0414339
""
""
tt9359796
tt0140888
""
tt10872600
""
""
tt15677238
""
""
""
""
""
tt13468602
""
""
""
""
tt3187578
""
""
tt2164718
tt1270286
tt38225830
tt32843349
""
""
""
tt37439947
tt8976710
tt3587064
""
""
""
tt13180664
""
tt3032476
""
tt0808276
tt6409416
""
""
tt6506286
""
""
tt11041132
""
""
""
""
tt0360796
""
""
""
""
""
tt0948186
tt0120394
tt1615450
""
""
""
tt35364746
tt26434746
""
tt22495072
tt6960770
""
tt3347976
""
tt1568346
tt0401729
""
""
""
tt13139228
""
tt0426459
tt5929754
tt7942796
tt3850598
""
""
tt1321510
tt5071412
tt0322259
tt4073792
tt2704998
""
""
tt0436992
tt0113326
""
tt0387131
""
tt32166005
tt2773382
""
tt37422688
""
""
""
""
""
tt0120394
""
""
""
""
""
""
tt20719694
""
""
""
""
tt0128886
tt9287416
""
""
""
tt0159273
tt0092389
tt0306841
""
""
tt0816711
tt0154061
""
""
""
""
tt0478489
tt11827628
""
tt17678832
""
tt1043860
""
tt8721424
tt1211956
tt8652298
""
""
""
tt3479058
""
""
""
tt0758774
tt1156398
tt4016454
""
""
tt5336934
""
""
tt3598648
tt14239088
""
tt0445934
tt1079972
tt2358925
tt0428189
""
""
""
tt0456437
tt37503797
""
""
tt0379889
""
""
tt1663662
tt20869432
tt0346156
tt5094192
""
""
tt0847127
""
tt27540272
""
""
tt0419706
""
""
""
""
""
""
tt0445934
tt4469214
""
""
""
tt1555064
tt0398712
""
tt10261258
""
""
tt0120913
tt13249596
tt4956984
""
""
""
tt0288831
tt1333192
""
""
""
""
tt1842973
""
""
tt0250258
""
tt22227936
tt0465602
""
""
tt0465580
tt1079372
""
""
""
""
""
tt10693024
tt0212720
""
""
tt1068680
tt0386140
tt2222042
tt0356225
tt1430612
""
tt4702476
""
""
tt1532503
tt0368676
""
tt5765844
""
""
""
tt4381512
tt0899126
tt4126438
tt17371078
""
""
""
tt0110027
tt1770734
tt9071764
tt12637874
""
""
tt0454931
tt0242192
""
""
tt13918642
tt1210042
""
tt6320628
""
""
""
""
tt0278675
""
tt7487358
""
""
""
""
tt1377266
tt24169886
""
""
""
tt3625930
""
""
tt5080556
tt38268539
""
""
""
""
""
""
""
""
tt0828345
""
""
tt8531222
tt1528071
""
tt0160127
""
tt15599988
tt9495224
""
""
""
""
""
""
""
tt0289992
tt0488414
""
tt11101576
""
""
tt0120177
tt0343660
""
""
tt5946128
""
""
""
""
tt1859650
tt5296406
tt1514753
""
tt9573520
""
tt1272837
""
""
tt8005626
""
tt14269590
""
tt6565702
tt4908644
tt11915042
""
tt0276856
tt1663662
""
tt2697776
tt27205444
""
""
tt1828246
""
""
tt9322646
tt0220506
""
""
""
""
tt18923754
""
tt1588875
""
""
""
tt0765446
""
""
""
tt0300532
tt0399894
tt2712740
tt11045422
tt2261287
tt15281656
tt1618448
tt0142342
tt9115902
""
tt0796366
""
tt0972534
tt0248654
tt13800216
""
tt0120679
""
""
tt1528100
tt27369971
""
tt0168501
""
tt0118688
tt9130560
""
""
tt1855189
tt0991346
tt0203259
""
""
tt0390022
""
tt0428059
""
tt0317219
tt7703440
tt9511538
""
""
""
""
tt0381849
tt0390798
""
""
""
""
tt0460740
""
""
tt0460740
tt8289480
""
""
""
tt19810888
""
""
tt5021206
""
tt0831887
""
tt15090124
""
""
""
tt8111088
""
tt3972398
""
tt0116532
tt4686844
""
""
""
""
tt4158318
tt6966502
tt4864850
""
""
""
tt1210538
tt0317919
""
""
""
tt10692232
""
""
""
tt3721954
""
tt1325004
""
tt14713492
""
""
tt0489664
""
""
""
""
""
""
""
""
tt9155222
""
""
""
tt0449086
tt35886262
""
""
tt0446029
tt0374563
tt1478338
""
""
""
""
tt0400884
""
tt0995059
tt15237826
""
""
""
""
""
tt0274711
""
tt0403764
tt10613578
tt2908090
""
""
""
""
""
tt5089936
tt2796678
""
""
tt0918940
tt29719835
tt0072562
tt0090721
tt0497915
tt0367594
""
""
tt4114738
tt0378215
tt1282156
tt15562440
""
""
tt18567422
""
""
tt0865559
tt0105103
""
""
tt0118983
""
""
""
""
""
""
""
""
""
""
""
""
""
tt3296658
tt1886531
tt1751634
""
""
tt8960138
tt15388560
tt37991654
tt0176783
""
""
""
tt0429688
tt5535276
""
tt0486572
tt0159876
""
tt1648190
tt0780653
""
tt0446029
tt1795702
tt1712170
tt11041352
tt0218922
""
""
""
tt9256400
""
""
tt5183594
""
""
""
tt1291503
""
""
""
""
""
tt8364138
tt6194530
tt0235679
""
tt15072326
""
""
""
""
""
""
""
tt1967660
tt0458290
tt0443497
""
tt0087397
""
tt7949200
""
tt2278388
tt6604188
""
tt21340412
""
""
tt0183659
tt5013056
tt0285492
""
""
tt1242441
""
""
tt0337909
""
""
tt0247119
""
tt33335242
""
""
""
tt0393492
""
""
tt10913340
""
""
""
""
tt0233142
""
""
""
""
""
""
""
""
tt1533038
tt1731141
""
tt8790086
tt12694046
""
tt4011536
tt1020773
""
""
""
tt10369484
tt0837106
""
""
""
tt20104608
""
""
tt10262752
tt0360556
""
""
tt31519456
tt4925292
""
tt3480796
""
""
tt0405325
""
""
tt5056196
tt13075042
tt0108876
tt0285331
""
""
""
""
""
""
tt3584354
tt0108847
""
""
""
tt8332922
tt9252590
""
tt8108274
tt1190634
""
tt2034800
tt0493430
tt15107752
tt3513388
tt0359140
tt29920137
""
""
tt2310332
""
""
tt2210569
tt6860854
""
""
""
""
tt12492334
""
""
""
tt1562871
tt0390022
""
""
tt4422756
tt0270792
""
""
tt1920849
""
""
tt3528666
""
""
""
""
""
tt9275228
""
""
tt0200337
""
""
""
tt2275505
""
tt1731145
tt2381249
""
""
tt36832423
tt0455967
tt0361693
""
tt5435008
tt0377470
""
tt0494249
tt1227931
""
""
""
tt7510222
""
tt2387499
tt1883212
""
""
""
""
""
""
tt2089735
""
tt0159920
tt1190080
tt0266915
tt0254703
""
tt1772408
tt7991608
tt1836944
""
""
tt10701074
""
""
""
tt1433108
tt0289800
""
""
""
tt1210819
""
""
""
tt2394015
tt1517514
tt13316756
""
tt11306932
""
""
""
tt0358082
""
""
""
""
tt1582458
""
tt6097394
tt0407792
""
""
""
""
""
""
""
""
""
tt2356180
""
tt14364480
""
tt0363048
tt0362359
tt10042110
""
tt8653562
tt2717860
tt32333366
tt12404392
""
""
tt0155776
tt33022421
tt6849940
""
tt0398165
tt6618500
""
tt3755228
tt0391304
tt0451574
""
tt0283139
tt0338639
tt8969998
tt0230600
tt7462410
""
""
tt14787874
tt0424993
tt1483774
tt1629705
""
""
tt0114767
tt0388219
""
tt0954981
""
tt1303828
""
""
""
""
""
""
""
tt0298744
""
""
tt0446043
""
""
""
tt0290436
""
""
""
""
tt11409388
tt14466018
tt11005796
tt0396688
tt13317694
""
""
""
tt6508708
tt0215750
tt1350923
tt1155705
tt0209631
tt4606770
tt3117256
tt10603286
""
""
""
tt2287053
""
""
tt7748432
tt0291167
tt1821717
""
tt17044014
tt20917338
tt0816442
tt6483832
tt1798291
""
""
""
tt0320037
tt36475311
""
""
""
""
tt10275534
tt2117505
""
""
tt9378660
""
""
""
""
tt11145118
""
tt7631146
tt5487698
tt0293354
tt9385492
tt0796366
""
""
""
tt13729210
tt1245647
""
tt8785438
""
""
""
""
""
tt11069220
tt0291503
tt27590147
""
tt10308440
tt6400608
tt0985101
""
tt2651246
""
""
""
""
tt12875406
tt0303453
tt2879852
tt1637574
""
""
""
tt35518154
""
tt7456914
""
""
""
tt0330254
""
tt0460571
""
tt0401729
tt13755440
tt0388629
tt1270837
tt1740760
""
tt0378417
tt1571739
tt13563190
""
""
tt0398417
tt0290872
tt34891768
""
tt7858228
""
tt0978649
""
tt6289394
tt5656742
""
tt10362466
""
tt1526318
""
""
""
""
""
""
""
tt5091014
""
tt1461312
""
""
tt3263904
""
tt8806524
tt0292644
""
""
tt0286055
tt2844994
""
tt8299402
tt2844798
""
tt7036092
tt0314331
tt0137305
tt4501454
""
""
tt5758778
tt6527456
""
tt0332658
""
tt0111039
tt13657040
""
tt0273366
""
""
""
tt1531663
tt1105512
tt0298682
""
""
""
""
""
""
tt0193660
""
tt0411909
""
tt0319061
""
""
tt3179350
""
tt32163464
tt3511124
""
tt0341160
""
""
""
tt0454848
tt0368008
""
""
""
tt27996155
tt10521092
""
""
tt6516354
""
tt5639772
tt13475676
tt1794595
tt0375679
tt3994252
tt3657682
tt0112178
tt13400142
tt3169706
""
tt0313043
tt0425601
""
""
""
tt27231762
tt4372390
""
tt39140662
""
""
tt37884925
tt28919914
""
tt17350138
tt21262240
tt0976051
""
tt0204007
""
tt0383678
""
""
""
tt1753798
tt14714980
tt2338151
""
""
""
tt8652728
""
tt0901476
""
tt3344734
""
tt0115683
tt6504538
tt1362426
tt0436992
""
""
tt0460883
tt13651416
""
""
tt0288477
tt0120737
""
tt9663764
tt0399201
tt0081857
tt7137846
tt1522468
tt0780511
""
tt1705933
""
""
tt34874341
tt0866439
tt1409055
tt2004420
tt0281996
""
""
""
""
tt6340500
""
tt1659343
tt11142716
""
""
tt0460952
tt6763252
tt6043142
tt0360009
""
""
""
tt4230076
tt0283530
""
tt29730089
""
""
tt0368479
""
""
""
""
tt4276624
""
tt1385543
""
tt13370224
tt18951396
""
tt2302755
tt0815236
tt0313146
""
tt1999995
tt0400688
""
tt0756703
""
tt15565590
""
tt21056886
tt14814006
""
""
tt13980362
""
""
""
""
""
tt1589472
tt2093990
""
""
""
tt1378167
""
""
""
""
""
""
""
tt0494186
""
""
""
tt9288172
""
""
""
tt0381061
""
""
tt1024715
""
tt0280462
""
tt0422399
tt0300051
tt5834204
tt13016388
tt0295843
tt15368488
tt0377100
""
""
tt0923811
tt3726730
tt2852664
""
""
""
tt0349805
tt21920010
""
tt2113681
tt2908446
""
tt1520211
tt9376612
""
""
""
""
tt0800131
""
tt0446476
""
tt0421239
""
tt0182576
tt0884328
tt9695722
tt0281482
tt9706026
tt0342735
""
tt31323642
""
tt11260832
""
tt0306892
tt1082886
""
tt0387199
""
""
""
tt1693592
""
""
tt0212867
""
""
tt0352248
tt33204249
""
""
""
""
""
""
tt0867286
""
""
tt0401711
tt5991346
tt0371257
""
tt0404267
""
tt0108876
tt27729779
tt1219827
tt15295800
""
tt0499549
""
""
""
""
""
""
tt1466867
""
""
""
""
tt0103893
""
""
""
""
""
""
tt0266768
""
tt0381582
tt0337049
tt0923811
""
""
tt12350938
""
tt22248276
""
tt10180878
tt0432291
""
""
tt15693556
""
tt10804178
""
""
""
""
""
tt0472181
tt6208148
""
tt0332375
""
tt34733342
""
tt6936350
""
tt10834220
""
tt1386697
tt9794630
""
tt8579674
""
tt1866175
""
tt0471052
""
""
tt1464174
""
""
""
tt10065976
""
""
""
""
""
""
""
tt10613502
""
""
tt0313724
""
""
""
tt0429173
tt10820694
""
tt0332887
""
""
""
""
""
tt3566834
tt11247548
tt9184986
""
tt0282209
tt22773000
""
tt7961060
""
""
""
""
""
tt38221384
""
""
tt13575806
""
""
""
tt13666000
""
""
tt10466872
""
tt0317919
tt0955322
""
tt0478870
""
""
""
tt0181865
tt2249278
tt0110413
""
tt3961040
tt1020530
tt0121220
tt9663264
tt0161860
""
tt4998350
""
tt9448932
tt10846366
""
tt0929632
""
""
tt1353056
tt21979270
tt11814022
""
tt29922737
tt0279074
""
""
""
""
""
""
""
""
""
""
tt4431386
""
""
tt0411477
tt2230358
""
""
""
tt31227572
""
tt0142241
""
tt0280665
""
""
""
""
tt0460627
""
tt18349030
""
""
""
tt0092676
""
tt0118300
""
""
tt29452233
tt0092147
tt0460690
tt35872174
tt3029558
tt3347518
""
tt0255798
tt9534808
""
""
""
tt1702622
""
""
tt0452608
tt0222529
""
tt0462232
tt3607226
tt2294449
tt13634480
""
""
""
tt5574940
""
tt9867628
""
tt1474276
""
""
""
tt15477488
""
tt4326444
""
""
""
tt1262426
""
tt17350188
tt7787524
""
""
""
""
""
tt1912982
tt1531663
tt23187120
tt0291424
tt12261926
""
""
tt12265290
""
""
tt0831376
""
tt0241303
""
""
""
tt2369492
""
tt10875120
tt28175927
tt1511543
tt0315669
tt30868811
""
""
tt1228705
""
tt1239340
tt27155038
""
""
tt1433562
tt0499262
""
tt1265629
tt12593682
""
tt1742334
tt21067932
tt2070791
tt1296898
""
tt4257262
""
""
tt13070178
""
tt36622697
""
""
""
tt1155076
""
""
""
""
""
tt10319486
tt0903747
""
tt0433386
tt10656448
""
""
tt0331632
""
""
tt14531736
""
""
""
tt8106534
tt24070874
tt18075020
""
""
""
""
tt3291150
""
""
tt9030432
tt11963126
""
tt15565972
tt16259206
tt13634458
tt9537346
""
""
""
tt14419346
tt2788732
tt0452664
""
""
""
tt14850054
tt1329470
""
""
tt31149549
tt6878038
""
""
tt0492486
""
""
""
""
""
""
""
""
tt21942598
""
tt0294696
""
tt0492835
""
tt21221204
tt27930156
tt8792866
""
tt0356680
""
tt15558618
tt0479832
""
""
tt11470456
""
""
""
""
""
tt0485069
tt2401518
""
""
""
""
""
""
""
""
""
""
""
tt1706596
""
tt0423442
tt3778644
""
""
""
""
tt7909424
""
tt9684170
""
tt14738480
tt0448303
""
tt0460656
tt2015381
""
tt8855592
tt1756836
tt0110197
""
""
tt6092550
""
""
""
""
tt10206180
tt0440532
tt0295219
""
tt8063174
""
tt9788194
tt16116992
tt0139803
""
""
""
""
""
tt27757546
""
tt37459100
tt5151570
""
""
tt30835271
""
tt0115341
""
tt9055008
tt0496424
""
""
tt0800369
tt3745954
""
""
tt11657042
tt20918344
""
""
tt8593252
""
""
tt0422774
tt1270262
""
tt1981677
""
""
tt0358410
tt4596024
""
""
tt0291834
tt1895587
tt0250389
""
""
tt0393162
""
""
""
""
tt14906708
""
tt9608746
tt3674454
tt0098830
""
""
tt2436728
""
tt2280066
""
tt1022932
tt0120679
tt2106179
tt13315308
""
tt0405469
tt35180806
""
tt27359097
tt0273605
tt0102517
""
""
""
tt6691530
""
""
tt21846756
""
""
""
tt9777666
tt8420574
""
tt1042497
tt17545420
""
tt1087796
""
""
""
""
tt0364828
tt31512766
tt1713677
""
""
""
""
""
""
""
""
""
tt0419420
""
tt5344054
tt1959490
""
tt7696850
""
""
""
""
""
""
""
""
""
tt4288990
tt0138968
""
""
""
""
""
tt2334871
""
""
""
""
""
""
tt14824880
tt9170318
tt2467372
""
""
tt0338095
""
""
""
""
tt9839674
tt0307556
tt0247144
""
""
""
""
""
tt6645582
tt13819076
tt38344843
""
""
tt5202870
""
""
tt0217756
""
""
""
""
""
""
""
tt0138968
""
""
tt38961526
""
""
""
""
""
tt0111704
""
tt1001508
""
""
""
""
""
tt7698498
tt0421417
""
""
tt9016974
""
""
""
tt1135503
""
tt0325191
""
tt0409380
""
""
tt9530576
""
""
tt0147800
tt22032148
tt1351685
""
tt1343727
tt38638954
""
tt0415856
""
""
""
""
tt0422295
""
""
""
tt16409868
tt0433405
tt1022603
""
tt19878574
tt2802144
""
tt10229558
""
tt9881918
""
""
""
""
tt10643996
""
""
tt6304046
""
""
tt0256415
tt22309300
""
tt0979432
""
""
tt5057140
""
""
tt0237534
""
""
tt7050084
tt28080418
""
tt2709768
""
""
""
""
""
tt0351078
tt5814534
""
""
""
tt1240982
""
tt4680182
""
""
tt0163924
""
tt1190080
""
tt0757240
tt4109438
""
""
tt1825133
tt0384763
tt35624383
""
""
""
tt1651087
tt14448168
""
tt18247270
""
""
tt0481029
""
""
tt0484312
""
""
""
tt1412386
tt6471410
tt0230534
""
tt2258253
tt0196229
""
tt1781926
""
""
tt12598462
tt0285331
tt1131734
tt1496025
""
""
tt8093378
tt1452628
tt4448862
""
""
""
tt12316990
""
""
""
""
tt2404463
tt1579403
""
tt0094889
""
tt0244130
""
tt0348949
""
tt0886539
""
tt0350028
tt0401729
""
tt10017080
tt31407004
tt2717822
tt13314558
""
""
tt4995790
tt0108500
tt0120125
""
tt35673012
""
""
tt0203259
""
""
""
tt8721424
""
""
""
tt6902676
""
""
tt1539283
tt0258038
tt2080374
""
tt16532320
""
tt33347928
tt1540418
""
tt5977276
""
""
""
""
""
tt33143962
""
""
tt0296427
tt23161752
""
tt8108198
tt0460627
""
""
tt0465320
tt15169846
tt0264235
tt6439752
""
tt1010055
tt0972785
tt0478311
""
""
""
""
tt37440137
tt22814522
tt0483789
tt0251756
""
""
tt14991612
""
tt2752772
tt12150808
""
""
""
tt0284261
""
""
""
""
tt1099212
""
tt0811138
""
tt0096633
""
tt3333870
""
tt10545296
""
tt0285341
""
""
""
""
""
""
""
tt38638044
""
""
""
tt0185906
tt0212671
""
""
""
""
""
""
""
""
""
""
tt16392908
tt9023894
tt10230502
""
""
""
tt20561198
""
tt13721696
tt36611046
""
""
tt3566834
tt0287978
tt8242084
""
tt10085082
""
""
tt1235830
tt0275719
tt0384766
tt10116022
tt9017246
""
tt1232790
""
""
""
""
tt14837566
tt1205461
tt1219289
tt0230992
""
tt0391877
tt7131622
tt1276434
tt1477076
""
""
tt7397604
tt5566714
""
""
tt4642044
tt0361127
tt0192929
tt0456554
tt0166924
""
""
""
""
tt4012254
tt0896893
tt4131796
""
""
""
""
""
tt14449470
""
""
""
""
tt5926188
""
""
tt2359002
tt0257516
tt19879444
tt1764234
""
""
""
""
""
""
""
""
""
""
tt5433138
tt1442437
""
""
tt0486946
""
""
""
tt27205267
tt21220438
""
""
tt0986263
tt1528592
""
tt1196027
""
""
tt0084060
tt0206512
tt26671035
tt1292575
tt8435396
tt2279373
tt1232838
tt21907912
""
""
""
tt27159508
tt0256380
""
tt0832266
""
""
""
""
tt0294357
""
""
tt1303680
""
tt2369135
""
tt0257076
tt28712944
""
""
""
tt0257076
tt4758646
""
""
""
""
""
tt13207736
tt1463395
""
tt0252019
tt1242531
tt1899353
""
tt4396564
""
tt16303532
tt36211241
""
tt0275022
""
""
""
tt19045292
""
tt0282744
""
""
""
""
tt12689836
tt33875275
tt0297403
tt21854018
tt4595882
""
""
tt1677561
""
tt1014775
tt1308021
tt0368836
""
tt8488534
tt4254242
""
tt1046163
tt10379122
""
tt0830530
""
tt0461941
tt13874422
""
tt0411061
""
tt7255568
tt14278576
""
tt1504161
""
""
""
""
tt7218732
""
""
tt0884294
tt1403846
""
""
""
tt26385852
tt4841464
""
""
tt0095183
""
tt2071550
tt21262240
""
tt10039344
""
""
tt0415345
tt11725176
""
tt1351268
""
""
tt23343786
tt0100151
tt4141024
tt12537502
tt2489570
tt4522038
""
""
""
tt0139803
""
""
""
""
tt0411477
""
""
tt1426329
tt1465478
""
""
tt4917422
""
tt0347473
tt10205034
""
""
""
""
""
""
tt13801598
tt6684418
""
""
""
tt0400497
tt21979524
tt10732070
tt1415265
tt0285668
""
tt0292259
""
tt10588768
tt4651520
tt0390374
""
""
""
""
""
tt0414982
""
""
tt0396184
""
""
tt0853076
tt0290095
tt11755260
""
""
tt1132620
""
tt7599132
tt27765806
tt0486048
""
""
""
""
tt10349236
tt0115683
tt0283003
""
""
tt0217355
""
""
tt3291148
tt1149608
""
""
""
""
tt2073261
tt0191684
tt21110646
tt18082758
""
""
tt13243068
tt0074864
""
""
""
""
tt10795846
""
tt0799862
tt7010460
""
""
""
""
tt6141468
""
tt0120531
tt0277167
tt0265087
""
""
""
""
tt10919420
""
""
tt7124904
""
""
tt0944835
""
tt0805669
tt0317740
tt10888878
""
""
tt0115963
tt3140100
tt5754602
tt2013911
""
""
tt1555868
""
tt2098308
""
tt21809104
""
tt33363484
tt10261964
tt0831887
tt0800199
tt27657135
""
""
""
""
""
tt1899324
""
""
tt14208870
""
tt18654496
""
""
""
""
""
tt3450650
""
tt13405068
""
tt3042408
""
""
tt11368696
""
""
tt37876373
""
""
tt0479199
tt1188992
tt1212450
tt11497814
tt1149608
tt27629382
""
""
tt28256288
""
tt0939639
""
""
""
tt11858688
tt0408318
""
tt0361154
tt11309414
""
""
""
tt2163227
tt0850284
""
tt1314269
tt4291116
tt27792190
""
""
tt5247784
""
""
""
""
""
tt12789350
tt1837576
""
tt0300421
""
tt24805850
tt11933708
""
tt9253866
""
""
tt2395798
""
tt29358746
""
tt0231040
tt3433074
""
tt6111130
tt10620952
""
""
""
""
tt39132514
tt1801801
tt1846197
tt8482492
tt14495844
""
""
""
tt33246678
""
tt35437332
tt0253754
""
tt0404250
tt32151116
tt13649510
""
""
""
tt1492179
""
tt10885644
tt18329166
""
tt0285728
""
""
tt15444432
tt0254838
tt0201391
tt9387244
""
""
""
""
tt0387514
tt32908981
""
""
""
tt13103088
""
tt2302601
tt0106582
""
tt2188521
""
""
""
""
tt0850253
""
""
tt2366608
tt10332672
""
tt0833476
tt2406566
tt1478338
tt0420318
""
""
tt14258114
tt4546568
""
tt21356746
""
""
""
""
""
tt15306330
""
tt10327136
""
tt0449951
""
tt7086730
""
tt0284492
""
tt0388473
tt0265625
""
""
tt32237634
tt12282202
tt12193804
tt0799934
tt12618926
tt13499356
tt31501509
""
tt0299108
""
tt2263944
""
""
tt9059594
tt1345836
""
""
tt1244592
""
""
""
tt2489570
""
""
""
""
tt4535650
tt3354222
tt1822469
""
""
""
""
""
""
tt1793968
""
tt2944198
""
""
tt0366045
""
""
""
""
tt5727208
""
tt12013558
""
""
tt15251536
""
""
tt7493974
tt9340526
tt10364558
tt8923228
tt5823498
tt8114980
tt0096579
""
""
""
""
""
""
""
""
""
""
""
tt0305472
""
tt0299025
tt3040216
""
""
""
""
""
""
tt0445109
tt2654572
""
""
""
""
""
""
""
""
""
""
""
tt35410245
tt3501112
tt1623205
""
tt0299161
tt16348996
""
""
""
tt0298656
""
""
tt6806448
tt19768812
""
tt13966962
tt0439544
tt4817256
""
tt1478321
tt1724587
tt10399674
tt6688354
""
""
""
tt5834198
""
""
""
""
tt23558280
""
""
tt3032476
""
tt0278230
tt31778770
tt34174211
tt3289320
tt5834426
""
tt0366174
""
tt0277371
""
""
tt14998742
tt0443496
""
""
""
""
tt1950391
tt0208648
tt1364487
""
tt21265622
tt2363363
tt31180945
tt0421181
tt1116408
tt0184894
""
""
tt11083442
tt10314450
tt0299172
""
""
""
tt14617624
tt13682790
""
""
tt10420246
""
""
tt4332844
""
tt0770778
tt0418689
""
tt14454100
""
tt2386490
""
tt0265349
tt4741504
""
""
tt34058582
""
""
tt1597762
""
""
""
tt1524930
""
""
""
tt0361127
""
""
""
tt0101414
tt0368479
""
""
""
""
tt0410970
""
tt5363918
""
""
""
""
""
""
tt0450232
tt1877830
tt0086173
""
""
tt21057092
""
""
tt0448251
tt0271538
""
""
tt1500212
tt1986079
""
tt0110357
tt6408604
tt0110357
""
""
tt0328538
tt0110357
tt0103639
tt0356159
tt18300732
""
tt0271882
tt28785586
tt0105430
""
""
""
""
tt4846340
tt8106534
""
""
""
tt4123636
tt0169438
tt0870210
""
""
""
tt8426926
""
""
tt3253986
tt4437640
""
tt5882688
""
tt3415992
""
""
tt0300266
tt11704040
tt1707392
tt2582782
""
""
""
tt9218128
tt0483756
""
""
tt1492179
tt19783714
""
""
""
""
""
""
""
tt15275382
tt1111422
tt0492956
""
""
tt0216196
""
""
""
""
""
tt1190910
""
""
""
tt8303002
tt0442933
""
""
tt3247714
""
""
""
""
tt18412256
tt2369135
tt0321321
tt31349852
tt0169128
""
""
tt1161443
""
tt3756316
tt31050594
tt27206672
""
""
tt8333976
""
""
tt1942147
""
""
""
""
""
""
""
tt1179891
tt0299898
tt35697439
""
tt10288566
""
""
tt10704346
""
tt0435706
""
""
""
""
tt10584446
tt0095327
""
""
tt33304396
""
tt10062292
""
tt14033502
""
""
""
tt0368891
""
tt23269292
tt11289254
tt4453236
tt4469386
""
""
""
tt33295718
tt2935510
tt1639075
""
""
""
tt1067084
""
tt5177120
tt0241527
tt0983782
""
tt14318496
tt2198956
""
""
""
tt0463872
""
tt0299929
tt5161784
tt0176095
tt0321018
tt0096697
tt1570569
""
tt1825653
tt3631112
""
tt5433138
""
tt4174306
""
""
tt0473829
tt1010263
""
""
""
tt15166894
tt1512685
tt0327084
""
""
""
tt5114356
tt1619277
tt2058617
tt0289755
tt11760528
tt0379786
tt32275326
tt0355295
""
tt0379889
tt11005796
""
tt1043813
tt3294340
""
""
""
""
""
tt27433086
""
""
""
tt12316448
""
tt0495212
tt5462720
""
tt4761112
tt0202470
""
""
""
""
""
""
tt12808182
""
tt0436992
tt0787985
""
tt1576458
""
tt29198109
""
""
tt0300880
""
tt0462322
tt0304356
tt33306263
""
""
""
tt3735246
tt11563096
tt9853500
tt0157202
""
tt2586760
""
tt10062292
tt27911700
""
""
tt0417433
""
tt1227381
tt1351768
tt10540348
""
""
tt4032214
tt0837796
tt33034887
""
""
""
""
tt13866172
""
""
tt1899240
tt0280720
tt11753878
""
""
tt4160470
""
tt1667354
""
""
""
""
tt0245356
tt0396184
""
""
""
""
tt2641648
""
tt12616480
""
""
""
""
""
""
""
tt9063172
""
tt22856244
""
""
tt31030671
tt5595168
""
""
""
""
tt11871074
""
tt0313038
""
tt0465624
""
""
tt4383594
""
""
tt3371366
""
""
""
""
""
tt2204370
tt8000638
""
""
tt1205916
tt7959026
tt2793236
tt0320913
""
""
tt4704802
tt17611626
tt1655441
""
""
tt0760139
""
tt1438216
tt0766128
""
""
""
""
""
""
tt1860152
tt3949660
""
""
""
tt2395123
tt14924440
tt1426954
tt10706902
""
""
tt10765072
tt0874936
tt10633430
tt0800080
tt1928307
""
tt0353014
tt4123432
""
""
""
""
tt14130152
tt10199586
tt3083016
tt0267006
""
""
tt11343828
""
""
tt14080068
""
tt1741273
tt0478813
""
tt4357394
tt22687790
tt13087796
tt1183194
tt0115341
""
tt16899784
tt0118375
tt10274638
""
tt1817081
tt4011928
tt0118379
tt1073498
tt14954666
tt0283003
tt13977886
tt0308615
""
tt5457772
""
tt9836372
tt7937168
""
""
tt9340526
""
""
""
tt0902292
tt0813715
tt0808151
tt0301848
tt2095948
""
""
tt0256009
tt12213270
""
""
tt0373930
tt7690670
""
tt23787650
""
tt27726262
""
""
""
""
""
""
""
""
tt0305669
""
""
""
""
tt1622547
""
""
""
""
tt0348150
""
""
""
tt0243017
""
""
tt28662887
""
""
""
tt5990444
tt0220238
tt5834874
""
tt0902292
""
""
""
tt5607976
tt11450050
""
tt9359220
""
tt1211837
""
tt10696784
tt3697842
""
""
""
tt4818776
tt0214054
tt0989757
""
""
tt8773094
""
tt26217622
""
""
tt0859163
""
""
""
""
tt5994796
tt2565108
tt15547328
tt0962736
""
""
""
""
""
tt38938597
tt0119940
""
""
""
""
""
tt0243585
tt1258972
""
""
""
""
""
""
""
tt1490513
tt9648870
""
tt17719230
""
tt1378167
""
tt13131138
""
tt0439100
tt0353525
tt6058136
tt2024469
tt0473705
""
tt3387520
tt35052037
tt30400535
""
tt0484224
""
""
tt0366943
""
""
""
tt8415986
""
tt19723700
""
""
""
""
tt4825522
tt0241527
""
""
""
""
""
tt1038919
tt12623524
""
""
""
tt0458349
tt9664108
tt0297745
""
""
tt23649128
""
""
""
""
tt8953768
""
""
""
""
""
tt4191580
""
tt1288368
""
tt10305932
""
""
""
""
""
""
tt1979320
""
""
tt2848324
""
""
""
tt1645536
tt10287238
""
tt0205410
""
tt1777568
tt10735686
tt3501632
""
""
""
tt0468492
tt0181689
tt7658402
""
tt31039897
""
tt0859163
""
""
""
tt0295178
tt20851874
""
tt10504966
""
tt8259696
""
""
tt4321746
tt15192816
""
tt0843318
""
""
""
""
tt0302788
tt2095740
""
""
tt15222358
tt30490189
""
tt0252157
tt0089886
""
""
""
""
tt2945784
""
""
tt0944947
""
""
""
""
""
tt31030987
""
tt4312318
tt0411118
""
tt4214012
""
tt0486531
""
""
tt9859574
tt0408839
tt27627059
""
""
tt10816144
tt0280674
""
""
""
tt10732048
tt16914500
""
tt0347048
""
""
tt0088580
tt5615550
""
tt10760990
tt11772702
""
tt22051190
""
tt0092325
tt1568921
""
""
""
""
""
""
tt5963314
tt5758778
tt11858890
tt0342508
""
tt0120610
tt1201167
""
tt20969586
""
""
""
""
tt0375912
""
""
tt12144960
""
tt0372375
""
""
""
""
""
""
""
""
""
""
""
""
""
""
""
""
tt21994906
tt1585980
tt5606664
tt0149546
tt6215218
""
tt0371746
""
""
tt10230994
""
tt0379489
tt0443473
""
""
tt0360295
tt11125620
tt32247928
""
tt0367882
tt5059406
tt0284718
tt27950663
""
""
""
""
""
tt12887536
""
tt0435582
""
""
""
""
""
tt2231554
tt0408306
""
tt7334528
""
""
""
tt1650554
tt0863037
""
""
""
""
""
tt14939068
""
tt0840196
""
""
tt14826022
""
""
""
tt20816202
""
""
""
tt0201726
""
tt20216624
""
""
""
""
tt0362270
tt0457430
tt1207922
""
tt11761194
""
tt0486551
""
tt3138900
""
tt1843866
""
""
""
tt14607158
""
tt0299014
tt8697870
""
tt0174376
tt0770736
tt0280707
""
tt0274154
tt10545296
tt1877832
""
""
""
tt32454787
""
""
""
tt2378281
""
""
tt0298228
""
tt1478839
""
tt22754212
tt9364594
tt0303914
""
tt13307408
tt0345950
tt18257464
""
""
""
tt0120841
""
tt3949660
""
""
""
tt29135073
""
tt0115355
tt11269886
tt1064220
tt1201054
""
tt6803212
""
""
""
""
""
tt0374248
""
tt5555260
""
tt5014882
""
""
""
""
""
tt0432233
""
tt0149534
tt9306174
tt3062096
""
tt5433140
""
tt1979320
tt0308699
""
""
tt0305206
""
tt0349765
""
""
""
tt0784920
""
""
tt14281206
""
""
""
tt0379786
tt1386588
tt0368674
""
""
tt3213296
""
""
""
tt2062690
tt36151949
""
""
""
""
""
tt1059786
""
""
""
""
""
""
tt0345440
tt7661390
""
tt0203166
tt0271027
""
""
""
tt2083383
tt2149097
""
tt4178092
tt0891592
tt0364725
""
tt0482018
""
tt10955204
tt0098226
""
""
""
tt22667880
tt6968614
""
""
tt3777502
tt0296108
""
tt0247081
""
""
tt11214028
tt0314967
tt35242821
""
""
""
tt16030542
tt6607810
""
""
""
""
tt0374201
""
tt4555364
""
tt6992264
""
""
tt0967956
""
""
""
""
""
tt0375411
tt0428081
tt0303299
tt0079945
""
tt30064965
tt32490113
""
tt0433035
""
""
tt5511582
tt8790086
tt0146468
""
tt0203632
tt0146838
tt5057140
""
""
""
tt0296284
""
""
tt0411008
""
""
tt18469872
tt3499096
""
""
""
tt0985615
tt2585850
tt0113978
""
""
""
tt0437800
tt0401711
""
tt0203166
""
tt6993622
tt4463894
""
""
""
tt0448134
""
""
tt0489664
tt0367790
""
""
tt7431994
tt0412175
tt0443567
""
""
""
""
tt0319930
""
tt0290028
tt1147684
""
tt0172156
""
""
""
""
""
tt0109808
""
""
""
tt0300140
tt2664880
""
""
tt1565810
""
""
tt1826813
""
""
""
tt2172103
tt0405336
tt1235522
""
tt37996006
""
tt0317219
""
""
tt0770828
""
tt15339982
""
""
tt0319931
""
tt34784974
tt2091473
""
tt3215154
tt1398427
tt2402137
""
tt1622547
tt2077823
tt12115616
""
tt39359818
""
""
""
tt0198284
""
tt10948716
tt1578873
tt0278488
""
""
""
""
""
""
tt2085059
tt7187982
tt0106168
""
tt0277371
""
""
tt27930752
tt0303754
""
""
tt6920356
""
""
""
tt32810670
""
tt0118375
tt11691296
""
tt0441074
tt7797658
""
""
tt1421051
tt0125022
tt2149097
""
""
tt1086216
""
""
""
""
""
""
tt0477051
""
tt0191133
""
tt0433576
""
tt5164214
tt27480969
""
""
""
""
tt1836037
tt5865326
tt0166896
tt11783458
""
""
""
""
tt0303714
""
""
""
""
tt2279786
""
""
""
""
""
tt0418194
tt1007021
tt11062388
""
""
tt0875034
tt0339385
tt32046683
""
""
""
tt12801262
""
tt0098911
tt1300854
""
tt1346302
""
""
tt14168318
""
tt35303515
tt1371111
""
tt2058303
tt0138230
tt0489049
""
tt3766376
tt10195210
""
tt7124904
tt0274309
""
tt8537578
""
""
""
tt0103639
""
""
""
""
""
tt0800039
tt2210236
""
tt1704637
tt0381844
tt13618724
""
""
""
tt0265104
tt0243736
tt0243736
""
tt0320000
tt0261486
""
tt0305377
""
tt4015216
""
""
tt0399412
""
tt0338459
""
tt1046183
tt8787372
tt0473188
""
""
""
""
""
""
tt0798817
tt0141842
""
""
tt28069782
tt0471030
""
""
""
tt0499549
tt1158889
tt11107756
""
""
tt29457887
""
""
tt34794166
tt0272152
""
""
""
tt5066582
""
""
""
tt0087197
""
tt9686708
""
""
""
""
""
""
""
tt6571636
""
""
""
""
tt16373746
tt0460952
""
""
tt10280296
""
""
""
""
""
""
""
""
""
tt3763244
""
tt4209256
""
""
""
""
tt5753856
tt1014766
tt10888876
""
""
""
""
""
""
""
""
tt13323596
tt10228230
""
tt3498820
""
""
tt0452594
""
""
tt0138956
""
tt1581835
""
tt14922060
""
""
""
""
tt2131481
tt3882082
tt0944947
""
tt6410134
tt0942385
tt6923892
""
""
""
""
""
tt9140604
tt0318627
tt38107562
tt11947248
""
tt5727282
tt0880502
tt4799050
tt4995790
tt38935127
""
tt1085507
""
tt33004721
""
tt2837574
""
tt0424823
tt8257760
""
tt3906560
tt1312171
tt0395584
""
tt9376612
""
tt38990872
""
tt1343046
""
tt2640044
tt2130507
tt29763370
""
""
""
tt30827810
""
tt6533972
""
""
tt9873892
tt0353115
tt0443706
""
tt13282344
tt14298328
""
""
""
tt14853010
""
tt2062996
tt2302755
tt2549176
tt1605783
tt0304246
tt7847002
tt12921446
""
""
tt11162580
""
""
""
tt0314984
tt0341540
tt33057678
""
""
""
""
tt1376779
tt0154278
""
""
""
tt0246719
tt5808318
""
tt13091718
tt0314063
""
""
""
tt21746684
""
""
""
tt12511502
tt0305999
tt0285333
""
""
""
""
""
""
""
tt0227189
""
tt0239195
""
""
""
""
tt12725104
tt9252188
""
tt4151320
tt1841108
""
""
""
tt23803320
tt3220192
""
""
""
tt10171472
""
""
""
""
""
tt1977822
tt0371724
tt1827485
tt34571194
tt1112782
""
tt5562070
""
""
tt0486822
""
""
""
""
""
""
tt30343021
""
""
""
""
""
""
""
tt0185103
""
tt1590956
""
""
""
""
tt0447935
""
""
tt0867015
""
tt1300170
tt1309187
tt14041918
tt0167190
""
tt0437005
""
tt0296572
""
tt0237572
""
""
""
tt1210166
tt0368709
tt0880557
tt0243069
tt1173898
""
""
tt0298659
""
tt11269942
""
tt3010846
""
tt0361180
tt0460627
tt0329717
""
tt9362722
""
""
""
tt35093149
tt1810683
tt9248972
tt5768208
tt5065790
""
tt2870708
""
tt0379628
tt1423954
tt21057450
""
""
tt2024544
""
tt2088745
tt5537002
""
""
tt3814852
""
""
tt6684210
""
""
""
""
""
tt10846312
""
""
""
""
""
tt14402930
""
tt33343397
tt2510616
tt1415283
tt0246894
tt0286106
tt1276419
""
""
tt0314121
tt4211022
""
""
tt37752275
tt33480344
""
""
tt1252367
""
tt15964414
""
tt29361963
""
tt0295701
""
""
""
tt4642170
tt0832453
""
""
""
tt9459988
""
""
""
""
""
tt5459168
tt0212346
tt1132615
tt1833116
tt3104988
""
tt11419520
""
""
tt0411004
tt0308973
tt1462757
tt1853728
""
tt0308476
tt5635980
""
""
""
""
""
tt14684422
tt34612184
""
""
tt1411697
""
""
""
""
""
tt11338110
""
""
tt31995978
""
tt0470765
tt0923811
""
tt36246166
""
""
""
tt0306433
""
""
""
""
tt27195940
""
""
tt1293839
tt1047801
""
tt1672845
""
""
""
tt5537002
tt0996678
""
""
tt0390022
tt0762093
tt11352866
tt0190938
tt1877766
""
tt2331613
""
""
tt5463162
tt0422401
""
""
""
tt0133152
tt2632434
""
tt4566758
""
tt5451690
""
tt0121765
""
tt23477248
tt0376994
""
""
tt1303882
tt7511008
""
tt2226342
""
""
""
""
""
""
""
""
""
""
""
tt9572534
""
""
""
tt1231587
""
tt23181388
tt19881546
tt36646880
""
""
""
tt0147784
""
""
""
""
""
""
""
""
""
""
""
""
tt0923691
tt0923691
""
tt13821798
""
""
""
tt11519740
""
""
tt2419212
""
""
""
""
tt33928182
tt4568478
tt1408101
tt0475464
""
""
""
tt0465494
""
""
""
""
tt2125517
""
""
""
""
tt3914312
""
""
tt6938828
""
tt3901826
""
""
""
tt0982894
tt10687740
tt0374126
""
tt1436568
tt0115163
tt0181260
""
tt4815054
""
""
""
""
tt5368542
tt0362359
""
""
tt0939564
""
tt7949218
""
""
""
tt2034031
""
""
""
""
tt0084967
""
tt1337125
""
""
""
tt1810577
tt4572792
""
tt0213969
""
""
""
tt5058222
""
""
""
tt9544034
""
tt3521126
tt0280653
tt0274166
tt1679340
""
tt27502677
tt0203259
""
""
""
tt0280590
""
tt1626135
""
""
""
""
""
tt8740790
""
tt2022389
""
""
tt0462741
""
""
tt0205064
""
tt13186482
""
""
tt3038734
tt9018736
""
""
""
""
""
""
tt1196170
tt2714380
""
tt36400177
tt14921796
""
tt1712159
""
""
""
""
""
""
tt10062292
tt0120263
""
""
""
tt0477051
""
tt0295178
""
tt0275309
""
""
""
tt4147752
tt0307880
tt1557182
""
""
tt0126029
tt0309820
tt32163710
""
""
""
""
""
tt0363330
""
""
tt0141842
tt14420112
""
tt0265666
""
""
tt4016588
""
""
""
tt0400977
tt14502728
""
tt2096673
tt1059786
""
tt2395695
""
""
""
tt4828492
""
""
tt3896198
""
""
""
""
""
tt0478259
""
""
""
""
""
""
""
tt0279493
""
""
""
tt21819258
tt33507726
tt2402578
""
tt1429423
""
""
""
""
""
""
""
tt8325314
""
""
tt7006666
""
tt3397918
""
tt0242653
""
""
""
tt5467814
tt1630029
""
""
tt6212478
tt7590098
""
tt0110803
""
""
tt1646111
""
""
""
tt14439896
""
tt3904078
""
tt9362722
tt12497216
""
""
""
tt0266915
tt0108757
tt5542734
tt0811066
""
""
tt11238096
tt23319892
""
""
tt3114432
tt20719694
""
""
""
""
tt0791163
""
""
""
""
tt5173166
""
tt11541010
""
""
tt6320628
""
""
""
tt1095174
""
tt0948470
""
""
tt0248297
tt15009428
""
tt0440889
""
""
tt32654369
tt6051216
""
""
tt0113972
tt0234215
""
tt0307901
tt12312408
tt0315669
tt0875779
tt30106274
""
""
tt0315669
tt14023392
tt6450158
tt0402894
tt2192002
tt0121765
tt0837106
tt3323304
tt0796171
tt0183330
tt0320661
tt13622776
""
tt0315669
""
""
tt1086761
""
tt10786774
tt1181791
""
tt7776430
""
tt0355702
tt0120177
tt1216491
""
tt0320242
""
tt28353692
tt11198330
tt0772177
""
tt6636246
tt0293815
""
""
tt6391282
""
""
""
tt0977855
tt1365090
tt0113638
tt11671006
""
tt0454919
tt1894476
""
""
tt1345836
tt4810750
""
tt0347828
""
tt3775202
""
tt4587656
""
""
""
tt3981388
""
tt0445384
""
""
""
tt8955708
tt14433672
tt2071758
tt0880504
tt4048272
""
tt14260836
""
""
tt7214954
""
tt0367591
""
""
""
""
tt0298388
tt23468526
tt1149362
""
""
tt2356180
""
""
tt6706966
tt0138704
tt1232826
""
""
tt0417397
""
""
""
tt2707504
""
tt0320011
""
tt10986410
""
tt1924435
""
""
""
tt16591280
""
tt4154796
""
""
""
tt0305747
""
""
tt1230414
tt3697842
""
tt1845307
""
""
""
""
""
""
""
tt9866072
tt0326749
tt36595990
""
tt2805070
tt0429589
tt3385516
""
tt27048106
tt30268701
tt2808092
tt36122656
""
""
""
tt0447929
""
tt3463938
tt0800039
tt0329737
tt8163822
""
tt7464956
""
""
tt4154756
""
""
tt1302006
tt1190080
""
tt1233219
""
tt13719450
tt1546991
""
tt0472642
""
""
tt1921149
tt0103893
tt2124046
""
""
""
""
tt6133466
""
tt0430770
""
""
""
tt12923028
""
tt20917826
tt0211492
""
tt0857355
""
""
tt3710940
""
""
""
""
tt0385880
tt0460649
tt3205302
tt4687880
""
""
""
""
tt1034090
""
tt13650572
""
""
""
tt9737326
""
tt11343320
""
""
""
""
""
""
""
tt0429455
""
""
tt2006295
""
""
""
tt0238784
tt1596350
""
""
""
""
""
""
""
""
""
tt0449089
""
""
tt0401997
""
tt5433138
""
""
""
""
""
""
""
""
""
tt1544581
tt1972779
tt8591986
tt5788792
""
""
tt0303858
""
tt11724972
""
tt0295178
""
""
""
""
tt0149460
""
tt11738566
""
tt11872666
tt1545660
tt11691160
tt1440345
""
tt0326905
tt0780567
tt0450274
""
""
""
""
""
""
tt4016454
""
""
tt0305711
""
""
tt0404032
""
""
tt4835394
""
""
tt1820708
""
""
tt14469460
""
""
tt2359534
tt31938062
""
tt27543968
""
""
""
tt11614548
tt0367652
""
tt15468716
""
""
tt4025514
""
tt0920458
""
""
tt7239094
""
""
tt0848557
tt0462106
""
""
""
""
tt4474344
""
tt0804503
tt0112193
tt1308728
tt2364975
""
tt14100828
""
""
""
tt3593622
tt7138426
tt0138959
""
""
tt10276792
""
tt26491726
tt2717822
tt4513674
tt1727252
tt0295178
tt0316654
""
tt8908002
""
""
tt27672725
""
""
tt0110353
""
""
""
tt0167260
""
""
""
""
tt1219024
""
""
tt3503068
""
""
""
""
tt0242587
""
""
""
tt1536410
""
tt5664952
""
""
""
""
""
""
""
tt1890445
""
tt0312858
tt11041132
tt10551180
tt10964532
tt10342730
""
""
tt5843850
""
""
""
""
""
""
tt11807512
""
tt11477298
""
""
tt21608280
""
""
tt0337823
tt0415399
""
""
""
""
tt0426741
tt5615072
tt0871864
""
""
tt0371853
""
""
tt7394202
tt0307832
tt38707118
tt11821932
tt9873892
""
""
tt0418106
""
tt11979952
tt0120919
""
tt14972766
tt0898266
""
""
tt0285651
tt0416212
tt3385516
tt0301696
""
tt0397078
""
""
""
""
""
""
""
tt8244784
""
""
tt1286039
""
""
""
tt14154200
""
""
tt2581244
""
tt7137380
""
""
tt0757898
tt6189022
""
tt1694100
tt0304669
""
tt13315548
tt1014807
tt2965518
tt2255899
tt9140554
tt0160904
""
""
""
""
tt2306775
tt14379086
tt0269499
tt0421384
""
""
tt2053397
""
tt1954315
""
""
tt4474344
""
tt11866294
""
""
tt0448075
""
tt0955211
""
tt0239195
""
tt0455996
""
tt20673642
""
tt3202202
""
tt0800278
""
""
tt10228134
""
""
""
""
""
tt0307832
""
""
""
tt21833834
""
""
tt6426714
""
tt2290339
""
tt0178639
""
tt3856300
""
""
tt6275002
tt0492044
""
""
tt30841631
""
""
tt0275022
tt1809194
""
""
tt1704637
tt33839071
tt0373526
""
""
tt3152592
""
tt9100018
tt0799949
""
tt6862194
tt31609000
""
""
""
tt3650960
""
tt0310305
""
tt0314204
tt25049422
""
""
tt2111392
""
""
""
""
tt1987680
tt19811786
tt1838603
""
""
tt10954718
tt1029235
tt1237868
""
""
tt5574490
""
""
""
""
tt0765443
""
""
""
tt0497480
tt1921064
tt0376479
tt0340012
""
""
""
tt0320691
""
""
""
""
tt21857662
""
""
tt0373981
""
tt1860213
""
tt1814614
""
""
""
""
""
tt0119528
""
""
""
tt0313043
tt0098320
tt1176731
tt5325096
tt31418326
tt0231040
""
""
tt1178618
tt1167638
tt4378274
tt1361326
""
""
tt2163227
tt0964517
tt1426329
tt30689850
""
tt0116154
""
tt5934854
""
""
""
""
""
""
tt32544575
tt5520358
tt5168112
""
""
""
tt13146488
""
tt12445966
tt4825564
""
""
tt0088247
""
""
""
tt0377062
""
tt1396219
""
""
""
""
""
""
tt13623632
""
tt31170824
tt0437954
""
""
""
tt0364725
""
""
""
tt22802620
tt1371111
""
""
tt0270515
""
""
""
""
""
tt1041778
tt17373698
""
""
""
tt14765750
""
tt0818098
""
tt9458304
tt14832006
tt1764614
""
""
""
""
""
""
""
""
""
""
tt11852806
""
""
""
tt0439848
""
""
""
tt0472186
""
""
tt2406602
""
""
tt0382810
""
""
tt0104940
""
""
""
tt0274234
""
tt2294677
""
tt2005151
tt0790804
tt21148370
""
""
tt0469443
""
tt15357384
""
""
tt2805096
tt1135985
tt2473682
tt26545708
tt4048272
""
tt1843866
tt21339882
""
""
""
tt0294341
tt37674555
tt0368479
""
tt1035456
tt7392212
tt0181852
""
tt12030042
""
tt0044298
""
tt1078583
""
tt1300851
tt0112037
tt11138512
tt20218650
tt12529852
""
""
""
""
""
tt1776162
""
""
tt1262406
tt1976010
""
""
tt30840798
tt0366777
tt0149460
""
""
tt0312270
tt1722515
tt10147936
tt1253864
""
tt0413573
""
""
tt10230426
tt1391583
""
""
""
tt30309913
""
tt2140373
tt1414349
""
tt0914387
tt1636826
tt1132578
tt0266987
""
tt0418647
tt2647976
""
""
""
tt1380279
tt10813940
""
tt0315983
""
tt0312286
""
""
""
""
tt0088751
""
""
tt0459649
""
tt37895372
""
""
""
""
""
tt0112056
""
tt6445922
tt3704050
tt14713552
tt0291180
tt0494238
""
""
""
""
""
""
""
""
tt0118375
tt1378167
tt11639300
""
tt2085059
""
""
tt0103639
tt0414387
tt0316410
""
""
""
tt0116367
""
""
tt0277296
tt1646221
""
""
""
tt0178132
""
""
""
""
tt1327585
""
""
tt8356942
""
tt1524930
tt6390600
""
""
""
""
""
""
""
""
tt1478874
""
""
tt0141098
tt1211890
""
tt0376873
tt2798068
""
""
""
""
""
tt0325537
""
tt5034838
""
tt0144120
""
""
tt1198087
""
tt1140100
""
tt0110467
""
tt23055142
tt30443106
tt0206753
""
""
""
tt0986264
""
tt30425668
""
""
""
tt9602716
tt1179064
tt1832974
tt31897910
""
""
""
tt13062298
""
tt13623632
tt0239388
tt1744476
tt0391304
tt1343097
""
""
tt28427050
tt1062934
""
""
""
tt0276919
""
tt11700260
""
tt4846340
""
""
""
tt22502868
tt5307018
""
tt0296572
tt0790636
""
""
tt1699761
""
""
""
tt0436607
""
""
tt3679000
""
tt0831387
""
""
""
tt7209126
tt0206634
tt31065246
tt2637276
""
""
""
tt21909844
tt30972594
""
""
tt28833520
""
""
""
""
""
""
tt0156201
tt3195644
""
""
tt0383222
tt0765429
""
""
""
""
tt1988386
""
""
""
tt4236738
""
""
""
""
tt1606789
tt0313443
""
""
""
""
""
tt0120757
""
""
""
""
""
""
tt0371212
tt0371596
tt22753480
""
""
tt10576946
""
tt2193021
""
""
""
tt27794632
tt7158972
""
""
tt32559610
""
tt1376704
tt2085059
tt2058060
tt3683212
""
""
tt3539842
""
""
tt4396862
""
""
""
""
""
tt1798243
""
""
tt7107518
""
tt21341988
tt0383058
""
""
""
""
""
tt0254617
""
""
""
""
tt15077370
""
""
tt0100514
tt1800246
tt6483832
""
""
""
""
tt8718158
tt5893858
""
""
""
""
""
tt3692768
tt1437413
tt1189076
tt29546556
tt0418819
""
""
""
tt0282945
""
tt15399898
tt1542344
tt1440232
tt0115509
tt0139134
""
""
tt30460382
tt1623765
""
tt2058584
""
""
""
tt0314776
tt10272386
tt0412197
""
tt2106476
""
tt6443346
tt1861225
""
tt6472976
tt0071059
tt5834262
tt0365675
tt1475582
tt15426128
""
""
tt0343818
tt0358082
tt0213149
tt13111078
""
tt3900614
tt0414993
tt0839980
tt10758074
tt0196229
""
""
tt0435761
tt0396752
tt0388929
""
tt21350998
""
""
""
tt0854130
""
""
""
""
tt28809521
tt12304420
tt0104857
""
tt3416828
tt3520418
tt12269528
tt1360961
tt0870984
""
tt0479884
tt1998360
tt27060356
tt0238552
""
""
""
tt1454523
tt14454100
""
""
""
tt0181739
""
tt0102996
""
""
""
""
tt0371606
""
""
""
tt8107104
tt0401729
tt0314577
""
tt0417795
tt1764275
""
""
""
tt0138704
tt0317219
""
""
tt0407732
tt0804452
""
""
""
""
""
""
""
tt3387520
tt0486640
tt35636811
tt1981115
tt1742044
tt0110443
""
tt3402138
tt0361137
tt2140691
""
""
tt4938700
""
""
tt0404552
""
""
""
""
""
tt1175522
tt0945513
""
tt1111422
tt0266116
tt2823054
tt2380303
tt2838406
tt0475276
tt0250797
tt1910645
""
""
""
""
""
tt13266618
""
tt30850933
""
""
""
""
""
""
tt13154358
""
tt0340256
""
""
""
tt0239395
""
""
tt11051886
tt8311792
""
tt3699104
""
tt0312210
tt4730082
""
""
""
""
""
tt12332800
tt0364845
tt13622970
""
""
tt2805096
""
""
""
""
tt31698781
""
tt1130884
""
tt0086996
""
""
tt0115147
""
""
tt10192406
""
tt5209800
tt5580266
tt0234890
""
""
""
tt0099978
""
""
""
""
tt0816462
tt12016374
tt0403358
tt1734135
""
""
""
tt19488270
tt0275022
tt3620846
""
tt15048606
tt8923854
""
""
tt29435627
""
tt1297754
""
tt11174344
tt11097072
tt0317910
tt0120879
""
""
""
tt2283336
tt8333978
""
""
""
tt0372183
""
""
""
tt1526067
tt2364582
tt1568815
""
tt0787986
tt6281414
tt3794354
tt10175380
""
""
""
""
""
tt12001502
tt14415722
tt0360578
tt1324078
""
tt3531824
tt6482686
tt0458074
""
tt0491522
""
tt0352248
""
""
tt0791163
""
""
""
tt2953050
""
""
tt9603212
tt1605800
tt0395843
""
tt14509130
tt0328880
tt7334528
tt0416359
""
""
""
""
""
tt3741700
""
tt5814070
tt0313670
tt26682833
""
""
""
tt3610926
tt1258216
""
tt4119154
""
""
""
""
""
""
""
""
tt1937416
""
""
""
""
""
""
tt13016388
""
tt7550014
""
tt0150941
tt0388482
""
""
""
""
tt5700176
""
tt1188927
""
""
tt0948186
""
""
tt0289649
tt0468424
tt2112277
""
tt14972798
tt0286788
""
""
tt38770204
tt0238924
""
""
tt1941928
""
""
tt2763296
""
""
""
tt0471030
""
""
""
""
tt0896517
tt12545554
tt0814214
""
""
""
tt1629757
""
""
""
tt12433890
tt3045616
""
""
""
""
""
""
tt14625012
tt2854926
tt1079360
""
""
tt0417741
""
tt0089072
""
tt0384286
""
""
tt0307664
""
tt7683762
tt3281796
tt0455824
""
""
tt10648342
""
tt0362867
tt0416496
tt0455407
""
""
""
tt0271451
""
""
""
""
""
tt0413573
tt1562275
""
""
""
""
tt9251798
""
tt13052210
""
""
""
tt0765432
""
tt3289956
""
""
""
""
""
""
""
""
""
tt1397280
""
""
tt0835834
""
""
""
tt3748852
""
""
""
""
""
tt39050154
tt0319169
""
tt2325649
""
tt22394752
tt38519565
""
tt1910649
""
tt10872600
""
tt0814381
tt5031896
""
""
""
""
tt4520988
""
""
tt0338526
tt1438173
tt0279342
""
tt1605783
""
tt3766376
""
""
tt0415421
tt0108052
tt0780362
""
""
tt37517872
""
tt17078368
""
tt0277723
tt0475276
tt21942598
""
""
""
tt4185762
tt0387375
""
""
tt1645170
""
tt5510958
""
""
tt1754656
tt0322298
tt0800320
""
tt2281375
tt0117705
tt7662118
""
tt30308414
""
""
""
tt0377458
tt0990407
tt0378215
tt23185836
tt0283883
tt0241760
""
""
""
tt0238463
""
""
tt22892938
""
tt3819614
tt1925421
tt9150004
""
""
""
""
""
tt0105077
""
""
""
tt1037854
tt12972940
tt37090900
tt1051906
tt0810922
""
""
tt6750156
""
tt1302006
tt2281587
""
""
""
""
tt5580266
""
""
""
tt1343717
""
tt2473794
tt1467241
""
tt10820684
tt0325537
""
""
""
""
tt1960787
tt0499549
tt11702252
""
tt3914332
tt15465312
tt0429106
""
tt8971476
tt0159209
""
""
tt1503278
""
""
tt0800318
tt7321356
tt0289033
tt0250804
""
""
""
""
""
""
""
""
""
""
""
tt32764268
""
""
""
""
tt13275984
tt3054840
tt0338852
tt0406759
tt0379484
tt0314197
tt1155053
tt7601668
""
tt12713604
""
""
tt0458339
tt3562706
""
""
tt4426738
tt5308322
""
tt1432165
tt1568766
tt0096684
""
tt1650517
""
tt0808409
""
tt11140488
tt0458339
tt3207160
tt32986431
tt33311975
tt1568911
tt1007028
tt2103254
tt0113448
tt36504889
tt0381559
tt30624974
""
""
""
""
tt4293654
""
""
tt4719586
tt0859635
tt1874412
tt1263750
""
""
tt1448755
tt0460094
""
tt1667310
""
""
""
""
""
""
""
""
tt2582496
tt0181206
tt2582496
tt4757988
tt1314177
""
""
tt32368017
""
""
tt1054606
""
""
""
""
tt7772588
""
tt1606378
""
""
tt0368530
""
tt9180460
""
tt0210860
tt13269706
tt0485129
""
tt1649418
tt0381192
""
tt3290616
""
tt0343818
tt1882925
tt0844286
""
""
""
tt0940635
""
tt12593682
""
tt6258718
""
tt1563738
""
""
tt10927414
""
""
tt1336608
""
tt12718472
""
""
""
tt2004420
tt3908028
""
""
""
tt1099212
""
""
""
""
tt0174418
""
tt15782118
""
""
""
""
""
""
""
""
tt12591874
tt1599348
tt1911644
tt0369610
tt2364975
""
""
""
""
""
""
""
""
""
""
tt0056758
tt15377930
""
""
""
""
""
""
tt34787378
""
tt31952617
tt0323998
tt28256180
tt6856484
""
""
""
""
tt5213534
""
""
""
tt0252444
tt1905040
""
""
""
tt0091949
""
""
""
""
""
""
""
""
tt7460842
""
""
tt0429715
tt5659172
""
tt9032400
tt0115783
""
""
tt3754940
tt29720232
""
""
""
""
tt0360717
tt6510950
""
""
""
""
""
""
tt0101948
tt1442449
tt0172684
""
tt4218618
""
tt0853213
tt8257128
tt1840309
""
""
""
""
tt0460681
tt13567344
tt2959328
tt1411250
""
""
""
tt36874833
tt36582176
""
tt5446420
tt3791450
""
tt10340820
""
""
""
""
""
""
tt1002684
tt2891574
""
tt0284406
""
""
""
""
tt1359435
""
tt1408101
tt3655448
""
tt0417166
""
""
""
""
tt0072562
tt0339489
tt0380850
""
""
""
""
""
tt8404256
tt31181664
""
tt36893729
tt11847410
tt0191486
tt0349938
tt1915545
""
tt0359950
tt0383222
""
tt2993406
tt2176609
""
""
""
""
tt4191702
tt0305229
""
tt0302447
""
""
tt0276919
tt13696186
tt0808417
""
""
tt0317851
tt17361756
tt4998350
tt1210819
""
""
""
""
""
""
tt27390459
""
""
""
""
""
""
""
""
tt0424095
tt0270707
tt35707252
""
tt3497596
tt0239195
""
""
""
tt35892382
tt0473343
tt32195896
tt0309593
tt0120611
tt9856336
tt0372784
""
""
""
tt0317219
tt2548396
tt1379222
tt2602066
""
""
""
tt0296572
tt2141913
tt0309593
""
""
""
tt0317248
tt0309593
""
tt1615237
""
""
""
""
tt1185596
tt0303758
""
tt7798646
""
tt0896517
""
""
""
""
""
""
tt1555149
""
tt0318649
""
tt1378167
tt14447458
""
tt38640152
""
tt2364698
""
""
""
tt0369735
tt0455967
tt5117670
""
""
tt5024912
""
""
""
""
tt14494974
""
tt2275749
""
""
""
tt11456054
""
""
tt0242587
tt5943306
""
tt1047931
""
tt0319524
tt5691670
tt0120032
""
""
tt12874874
""
""
tt6042794
""
""
tt14748200
tt1547627
""
""
tt0309820
""
""
""
tt0348129
""
""
""
""
tt0400538
tt0319853
""
""
tt0318883
tt1234918
""
tt0135043
tt9176260
tt27049585
""
""
""
tt1470023
tt1582454
tt1276419
""
tt15428134
tt1414349
""
""
""
""
tt2012463
""
tt1371111
""
""
""
tt1714835
""
tt13051800
""
tt21609468
""
""
""
""
""
tt6048704
""
tt6110648
tt1086761
""
tt0294578
""
tt2377322
""
""
""
tt3864024
""
tt0118863
tt0391053
""
""
""
""
tt1713476
tt11252248
""
""
tt0112950
tt0309380
tt0120481
""
tt0370242
tt2078733
""
tt36983402
tt2334429
""
""
""
""
""
tt6189022
""
tt4104022
tt7453182
tt3907200
""
tt0899077
tt8387348
tt0320661
tt10704730
tt34035880
""
tt2167725
tt14110504
tt0138223
""
""
""
tt0399201
""
tt0910566
""
""
tt1105304
tt1592538
tt0285823
""
""
tt8908002
tt6443346
""
""
""
tt14192076
""
""
""
""
""
""
tt3484274
""
""
""
tt1420539
""
tt0278815
tt3721936
""
""
""
tt14537248
""
tt0096094
tt16257512
tt31030968
tt31567422
""
""
""
""
tt1259014
tt14129748
""
""
tt5691474
""
""
tt12684344
tt0414200
""
""
""
tt27720651
tt1691344
tt2380192
tt2568204
""
tt14537248
""
tt0141109
tt0806686
""
tt34754391
""
""
tt0327767
""
""
""
tt1231583
""
""
tt1720616
tt0364970
tt1684721
tt26442053
""
""
""
tt1840417
tt0365149
tt1235547
tt3097088
""
""
""
tt4026254
""
""
tt1044569
tt1869734
""
""
""
""
tt31945966
""
tt13648914
""
tt15716912
""
""
""
""
""
tt0059982
""
""
""
""
""
tt13124924
tt1019442
""
""
""
""
""
tt0450278
tt8135552
""
tt11623464
""
""
tt6153822
tt1535490
tt0242030
tt1258154
""
""
""
""
""
""
tt9170318
tt2666112
""
""
""
""
tt1489428
tt0831855
tt30831220
tt0400201
""
tt0246544
tt15094230
tt1527186
""
tt0267913
""
tt1097643
""
""
tt2474984
tt5591540
tt0220827
""
tt0810596
tt0154420
tt0368479
tt0100363
tt1266097
tt0353765
tt11947158
""
""
""
tt0111954
tt1959490
""
""
tt1318008
tt0375233
""
tt0322653
""
""
""
""
""
""
tt9794044
tt4305162
""
""
""
""
""
tt1737256
tt0348593
""
""
tt0409860
tt32869444
tt9252488
""
tt13099190
""
tt0321591
tt0096542
tt2543472
""
tt1127702
""
tt0369195
tt7808528
tt6821012
tt4103724
tt0364845
tt1027862
tt7604956
tt1073128
tt2948372
""
""
tt4176826
tt2172934
tt0325710
tt2302068
""
""
""
tt1424891
tt6146586
""
""
tt0406759
tt3030452
tt3177800
""
tt8670332
tt0814759
""
tt1591095
""
""
""
""
tt0416979
tt2106537
tt36985861
tt33058412
tt2112181
tt2262044
""
tt4068576
tt0377119
tt15468586
""
""
tt0305224
tt15033846
""
tt0482558
""
""
""
tt0322259
tt0093405
""
tt13529414
tt29485142
""
""
""
tt5914346
""
""
""
tt0465234
tt0367882
tt3083016
""
""
tt0120188
tt29627122
tt1124373
tt5848272
tt0279113
tt0790686
""
""
tt0144814
""
""
tt16420886
""
""
""
""
tt9766332
tt4116284
tt1308728
""
tt0289361
tt0115851
tt0318233
""
""
""
tt1798188
""
tt17592824
""
""
""
tt1372686
tt0396534
""
tt0333127
tt29703061
""
""
tt0406439
tt13652154
""
tt19864472
""
""
""
""
""
""
""
tt0373997
tt1945081
""
tt13199152
""
tt14266380
""
tt0454987
""
""
""
""
""
tt30970235
tt3673894
tt0892535
""
""
tt0290594
""
""
""
""
""
""
tt0424095
tt20232426
""
""
""
tt22855572
""
""
tt2308725
""
tt20120606
""
tt0463034
""
tt2331613
tt3717390
""
tt10083340
""
tt0323814
""
""
tt1638355
""
tt1837576
""
""
""
""
""
""
tt0410675
tt6357162
tt39055318
tt0339220
""
""
""
tt2543312
""
tt0072562
""
""
tt14898776
""
tt2375559
tt5265964
""
tt0366758
""
""
""
tt0795441
""
""
""
""
""
tt8108268
tt0304638
""
tt3474438
""
""
tt37045668
tt4532596
""
""
tt1489428
""
tt2717822
""
tt10758090
""
""
""
""
tt2122443
""
tt0826606
""
""
""
tt2609778
""
tt0364970
""
""
""
tt1071782
""
""
""
""
""
tt1753713
tt0398165
tt3581382
tt4450826
tt21375050
tt0106131
tt3060244
tt2013383
""
""
""
""
""
tt0454931
""
""
""
""
""
""
""
tt4682786
tt9779516
tt35991849
""
tt0368891
tt38453434
tt1037705
tt0098929
""
tt0398029
tt0087277
""
""
tt0072562
""
""
""
""
tt15941636
tt0367368
""
""
""
tt30768307
tt2351588
""
tt0175997
""
tt0274309
tt0112679
tt0101414
tt14035948
tt11067180
""
""
""
tt0180093
""
""
tt11729400
tt0306444
""
tt2865876
tt2467372
tt2343558
tt1525826
""
""
""
tt13453006
tt0120591
tt0251756
""
""
""
tt14592948
""
""
""
tt0826760
""
""
tt0106986
""
tt7022404
""
""
tt1270798
""
tt20215968
""
""
""
tt6148324
tt0118375
tt0374496
""
""
""
""
""
""
""
""
""
tt0439856
""
tt15846900
""
tt1850457
tt0309987
tt1570728
tt4815924
""
tt2126355
tt1345836
""
tt7768346
tt11245972
""
""
tt0944947
tt13797922
""
tt2303522
tt0096542
""
""
""
""
tt1795702
""
""
""
tt1234719
""
""
""
tt0120903
""
tt3289956
""
""
tt21914436
""
""
""
tt4612950
""
""
tt0425079
""
""
tt10280672
""
tt0466856
tt0339034
tt0206511
""
""
tt0471403
tt2472024
tt0437957
""
""
tt12735488
tt1704573
tt29506679
""
tt0165414
tt31638292
tt27470893
""
""
""
tt28037987
tt0116557
tt0275848
tt21191810
""
tt13923084
tt0314166
tt0910586
tt33203571
tt11783766
""
tt1212419
tt1710308
""
""
""
tt13570186
tt0485301
""
""
""
""
tt15314640
tt0303773
""
""
""
""
""
""
tt32128161
tt0486531
tt0361243
""
""
tt1825683
""
tt23987338
tt1656186
tt1978735
""
""
tt0338526
""
""
tt0165042
tt0407424
tt5834262
tt1090230
tt9531772
""
""
""
tt32537273
tt2303626
tt1161064
""
tt5059690
tt0214894
tt9182964
tt0475359
""
tt2679680
tt0764639
tt7861612
tt4513674
tt11778144
tt13147708
""
tt10015248
""
""
tt0325126
tt4988692
tt7246350
""
""
""
tt0475525
""
""
tt0362486
tt4179452
tt0104613
tt0320661
""
tt9462944
""
tt0485161
tt1392983
tt13433738
tt2491860
""
""
""
""
tt13527648
""
""
""
tt0097757
""
tt0376058
tt0778553
tt0386993
""
tt0083929
tt4621872
""
""
""
tt0407423
""
""
""
""
""
""
tt10264190
""
""
""
tt0362526
""
""
tt0306685
""
""
""
""
""
tt11563598
""
""
tt3249524
""
tt2342499
""
""
""
tt0112022
""
""
""
tt0320000
""
tt22030122
""
""
""
tt14096342
tt0411008
tt0086729
""
""
""
""
""
tt7189178
tt2388637
""
""
tt6723592
""
tt11719654
""
""
tt1791682
tt0119080
tt2193215
tt0318267
""
""
tt37578704
tt14017190
""
tt0195945
tt0211413
tt0326905
tt2697560
tt3778644
""
""
""
tt11832046
""
""
""
tt1401152
""
tt14991492
""
""
tt4986098
tt0419946
tt6791350
tt14681596
""
""
""
""
tt15407098
tt22444570
""
""
""
""
""
""
tt0166021
""
tt1240976
""
""
""
""
""
tt2279339
tt31382631
""
""
tt3564472
tt0372183
tt2792316
""
""
""
""
""
tt5227620
""
tt4832640
tt2337280
tt13067292
""
""
tt3564472
tt30253355
tt0497365
""
tt8385148
tt1981677
tt8385148
tt0127159
tt0910970
tt10648342
tt1302006
""
tt0198093
""
""
""
""
tt35118063
tt10167012
tt1781827
""
""
""
tt1823664
tt1411697
tt1463410
tt0206917
""
tt0142239
""
tt6219474
tt18160750
tt0384814
""
tt0367731
""
tt0098904
""
tt3848472
tt0306685
tt1312221
""
""
tt1804508
tt1259571
""
tt0311289
tt1559548
tt3449788
""
tt0200469
tt2433738
""
tt19496260
""
""
""
tt1916868
""
tt1788634
tt21249134
tt4457344
""
""
""
""
tt10574558
""
""
""
tt14022350
tt21230088
""
""
tt4159076
""
tt1211956
tt0091635
""
""
""
""
""
tt2235779
tt14631276
tt0314498
""
""
""
""
""
tt1032815
""
""
""
tt1839337
""
tt3540362
""
""
""
""
""
tt0258470
""
""
tt7186588
""
tt20420628
""
tt1910272
tt1754589
tt37728699
tt0360486
tt0265662
""
tt1210819
""
tt0390022
tt2302755
tt1764440
""
""
tt6437190
""
tt1130884
""
""
tt13593736
""
""
""
tt1412367
""
""
""
tt11384478
""
tt0898266
tt0955352
tt0203259
""
tt1170358
""
tt1153059
""
tt2872732
tt5326138
tt0362544
tt13846116
""
tt0295427
""
tt5803438
""
""
""
tt0306685
""
tt2372678
""
""
""
""
""
""
""
tt1085492
tt0267913
tt3900614
tt2183404
""
tt0453451
""
""
""
""
tt1174038
tt0327115
tt7986222
tt1509653
tt1175491
""
""
""
""
""
tt1961530
tt1525890
tt1217613
""
tt0151137
""
tt0119099
tt12679084
tt4154756
tt6549848
tt6841122
""
""
""
tt0483726
tt34997192
""
""
""
tt1872181
tt13655972
""
""
""
tt20601374
tt9359468
tt7661880
tt0122718
tt0162076
tt0486655
tt7671064
""
""
tt1028699
""
tt0859635
""
tt32637236
tt28235998
""
tt0321018
""
tt1803425
""
""
tt3839822
tt0250468
tt8722888
tt3602680
tt12505468
tt11809046
tt0174330
""
tt3410834
tt0283900
tt0138749
tt30036946
tt0455824
tt0118300
tt2239822
""
tt3439834
tt17543896
""
""
""
""
""
tt6028620
""
""
""
""
tt1844624
""
tt3103432
tt4629032
""
tt15463622
""
tt0280460
""
tt0315686
tt0200550
tt29302803
""
tt28625660
""
""
tt8066940
tt0089756
""
tt1399664
""
tt28435386
tt1067583
tt1112782
""
tt3347086
""
""
tt0363713
tt1225834
tt0213203
""
""
tt0286057
""
""
""
tt0354284
""
""
tt0446747
tt1133985
""
""
tt0313737
""
""
tt0149460
""
tt0179098
tt0204098
""
""
""
""
tt0197182
""
tt10149804
tt3107288
""
tt10984586
tt1248922
""
""
tt18974000
tt1606595
tt1714209
""
""
tt1615445
tt0972534
tt1124308
""
""
""
tt0163924
tt1047868
""
tt0892318
tt6848602
tt11382792
tt6966758
tt1046173
""
""
""
""
""
tt15374748
""
tt2752772
tt15392100
""
""
tt1594302
tt28093408
""
""
""
""
tt33522142
""
tt4525788
tt0758742
""
""
tt1690953
""
""
""
""
""
tt0450907
""
""
""
""
tt0296621
""
""
tt0259711
tt6288694
tt15613288
""
tt1763316
tt0296574
tt21288456
tt0289879
""
tt27368181
tt8702270
""
tt5719232
""
""
""
tt0376541
""
""
tt0410764
""
tt0287978
""
""
tt20600980
tt4731136
tt0471957
""
""
tt8686528
""
""
tt0200550
tt1527644
tt1345836
""
tt1489889
""
""
tt0226935
""
tt1848462
tt1206086
tt1169173
tt13735882
""
tt0216731
tt0467197
""
""
tt1722458
""
""
tt4060544
tt11046300
""
""
tt0112431
tt3683600
tt0301199
tt1353870
tt2891174
""
""
""
""
""
""
""
""
tt1190865
tt0830515
""
""
tt4877122
""
tt1981115
""
tt0113326
""
""
tt0410978
tt3838034
tt0089013
tt1400526
""
""
""
""
""
""
""
tt0252028
tt27534307
tt0473343
""
""
""
""
""
tt4778940
tt1921064
""
tt0108162
tt0280590
""
""
""
""
""
""
tt17374778
tt0150662
""
""
""
tt1371111
""
""
tt4877122
""
""
tt17720142
tt0125022
tt6718170
tt1849024
""
""
tt1815862
""
""
""
""
""
""
""
tt8235236
""
""
tt0325005
tt36847382
tt17374778
tt0960144
""
""
""
tt0772200
tt7880572
""
tt4154756
""
""
tt0219653
""
""
tt3405236
""
tt7975712
""
tt0418599
tt5827228
""
""
""
tt0105830
""
""
tt15245240
""
""
tt1590000
tt2096672
tt3622592
tt4514660
""
""
""
tt2802850
""
""
""
tt34379051
""
""
""
""
""
""
tt0804484
tt1688682
tt0884317
""
""
tt1324999
tt32437203
tt0411477
""
tt0462538
tt8714904
""
tt8746778
tt1244754
tt0083248
tt2707408
""
""
tt2871832
""
""
""
""
""
tt15398776
tt0222812
tt1244754
""
""
""
tt16418896
tt0379889
tt2905838
""
tt0483746
""
""
""
""
tt0466460
tt4364202
tt0339419
tt6510950
tt0939634
tt0287839
tt3521306
""
""
""
""
tt0245803
""
""
tt22177174
""
""
""
""
""
""
""
tt0864761
tt0290966
""
""
""
tt7068946
""
tt31614130
""
""
""
""
tt0111054
""
tt5013056
""
""
""
""
""
""
tt1946502
""
""
tt4574334
""
tt1915600
""
tt6656238
tt0397101
""
""
tt0368479
""
tt0473001
""
""
""
tt2883512
""
""
tt32395062
tt4589218
tt27611340
tt0147800
""
""
""
""
tt1533783
""
""
""
""
tt28452264
tt36861174
tt1343092
tt1227586
""
""
""
tt0270933
tt0345950
tt0482527
""
tt0120703
""
tt0473705
""
""
""
tt19868314
tt0490181
""
tt4046784
""
tt0460594
tt7678620
""
tt0461336
""
""
""
""
tt8425062
tt1692227
""
""
""
tt15660430
""
""
""
tt0370986
""
tt0206275
tt0098963
""
tt1543920
""
tt14960496
""
""
tt0287880
""
tt0960749
tt38588785
""
""
""
""
""
""
tt27896464
tt0915458
tt0890870
""
""
""
tt1483485
""
tt4034354
""
tt1397514
""
""
""
tt0280641
""
""
tt13953390
tt0206275
tt14688458
""
tt1378274
""
tt12624584
tt4154796
tt34124649
""
tt0186092
""
tt0290095
tt8907992
""
""
""
""
""
""
""
tt8745676
tt0386588
tt11057302
""
tt35671606
""
""
tt0361693
""
""
tt2741602
""
tt3560084
tt4279116
""
""
tt2103254
""
""
tt0386588
tt0281364
tt3013588
tt13016388
tt0882977
""
tt0388601
""
""
""
tt10763820
tt15561558
""
""
""
""
""
tt1543920
""
tt1308728
""
tt0296707
tt0103405
""
""
tt3502248
""
tt2093107
tt31930629
tt6616260
tt0120815
""
""
""
""
tt3040964
""
""
""
""
tt3495000
""
""
""
tt0424095
tt7278824
""
tt0098911
""
""
tt0228333
""
tt0849411
tt10466872
tt0251497
""
tt1439629
tt0463292
tt1252416
tt0386140
""
""
""
""
""
""
""
tt1937390
""
""
""
""
""
""
tt17720328
""
tt0969653
""
tt4272866
""
""
tt8215704
""
""
""
""
""
""
tt1798632
tt0466909
""
""
tt2404463
tt1319690
tt0421715
""
tt1470023
""
tt1343397
tt0329930
tt1401101
""
""
""
""
""
tt0162838
tt0424738
""
""
""
tt15340790
""
tt1849718
tt4832640
""
""
tt18375800
tt3371366
""
""
""
tt1935907
tt32852165
tt13786800
""
""
""
""
""
""
tt0389699
tt0335345
tt0276751
tt6356228
""
""
""
tt0367913
""
tt14063816
""
tt0329774
""
""
""
tt2104583
tt4820370
""
""
""
""
""
""
""
tt0090493
""
""
tt5673932
""
""
""
""
""
""
tt6111130
""
""
tt4126476
""
""
""
""
tt20854120
""
""
""
""
""
tt12286434
tt21194504
""
tt0342258
tt0262990
""
tt0281190
""
tt17526714
""
""
""
tt9766332
tt0871864
tt13293720
""
""
""
""
""
tt0985694
tt13357520
""
""
tt1495793
""
""
""
tt1710993
tt4284216
""
""
""
""
tt5941398
""
tt0477507
""
tt2229319
tt0138749
""
tt2828996
""
tt4878326
tt27989067
tt0433386
tt0361862
""
""
""
tt0142242
""
tt0926056
tt13865736
""
""
""
tt3395608
tt2126235
""
""
""
""
tt1475582
""
""
""
tt10064562
""
""
tt8790086
tt2149175
""
tt0330788
tt1343091
tt0478970
tt9184994
""
tt0185133
tt16310462
tt0303714
""
""
""
""
""
tt0268397
""
tt0860906
""
tt4017600
""
""
tt3397754
""
tt1985019
""
tt9218128
""
tt0270288
""
tt28499664
tt2133367
""
""
""
tt0372673
""
""
""
""
tt21623500
""
""
""
""
""
tt0809533
""
""
tt1632701
""
""
tt0293003
""
""
tt0281364
tt22888958
""
tt0493430
""
""
tt4272866
tt15135104
""
""
""
""
tt17043230
tt1472584
""
""
tt4354880
""
tt5779228
tt2657258
""
tt0278238
tt0418773
""
""
tt0314693
""
""
""
""
""
""
""
""
tt2382396
""
""
""
""
""
""
tt0898890
tt38066831
""
""
tt1739249
tt5168192
""
""
tt0817538
tt18250200
""
""
tt14391086
""
tt5501104
tt2439946
tt13223398
""
tt11198220
""
""
""
tt9456258
tt7357800
tt0273689
tt1160996
tt0216651
tt0896527
""
""
""
""
""
""
tt4136774
""
tt27930683
tt0399201
""
""
""
tt0160188
tt0373648
tt1145157
tt0285280
tt2070791
tt1022603
""
tt32741305
""
""
""
""
""
""
""
""
tt0318233
""
tt33711703
tt1379162
""
tt0395251
""
tt29607088
tt0065323
""
tt0315000
""
tt27917275
""
""
""
""
tt1074638
tt0126029
""
""
""
""
""
tt4623812
tt2190838
""
""
tt2214947
""
""
tt4971144
""
tt1391620
tt0366005
tt0330175
""
tt0450340
""
""
tt0990407
tt0178132
""
tt4341220
tt0206512
""
tt0316732
tt0091117
""
""
""
tt4834232
""
tt4481340
tt0382810
""
""
tt3605418
tt1845307
""
tt33058713
""
""
tt1408101
""
tt8412904
""
""
""
tt13320662
""
""
tt0106519
tt0450405
tt0465602
""
tt0443948
""
tt0170452
tt0285624
""
tt0905169
tt0815178
""
tt0120812
""
tt0795438
tt1119165
tt15139830
""
""
tt27930683
""
""
tt0222012
""
tt0311429
tt4975856
""
""
tt32749021
""
""
tt0447930
""
tt4535650
tt0307596
""
tt2063781
""
""
""
tt5820770
""
tt0287717
tt0257076
""
""
""
""
""
tt0395061
""
""
tt5851030
""
tt4881806
tt24485052
tt14058484
tt3234630
tt0271277
tt3298030
""
""
tt0406375
""
""
tt2741602
""
tt2046090
tt0411008
tt16027074
""
""
tt2443340
tt11170862
tt1073241
tt2378083
tt32141081
""
""
""
tt1686821
""
tt32621812
tt0830900
""
""
""
""
""
""
""
""
""
""
""
""
""
tt3564472
""
tt0369195
tt0845975
""
tt1210524
""
tt1231277
""
""
tt13288658
""
""
""
tt13315324
tt0301414
""
tt0322589
""
tt23132004
""
""
tt27419466
""
tt9174852
""
tt2741602
""
""
""
""
""
""
""
tt10834220
""
""
tt0257106
""
tt1268987
""
tt8805486
tt1270798
""
""
""
tt0815244
tt1014759
""
tt12280510
""
""
""
""
tt0929632
""
""
""
tt11210390
tt33392677
""
""
""
""
""
""
tt2259908
tt4131818
""
tt4273562
tt5638642
tt0893238
tt13105530
tt2106476
tt30398411
tt0301592
""
""
tt0478824
tt3315342
tt1765510
tt9055008
tt39050666
tt34383140
""
""
""
""
tt26933824
""
tt1951218
""
""
tt1560220
tt1884378
tt2901548
tt0987897
""
""
tt4872292
""
""
""
""
tt8033682
""
tt26862142
""
""
""
""
""
""
""
""
""
""
tt5442430
tt1333125
""
""
tt0378103
tt4003440
""
""
""
""
""
tt13159924
tt0118763
""
tt0807745
""
""
""
""
""
""
tt3741700
""
""
tt0226924
tt19868710
""
tt0481499
tt0252771
""
""
tt29271622
""
tt10441822
tt7026488
tt1630029
tt0292515
""
""
tt0879843
tt0098370
""
""
""
""
""
""
tt1502712
""
""
tt1326157
tt1477076
""
""
""
""
""
""
tt1055369
""
""
tt1135487
""
""
""
""
tt0379786
tt1441940
""
tt15119676
""
tt8108134
tt27787158
""
""
""
""
""
tt22687790
tt0381111
""
tt0902272
""
""
""
tt10228618
""
""
""
""
tt2609758
""
""
""
""
""
tt1654523
tt14420762
""
""
""
""
""
""
""
tt16744504
""
""
""
""
""
tt0483980
""
tt0810951
""
""
""
""
""
""
tt0403702
""
tt3341718
tt0164538
""
""
tt0327850
""
tt0399899
""
tt10307440
tt0494252
tt0247091
""
""
""
""
""
""
""
""
""
tt3529798
""
tt1334102
tt3107650
""
""
tt0985694
""
tt2741926
tt5466186
""
""
""
""
tt9737326
tt5834262
""
tt14155432
""
""
tt14911594
tt4136774
""
tt0283283
tt0118435
tt12689628
tt0175058
tt2712154
""
""
""
""
""
tt37930535
""
""
tt3498820
tt2347505
tt3501196
""
""
""
""
""
""
""
""
""
tt14812792
""
""
""
tt20969586
""
""
tt1018785
tt14115938
tt0334660
""
""
tt15516546
""
""
tt0334754
tt37899694
tt0240710
""
""
""
tt4019666
tt0477803
""
""
""
""
tt4857264
""
tt0918558
""
""
""
""
""
""
tt1869514
""
tt0312271
""
""
""
""
""
""
""
""
""
""
tt4154796
""
""
""
""
""
""
tt32344671
tt0306685
""
""
tt7830480
""
""
""
tt1386703
tt1701990
""
""
""
""
tt5760556
tt0138749
""
""
tt22890438
""
tt8214628
""
tt2103264
""
""
tt0334672
tt14123284
""
""
""
""
tt0498617
tt0936501
tt5239558
tt0466342
""
""
""
""
""
""
""
tt0493093
""
tt39246753
""
tt14592026
tt2639502
tt4771896
tt10295772
""
tt0090102
""
""
""
""
""
""
""
""
tt22817794
""
""
tt2250828
""
tt1131746
tt38991496
""
""
""
tt3956562
""
""
""
tt0328538
""
tt2241982
""
tt11700260
tt6277462
tt1879016
tt0844457
""
""
tt11006992
""
""
""
tt1699748
tt5761544
""
tt0376544
""
tt1149608
tt1220111
""
tt13027478
""
tt1442437
""
tt0199753
tt6021284
""
""
""
""
""
""
""
""
tt13280628
""
tt2140479
""
tt2905838
tt2802850
tt1959563
tt15477242
tt0044298
tt35683307
""
tt37726931
""
""
tt15720172
tt27714581
tt4886752
""
""
""
""
tt3896198
""
tt33077007
""
tt0448994
tt0168166
""
tt1930308
""
""
tt5360952
tt27614214
tt1134664
""
""
""
tt2243086
tt0314353
""
tt28664721
""
""
""
""
""
""
""
""
tt0335179
tt3845746
""
""
""
tt14417718
tt14693018
""
tt1160368
""
""
tt1305562
tt1152398
""
tt9094442
""
""
tt1736633
tt11306366
tt0117669
tt0240727
tt0473719
tt6304046
""
""
""
""
tt0348155
""
""
tt8789580
""
tt1336608
""
tt1045670
""
""
""
tt0410975
""
tt1105356
""
""
""
""
tt14702720
""
""
""
tt0091211
tt0339491
""
""
""
tt0489099
tt2660888
""
tt1333015
""
tt5640450
""
tt0207204
""
tt0391229
""
tt5875444
""
tt10928086
""
""
""
tt2137109
""
tt0167260
tt5226216
""
tt1369845
""
tt4034228
tt1617661
""
""
tt6673612
""
tt12979628
tt10083340
tt1196946
""
tt1311659
""
tt0228750
""
""
""
tt7235466
""
""
tt4477976
tt1211837
tt36326646
""
""
tt0191133
""
tt0350018
""
""
tt2934274
""
tt9860954
tt1349645
""
tt32020189
tt0448160
tt15576504
""
tt14251232
""
""
""
""
""
""
""
tt0327162
""
""
tt0443159
""
tt14063302
""
""
tt28106730
""
""
""
tt9071322
""
""
tt7255502
""
""
""
tt2891574
tt6359956
""
""
""
""
tt0326856
""
tt2377081
""
""
tt33094899
""
""
tt1045658
tt0406375
tt0210382
""
""
""
tt3896198
tt0964517
tt2530936
""
""
tt5628302
""
""
""
tt28352291
tt15386750
tt0377808
tt4269716
""
""
tt22852634
tt2267968
tt27828085
""
tt0276276
tt21308824
""
""
""
tt0266465
tt1381404
tt0455944
""
tt2461182
""
""
""
tt12496966
""
""
""
""
""
""
""
""
tt0395753
""
""
""
""
tt3750872
tt0235923
""
""
""
tt0808174
tt6857112
tt0183882
""
tt1956017
""
tt2872718
tt4991384
""
""
tt10314450
""
""
tt1745739
""
tt10427010
""
tt0763840
""
""
tt0185431
""
""
tt0320028
tt3277624
""
tt6450804
""
tt14490618
tt10525658
tt0271263
""
""
""
tt0314121
tt1340107
""
tt26694669
""
tt28258748
""
tt1211956
tt15005814
""
""
""
""
""
tt6475714
tt7634702
tt9381622
""
tt0958774
""
""
""
tt0441764
tt6644920
tt0161860
tt0335563
""
tt0432283
""
""
tt30151004
tt8058874
tt0982939
tt0250023
""
tt0118671
tt1105712
""
tt2771200
""
""
tt1519661
tt0387514
tt2398249
""
tt1754708
""
""
tt2741626
tt29293568
tt0092334
tt3864056
tt0457510
""
tt1592873
tt21635686
tt5363618
tt0408306
tt1125809
""
tt5328350
tt14833972
""
""
""
""
""
""
""
""
""
tt0859163
""
tt6208148
tt0348121
""
""
tt0436992
""
tt27139786
tt9214772
tt21651560
tt6902332
""
""
tt0424924
""
tt3781836
""
tt0239195
""
""
tt0859592
""
tt9642938
tt1268797
tt1375547
""
""
""
""
tt0412637
""
""
""
tt0385752
tt8264610
tt5932038
""
""
tt0329347
""
""
tt7972012
tt0338022
tt26340363
""
""
""
tt11466222
tt1758595
tt1077050
tt0879870
""
tt4067578
""
tt3375350
""
tt32642655
tt30343021
""
tt0813715
""
""
tt20871018
tt2183034
tt9399192
""
""
""
tt0441733
""
tt4106306
""
""
""
""
""
tt0058796
""
""
tt0113749
""
""
""
""
tt0388193
""
""
tt0375912
""
""
tt0449010
""
tt6306064
tt0365675
tt1876277
""
""
""
tt1629757
""
""
tt4411596
tt1533748
tt2374893
""
tt0462346
""
""
tt3766394
tt0493430
tt36650009
tt2275990
tt0948186
""
""
""
tt0314412
tt1860213
tt0996648
""
""
""
tt0376119
""
""
tt0427470
tt1509130
tt0912933
""
tt0340472
tt5433138
""
tt0342689
tt4696268
tt0311113
""
tt4016454
tt28628944
""
""
""
""
tt35526133
tt0804461
""
tt0488997
""
tt1586265
tt1639081
tt3970854
""
tt0491738
tt1034032
""
tt0338598
""
""
tt6884318
""
tt0796368
tt2048865
""
tt0466345
""
""
tt0213134
tt33030582
""
tt1055369
tt14834556
tt0381816
tt0352514
""
tt14949622
tt0490086
tt0339906
tt0335119
""
tt0373587
tt19527144
tt6732202
""
tt36987005
""
""
""
""
""
""
tt10308538
tt17076046
tt19720256
""
""
""
""
""
""
""
tt0441074
""
tt0468573
""
""
tt27714581
tt9174578
""
""
""
""
tt20356608
""
tt1981128
tt0338598
tt8772296
tt0363327
tt2078446
""
tt1294226
""
tt6272384
tt0446750
tt34950871
""
""
""
""
tt1312240
""
tt1152282
tt0478498
""
tt0330061
""
""
""
tt0826760
""
tt2557490
""
""
tt1487275
""
tt0249478
tt3097756
""
""
tt1637725
""
""
""
""
""
tt6413094
tt4524092
tt14864828
tt1772250
tt3450650
""
""
tt15135104
tt2378830
tt3118452
tt33086385
""
tt1586680
""
""
tt0456784
""
tt0288937
""
tt0494249
tt1405501
tt0805401
""
""
""
tt3793086
""
tt0089866
tt0339091
tt7094374
""
""
tt1049412
""
""
tt8806524
""
""
tt3322312
""
""
""
""
""
""
tt0365407
""
""
tt4633694
""
tt9336816
tt10394844
""
""
""
""
""
""
tt3890160
tt2302150
tt0387719
""
""
""
""
tt0450385
tt0186151
""
""
""
tt0366082
""
""
""
tt0178132
tt2126355
tt0240462
""
""
tt0780521
""
""
""
tt1825683
tt0884227
tt0770736
""
tt4571996
tt21107776
tt1159996
""
tt0478970
""
""
tt1062644
""
tt14624330
tt25965828
tt0089265
tt0884732
tt6334354
tt1571234
""
tt11016472
""
""
tt5700672
tt1093908
""
""
""
""
""
""
tt11663228
""
tt2229372
""
tt0331632
""
""
tt0452226
tt22035670
""
""
tt32206618
tt10724860
""
tt1396212
""
tt0320053
tt1686821
tt2083355
tt0758752
""
""
""
""
""
tt11286314
tt7440726
""
""
""
tt15299422
""
""
tt0425314
tt0370382
""
tt14035948
""
tt0109254
tt0929860
tt22530116
tt0804484
""
tt0240462
""
tt0190703
""
tt0460609
""
tt0113858
tt0325165
tt2800226
""
""
tt2261227
""
tt2122313
tt38876276
""
""
""
tt33511249
""
tt0910970
""
""
""
""
tt0492486
tt2650986
tt30145363
tt29195082
""
tt35075686
""
""
tt1972779
""
tt2091935
""
tt2382271
""
tt1267314
tt24950660
""
tt1720616
""
tt0446233
""
""
""
""
""
""
""
""
""
tt0437954
tt31923834
""
""
""
""
tt0279331
""
tt6443346
tt1196948
tt0493464
tt4538950
""
tt15122660
""
tt0934814
""
""
""
tt1141278
""
tt0284837
tt4756228
""
tt0412080
tt0310435
tt2704998
tt1587807
tt0484562
""
""
""
""
""
""
""
tt4154796
""
""
""
tt2082462
tt5804178
tt2946050
""
""
""
tt5892632
""
tt0880578
tt9664732
""
""
""
tt2493486
""
tt7122382
tt0494206
tt3487356
""
tt1321805
tt0090550
""
""
tt0273854
tt31409464
tt0193364
tt1016278
tt27353927
tt0483536
""
""
""
""
tt0290334
""
tt15173976
tt28656545
""
""
tt0918529
""
""
tt15445908
tt0379786
tt0182607
tt23049270
tt0312609
tt0140753
""
""
tt0944980
tt6350558
tt1616014
""
tt15167180
""
tt0995868
tt14182646
""
""
""
""
tt4131818
""
""
""
tt27493572
tt22505292
""
tt25012260
tt0376543
""
tt5774060
""
tt1320093
tt15722470
tt0819791
""
""
tt0366996
""
""
""
""
tt10752542
""
""
""
tt5537002
tt3612616
tt28256432
tt5866170
""
""
""
tt0091853
tt0363282
tt27074078
""
""
tt0301199
""
tt17677860
""
""
tt2676344
tt7686876
tt7737224
tt14168162
tt0435689
""
tt0436684
tt0258679
tt0101598
""
""
""
""
""
""
""
tt14319588
tt1843866
tt23901106
""
tt0358840
tt7931804
""
tt1226240
tt0408985
""
""
tt8560994
tt5171438
tt0387844
""
""
tt0398712
tt1467995
tt1909015
""
tt0340468
tt0406429
""
""
""
tt21351416
""
tt0309593
""
""
tt0361467
""
""
""
tt0411061
tt0177858
tt4736550
""
""
""
""
tt0269792
""
""
""
""
""
""
""
tt1844624
tt9071808
""
""
""
tt1670389
""
tt13437728
""
""
tt0479948
tt0354981
tt1714205
""
""
""
""
tt0297174
""
""
""
tt0416658
""
tt0363282
""
""
tt8760932
tt6966692
tt0850253
tt33306672
tt0486583
tt0274309
tt0420347
""
tt29536025
""
""
tt5362988
""
""
tt10039344
""
""
""
""
tt8381550
tt0806901
tt1518203
""
""
""
""
""
tt1229413
""
tt27865962
""
""
""
""
tt2002766
tt0197094
tt0476526
tt1772261
tt1670996
tt10374934
""
""
tt34753915
tt1248290
tt1921064
""
tt9042288
""
""
tt37538744
""
""
tt1248290
""
""
tt0431527
""
""
tt7546996
""
""
tt3144632
""
tt0455824
tt0395991
tt0890870
""
""
""
tt7156530
""
""
""
tt28109743
""
""
""
""
""
tt4961016
""
tt0430357
""
tt0473360
""
tt0360717
""
""
tt35807501
""
tt1756427
""
tt1320401
tt0429649
""
""
tt8912884
""
""
""
tt0352859
tt15321162
""
""
tt17320674
""
tt1401625
tt1733785
tt0338337
tt1638002
""
tt3230454
""
""
tt0091949
tt6794990
""
""
""
""
""
tt2251281
""
""
tt24325442
tt27146069
""
""
""
""
""
tt8667956
""
""
tt27476208
tt0796264
""
""
""
""
tt1441952
tt0313737
tt5994826
""
tt0443402
tt1989475
""
""
""
tt2639336
""
""
""
""
tt2292948
tt0356070
""
""
tt0482857
tt0420221
tt1159712
tt2070791
tt7569592
tt0295297
""
""
tt0407423
""
""
""
""
""
""
""
""
tt0495020
""
""
tt5542802
tt4443658
tt0462215
""
tt1825683
""
""
tt28595419
""
tt0383222
""
""
""
""
tt0944835
""
""
tt7389192
""
""
tt0359013
""
tt3416532
tt24640580
tt0112015
""
""
tt0397313
""
tt16749918
""
tt5908394
""
""
""
""
""
""
""
""
tt13802620
tt1521049
tt0290535
tt8784956
tt7375466
""
""
""
tt4048942
tt0100486
""
""
tt1441096
tt37680923
""
tt8983230
""
""
""
tt35436553
tt11359146
tt0217205
""
tt1093908
tt10758146
""
tt0384793
""
tt12225230
tt3480886
""
tt1524553
""
tt14834542
tt5090568
tt24822574
""
""
tt1237932
tt1345459
""
""
tt21859654
tt3024964
tt8205060
tt6800294
tt12598606
""
""
""
tt15410948
""
tt0264464
""
""
tt35519014
tt11229766
tt15062756
tt0242527
""
""
""
tt1466568
tt1213855
""
""
tt1431045
tt3717252
""
""
""
tt9603208
tt10047464
""
""
""
""
tt5747326
""
""
""
""
""
tt2226342
tt3614530
""
""
""
tt3405236
tt2179121
tt18358278
tt0225535
""
""
""
""
tt3841424
tt26596953
""
tt0369441
tt0450274
""
tt26369225
""
tt2106292
""
tt4831420
tt0156887
tt32306451
""
""
""
tt1124373
""
tt0775552
tt0345950
tt30918821
tt0432291
tt18453866
""
tt0481417
""
tt21411564
""
""
tt10587942
tt2820852
tt14770944
""
tt2632424
""
tt0865554
""
tt3956322
tt0283503
tt0460792
tt0096697
""
""
tt1233443
""
""
tt0353049
""
tt35667712
""
tt8706988
""
tt22003942
""
tt1120571
tt0260866
tt0425430
tt1059943
""
tt27664301
tt0271668
tt14044212
""
""
""
""
""
tt13463394
tt29247040
tt20426646
""
tt13639732
""
""
""
""
tt1086772
tt0836700
""
""
""
""
""
""
tt0424345
tt0123366
""
""
tt32356994
tt2406776
""
""
""
""
""
""
""
tt0339840
tt15477082
tt4044510
""
tt1023481
""
""
""
""
""
""
""
tt4154796
""
tt0811011
""
tt3322314
""
tt34798877
""
""
tt13429362
""
""
tt1595859
""
""
""
""
""
tt1361835
tt1683051
""
""
tt1708135
""
""
tt0362230
""
tt13980362
tt1954618
""
tt0839933
""
tt1872181
""
tt0409611
""
tt2872518
tt0313043
tt7661390
tt1843973
tt0463399
""
tt2891450
""
tt2140395
tt0800039
tt0446064
tt14759574
""
tt1441953
tt1345836
tt4080956
""
""
""
""
tt0391198
""
tt31521857
""
""
""
tt0495596
tt32799537
tt0452046
tt36776565
""
""
""
""
""
tt10990782
""
""
""
""
""
""
""
tt5050904
tt2359024
""
""
""
""
tt2713180
tt13774830
""
tt6340304
""
tt5752366
""
tt22015810
tt1726592
tt0811106
tt3141498
""
tt0414750
""
""
tt0361309
""
tt1293089
""
tt0807943
""
""
""
tt0468526
tt1500703
tt0963794
tt1158757
""
tt7037712
tt16985752
tt2381989
tt2078549
""
tt21877344
tt9116558
tt0418279
""
tt10540276
tt11687002
tt1111948
tt7571992
""
""
tt1291064
""
""
""
tt28661984
""
""
""
tt0448694
tt4815698
""
tt1024778
tt25041150
""
tt0784972
""
""
""
tt27047448
tt0291523
""
tt2039345
""
tt6041362
""
tt14016500
tt5475558
tt2741602
""
""
tt37455125
""
tt0381392
""
tt0827947
""
tt0428106
tt1859650
tt8405882
""
tt0809517
tt1095174
""
""
""
""
""
tt0446010
""
tt1640711
""
tt30805504
tt1298825
""
""
""
tt6128300
""
tt1352824
tt4425152
""
tt3717490
tt0243693
tt36196951
""
tt1429449
tt9410034
""
tt0478394
""
tt0347618
""
tt4733624
""
tt10362566
""
""
tt27869288
tt0401878
""
tt0299658
tt0974661
tt2329077
""
tt10838180
""
""
tt27655957
tt0159876
""
tt36152643
""
tt11883888
""
tt0115086
""
tt1601186
""
tt0464049
""
tt1526318
""
""
tt5092380
""
""
""
tt1727776
""
""
""
""
""
""
""
""
tt10791152
""
""
""
""
""
tt1849718
""
tt2366127
""
""
""
tt5363912
""
""
tt0115580
tt3995862
""
tt36455197
tt0120863
""
tt0807720
""
""
""
tt3231454
""
tt38947163
""
""
tt0363547
tt0346369
""
""
""
tt9766332
tt1395054
""
""
""
""
""
""
tt1565810
""
""
tt2360751
""
""
tt1975909
tt0124040
tt0348945
tt2194499
""
tt0206501
""
""
tt10295212
""
""
tt1360832
tt0452630
tt0156841
""
tt0126660
tt1558182
tt18184190
""
tt1675884
""
tt0156100
tt1117563
tt32857806
tt0206420
""
""
""
""
""
""
tt1592556
tt2723176
""
tt0387749
tt0253798
""
""
""
""
""
""
""
tt1700257
""
""
tt8819906
""
tt2084868
tt14138650
""
""
""
""
""
""
""
tt0182607
tt1731697
""
""
tt3263904
tt11268786
""
tt0881112
tt36640776
""
tt0453453
tt5360196
""
tt1935174
""
""
""
""
tt1161064
""
""
tt15809292
tt0383574
tt3458830
""
""
tt9143084
tt0808491
tt0114148
""
""
tt7679334
tt0381940
""
tt35746294
tt1196948
""
""
""
""
""
tt1772377
""
""
tt6143796
""
tt1075417
tt0275913
""
""
""
""
""
tt2109248
""
""
""
""
""
tt0410253
tt7747758
""
tt3498820
tt1638364
""
tt15839792
tt13539646
""
tt5463152
tt29268110
""
tt9419056
""
tt0208988
tt0462538
tt2119183
tt1981128
tt1294688
""
tt0472954
tt4131818
""
""
""
tt2327425
tt4272866
""
""
tt2709768
tt1213012
""
tt0884765
tt0117975
""
tt0216799
tt0277371
""
tt0370986
""
tt1213641
""
""
tt1179891
""
tt0472954
""
""
tt0460822
""
""
tt0101307
tt0018615
tt16419894
""
tt1327773
tt2805096
""
tt32506214
""
""
tt29257041
""
tt2216668
tt1515205
""
""
tt1764072
""
tt3685522
tt0344329
""
tt4474344
""
tt1869495
""
""
tt1934407
""
""
tt1272012
tt0399095
tt0460649
""
""
""
tt1361318
""
""
tt0337887
tt1429449
""
tt6107548
""
""
tt3335048
tt7343380
""
""
tt0326359
tt8399288
""
""
""
tt10795658
""
tt0963194
""
tt0833574
""
tt1951287
""
""
tt0309530
""
tt16058622
""
tt0468569
""
tt35641979
""
tt0398017
""
""
""
""
tt4833364
""
""
""
""
tt0409847
tt3322314
tt0476965
tt39345424
""
""
""
""
""
""
tt0120484
tt6020800
""
tt2935510
""
tt0104670
""
tt0899126
tt0417096
tt10273738
""
tt1022932
tt5095030
""
tt6528290
tt0858424
""
tt0494184
""
tt0356910
tt0312004
""
tt0780514
tt1548997
""
""
""
tt0320691
""
tt7768192
""
tt20561198
tt30025590
""
""
tt3243474
""
tt1937390
""
tt14687418
tt1019690
tt0175385
tt2386668
tt0476327
tt0398839
""
""
tt2402207
tt5814592
tt8793992
""
""
""
""
""
""
""
""
""
tt29233201
""
""
tt1082018
tt12485446
""
""
""
""
tt31868189
tt0476676
""
tt16023832
""
tt0365737
tt2534648
""
""
tt8596744
tt0350927
tt2486736
""
""
""
tt2726560
tt34177929
""
tt2170282
tt0162065
""
tt0269281
tt21190556
tt3612126
tt0350060
""
""
tt0462367
""
""
""
""
tt0101735
tt0780600
tt0418625
""
tt9288748
tt4265422
""
tt6337920
tt2459022
""
tt30446847
""
""
""
tt0473692
""
""
""
tt1587431
tt2193021
""
tt0156196
tt0338512
""
tt1382397
""
""
tt0357553
""
""
""
tt38120634
""
tt10385088
""
tt0451079
""
""
""
""
""
tt1288750
""
tt0062595
""
tt1778210
tt1286130
""
""
""
""
""
""
tt0404978
""
""
""
""
tt27830205
""
""
tt0439806
tt1682940
tt19396786
""
""
""
tt15613822
tt0227972
tt0452625
tt0494318
""
""
""
""
""
""
""
""
tt1322385
""
tt1753673
""
""
tt0817306
tt8415836
""
tt26744806
tt15474916
tt1592873
tt0940585
tt3521164
tt0496294
""
tt1479398
tt2905838
tt8305958
tt0439085
""
""
""
""
""
""
tt36160273
""
""
tt0796366
""
tt1781769
tt10733228
""
tt0457655
tt0124349
tt1877889
tt9064158
""
tt1925421
tt0903624
""
""
tt0351461
tt1140792
tt2192570
""
tt1213663
tt0462516
tt1571234
""
tt2184335
tt0424867
tt0356808
""
""
""
""
""
""
tt2843552
""
tt3487356
tt3177800
tt4914592
tt16380334
tt0480083
""
""
tt5180504
""
tt1353056
""
""
tt0405031
""
""
""
""
""
tt1835955
tt0119081
tt2631186
""
""
""
""
tt1245768
""
tt3113836
""
""
""
tt1213404
tt2323912
""
""
tt13562418
tt0192514
""
""
""
""
""
tt0499400
""
""
""
tt29549471
tt19046136
tt1181606
tt14376190
""
tt35555755
""
""
tt2738786
tt13334578
""
""
""
""
tt21820452
tt1469243
tt26626755
""
tt1458796
tt0458339
tt0363771
tt11815682
tt9464038
""
""
tt1201475
""
""
tt0119521
""
tt0424627
tt0450278
tt0443584
""
tt0358273
""
""
tt1190080
tt9000302
tt1956620
tt0451192
""
""
tt2101341
""
tt3399024
""
tt1752983
tt1298650
tt3031638
""
""
tt22297290
""
tt2386490
tt1667353
tt20215670
""
""
tt11818188
tt6461824
tt4221708
""
tt2965412
""
tt4015566
""
tt2764784
tt26940252
""
""
""
""
""
tt5460658
""
""
""
""
""
tt0099616
""
tt9248538
""
""
""
tt14266628
""
tt38574437
tt4061352
""
tt29273899
""
""
tt0835046
""
""
tt0369738
tt0149261
tt38504430
""
tt0245526
tt8368408
tt3501632
tt27880877
""
""
tt17526298
""
""
""
tt1419318
""
""
""
""
""
tt0432348
""
""
tt12769156
""
tt0115632
""
""
tt1729226
tt31598822
""
""
tt18226208
""
tt3593432
tt0458339
""
""
""
""
tt0455944
tt4549142
tt0421463
""
tt1622547
tt29516222
""
tt0108757
""
""
tt3758542
""
""
tt2906216
tt0770521
tt0814331
""
tt6047374
tt1343302
""
tt1608290
tt8365002
tt0835457
""
tt14219486
tt0309377
tt0463536
tt1502712
""
tt23728508
""
""
tt0787474
tt0393297
tt0116353
""
""
""
tt2758770
tt1646967
""
""
tt2283362
""
tt13593018
tt0338797
tt0423713
tt14138576
tt0963794
""
""
tt2245084
""
tt2130051
tt1076950
tt0405052
tt0478970
""
""
""
tt20258156
""
""
""
""
""
""
""
""
tt2283336
tt1852006
tt0488044
tt1456060
""
tt3532216
tt0353049
tt0338526
tt2326517
""
""
""
""
tt6614914
tt10839422
""
tt2216240
""
tt0824521
""
tt9848434
tt1933249
""
tt15017986
""
tt10838180
""
tt4280606
""
tt9537292
""
""
tt0314166
""
tt0832348
""
""
tt1195935
""
tt17345716
tt1315883
tt0094148
""
""
""
tt0829459
tt1772341
""
tt35503338
""
""
""
tt32792360
tt38811734
tt1712064
tt0308383
tt0318649
tt3729144
""
tt0343737
tt6284564
""
""
""
""
tt1077070
""
""
""
""
""
""
""
tt1302011
tt0108778
tt14739092
tt18699118
""
""
""
tt1116184
tt0354318
tt28105086
tt0787985
""
""
tt10062292
tt17002676
""
tt0335559
tt1316554
tt7524444
""
""
""
tt36842898
""
""
""
""
""
""
""
""
""
tt3554046
""
tt0417299
tt0133363
tt7375466
tt0897361
tt11168604
""
""
tt0410097
""
tt14599306
""
tt0279111
tt1351355
""
""
""
tt0273719
tt14598754
""
tt0445948
tt0452660
""
tt0357474
tt0826760
tt0849411
tt2647126
""
tt0302886
""
""
tt1764651
""
tt19356262
""
tt0479143
""
tt0430105
tt1200263
tt13751694
""
""
tt1285244
tt1870479
tt0404645
tt0952640
""
tt0219400
""
""
""
tt27600236
tt4881806
""
""
""
""
""
tt3778644
tt0112442
""
tt3631112
tt4632440
tt33501680
""
tt0997147
""
""
tt2049512
""
""
tt9603212
tt1051988
tt2183404
""
""
tt4574334
tt21927594
tt6505498
""
""
""
""
""
tt0098439
tt0109093
""
""
""
""
""
tt11374902
tt0348936
tt0318462
""
tt1105273
""
tt30236073
tt1496422
""
""
""
""
tt2044787
""
tt1365050
""
tt9446688
tt0142242
tt14439896
""
""
""
tt0356652
""
tt8594012
tt12861850
tt1345836
tt3677412
tt17345840
""
""
tt3315342
tt32215215
tt35485955
tt3623726
""
tt0199118
tt0118401
""
""
""
tt3904944
""
tt1060277
""
tt6705612
""
""
""
tt0419125
tt0285395
""
""
tt7053188
""
""
""
""
tt1521186
""
tt0398165
""
tt3649804
""
""
""
""
tt0386751
tt3546678
tt0246370
tt0364774
tt7421570
""
tt0387714
""
tt0273366
tt0338418
""
tt4917058
tt0464148
tt0817230
tt8829830
""
""
""
""
""
""
""
tt1877832
""
tt1637688
tt0082948
""
tt0326450
""
""
tt6475714
""
tt0906108
""
""
tt0356055
""
""
tt2250912
tt0401287
tt1065073
tt0465602
""
tt8752440
""
tt1136608
""
tt19868004
tt31807282
tt6421366
""
tt0235911
tt8737124
tt38631793
""
""
""
""
tt2944198
""
tt2804026
""
tt5572232
""
tt26862490
tt0381067
tt0449545
tt0397442
tt9389998
""
""
""
""
tt1657510
tt1095427
""
tt0429068
tt0431619
""
tt1958961
tt2980592
tt37165250
""
""
""
tt28524529
tt10379028
tt10981064
""
tt0410454
""
tt19267756
tt32460380
tt0930873
tt5566684
""
tt0368975
tt32636450
""
tt0206634
""
tt1212450
""
""
tt1127896
tt0200379
tt1079962
""
""
""
tt30609401
""
""
""
""
tt4081630
""
tt0874267
tt12072662
""
tt0446244
tt11272288
tt8213522
tt9114286
tt10698680
""
""
tt2122656
""
""
tt1874555
tt1477076
tt10313196
tt1404830
tt1492886
tt0405325
tt3195644
""
tt0250485
tt2414892
""
tt6668854
tt0480964
""
tt18072406
""
""
tt11388406
tt18080142
tt0292036
tt33130820
tt2446130
tt0475784
tt10230502
""
""
tt3689780
""
""
tt6258460
tt10987766
tt5074352
tt2977110
""
""
tt0094524
""
""
tt0995832
""
""
tt34582296
""
tt10940328
tt3658364
tt0759475
""
""
tt13833688
tt31924214
tt38938232
tt6137542
tt5684214
""
""
tt0414993
""
tt6461736
tt14810200
tt0416236
tt33343844
""
tt0337563
""
""
tt0427392
""
tt6045466
""
tt11027850
""
""
""
tt5757546
""
""
""
tt1429449
tt8146760
""
tt0493464
""
""
tt0368709
""
tt0291341
""
tt3727982
tt39059979
""
""
""
""
tt1841486
""
tt1784589
tt19864802
""
tt3501584
""
""
tt2726560
""
""
""
""
""
""
""
tt11152168
tt22752410
""
""
""
""
""
""
""
tt1567432
""
""
""
tt1403981
tt0471031
""
tt0357277
tt30983791
tt34906340
tt0290334
tt5971474
tt14592948
tt0364782
tt0178683
""
tt0246692
""
""
""
""
""
tt1197326
tt12593682
tt1440232
tt0470767
""
""
tt0119217
""
""
tt0120399
""
tt37779784
tt1801073
tt0292506
tt0412142
""
tt4084744
""
tt0338726
tt0119217
tt0286716
""
""
""
tt2299882
""
tt7769346
tt1278340
""
""
""
tt0337551
tt0443559
tt13967478
tt7310982
tt9110170
tt0149460
""
""
tt0165598
""
tt0327717
""
tt5255048
tt12847168
tt1332134
tt3547682
""
""
""
tt2280066
tt6277462
""
tt1189259
""
tt1533817
tt4823638
tt1861225
""
tt4974778
tt8310486
""
""
tt0307803
""
tt10360808
""
tt2233238
""
tt5926494
""
""
tt1335986
tt30023796
tt15571732
""
""
tt1349451
tt1934469
""
tt9744774
tt14677314
tt36596605
tt1967685
""
""
tt0494222
""
""
""
""
""
""
tt1470018
""
tt3116140
tt2106857
tt24222232
tt1615919
""
tt3410834
""
tt1362058
""
""
""
""
tt0983946
tt1819513
tt0358884
tt0118164
""
""
""
""
""
tt0892782
""
""
tt1320253
""
tt2070862
""
""
tt3721964
""
""
tt13245502
tt18481508
""
tt0421729
""
tt5950044
tt0367302
""
""
tt1217631
tt22506746
""
tt1064899
""
""
tt2261277
tt32116809
""
tt0239195
""
""
""
tt7790894
""
""
""
""
tt0329859
""
tt3029556
""
tt2088974
""
tt1161443
tt12268472
tt2609758
""
""
tt3595776
tt33093531
""
""
""
""
""
tt1592876
tt5620962
""
tt0461770
tt1583421
""
""
tt14153686
tt0942891
""
tt2380303
tt30955131
""
""
""
""
""
""
""
""
""
tt15096728
tt6772950
""
""
tt27756923
tt6032964
tt37056461
""
""
""
""
tt1496040
""
tt0203259
""
""
""
""
""
""
tt1270835
tt0848228
tt9779516
tt1489428
""
tt0406816
tt7395114
""
tt0430357
tt4439620
tt18766166
tt0233119
""
""
""
tt0430304
tt0487016
""
tt28231777
""
tt5339506
""
""
""
""
""
tt2301351
tt1573072
tt3749900
tt0368864
tt1951266
tt0377309
""
""
""
tt1503783
tt2139881
tt32141377
tt5457772
tt8049994
""
""
""
tt0424774
tt0339034
tt2756214
""
tt0259324
""
tt0804497
""
""
""
tt13654226
""
tt1462041
tt0290334
""
tt4067744
tt6412478
tt2191563
tt3774114
""
""
""
""
tt10323676
""
tt2381989
""
tt21200858
tt36075037
""
tt0360734
tt0472196
tt32897864
tt0861747
""
tt13967478
tt0355473
""
tt0281811
""
tt6153094
tt2806870
tt2345759
tt1810683
""
tt0211813
""
tt0363705
""
""
""
tt0481536
tt3794354
tt0241383
tt1620680
tt0451151
tt1697925
""
tt14095452
tt18341970
""
tt0463034
""
tt0427918
tt0318281
tt1324055
tt1431996
tt1133985
""
tt1566947
""
tt9376612
""
tt30145465
tt1068242
""
tt18346624
tt0105087
tt3864060
tt6213758
tt2626350
""
""
""
""
""
""
""
tt1959563
""
""
""
tt1587431
""
""
tt9893062
tt0382580
""
tt3794354
tt1528071
""
""
tt0364845
tt34761368
""
""
tt27754279
""
""
tt0458522
""
tt9873892
tt0069658
tt14961048
tt0360908
tt0360995
""
tt0335559
tt2321596
""
""
tt1540432
tt1216485
tt19246824
tt8907974
""
tt2291540
""
""
tt2057931
tt0431308
tt0765010
tt0449088
tt21265024
""
tt2490652
""
tt1645155
tt0250138
""
""
""
tt11671006
tt13206476
tt0372796
""
""
tt12252664
tt0286499
""
tt1148743
tt8489384
""
tt2298746
tt0381466
tt7018644
tt26450742
tt4843012
""
tt0118956
""
tt37787392
""
""
""
""
tt13603966
""
tt2066051
""
""
tt1928307
tt19846896
tt8396136
""
""
tt0356232
""
tt0483789
tt28919914
tt15114854
""
""
tt3823234
tt1950186
""
tt1151922
tt2178665
tt30790372
tt0235596
tt11486994
tt1075746
""
""
""
tt1954366
tt1527186
tt14773940
tt1489428
""
""
tt4738360
tt11541872
""
""
tt6385166
tt1298721
""
tt15583246
""
tt0848228
""
tt1704348
tt0172014
""
""
tt4494948
tt0279065
""
""
""
tt12466572
""
tt0480687
tt22001304
""
tt5886586
""
""
""
tt0460649
""
tt6761414
""
tt0115286
tt0107004
tt0158552
""
tt15329224
tt1660055
tt21207972
""
tt0416401
tt0108539
""
""
""
""
""
""
""
tt15254212
""
""
""
""
""
tt2372222
tt0318649
tt8800384
""
tt28298798
""
""
""
""
tt0361403
""
""
""
""
tt1798684
""
tt1706462
""
""
""
tt2109248
""
tt14104436
""
""
""
""
""
""
tt2172085
""
""
""
""
tt1990181
tt37678142
""
""
tt2375443
""
tt0111223
tt0963966
""
""
""
tt8405810
tt6491178
tt19381268
tt0795461
tt4044396
""
tt2854964
""
""
""
tt16377802
tt4719744
""
tt0335645
tt1585368
tt0151738
tt0346631
tt17220528
""
""
tt2167202
tt27608027
""
tt7463654
""
""
tt1409024
""
""
""
""
tt0478197
""
""
tt0364784
""
""
tt1390544
""
""
""
tt0814056
""
""
tt6462958
tt1163573
""
tt3124992
tt23762464
""
tt0260760
""
tt0319524
tt0363041
""
tt1300040
""
""
""
tt2872750
""
tt2121253
tt5774450
tt14230388
tt32263148
""
tt0427327
""
""
""
""
tt2882076
""
""
""
""
""
tt3587846
tt1134854
""
""
tt0930022
tt0963966
tt13196080
tt4805316
""
tt14269590
""
""
""
tt1980947
""
tt0362376
tt3597060
tt1020543
""
tt2906216
""
tt1322315
""
tt0458480
tt0257076
""
""
tt0296036
tt1564585
tt0838275
""
""
tt23837464
tt1565810
tt3569230
tt0380510
""
tt0093058
tt20222160
tt32019314
""
tt5774002
""
tt30192600
tt9804514
""
""
""
""
""
""
tt2870708
""
""
tt2870708
tt35125933
tt2870708
""
tt0996930
tt0437182
tt1561755
tt3402138
""
""
""
""
tt11783766
tt1825681
tt8336340
""
""
""
tt21381644
""
tt12422810
tt12215878
""
tt0385880
tt35616690
""
tt11934846
""
""
tt27861198
""
tt1605776
""
""
""
tt34819091
""
tt0891527
tt4620316
""
""
""
""
tt3113836
""
""
tt0138959
tt0253474
""
""
""
tt4930890
tt1315981
""
tt8498108
tt0262902
""
""
""
""
""
""
tt0979432
""
tt0242998
tt0322330
tt21055484
""
tt27390563
tt15446374
""
""
""
""
tt0380814
""
""
""
tt2197909
""
tt0380013
""
tt1691917
tt2137886
""
tt0467167
tt9165438
tt0374639
""
""
""
""
tt0480249
""
tt0283383
tt1842793
""
""
tt3549206
""
""
""
""
""
""
""
""
""
tt1291150
tt7837562
tt5742306
""
""
tt5680744
""
tt1733727
tt2943024
""
""
""
tt1280012
tt0936501
tt9251798
tt0428251
""
""
tt32644414
""
""
""
""
""
""
""
tt28663766
tt0414853
tt1018501
tt7540620
""
tt0234215
""
tt2715356
tt6549238
tt1316556
tt0410626
tt0286716
tt0094574
tt1649419
tt0343314
""
tt0981224
""
tt21406596
""
""
""
tt30253036
tt0364086
""
tt13622776
""
""
""
tt1250777
""
tt0220580
""
tt27834269
""
tt8980394
tt1364155
tt4998350
tt0374013
tt4143934
tt23752726
tt11773426
tt12869276
tt0402679
tt8115166
tt1340834
tt0780622
tt1428558
""
""
tt1568802
tt1185416
tt0480687
tt4912910
""
tt7547226
""
""
tt0462418
""
""
tt0387199
""
""
""
""
tt1212419
""
""
""
""
""
""
""
""
tt4927984
""
""
tt8526564
""
tt1405406
""
""
tt1082808
tt0440963
tt0914382
""
""
""
""
tt0306841
""
""
tt0436331
tt1038988
tt1550312
""
""
""
""
""
""
tt0396818
""
""
tt1856010
""
""
""
tt0255432
tt22489564
""
tt35325379
""
""
tt0358273
tt12930350
""
""
""
""
tt1118697
""
""
""
tt0251576
tt0353489
""
""
""
""
tt27579933
""
""
tt14852960
tt0412536
tt1060277
""
tt1408258
tt0418808
""
tt34548722
""
""
""
tt4229228
tt3462838
tt0112056
""
tt32277352
""
""
tt36491853
""
""
""
tt38939205
""
""
tt0480026
tt2575988
""
tt1176441
""
tt0460690
""
tt0918541
""
tt5866930
""
""
tt0814255
""
""
""
tt0231971
""
tt0362446
tt3122586
""
tt1865640
tt0324038
""
""
""
""
""
""
""
tt0149568
""
""
""
""
tt20855442
tt1650844
""
tt1274295
tt3431720
tt13024906
""
""
""
""
""
tt0385880
tt38633988
tt0273366
""
tt20779716
tt1745691
""
""
tt4800878
""
""
""
""
""
""
tt0211938
tt6741278
""
""
""
tt0332452
tt0428390
tt1377521
tt0408403
""
""
tt9347730
tt3659388
tt6830318
""
""
""
""
""
tt7137038
tt34751281
tt1405462
""
tt0366435
""
tt1758795
""
""
""
tt3230668
""
""
tt0906775
tt21075476
""
tt0359950
""
""
""
tt4149092
""
tt0093525
""
tt0301199
tt1485796
""
tt0837106
tt0974077
tt0406528
tt1240982
""
""
tt0375462
""
""
""
tt35826715
""
""
""
tt1733785
""
""
""
tt2531344
tt0431270
""
tt1859001
tt23317782
""
""
""
""
tt39676313
""
tt0110908
tt1604115
""
""
""
""
tt10298454
""
""
""
""
tt2252208
tt11198330
""
tt0857275
tt1352421
""
""
""
tt0254325
""
tt14230122
""
""
tt5095030
tt0366551
""
""
""
""
""
tt0362771
""
tt0314067
""
""
""
""
""
tt8070894
tt6450804
tt3495000
""
tt10709178
tt0466518
tt2993508
tt13389120
tt0362359
""
""
tt8594324
tt0290223
""
tt30988739
tt1042497
""
tt6047298
""
tt0773262
""
tt1195478
tt1037705
""
""
""
tt0473389
""
tt1758795
tt0419858
""
tt10332272
""
""
""
tt0096801
""
""
""
""
""
""
tt36457971
""
""
""
tt29942585
tt10962368
""
tt0411008
tt2081179
tt1351223
tt2180168
""
""
""
tt21104172
tt10738442
""
""
""
""
""
""
""
tt16969060
tt2544472
tt2713778
tt2263210
tt1083456
tt0837143
tt1798709
tt0352557
tt0408318
tt2243393
tt2741602
""
tt16277242
tt0926129
""
tt36160316
tt27165187
""
tt0143353
tt0353012
""
""
""
tt24224300
""
""
""
""
""
tt1798684
""
""
""
tt1376153
""
""
""
tt0412142
tt8517780
tt28608338
tt25135046
""
""
""
""
""
tt1169801
""
""
""
""
tt0407304
""
tt0367424
""
tt1442437
tt26249812
tt2332772
tt27501216
""
""
tt2171037
tt2451110
tt33397257
""
tt0768248
""
tt1982167
""
""
tt0970193
""
""
tt0415856
""
""
""
""
""
tt1033575
tt5278462
tt22043508
""
tt0215240
""
""
""
""
""
tt7892026
""
tt13487922
""
""
""
""
""
tt6105116
tt0330082
tt25434258
""
tt1145449
tt0323551
tt15485210
""
tt0821640
tt9731288
""
tt6656238
""
tt0361411
""
tt0981227
""
""
""
tt4565380
""
tt1746088
tt7718416
""
tt1239378
""
tt3480822
""
""
tt17595262
tt35064818
tt0193763
tt1802197
tt1024744
tt1441953
tt1444257
""
""
tt0365957
""
tt7752658
""
""
tt12861974
""
""
tt0460651
""
""
tt6048596
""
""
tt35992948
""
""
""
""
""
""
""
""
""
""
tt1467241
""
""
""
tt0339525
""
""
""
tt3213652
""
""
""
tt0131613
""
tt2820852
""
""
""
""
tt0466660
""
tt1298825
tt14999684
tt2379713
tt7607988
""
tt0120855
tt14483774
""
""
""
""
tt27799825
tt0408286
tt21254234
""
tt1520211
""
tt38354194
tt3593370
""
tt4006488
tt1091743
tt5072128
tt9165512
""
""
""
""
tt5112584
""
tt29082214
""
tt15784964
tt0139774
""
tt0273300
tt1111397
""
tt0323248
tt1865357
tt3501632
""
tt0104952
tt8597594
tt4059702
""
tt0365748
""
tt1578873
""
""
""
""
tt2759752
tt1649418
""
""
tt29964523
""
tt7226940
""
""
tt3766354
""
""
""
""
""
tt3713588
""
""
""
tt0845046
""
tt0350051
tt0499385
tt5607096
""
""
""
tt0138749
tt0452573
tt0088512
""
""
tt2584514
""
""
tt0361748
""
tt0331135
tt1686821
tt0403537
""
""
""
tt2073070
""
tt1636780
""
""
""
tt0490075
""
""
""
tt2406566
""
""
""
""
tt0396575
tt0064144
""
tt0486655
tt13320622
tt0468458
tt3152098
""
""
tt4328934
""
""
tt1650522
tt25011136
""
""
tt19433282
""
""
tt0380623
tt1431130
tt1159230
""
""
""
tt2632424
tt0402022
""
tt1515091
""
tt6263850
tt29082214
""
""
tt29276789
tt37998475
tt6418778
""
""
tt5294550
""
""
tt0365830
""
tt2071645
""
tt0468569
""
tt1715362
""
tt0427954
""
""
tt10851466
tt4695548
tt0401321
tt0989757
""
""
tt9777666
""
tt0097076
tt1027137
tt26925644
tt0960144
""
""
""
""
""
""
""
""
tt8721424
tt0406375
tt1302006
tt5811154
tt1323594
""
tt0948467
""
""
tt1188982
tt2004420
tt14850054
""
tt0402991
tt0153283
""
tt1342120
""
tt11827628
tt1438176
""
""
""
tt0264472
tt21409292
tt1924435
""
tt3467412
""
tt34954035
tt10558986
""
""
tt1322312
""
""
tt1856053
""
""
tt3679040
tt0124232
tt0367444
tt2310003
tt15718740
tt14415204
""
""
""
tt14899624
tt5907796
tt1130087
""
""
""
""
tt1901340
tt0318462
tt0092325
""
tt7063126
tt0937347
""
tt3641092
tt27504023
""
""
""
tt3957358
tt1197567
tt1754857
tt3289728
tt16249232
""
""
tt1100119
""
tt1223456
""
""
tt8110330
tt21477002
""
tt0367479
tt0833444
""
""
tt10725994
""
""
tt1532503
tt11639508
tt5754602
tt8619822
tt26597447
tt0162650
tt1104806
tt26756998
tt12682218
tt1528251
tt1494762
""
""
tt32465616
""
""
""
tt23736318
tt0246460
""
""
tt11987390
tt0122718
""
""
""
tt4765284
tt13452446
""
tt1045655
""
tt1910583
""
tt0944835
""
""
tt2927080
""
tt1583421
tt23561322
tt5651032
""
tt3819222
tt31433814
""
""
""
tt0473308
tt0485920
tt27262019
""
""
""
tt0449059
""
tt9855094
tt33046411
tt3725458
tt1651943
""
tt14840656
tt30837263
tt3277624
tt1194238
""
tt3614972
tt3692768
tt0338327
""
""
tt0370487
tt0960136
tt1713476
tt1161457
""
""
tt22015810
tt7235466
""
tt1320182
tt0299854
""
tt0244926
tt7235466
tt38205949
""
""
tt1493886
tt14298328
tt0074750
""
tt2986768
tt2090488
tt0309905
""
""
""
tt0437043
tt0805612
tt1038034
tt0371008
tt0790736
""
tt0370367
tt3332064
tt0181984
tt0277828
tt23576878
tt21802550
tt5768350
""
""
""
tt0191397
""
tt0371514
tt0449015
""
""
tt1979388
tt1489889
tt1563697
""
tt9315054
tt5519340
""
tt38745501
tt0167640
""
""
""
""
tt12861850
""
""
tt0103420
tt1416801
""
""
tt7002460
""
""
""
""
""
tt6398184
tt2825202
tt16437242
""
""
""
""
tt1682180
tt1640066
""
""
tt1179056
""
tt4643084
tt8336340
tt2442560
tt2591814
""
tt1335975
""
tt23219388
tt6265050
tt2877990
tt0258862
tt0473308
""
""
""
""
""
tt0317676
""
tt1782394
tt0455967
tt2392696
tt2201532
tt22075780
""
""
tt0367345
""
tt0317740
""
""
""
""
tt2044013
tt6156584
""
""
""
tt4129428
tt0488059
""
""
""
tt8083458
tt14077516
""
tt5598292
""
tt0872275
""
tt3093546
tt38384460
""
tt1069278
""
""
tt0977642
tt0083744
tt2080374
tt0370777
tt13231962
tt3302956
""
""
tt0365125
""
""
tt7515456
tt9062988
tt0762114
tt10488710
""
tt1480925
tt2016820
tt0427257
tt0180748
tt0437236
""
""
tt0094481
tt4703048
""
""
""
""
""
""
tt28501949
tt1666722
tt0114682
""
tt0363771
""
""
tt0386180
tt1082601
tt3395608
""
""
tt2461132
""
""
""
""
""
""
tt1587678
tt0496424
""
tt0255195
""
""
""
tt0470163
tt8228288
""
tt0833574
tt12261776
""
tt1276419
tt29354040
""
tt3729604
tt1858774
""
tt0960140
tt10975494
""
""
tt1043813
""
tt3186130
""
""
""
""
""
""
""
tt29551685
""
""
""
tt0252866
tt0252866
tt6423776
tt11454722
tt3311176
tt3830162
tt1582465
tt0167261
tt0167260
""
tt2197786
tt21983546
tt2034800
""
tt0236493
tt19064648
""
tt1434443
tt4454166
""
""
tt1318514
""
""
tt0340084
""
""
tt0317919
""
""
""
""
tt0318233
tt0770521
""
""
""
""
""
tt13320622
tt0321021
""
""
tt0402850
""
""
""
tt5157290
""
""
tt0149460
tt14484994
""
""
tt6285944
""
tt0116365
tt1293847
""
tt0108186
tt1871731
tt28510079
""
tt0266543
""
""
tt0372375
tt8368032
""
tt1490600
""
tt6684652
tt30257765
tt0397078
tt2229907
tt4003440
tt2309405
""
tt0389790
""
""
""
""
tt3381008
tt1928340
tt1164089
tt0402910
tt24069260
""
""
tt0273719
""
""
""
""
tt3042800
""
tt1462758
tt2345481
tt0436213
""
""
""
tt0253197
""
tt3389276
""
tt5286900
""
tt0092112
""
""
tt3922818
tt0449487
""
""
""
""
""
tt0365402
tt0323968
tt39312554
""
""
""
tt1028528
tt2261391
tt1301303
""
""
""
tt22075500
tt2136443
""
tt1250777
""
""
""
""
""
""
tt2322641
""
""
tt8667828
""
tt1409024
""
""
tt31812476
tt19783734
tt0380510
""
""
tt7679476
""
tt27555831
tt0784977
tt1232829
""
""
tt1830491
""
tt0399934
tt14028208
tt6656238
""
""
tt1856047
tt1038012
""
tt12023002
tt4463816
tt0115085
""
""
""
tt1740710
""
tt23165468
tt5555260
tt12793494
""
""
""
""
""
""
tt6437276
tt0493464
tt0935075
tt26584495
""
tt1305826
tt6363118
""
""
tt1327788
tt2482558
""
tt0318233
tt0090506
tt2295809
""
tt30012487
tt0381061
""
tt18313786
""
tt0227905
tt0312549
tt1190080
tt0364888
tt3322314
tt1629284
""
""
""
""
""
tt0490798
""
""
""
""
tt1821482
""
tt0337978
tt0373454
""
tt33095251
tt0359517
tt10834220
tt0965375
tt5371690
""
""
""
tt36524500
""
tt0806094
""
tt7737786
tt1299440
""
tt0285727
tt0426816
tt24053860
tt35669946
""
""
""
""
""
tt0395585
""
tt0403360
tt0230652
tt0285341
""
""
""
tt0372921
tt0790509
""
""
tt4998632
tt0357991
""
tt33764227
""
""
""
""
""
""
""
""
tt15040278
tt0354766
""
tt0367949
tt0822847
tt0094574
tt2191671
""
""
""
""
tt1727373
tt3905168
""
tt1460640
tt10948718
tt0426816
tt1636691
tt1856047
""
""
tt0236996
tt0343594
tt3177086
""
""
""
""
""
tt5664676
tt34425053
tt4828626
""
tt10834220
tt4200904
""
""
""
""
""
tt3170900
tt4680522
""
tt23172090
tt0415463
tt0393371
""
""
tt1527368
tt2383068
tt2641186
tt0311429
""
tt1779952
""
tt3696610
""
""
tt0310951
""
""
""
tt0327850
""
tt13885592
""
tt0454987
""
""
""
tt1832382
tt39371964
""
""
""
""
tt11396290
tt2565752
tt0255055
tt0231040
""
""
""
tt0088510
tt5673782
tt1067774
""
""
tt5464344
tt27440291
""
""
""
""
""
""
tt37604550
tt9187930
""
""
""
tt2140203
""
tt11098088
tt6604188
tt0427998
tt1772341
tt0242285
""
tt1570975
tt0180093
tt10102402
""
""
tt5206012
""
""
tt3043650
tt0242285
""
""
""
tt5068348
tt14261112
""
tt0395173
""
tt5928640
""
""
tt5368262
""
""
tt3181776
tt3817188
""
""
""
""
tt0108716
""
""
tt0340427
""
tt6533240
""
""
""
""
tt0374141
tt2937696
tt11873440
""
""
tt0820094
tt0257568
tt0414387
tt0118663
tt7466442
tt22753480
tt7550000
tt33803170
""
""
tt10872600
tt0373474
tt0144120
""
""
""
tt0229260
""
""
""
tt21905244
""
""
""
""
tt0305669
""
""
tt6329716
tt32039502
""
tt1299587
""
""
tt0110123
""
""
""
""
""
""
tt0120577
tt0827782
tt3521164
tt1871731
tt0479942
tt0304141
tt5717492
tt3004006
""
""
tt33356454
""
""
tt11658120
tt1691232
""
""
""
""
""
""
""
""
""
""
tt0397892
tt14044212
tt11332500
tt30267084
tt29609225
""
tt1545106
tt7186588
tt0847520
""
""
tt0116803
tt1001520
tt0457510
""
""
""
tt21191806
tt0425379
tt0282496
""
tt0383164
""
""
""
tt15739274
tt0331621
""
tt1196339
""
""
""
""
""
""
tt0476038
""
tt4925292
""
tt2345737
""
""
""
""
tt0157472
tt1801508
""
""
tt7147976
""
""
tt3758814
""
tt10750062
""
tt1302011
tt1564349
tt2070862
""
tt1216485
""
tt21839576
tt36243564
""
tt2652088
""
""
tt1664806
""
""
tt2390240
tt14539740
tt1587678
""
tt5092954
""
tt9620288
""
""
""
""
""
tt2184299
tt3236120
""
""
tt0425123
tt12597710
""
tt0287978
""
""
tt4715356
tt2184299
""
""
tt1149608
tt4695252
""
""
tt37069250
tt0455805
""
""
""
tt2234222
tt2345737
tt23638614
""
tt11612120
""
""
""
tt2272367
""
""
""
tt30321133
""
tt6170204
""
tt0285341
""
""
tt1673434
""
""
""
""
""
""
""
""
""
""
""
tt14544394
""
tt0120701
tt13044128
""
""
tt2215701
tt4016454
tt25442276
tt11286314
""
""
""
""
tt27710375
""
tt4920274
""
""
""
tt21043190
tt34714098
tt0810397
""
""
""
tt0393024
""
tt1826956
tt26218516
""
""
tt5631122
tt37531423
""
tt5291668
""
""
""
""
""
tt0375284
""
""
""
""
tt21908844
tt31019582
tt14479956
tt0312081
""
tt0337656
tt3160174
tt4144890
tt0365929
""
""
tt36052818
""
""
""
""
tt0787424
tt0313043
tt9911196
tt0364751
""
""
""
tt10461442
""
tt0480249
tt0342167
""
tt2911666
""
tt1046173
""
""
""
""
""
""
tt7112704
""
""
""
tt6802308
""
""
tt32849384
tt0467557
tt21803308
tt4634422
""
tt12049548
""
tt3908004
""
tt0375461
tt1686039
tt0415151
tt31937623
tt34124094
""
""
tt0248654
""
""
""
""
tt5543746
tt1959490
""
tt9371666
""
""
tt1843866
""
tt0465580
""
""
tt0401815
""
""
""
""
""
""
tt11126994
""
tt12856524
tt8718158
""
""
""
tt1187044
tt0360295
""
""
""
""
""
""
""
tt0374248
tt1486192
tt7294150
tt0380510
""
tt1710627
tt0457655
""
""
tt33029674
""
tt1812523
""
tt0462504
""
""
tt30874330
""
tt0266543
""
""
""
tt0263725
""
""
""
""
""
""
""
tt0462338
tt3140100
tt0381999
""
tt2425136
tt10937180
""
tt2516304
tt32373427
tt8258502
""
tt7945044
""
""
""
""
tt1401669
""
tt0396912
tt27843079
""
tt3638488
tt0458067
""
""
""
""
tt1714209
""
""
tt11777738
tt36073210
""
tt1482104
""
""
""
tt0476048
""
""
""
tt0104857
tt10462296
""
tt0459549
""
""
tt12915716
tt3478962
""
""
tt34678593
""
""
""
""
""
""
""
""
tt0494864
tt1911549
tt6134528
""
""
tt0379889
tt3638488
tt0253556
""
""
tt0360259
tt1262416
""
""
tt23832404
""
tt4864632
tt0210971
tt0251497
tt0457297
""
tt13622776
""
""
""
tt0228714
tt4287348
""
""
tt0356970
""
""
""
""
""
tt1552116
""
""
""
tt13598080
""
tt0317248
tt0102517
tt9826628
""
tt1058017
tt3645418
tt0450278
""
tt28101754
tt0477065
""
tt1355642
""
""
""
tt0335345
tt0460621
""
""
tt1390539
""
tt24242702
tt32397713
tt36168728
tt2305051
tt2726560
""
tt0397065
""
""
tt1941511
""
""
tt36502815
""
""
""
tt1483759
""
tt1759744
tt10855234
""
tt6182908
""
""
""
""
tt5664676
""
""
""
""
""
tt0312179
""
tt27128868
tt0758031
tt10834220
tt0406542
tt4999672
""
""
tt1300853
""
""
tt10298870
tt0355295
tt0328107
""
tt1871274
tt0465234
tt7613398
""
""
tt0211816
""
tt27997713
tt0359054
""
""
""
""
tt1382464
""
""
""
""
tt0382847
""
tt4722130
""
tt1918965
""
""
""
tt2310332
tt9495238
""
""
tt0174840
""
tt1454673
""
tt1348318
""
""
tt23622054
tt0363771
""
""
tt0287465
""
""
""
""
tt2101442
""
""
tt1369633
""
""
tt1201607
""
tt0433817
tt4174526
tt0084237
tt4378376
tt2051858
""
""
""
""
""
tt0362165
tt12392720
tt0787985
""
tt0363815
""
""
tt0910970
tt5727208
tt0372832
tt0437405
tt4285960
tt1675884
tt0432727
""
""
""
tt1872181
""
tt0101088
tt4846340
""
tt0962736
""
""
""
""
""
tt0935075
tt0306685
tt1855325
tt0813910
tt0808096
""
""
""
tt1014806
tt0396555
tt0165982
tt1238302
""
""
tt14413360
""
""
""
""
tt1865718
""
""
tt4503890
tt0286112
""
""
""
tt3500508
""
tt6723592
""
tt0451079
""
tt0832266
""
tt1516528
tt8751004
tt0175142
tt0480034
""
tt1465563
""
tt1572781
tt0854679
tt6133466
""
tt0418279
""
""
""
""
""
""
""
tt6014904
tt0380965
tt0371405
""
tt0757993
tt0441074
""
""
""
""
tt0377134
tt4270492
""
tt5708072
tt1126618
tt0349205
""
tt9719864
tt0149460
tt0149460
tt0387199
tt0118798
""
""
tt6345894
""
tt29476238
tt2556308
""
tt0428415
tt6422666
tt2967308
""
""
tt1656171
tt0451136
tt0760169
tt0116126
tt34730247
tt0339230
tt0824359
tt1077248
tt2488496
""
tt4117094
""
""
tt0945352
""
""
""
tt1883121
tt0115147
tt15096836
""
tt0271802
""
""
""
tt2336091
tt3070936
tt30489972
""
""
tt26451138
tt0175142
""
tt1825683
tt0337677
""
""
""
""
""
""
""
tt6912356
""
tt0486655
tt21901234
tt5862866
""
""
tt4048168
""
""
tt32960895
""
""
tt2064628
""
""
""
""
""
""
""
tt0486118
""
""
""
""
""
tt1136617
tt1229946
tt5363918
""
tt3216586
""
""
tt2527336
""
tt19853518
""
""
tt7316472
""
""
""
tt11561116
""
""
""
""
tt0799947
""
tt0472560
""
""
tt0415193
""
tt0123366
tt32221196
tt8125212
""
tt0285333
""
tt2872570
""
tt5722190
tt0418279
tt0366551
tt0465430
""
tt1201167
""
tt0132245
""
tt1234506
tt25604598
tt3874544
tt10834220
tt1231587
tt0496191
""
tt0388362
""
tt0379159
tt1586680
""
""
tt0458481
""
""
tt2144942
""
tt2937696
""
tt0296587
""
""
""
tt0453521
""
""
tt0770828
tt5519340
tt0379184
""
""
""
""
tt0379354
""
tt10648342
""
tt0263440
""
""
tt2983222
tt2983222
tt7909970
tt0133189
tt0305178
""
tt0491183
""
""
tt0415306
""
tt0114148
""
""
""
tt1302142
""
tt0476508
tt7005944
tt4849438
""
tt0805663
tt0470176
tt3107288
""
""
""
""
""
""
""
tt25434850
tt0418689
tt0399295
""
tt0319524
""
tt1502422
tt1156395
tt4061620
tt0108894
tt1636691
""
""
tt2316317
tt0413516
tt21393208
tt1935896
tt9376612
tt0342004
tt0101135
tt0338188
""
""
""
""
""
""
tt1436562
tt0257516
""
""
""
tt0460649
tt5973364
""
""
tt21188080
""
tt1411238
tt0387877
tt5181830
tt0838283
""
""
""
tt0413573
""
tt0473101
""
""
""
tt2101569
tt37537475
""
""
tt30851997
""
""
""
""
tt6025022
""
tt1139628
""
tt35629480
""
tt28802657
""
""
""
tt0249327
tt0117774
tt6108090
tt0114308
tt0131179
tt1636614
""
tt6679794
""
""
""
""
""
""
""
""
tt3334390
""
""
""
tt19298994
""
tt0220261
tt4191054
""
""
tt1222329
""
""
""
tt1720616
tt0375063
""
""
tt1381020
tt8749198
tt0804438
tt1034090
""
tt0432727
tt6148376
tt2406596
""
""
tt1853728
""
tt2948372
tt0366025
tt5981944
tt32940141
""
tt28768837
tt0387199
""
tt2175587
""
tt1219024
tt0368975
""
""
""
tt0434409
""
tt4232610
tt0920458
tt35891263
""
""
""
tt0827751
""
tt0440981
tt3276518
""
""
""
tt4655480
tt0306368
""
""
tt0364845
""
""
""
tt15313618
tt2123128
""
tt0923811
""
""
tt0826760
tt0278504
""
tt0831387
""
tt32792395
tt2718492
""
tt33085520
""
tt0489282
""
tt0364774
""
""
""
""
tt0453484
tt2741602
tt0109287
tt2381111
tt28142095
""
""
tt0353451
tt0384805
tt2243275
""
""
tt26542220
tt26474670
tt0452608
""
""
""
tt16026032
tt0190332
""
""
""
tt10230502
tt0215750
""
""
""
""
""
""
""
tt0343633
""
""
tt1586680
""
""
""
tt2113681
tt32308617
tt3279024
""
tt1046173
""
""
""
tt3112654
""
""
""
tt0499092
tt0790628
tt5994086
tt0827727
""
tt36352329
tt9472282
tt15096728
""
tt7210806
tt12580982
""
""
tt7003818
tt0380498
""
""
""
""
""
""
""
""
""
tt0303635
tt31616834
""
tt6667488
""
tt0455275
""
""
""
tt28527967
""
""
""
""
""
tt12171044
""
""
tt1694423
""
tt9116358
tt0380358
tt0187696
""
""
""
tt4499242
""
tt2261391
""
""
""
tt35624295
""
""
""
tt2294449
""
tt10758146
tt1266124
tt0441074
""
tt0285823
""
""
""
""
""
tt4998212
tt6020494
""
""
""
tt3139942
tt6199944
""
""
""
""
""
""
""
""
""
""
""
""
tt2390994
tt7572032
tt4541216
tt5057130
""
tt0913381
""
""
tt0477823
tt34371053
""
tt26612351
tt12858434
""
tt0374826
""
""
tt1751263
""
tt3977806
tt0343737
tt0087538
""
""
""
tt5956100
tt0385002
""
""
tt0282687
tt31065630
""
tt14871116
""
""
""
""
""
""
tt0884294
""
""
""
tt15526756
""
""
""
tt6272384
""
tt1172962
tt0435705
""
""
""
tt5722190
tt9203694
tt4532826
tt0083392
""
tt0282687
""
""
""
tt9472282
tt0199184
tt0448459
""
tt3830162
tt5269594
tt1305826
""
""
""
tt0381464
tt0434672
""
tt9603208
""
tt26689440
tt6966044
""
tt3032968
tt15399970
tt5078956
""
""
""
tt0338751
tt1138645
tt0381001
tt2388755
""
tt2334880
""
""
tt8433792
tt1727388
""
tt29818174
tt0480163
""
""
""
tt0115471
tt10857160
""
""
""
""
tt16183464
tt21963650
tt7232384
""
tt10540276
""
""
""
tt1144548
tt3416536
tt3501584
""
""
""
""
tt5678266
tt0376890
""
""
""
tt2527336
""
tt0281686
""
tt1563742
tt12261776
""
tt0255632
""
""
""
tt2194748
""
""
tt1850397
""
""
""
tt3280616
""
tt1728975
""
tt0460760
tt1285016
""
tt0880578
""
tt1374893
""
tt0424338
""
tt29451321
tt27198223
""
""
tt1754944
""
""
""
""
""
tt1758575
""
tt10382912
""
""
tt3484274
""
tt4255304
""
""
tt1564369
tt5355830
""
tt1340665
tt15090858
tt2343137
""
""
""
""
tt5172272
tt3871822
""
""
""
tt5881406
tt39393404
tt0382308
tt0875034
""
""
""
""
tt1513068
""
""
""
""
tt2210744
tt5370828
""
""
""
tt0982888
tt0499448
tt10230994
tt0377713
""
tt0417148
tt0234084
""
""
tt0343172
tt3305316
""
tt2461172
""
tt2015381
tt0384568
""
tt0072562
""
""
tt1526318
tt5806558
""
""
tt1203509
""
""
""
""
""
tt3175038
""
tt1720196
tt21841300
""
""
tt0251052
""
tt1948150
tt3072482
""
tt1232204
""
tt21307058
""
""
tt0400156
tt10068932
""
tt0790706
tt0165042
""
tt1855325
""
""
tt5838588
tt8735656
""
""
tt2994190
tt5751998
""
""
""
tt1478354
tt2087720
""
tt32478046
""
tt0496211
""
tt0383574
tt2187312
tt0332047
""
""
""
""
""
""
tt3095356
tt2012011
tt0101697
""
tt1029235
tt33083561
tt9472282
""
tt0387279
""
""
""
tt24805506
""
tt1262426
""
tt34894135
""
tt1591095
tt0875705
tt9484998
tt1631867
tt1528825
tt0342735
""
""
""
tt2330749
tt0116860
""
""
""
""
""
""
""
tt0450208
""
""
""
tt0907016
""
""
""
""
""
""
""
""
tt4800588
""
""
""
""
tt0094481
""
""
""
""
""
tt22855966
tt0430935
""
tt0235911
""
""
tt33909909
tt4776564
tt0942385
tt1407049
tt1567432
""
tt0314676
tt34364191
tt0163025
""
tt5738280
tt30399705
tt2150209
""
""
""
""
""
""
""
""
""
tt0978764
tt0760437
""
tt0499375
""
tt0159876
tt0473488
""
tt0398417
""
""
""
tt1674782
""
tt4515882
""
tt3520702
tt0886539
tt5792200
""
""
""
""
""
tt5537534
tt4643432
""
""
""
tt0463398
""
""
""
""
tt4005402
tt5341740
tt1645080
""
tt0338440
""
tt0215402
tt0430357
""
""
""
tt1345836
tt0770735
""
""
tt32384495
tt0383037
""
""
tt30222125
""
tt10834220
tt1312171
tt2155025
""
""
""
tt0425406
tt0464118
tt1409565
tt6203570
""
""
""
tt1493811
""
""
""
tt10275508
tt7991608
""
""
""
""
""
""
""
tt27192161
""
""
tt10478054
tt1629242
""
""
""
tt1485814
""
""
tt30332960
tt26080756
""
tt1242531
""
tt27250378
""
tt1094229
""
""
tt0105178
""
""
""
""
tt0367279
""
tt0369610
""
""
tt0158983
""
""
tt37247226
""
""
""
tt0806875
""
""
""
""
tt0105845
tt30401049
tt3446014
""
""
""
""
tt31444990
""
tt0088580
""
""
""
tt3248902
""
tt13654332
tt1355640
""
tt32777999
""
""
tt0466893
""
""
""
""
tt1805319
""
tt2461116
tt36164102
tt5722190
tt3464902
""
""
""
""
""
tt0408377
""
""
tt1065086
""
tt0356910
tt0377749
""
""
tt9174724
""
tt3622332
tt0371257
""
""
tt5034838
""
tt1197627
""
""
tt0112173
""
""
""
""
""
""
tt10436228
""
""
tt29566942
tt36605171
""
tt31022377
""
tt6582384
""
""
""
tt0329691
""
tt9308390
tt0472302
""
""
""
tt0381086
""
""
""
tt0075744
tt0417166
""
tt10016180
""
tt2771200
tt5034194
""
""
""
""
""
""
tt0838232
tt0891322
tt0420312
""
tt1920849
tt0468491
tt10283500
""
""
""
tt1441953
tt7332710
""
""
""
""
tt0955353
""
tt15486810
""
tt11269886
tt0422621
tt15979666
tt2995858
tt0386582
tt35893176
tt14787632
tt0447503
tt32089835
tt0893390
""
""
tt1533163
""
""
tt0473356
""
tt1819654
tt4291710
""
tt15012082
tt1413495
""
tt27590427
tt1190080
""
tt0390450
""
tt28089892
tt0814236
tt5171438
tt2980210
""
""
tt0384113
""
tt0486219
tt2531344
""
tt4675926
""
""
""
tt0497079
""
""
tt0188604
""
tt1408253
tt0454864
""
tt2183330
""
tt0914387
""
""
tt27710803
""
""
tt1065073
""
""
tt0828393
""
tt8254348
tt10516196
""
tt7562112
tt33255286
tt0772223
""
tt0376720
""
""
tt0976165
tt0829297
tt18073066
""
""
""
""
""
tt1192169
""
""
""
tt29704746
tt7045034
tt13206602
tt29930756
""
""
""
""
""
""
""
""
tt1185371
tt0468565
tt1510929
""
""
""
""
""
""
""
""
""
""
""
tt0838247
""
""
""
""
tt1920849
""
""
tt1018894
tt0318913
tt6117160
""
tt0834936
tt13265452
""
tt4154756
tt1454515
tt2466684
""
""
""
""
tt1174042
tt1415357
""
""
tt1442464
""
tt9472282
tt4104022
""
tt1100089
""
""
""
""
""
""
""
tt0371282
""
tt1866919
tt7462420
""
""
""
""
""
""
""
tt27580046
""
tt28094874
tt0056758
""
""
tt26670955
tt1031969
tt32176397
""
""
""
tt1620706
""
tt0838283
tt4144190
""
tt32573118
""
tt12792500
tt29595423
tt4859164
tt0382680
""
""
tt2268016
""
""
tt37785452
tt0384721
""
""
""
""
""
""
""
""
""
""
""
tt0364782
""
""
tt1578873
""
tt0283225
tt0292812
""
tt0104321
""
""
""
tt8746478
""
tt1500910
""
tt21382296
tt1935302
""
""
""
""
""
tt3160228
""
""
""
""
""
tt3446906
""
tt0463398
""
tt0096555
""
tt0425166
""
""
""
""
tt0364008
""
""
""
""
""
tt0456029
tt1504508
""
""
tt2891574
""
tt0257076
""
tt1586680
tt0244926
tt0265208
""
""
tt5865326
tt0770521
tt14308636
tt0247081
tt0914797
tt2186101
tt0274085
tt0120855
tt7801350
tt3460454
tt0478984
""
tt2186933
tt27664301
tt15445948
""
tt2639850
""
tt14509110
""
tt0384543
""
""
""
tt26758928
tt0844653
""
""
""
tt0980970
tt7203552
tt0848228
tt10004662
tt1092021
""
""
""
""
""
""
tt1494893
tt5912150
tt0460649
tt1276104
""
""
tt0331202
tt4991652
tt0819106
tt0954636
tt1541820
tt15335282
""
tt3593274
tt21963650
""
tt0229260
""
tt0903660
""
tt10151260
tt0808055
""
tt1131746
tt9487594
tt1439566
tt27660474
""
tt1109520
tt4513678
tt7959138
""
""
tt25377286
""
tt33094897
""
""
tt1034331
""
tt0498613
""
""
tt10590066
tt10935956
tt1337092
tt18394428
""
""
""
""
tt7678984
""
""
""
""
tt14992864
""
""
tt0379033
""
""
tt1484897
tt0382221
""
tt3695104
""
""
""
""
tt5034838
""
tt1663207
tt2753048
""
""
tt6086680
""
tt8226276
""
""
tt1183665
tt4133508
""
tt5120034
tt1213663
""
tt1674771
tt13672774
tt1951181
""
""
tt0433309
""
tt0857275
""
tt0460681
""
tt1299729
tt1131729
tt5364016
tt1082868
tt0294025
tt6030228
""
""
""
""
""
tt0433309
""
tt31853282
tt2078552
tt1837576
tt1798603
tt0330793
tt13655328
tt0455275
tt29456968
tt0098904
""
tt8122738
""
""
tt36463668
""
""
tt0469263
tt2087807
""
tt5841630
tt14619456
tt13353168
tt2637276
tt0065272
""
tt0402022
""
tt1327801
""
tt0389644
tt5648882
tt1568322
""
""
""
""
""
tt1522408
tt0499493
""
tt1353056
tt9426222
""
""
tt36598060
tt0393162
tt3521134
""
""
""
""
tt2605528
""
tt1267295
""
""
""
tt0785002
""
tt10324164
tt0371495
""
tt2039338
tt0982923
""
""
tt0757073
tt2087571
tt5057054
""
""
""
tt27758042
""
""
""
""
tt1610527
tt0463850
tt8207600
tt2059171
""
""
""
""
""
tt2406566
tt0452183
tt5968394
tt1710310
""
""
""
""
""
""
tt0976192
tt36712279
""
""
tt29623480
""
""
""
""
tt13795610
tt28104766
""
tt17528670
tt2442560
tt22182170
tt0976042
tt0978776
tt0144619
tt9701012
""
""
tt0458339
""
tt10687184
""
""
""
tt0098936
""
""
""
""
""
""
tt0401792
""
tt0386140
tt0135084
""
tt1509132
tt1450321
""
""
tt17633766
""
""
""
""
tt0443489
tt0115355
""
tt6628102
""
tt0825283
tt2102380
tt5927420
tt0096895
""
tt1345836
tt0826760
""
tt1266719
""
tt1172994
tt0885981
""
tt10462326
tt2118293
tt2015474
""
tt0436058
tt13248062
""
tt3398218
""
""
""
""
""
""
tt0086199
""
tt9875006
tt18556496
tt1270835
tt1176909
""
tt33083584
""
""
""
tt14603984
""
""
""
tt0374455
tt5626028
tt1684567
tt3603012
tt0970469
tt3794354
tt1591095
tt0395843
tt8690776
tt16098700
""
tt0442632
tt0317198
""
tt10988894
""
tt0398712
tt6533240
""
tt8316568
""
tt1399045
""
""
""
tt6782014
tt2241481
tt3768572
""
tt13075418
tt0804463
tt0477347
tt38937602
tt0493464
""
tt1252380
tt0172156
tt0403217
""
tt0489099
tt0246677
""
""
tt0285963
tt2059255
tt1594562
""
tt1060234
""
""
""
""
tt9356952
""
""
""
""
""
tt3079058
tt34429053
""
""
tt0410751
""
tt36399768
tt2375379
""
tt23576312
tt8846738
""
tt0487930
""
tt2094342
""
""
""
""
""
""
""
tt8106534
tt29571423
""
tt0169462
""
""
""
""
""
""
""
""
tt0379065
""
""
""
""
""
""
""
""
""
""
tt31828346
""
tt7395114
""
""
tt0460517
tt0852713
""
tt3521164
tt0381274
""
tt0390025
""
tt0963178
""
""
tt0869994
""
""
tt14265248
tt2201532
""
tt1337057
tt1673434
""
tt0318883
tt11655202
""
tt4016454
""
""
tt12619318
""
tt1355644
""
tt29258441
""
tt5432528
""
tt0247131
tt18259582
tt1710310
tt1042385
tt2025899
""
tt7648532
tt2543312
""
tt11390036
tt0275309
""
tt0279286
""
""
tt32873815
tt7772588
tt0318913
tt1815738
tt2172935
""
""
""
""
""
""
tt15340954
""
""
""
tt3006802
""
""
""
""
""
""
""
tt8005264
tt0491739
tt5226984
""
""
tt0262985
""
tt0262985
tt0492453
tt8633062
tt2855564
tt3865236
""
""
""
""
tt1055292
tt2267968
tt7725422
""
tt1823664
""
""
""
""
""
""
""
tt0378918
""
""
tt4799066
""
""
tt0207631
tt39045082
""
tt0127385
""
""
""
""
tt32022233
tt0943690
tt13411738
tt1800251
tt28870416
""
tt35295036
tt28209192
tt15768408
""
tt0332047
tt21284218
tt14115490
tt9308022
""
""
""
""
""
""
""
tt1020913
""
""
""
""
tt2379365
""
""
""
tt0408345
tt4428022
""
tt0383694
tt3581652
""
tt1168638
tt5641670
tt2925768
tt1043479
tt1752076
""
""
""
""
tt0769507
tt1238293
tt0484103
tt0785077
""
""
tt0088708
""
tt4566758
tt1440129
""
""
""
""
""
""
tt0369679
tt12070800
""
""
""
tt0421392
""
tt1103973
""
""
tt6607506
tt0841103
""
""
tt33053440
tt2891574
""
""
tt1153545
tt1398426
""
""
""
tt14592064
tt15768302
""
""
""
""
tt16476914
""
tt0449994
""
""
""
""
tt18573724
tt0306597
""
""
""
""
tt1324999
""
""
tt1189340
tt0183503
tt0404974
""
tt1583421
""
tt2782224
""
tt33062822
tt12869276
""
""
tt8879020
tt4276624
tt0388700
""
tt1027020
""
tt1164999
tt0285333
""
tt1378167
""
tt1340621
""
tt6038946
tt1024715
""
""
tt0995011
tt0368479
""
""
tt0380055
""
""
""
tt0856235
tt0450232
tt28076317
""
""
""
""
""
""
tt0167735
tt0900364
tt1225901
tt0427017
tt3982118
""
tt37231611
""
tt1450155
tt30185046
tt3011894
""
tt1242463
""
tt0433622
tt0283546
tt5168112
""
tt12810046
""
""
""
""
""
tt0118437
tt0471488
tt8129006
tt13249678
tt5431082
""
""
tt1105269
tt0396864
tt2387559
""
""
tt1819538
""
""
""
tt0411061
""
tt0462538
tt9319668
tt5866074
tt5091530
tt0870210
tt6265828
tt5918982
tt21960214
""
tt16280138
tt0315983
""
tt4113712
""
tt1133989
""
""
""
""
tt2587194
""
tt29419695
tt1474276
tt4348012
""
tt1704573
""
""
tt0106004
tt5355330
tt1885102
tt0815236
tt3103598
tt0290326
tt9765222
""
tt7588040
tt11041332
""
""
""
tt1742330
""
""
""
""
""
""
""
""
""
""
tt3685812
""
""
""
tt38821008
tt2287663
tt12605316
""
""
""
""
tt9724776
""
""
""
tt1398429
tt0469158
""
tt5580036
""
tt9679362
tt0475343
tt0435505
tt1992159
tt12361974
tt1371111
""
""
""
tt0790712
""
tt1050251
tt0390634
tt0322660
tt1584733
tt1876451
""
tt1821681
""
tt0390448
tt3481262
tt0482599
""
tt4194108
tt2414370
tt1745960
tt1114680
""
""
tt11545958
tt0230011
tt0287030
tt1014765
tt1210819
tt6048930
tt11390036
""
""
tt1112757
""
""
tt3007512
""
tt0305413
""
tt28484463
""
""
""
""
""
""
tt35115509
tt0758790
""
""
""
""
tt36202181
""
""
tt0409847
""
""
""
""
tt0435680
tt2172985
""
tt0265808
""
tt2400631
tt1486834
""
tt7601480
""
""
""
tt7052494
tt10151854
tt0489279
""
""
tt0479500
tt3806888
""
""
tt0430431
""
tt0418763
tt7660970
tt0365830
""
""
tt7978790
tt30460194
""
tt1080585
tt1426362
""
""
""
tt18974000
""
tt1651114
tt38689941
tt30424619
tt3949660
tt1563738
""
tt0393635
tt0486946
tt7212992
""
tt8385474
tt7820906
""
tt3699518
""
tt5827228
""
tt1636331
tt1230414
""
""
""
""
""
tt1251757
tt1758830
tt0417433
tt0379129
""
""
tt0006145
tt35514510
tt1814621
tt1668056
""
""
tt2381249
""
tt1758830
""
tt7534328
tt2178685
tt38632407
tt1567233
""
tt10039344
""
""
""
""
""
""
""
""
""
""
tt5853176
tt39284154
tt1971139
tt0499448
""
tt15700036
tt1702270
tt3717532
tt1734433
""
""
""
""
""
""
tt6735022
""
tt0335266
tt0094006
tt1981140
""
""
tt0413300
""
""
""
""
tt0392614
""
tt1431045
tt0803096
tt23791244
""
""
tt0347149
""
""
tt2379713
tt1241316
""
tt11260832
tt0392821
tt0386846
""
tt32410801
""
tt1010445
""
tt0205903
""
""
""
tt0297269
""
tt1355642
""
""
tt0238413
""
""
tt0363547
tt0340477
""
""
""
tt1749270
""
tt0479630
""
tt0985344
tt0249986
""
""
tt28652775
tt1702042
""
""
""
tt0475784
""
tt6671882
tt1205489
tt2274648
tt2084952
tt1781827
tt1063669
""
""
""
tt0481583
tt3207438
tt16101604
""
""
tt14180844
""
tt0376591
""
""
tt8268448
""
tt6049156
""
tt1604115
tt1959563
""
tt0344665
""
tt21995004
""
""
""
""
""
""
tt3577664
""
""
tt0362120
tt0349903
tt0407887
tt10846464
""
tt0391397
""
tt31852614
""
""
""
tt0395171
""
""
""
tt2281375
tt0333012
""
""
tt8188910
""
""
tt1695989
tt1877832
tt2148898
""
""
""
tt13155718
""
""
tt3749900
tt0824747
""
""
tt1408101
""
""
tt33508865
""
""
tt1346921
""
""
""
""
""
""
""
""
tt3296690
""
""
""
tt0395994
""
tt21385084
""
""
""
""
""
tt28418978
""
""
""
tt0251174
""
tt0395147
tt11671006
tt1211837
tt0805663
tt5809162
tt11421246
""
tt7510346
tt2404589
tt1419705
""
tt0825279
""
tt31864120
tt0375260
tt0099091
tt4560190
tt38095640
""
tt1643032
tt7526498
tt0375260
tt0139803
tt3183660
tt0380510
tt9071280
""
tt0262985
""
tt0472954
tt0772193
tt7160176
""
tt11866324
tt0433883
tt2279341
tt0365830
""
tt39017949
tt0117936
""
""
""
tt13445076
""
tt1788391
tt1788391
tt0435651
tt2085059
""
tt2375379
""
""
""
tt2619714
tt3465608
""
tt9253284
""
""
""
tt1313103
""
""
""
""
""
""
""
""
tt0214641
tt1822381
""
tt0072562
tt2279373
""
""
tt0370433
""
""
""
""
""
""
tt0417387
tt2641648
""
tt0893346
tt0785007
""
""
""
tt3014190
""
""
""
""
""
tt1758595
""
""
""
tt1735898
tt8478554
tt14168118
""
""
""
""
tt1706593
""
tt0120199
tt0322330
""
""
""
""
""
tt4080728
""
""
""
""
tt27817389
""
tt1686063
tt8332130
""
tt29043197
tt1129442
tt0364782
""
""
tt1219820
tt0384700
""
tt35052623
tt1413495
tt2989524
""
tt21116752
tt6704776
""
tt1766104
""
tt2333784
""
tt32245065
tt1842530
""
tt0431915
""
tt18411490
tt1220198
tt2317838
tt0202077
""
tt1185834
""
""
""
""
""
""
""
""
tt2034742
tt0388650
""
tt2608322
tt13357520
tt9328726
""
tt15009428
""
""
tt14833464
tt39298852
""
""
""
""
""
tt4900148
""
""
""
""
""
tt5433140
""
tt8386744
tt10648342
""
""
""
""
""
tt3053228
""
tt0840149
""
""
""
""
""
""
""
tt0351283
""
tt6491190
""
tt0418086
tt2023810
""
""
""
""
""
tt1430132
""
""
""
""
tt0439280
""
""
""
""
""
""
""
""
tt2878578
""
""
""
""
""
tt26776601
""
""
""
tt0112088
""
""
""
""
""
tt37236719
tt20216760
""
tt4445104
""
""
tt1638002
""
""
tt1492179
""
""
tt0387693
tt0765476
""
""
tt13375076
tt11009596
""
""
tt37604014
tt0097758
tt0288243
""
tt3204140
""
""
tt0195256
""
tt1844624
""
tt9251798
tt3640682
tt0863084
tt6048922
tt4820370
""
tt1595637
""
tt4061010
""
""
tt11656172
tt0807703
tt0387199
""
""
""
""
""
tt7334528
""
""
""
""
tt1951181
""
""
tt0876298
""
""
""
""
""
""
tt7997042
""
tt12944014
tt33374330
""
tt0368933
""
tt0297174
tt1931435
tt13328808
""
""
""
tt4975856
""
""
""
""
""
tt12444960
tt2527424
""
tt13618724
tt2039393
""
tt3114390
tt14394832
tt2457160
""
""
""
tt6217926
""
tt0810016
tt7991608
tt0355527
tt8146754
tt0404453
""
""
tt0760173
""
tt4669788
tt7772582
""
""
tt0844479
""
""
tt0302121
tt19847976
""
""
tt3074646
tt0162625
""
""
tt1405406
""
""
""
tt0834948
""
tt14315756
tt1655392
""
""
""
tt2467372
""
tt0056758
""
""
tt0411268
""
""
""
tt4154756
tt1212436
tt21909764
""
""
""
tt0371746
tt0266747
""
tt29947620
tt0378194
""
""
""
tt1912398
tt10151854
""
""
""
""
""
""
tt0393199
tt0372237
tt3551796
tt0118863
tt0413267
tt5538764
tt16911616
""
tt9335498
tt11060092
tt0103434
tt0388182
tt2639336
tt4158110
""
tt2870708
tt10846250
""
""
""
""
""
""
tt3281796
""
tt5052474
""
""
""
""
""
tt0409459
tt1842355
tt33065473
""
tt33645926
""
tt0324699
""
""
""
""
""
""
""
""
""
tt10189884
""
""
tt0970416
""
""
""
""
""
tt0282291
tt0171465
""
tt9419884
tt0376994
tt0318442
tt5456798
tt0354578
tt3846642
tt13354188
tt0375210
""
""
""
""
tt4772750
tt1259606
tt2078651
""
tt0491522
""
""
tt27530889
""
tt5294966
tt9248538
tt21030012
tt7557108
tt1744852
tt3254810
""
tt0410966
tt2573536
tt2738606
""
tt0290978
""
tt1583421
""
tt0134847
tt0390197
""
""
""
tt0092322
tt25728426
tt1082098
""
""
""
""
""
tt0464098
tt19850052
""
tt1391621
tt13000980
""
tt16244956
""
""
tt0367136
tt37256493
""
tt0466600
""
""
tt9646240
""
""
tt31179905
tt3315386
tt15282148
tt17737382
""
""
""
""
""
""
""
""
""
""
tt5754602
""
""
tt11762434
tt0864835
""
""
tt15468716
""
tt0432648
""
""
""
""
""
tt1344344
""
tt1687908
""
tt3607206
tt10903490
tt0494248
tt1124035
""
tt0442268
""
tt0288045
""
""
""
""
""
""
""
tt20598076
""
""
""
tt27671792
""
""
""
tt12263384
""
tt3846642
""
""
""
tt0331632
tt0104432
tt11717610
""
tt3062096
""
""
""
""
tt6917638
tt1149608
""
""
""
""
tt2309295
""
""
tt1647415
tt0111001
tt2921064
""
""
""
tt3315748
""
""
""
""
""
""
""
""
tt1236231
""
""
""
""
""
""
""
""
tt3748852
tt2123124
""
""
""
""
tt1582459
""
""
tt31065246
tt0472641
""
""
""
""
""
""
tt0449851
""
""
""
""
""
tt29792269
""
""
""
""
tt3596174
tt1817273
tt15163652
tt1336617
tt1502853
tt0488120
""
tt2950052
tt0760437
tt0249313
""
""
tt0414055
tt1587411
tt1636826
""
""
""
""
tt6017942
""
tt0436331
tt31630234
""
""
""
tt1265990
""
tt1067104
""
""
""
tt29768339
tt1442300
""
""
tt0479500
tt0775403
""
tt4866998
""
tt2103281
""
""
tt0391304
tt1430064
tt27613403
tt0256380
tt1819509
tt2226232
tt0367279
""
tt1231448
""
""
tt1711434
""
""
""
tt0372784
""
tt4877122
""
tt27129205
tt2555380
""
tt8932338
tt1881030
tt8228172
""
""
tt8772296
""
""
tt0413573
""
""
tt0293508
tt13853916
""
""
tt0775400
tt0241383
tt4145384
""
""
""
""
tt30851696
""
tt0425112
""
tt3441162
tt3444938
tt1593797
""
""
""
""
""
tt29941932
tt6477530
""
""
""
tt1837492
""
tt29953797
""
tt1396538
tt0487831
tt5082014
""
tt1519461
""
tt9170318
tt38065992
""
""
""
""
""
tt2388759
""
tt0429305
tt0415739
tt13358186
""
""
tt5813366
tt1123373
tt1220634
tt0485976
tt2262532
tt0810988
""
tt10324202
tt0120915
""
tt21187592
""
tt0409184
""
tt12536294
tt0396983
""
""
tt1548590
""
""
tt5918090
tt0392878
""
""
tt9346050
""
tt3692966
""
""
""
tt4687108
tt3154310
""
""
tt0382628
""
""
tt21928100
""
tt18556196
""
tt0441074
tt1191124
tt9243946
tt0398388
""
""
""
tt1441251
tt8954954
tt0120794
tt21382296
tt33296382
tt0350232
""
tt0469247
tt7894510
""
""
""
""
tt22376168
""
""
tt1132600
tt4633694
tt0320037
tt1595844
""
tt4412132
tt0954947
tt15113266
""
tt1555212
""
tt3799986
""
""
""
tt6336084
tt2364582
tt1129433
tt1723760
tt12735338
""
tt3107166
tt1314228
""
""
""
tt10334148
""
tt0815244
tt2875496
tt1408402
tt8493514
""
tt8207600
""
""
""
tt1321509
""
""
""
""
""
""
""
""
""
""
""
""
""
tt1386588
""
""
""
""
""
tt0370304
tt2364582
""
tt3480822
""
""
""
tt0365957
""
tt0202077
""
""
""
tt0337579
tt6300238
tt7708628
""
""
""
""
tt0997265
""
""
""
tt0146675
""
""
""
""
""
""
tt5603140
tt39229635
""
tt0452608
""
tt0964587
""
""
""
""
tt32143754
""
""
""
tt11198330
tt1259571
tt0131566
""
""
tt10313262
""
""
""
""
tt0431197
tt23902190
""
""
tt4656392
tt0115200
""
tt2467082
""
""
tt19296904
tt1020167
tt0399811
""
tt12809840
tt1308728
""
tt1740826
""
tt19812568
""
""
tt3640424
tt0865559
""
""
tt0332047
tt9317668
tt5671200
tt0365957
tt14315756
""
tt1490017
""
""
""
""
""
tt8160834
""
""
""
""
tt0364845
""
""
tt1608290
tt20258920
tt4189022
tt0399250
tt10726774
tt0107225
tt5957544
tt1701982
""
""
""
tt8613876
tt30488637
""
tt5237932
tt5615006
""
tt0389860
tt0058796
""
""
tt13331608
tt2407380
tt1837576
""
""
""
tt10684644
""
""
""
""
tt0464141
tt1961175
""
""
""
tt16294598
""
""
""
""
""
""
tt12359250
tt1819654
tt13923084
""
""
""
""
""
""
""
""
""
""
tt0441074
tt15268244
tt0398286
tt0812352
tt0470033
""
tt4521028
""
""
""
tt1125849
""
tt8984382
tt1201607
""
""
tt0388160
tt0309978
""
tt0865414
tt6348138
""
tt1905041
tt0410233
""
""
tt7562112
tt1121794
tt0103772
""
""
""
tt29244933
""
""
""
""
""
tt10872600
tt0288937
""
""
tt0337579
tt3808342
tt0491738
tt20990442
""
""
""
""
""
""
""
""
""
""
""
""
""
""
tt1479962
tt1094666
""
tt8682186
""
""
""
""
tt2435614
""
""
tt0147784
tt0450232
""
tt30441791
""
tt4214870
tt3440298
tt0247082
""
""
""
""
tt0058796
""
tt0844471
""
""
""
""
""
""
tt0409182
tt20561198
""
""
""
""
""
""
tt2218988
tt10483250
""
""
""
""
""
tt3908664
""
""
""
tt0199031
tt0403533
""
""
tt1276419
tt22640398
tt13029044
tt0323572
tt10075318
tt0370378
tt0320691
""
tt0288330
tt2356777
tt12269510
tt0196102
tt1278336
""
tt18573904
tt0291350
tt0806910
tt38267492
tt39172965
""
tt0343818
tt1219827
tt0338639
tt29632952
""
tt1213644
""
""
""
""
""
tt9660566
tt1343092
""
tt1058017
""
tt2216240
""
tt1764234
""
tt1854236
""
tt12747748
""
tt0327378
tt13948194
""
""
""
tt0811138
""
""
""
tt14962428
tt0981339
""
""
tt3704428
tt0186785
""
""
tt0831887
tt33427695
tt37617827
""
""
""
""
tt14916694
tt6877136
""
tt2557478
""
""
""
""
tt0996979
tt26896216
tt0292348
""
tt0068069
""
tt0362129
""
""
tt0390418
tt3127306
""
tt33065152
""
""
""
""
tt5315210
""
""
""
tt0420981
tt4600404
tt1715873
""
""
tt3529098
tt0092325
""
tt5867314
""
""
""
tt38522425
tt10963714
""
tt2363415
""
""
""
tt0382943
""
""
tt0421054
tt10665206
""
tt2548396
tt0433340
tt4000956
tt3766376
""
""
""
tt3717490
""
tt1637727
tt0772134
""
""
""
tt2182229
tt1336985
""
""
""
tt1210531
""
tt1421048
""
tt0453567
""
tt1217631
""
""
""
""
""
tt2205697
""
tt0086759
""
tt12971700
""
""
""
""
""
""
""
tt0397657
""
""
""
""
tt1730697
""
tt1570728
tt1212436
""
""
""
tt15378234
""
""
tt9244578
""
tt5439796
tt1286142
tt5977276
tt1454029
""
""
""
tt0460686
""
tt14127944
""
tt3716142
""
""
""
""
""
tt31969332
""
tt35890813
""
tt0819906
tt0819906
""
tt10577736
""
""
""
tt10747480
tt2543472
tt2170371
""
tt0317198
""
""
tt3479476
tt3683686
tt32423682
tt0403702
""
""
""
""
""
tt15270208
""
tt1234721
""
""
""
""
""
""
tt0810937
""
""
""
tt5753856
""
tt1791528
tt2300975
tt1306980
""
tt4154756
tt1937149
tt1132578
""
tt30842221
""
tt0360717
tt0186894
""
tt0314984
""
""
""
tt8987550
""
tt0875034
tt0462482
tt0167116
tt0463948
tt0471030
tt11306932
""
tt1950186
tt1274293
""
""
""
""
""
""
""
tt0779982
tt31988314
""
tt2250894
""
tt4047038
""
tt11240506
tt1856047
""
""
tt1146320
""
tt1641384
tt0844286
""
""
tt15083242
tt1954804
""
""
tt0259288
tt0395699
""
""
tt0386850
""
""
""
""
tt7535660
tt1024855
""
""
""
tt0113330
""
tt6466972
""
tt0354289
""
""
tt0115147
tt1052017
tt31624168
tt2310212
tt21328654
""
""
tt10409554
""
""
""
tt0447987
tt0306079
""
""
tt9114286
""
""
tt0800350
""
tt2193021
""
tt0101950
tt28214418
""
""
tt1538824
tt1067733
""
""
""
tt1981016
tt1929753
tt36458073
""
""
""
tt1679269
""
tt7349896
""
""
""
""
""
""
tt1826660
tt15305282
""
tt33244668
tt1024715
tt0405743
""
""
""
tt0426710
""
tt1408430
""
""
tt29815504
""
""
""
tt0472643
tt1641384
tt1502397
""
tt14001894
""
""
tt0203259
tt2488496
""
tt4003440
""
""
""
tt2406566
tt0840226
""
tt33186589
""
""
""
tt0350028
""
""
""
""
""
tt2140047
""
""
""
""
tt1257695
""
""
tt0413300
""
tt1596346
""
""
""
""
tt2357291
""
""
""
""
tt1893195
""
tt9865156
tt19121418
""
""
""
""
""
""
""
tt1764429
tt1285152
tt0445554
""
tt0105885
""
""
""
tt0268374
""
""
""
tt5360196
""
tt0411061
""
tt2864930
""
""
""
""
""
tt1266111
tt1247765
""
tt3124532
""
""
tt14219522
tt5157240
tt2015306
""
""
tt2406566
""
tt3498820
tt1217613
tt0152836
tt1845307
""
""
""
tt1567432
""
tt0225535
""
tt28325570
""
tt4275958
tt1564367
tt32915956
tt0471243
""
tt2983222
""
""
""
""
""
""
""
""
tt11514780
""
tt0999913
""
""
tt37041882
""
""
tt0892429
""
tt7974150
tt4375304
""
""
tt0317919
""
""
""
tt1582459
tt0412161
""
""
tt0342735
tt0939669
""
""
tt15012366
tt0183790
""
""
""
""
""
""
tt0091829
tt9698048
tt0435761
""
tt32522910
""
""
tt2976938
tt1520211
tt2158603
tt0479884
""
tt4599552
""
""
""
""
""
tt0203259
""
""
""
tt2152566
tt0108757
""
tt2476262
""
""
""
""
tt1241317
""
""
""
tt31160147
""
tt2015381
""
tt0884732
""
""
""
""
""
tt1094229
tt0273366
""
""
""
tt21156690
tt31512256
""
tt10223114
tt21874760
""
""
""
""
tt0436182
tt0400497
tt9603212
tt3385524
tt15684550
""
""
tt7069210
tt5164446
tt1462764
tt0497562
tt0172057
tt0391304
""
tt2937900
""
tt1176724
""
""
""
tt9415632
tt8783532
tt0120657
""
tt0830515
""
tt6283584
tt9000224
tt0080240
""
""
""
""
""
""
tt35745288
tt1092021
""
""
""
tt0425379
tt1333039
""
""
tt0430984
tt0206771
tt1957867
tt0230011
""
tt2708480
tt0482525
""
tt0104254
""
""
""
""
""
tt1158208
tt28981078
""
""
""
""
""
tt32990818
""
tt1711525
tt35266811
tt1308144
tt1119644
tt1126618
""
""
tt4471388
""
""
""
tt0376994
tt3848354
tt28083272
""
tt35476699
tt32843465
tt0436660
""
""
tt5618160
tt32424927
""
tt0298148
tt1709198
tt0477507
""
""
""
""
""
""
""
tt0787345
""
""
tt5912388
tt0106179
""
""
tt0221006
tt1235525
""
""
tt0138228
""
""
""
""
""
tt0362478
tt4123430
""
""
tt0417550
""
""
""
""
tt6524350
""
""
""
tt1927051
""
""
tt11563096
tt0446010
tt0313043
""
""
""
""
""
""
tt0405323
""
tt18546600
tt34851904
""
""
""
tt6963192
""
""
""
""
""
tt0086525
""
""
""
tt7717492
tt5613862
tt0880585
tt8878862
tt0469641
tt0780567
tt0413573
tt35680929
tt11496032
tt1270380
tt4477976
""
""
tt1924429
tt0391304
tt0491631
tt0890870
tt2875968
tt1338634
""
tt1095217
tt2873214
""
tt1287881
""
tt3719896
tt0401462
""
tt3385516
""
tt0824603
""
""
""
""
tt1228987
tt1548850
""
tt3190372
""
tt1305586
tt0258127
tt27995113
""
tt1958961
""
tt23876278
""
tt0435670
""
tt0449059
""
""
""
tt2866056
tt3719320
""
""
""
""
""
""
""
""
tt20596758
tt0791309
""
tt6791096
""
""
tt1321805
""
tt1990216
""
""
""
""
tt0497595
tt0402022
tt1054122
tt0362120
tt1568346
tt3923388
""
""
""
""
tt1386588
""
""
tt38053478
""
""
tt0362225
""
""
tt14257582
""
""
""
tt12908150
""
tt34727060
tt13668894
tt0120686
""
tt14362262
tt8179388
""
""
tt0463027
tt0356570
tt0327554
""
tt0239195
""
""
""
tt1418349
""
tt1328630
""
tt1474276
tt33086685
""
""
tt3567298
""
""
tt28490318
tt0369610
""
""
tt3986586
""
tt1125849
""
""
""
""
""
""
""
""
""
""
""
tt3203528
tt2049543
""
""
tt0163978
tt1405819
""
tt1626248
""
tt0803061
""
""
""
tt0346491
""
""
tt5726616
tt3922568
""
""
""
tt0399134
tt10059166
""
""
""
""
tt34718742
tt0865556
""
""
tt3721964
""
""
""
tt0470000
""
""
""
tt1542852
tt9411866
tt13137830
tt5249706
""
tt1668200
tt2874690
""
tt3759416
tt0386064
""
tt1370332
""
""
tt4659728
tt0914802
""
tt0194624
""
tt2065877
""
tt15310770
""
tt1397280
""
""
tt0388595
""
""
""
""
tt1280822
tt2579978
""
tt0338852
""
""
""
""
""
""
""
""
""
""
""
tt7280804
tt0896893
""
""
""
""
""
""
""
""
tt0499400
""
tt0317248
tt2103188
tt0308006
tt0477026
tt1450324
""
""
""
""
""
""
""
tt31922276
""
""
""
""
tt3384180
""
tt2350496
tt3946276
tt15768298
""
""
""
""
tt13442654
tt9794044
tt0348071
tt2180339
""
tt29734011
""
tt15271904
""
""
""
""
""
""
""
""
tt1147684
""
""
tt7221388
""
""
tt0758745
""
""
""
tt1171222
""
""
tt1980209
tt8190688
tt2042695
""
tt3663870
tt3212738
tt19393076
tt26625693
""
tt0456020
tt1020028
tt4179074
tt0247082
""
tt1784575
tt2947832
""
tt0120667
""
tt31990112
tt0448075
tt6443294
""
tt11433906
""
tt1390397
tt0392849
tt15374070
""
tt3142764
tt1983079
""
""
""
tt2058673
""
""
""
tt3498820
""
tt31987445
""
tt0403508
tt2498968
""
""
""
tt0110357
tt2309762
""
""
""
""
""
""
""
""
tt32432654
""
""
""
tt1828919
tt3904770
""
tt5788812
tt10696896
""
tt32102346
""
""
""
""
""
""
""
""
""
tt0485285
""
tt1848766
""
""
tt5370130
""
""
tt2387559
tt0200379
tt14897480
tt0486619
""
tt0398553
tt0304141
""
tt1711525
""
""
""
""
tt2948356
""
tt4630332
tt0477080
""
tt3721936
tt0319930
tt0119185
tt1615065
tt0094715
tt0118751
tt3381008
""
""
""
tt2798920
tt2009565
""
""
""
""
tt7497468
tt1396401
""
tt8714904
tt1931435
tt0107685
""
""
""
""
tt0453567
tt1007018
tt1073241
""
""
tt0264333
""
tt9167798
tt32103641
tt0433605
""
tt3812238
""
""
tt33980270
tt0408961
""
""
""
tt9032400
tt1702439
tt1177053
""
tt1702439
tt0089883
tt4216636
""
tt10081762
""
tt1156398
""
tt0429078
tt7556122
tt0470267
""
""
""
""
""
tt0366548
""
tt31514845
""
tt8920992
""
""
""
tt23049206
tt6692840
""
""
tt3769244
""
tt38234673
""
tt0364845
tt1340800
""
tt1215870
""
""
""
""
""
""
""
""
tt32187792
""
tt5807780
""
""
""
""
tt3781380
""
""
""
tt1027747
tt11575918
""
tt31069687
""
tt1705038
""
tt1826815
""
tt4718304
""
""
""
""
tt39399540
tt35246380
""
""
""
""
""
""
""
""
""
""
""
""
""
""
""
tt11138512
""
""
""
tt0488032
tt0408930
tt1148204
""
""
""
""
""
""
""
tt11539352
""
tt0432249
tt0410296
""
tt12431874
tt28512830
tt0476995
tt9253284
""
tt1135084
""
tt0414993
""
""
""
tt0780608
""
""
""
tt4073582
tt0056758
""
tt0758737
tt0285341
""
""
tt0469623
tt5104968
""
tt0843840
""
""
tt0118688
""
""
""
tt39011688
tt3387414
tt1981677
""
tt1129445
tt33054252
tt0402701
""
tt20872980
tt8323668
""
tt0499549
tt1338616
tt0478970
""
""
""
""
tt0116531
tt0108560
tt0242998
tt2961140
tt0465997
tt0408409
""
""
""
tt1355683
""
tt0406505
""
""
tt11291274
tt15006566
tt2613472
""
""
tt0413573
""
""
""
""
""
tt2889186
tt6857112
tt1462059
""
tt10516352
""
""
tt31502930
""
""
""
""
""
tt2133329
""
tt1241017
""
tt2452150
""
""
""
""
""
""
""
tt4154756
tt4958726
""
tt3658702
tt1213920
tt0114781
tt0300872
tt1805319
""
tt7603564
tt5260248
tt5020878
tt0423657
tt6814914
tt2120894
tt0096607
""
tt0356910
""
tt3447364
tt2082197
tt10740584
""
tt1771224
""
""
tt0419984
tt2287394
""
""
tt0808306
""
tt2117173
tt4861352
""
tt3892172
tt6391536
tt1495708
tt26545992
tt0397078
""
tt7507484
""
tt7525778
tt0347304
""
""
""
""
tt1531697
tt8180386
tt5761478
""
tt0103469
""
""
""
tt2155328
""
tt1428453
tt0273386
tt4576490
tt0460681
""
tt0203259
tt1119644
""
tt12593852
""
""
""
tt5574490
tt0312172
""
""
""
""
tt6486950
tt1082853
tt0411399
tt13289492
""
""
tt32338387
""
""
""
""
""
""
tt15096836
""
tt0243732
""
tt0401828
tt10360690
tt0403764
tt24225606
tt0412935
tt0309820
tt1587000
tt1525890
tt0475290
""
tt38865949
tt8876446
tt5544672
tt5340300
tt1121794
""
""
""
tt6466972
tt31917705
tt0329101
tt4604992
tt5580516
tt0111333
tt39383226
tt0385988
tt1633356
""
""
""
""
""
""
tt9214772
""
tt3230854
""
""
""
""
tt1217613
""
tt3339674
""
""
""
""
tt1360961
tt2406566
tt35874499
tt3221464
""
tt1615918
""
tt1118299
tt1097013
""
tt36988372
""
tt0816711
""
""
""
tt0848537
""
tt0469609
tt9418878
""
""
tt5230508
tt18924506
""
""
""
""
tt0210070
""
""
""
""
""
""
""
tt1667355
""
tt1743034
""
""
tt3447676
tt1464925
tt8967870
""
""
""
""
""
""
""
""
tt0944835
tt3766354
""
""
""
""
""
""
""
""
""
""
tt0203259
""
tt0892088
""
tt5843792
tt11243814
tt32623445
tt0361201
""
tt0385990
""
""
tt5197820
tt9278110
""
tt7550774
tt4073682
tt1811377
""
""
""
""
""
tt13176330
""
tt2103281
tt1802528
""
tt2184299
tt1190617
""
tt32646632
tt3631212
tt0362084
tt1727387
""
""
""
tt1064739
tt2239822
tt2433148
tt2252324
""
""
""
""
""
tt0104857
tt2848292
""
""
""
tt0412412
""
tt10327252
""
""
tt13136296
""
tt11777570
""
""
""
tt10944822
tt36808184
""
tt0861689
""
tt4061080
""
""
tt3327536
tt0238936
tt3792884
tt0385726
""
tt5773348
""
tt0338639
""
tt5947416
""
""
tt0323033
""
tt0264410
tt4605142
""
tt1196708
""
""
tt0348150
tt34609102
tt0280415
tt0475198
tt1621949
""
""
tt5294198
""
""
tt25145540
tt32306905
tt6911608
""
tt28662083
""
tt7772580
tt2301900
tt4920274
""
tt8068860
""
""
""
tt28822502
tt6442482
""
tt1273678
""
tt0312032
tt1855398
""
""
tt7016936
tt1355630
tt5588484
""
tt5611024
""
""
""
tt2729360
tt21267240
tt17520024
""
""
""
""
""
tt5545098
tt0411806
tt7158738
""
""
""
tt2866056
tt0107720
tt2268419
""
""
tt9108892
""
""
tt0322589
""
""
tt28082724
tt0422720
tt38708350
tt12942974
tt13923128
""
""
""
""
""
""
""
""
tt10457404
tt1568858
tt6581528
tt15115280
tt1307463
tt0384257
tt32820694
tt5122546
tt1790700
tt1277730
tt39219439
tt1896775
tt0467116
tt10350626
""
tt0410038
tt0499444
tt11040844
""
""
tt0371954
""
tt0360201
tt35887473
tt6452574
""
""
tt3778644
""
""
""
""
tt1942919
""
""
tt10333650
""
tt1611224
""
""
tt10827628
tt0342735
tt2076861
tt0372784
tt1711425
""
tt8542964
tt1512235
""
tt1416765
tt4054654
tt0375104
tt9347350
tt33821017
""
tt16141852
tt0098781
tt0419749
tt1370897
""
""
tt4154756
""
""
tt0321021
""
""
tt0412142
tt1983079
tt12324366
""
tt5161018
tt3768572
tt0999905
tt1309406
""
tt0436992
""
tt10332508
""
tt0417148
""
tt9362722
""
tt2503954
""
tt11621710
""
tt5296406
tt0184090
tt4065264
""
""
tt3557464
""
""
tt0149431
tt0491152
""
""
tt1881002
""
""
""
""
""
tt0436697
tt0428161
""
""
tt1380813
""
tt0356634
""
tt0460485
tt0331632
""
tt6842106
""
tt10388572
tt3658772
tt36907564
tt0270707
""
tt8707622
""
tt6025806
""
""
""
""
""
tt2534648
tt3238994
""
tt1439629
tt1560996
tt2211822
tt0469201
tt0441074
tt0871426
tt1255919
tt0480047
tt27004149
""
tt15096796
""
tt5955222
""
""
tt1745740
tt27907959
tt7725422
""
tt1667715
tt0487897
""
""
""
tt10521814
""
tt3578002
tt4574334
tt0473188
tt0487831
tt26622746
""
tt0159920
tt1117563
""
tt0256359
""
tt1839578
""
tt1024858
tt0921875
""
tt1821393
tt1936911
""
""
""
tt13217370
""
tt3271108
tt0212879
tt3224458
tt0072506
tt5083928
tt1240982
tt9251798
""
""
tt3045616
""
tt0164052
""
""
tt1843866
""
tt0356634
""
tt2189461
""
""
""
tt0844463
tt1428410
tt2078576
tt9319668
tt1637688
tt11833388
""
tt3402236
""
""
tt1616195
tt1235170
tt16030542
tt1568332
tt0337978
""
tt8459250
tt3089630
tt0415051
""
tt3778644
""
""
""
""
""
tt4769836
""
tt0972544
tt5052460
""
tt4116284
""
tt4938858
tt1663662
tt5754602
tt1935897
""
tt3137650
""
tt32912277
tt21026384
""
""
tt0429573
tt0461770
tt6189022
""
tt1932718
tt2229511
tt3545626
tt1208731
tt26474605
""
""
""
""
""
""
""
tt0056758
""
""
""
tt2375643
""
""
tt0499549
""
""
""
tt9059040
tt13236944
tt0110064
tt13441560
""
""
""
""
tt0411705
tt0466816
""
tt0460686
""
tt0106308
""
""
""
tt4630562
""
""
""
tt34178800
""
""
""
""
""
""
tt2632424
""
tt0995815
tt33144128
""
""
""
""
tt0844708
tt3748528
""
""
tt5715494
""
""
tt39000255
""
tt4698328
""
tt2132285
tt0413247
tt11992694
tt0413373
tt2452386
tt0385880
""
tt0471037
""
""
""
tt2184398
""
tt11897688
tt11794642
tt0765076
""
""
tt0433327
tt5288312
tt8041270
""
""
tt0172014
""
""
""
tt0138956
tt19356262
tt0303361
tt2099571
""
tt2403021
""
tt21086956
""
tt1336013
tt21809104
""
""
""
tt33256548
""
""
tt6394324
tt1378167
""
""
tt1014775
tt0871968
""
""
""
""
tt0414324
tt0891374
""
tt0339579
""
tt0349765
tt0338526
tt0472954
tt1650062
tt0344720
tt0275140
""
""
tt0432021
tt0167190
tt0472954
tt0367754
tt0345853
""
""
tt0111122
tt0381733
""
tt2516610
tt1320300
""
""
""
""
""
""
tt0044265
""
tt26492791
""
tt1113765
""
tt0426456
""
tt0460793
tt1909015
""
tt5043784
""
""
tt0962744
tt0425645
""
tt0452718
""
""
""
tt0416703
""
""
""
tt1034415
""
tt0415245
tt1233192
""
""
""
""
""
""
""
""
""
""
""
""
""
tt6018082
tt0416496
tt0417202
tt33808602
tt0450259
""
tt0101374
tt27462910
""
tt3302160
tt1482833
""
""
""
""
tt0395060
tt0411265
""
""
""
""
""
""
""
""
""
tt1468756
tt0476638
tt1632559
tt14537710
tt6692536
tt1386948
tt32792142
""
tt1349460
""
tt3965660
""
tt7975244
""
""
""
""
""
""
""
""
tt2333784
""
tt0857190
tt0883772
""
""
tt7008872
tt6205766
tt2009038
""
""
""
tt0379071
tt16539454
tt2975590
""
tt0228040
""
""
tt1174730
""
tt0343818
tt1386703
tt1386703
tt0449010
""
tt12366346
tt33400050
tt0478304
tt14547524
""
""
""
tt1869408
tt2265381
tt26658104
tt22889176
""
""
tt1715425
""
tt0259795
tt36986015
""
""
tt3770700
""
tt0103569
""
""
tt0247102
tt36951265
""
tt1999525
tt9462944
""
tt7752126
tt0976238
tt0811036
""
""
""
""
tt0414731
""
""
""
tt1864380
""
tt0925266
""
tt0881891
""
""
""
tt5661030
""
""
""
tt16030542
""
""
""
""
""
tt38047568
""
""
""
""
""
tt0478125
""
tt10262712
""
""
""
""
tt1764679
tt11203170
""
""
""
""
""
""
tt1127708
""
""
""
""
""
""
""
""
tt26445667
""
""
""
""
""
tt1308901
tt7454372
tt0787495
tt1709143
tt3470600
tt1596346
""
tt2096673
tt16531614
tt0426396
""
""
""
""
tt11427054
tt0418086
tt3606756
tt1950186
""
tt1037705
""
tt1613062
tt0464105
tt0314524
tt0345950
tt0330069
tt0437857
""
tt32306451
""
""
""
tt1299440
tt0457495
tt1428570
tt2355520
""
""
tt0107823
""
""
tt4275008
""
""
""
""
tt1198825
""
""
""
tt0489243
""
""
tt2205697
""
""
""
tt0454814
""
""
""
""
tt0462465
tt2188747
""
""
""
tt0317214
""
tt1621045
tt1745960
tt1329189
tt0469263
tt2275607
""
tt0850253
""
tt0466839
""
tt1238962
tt1110572
tt3498820
""
""
""
""
""
tt0321494
tt2975590
""
tt21028920
""
""
tt0780504
""
""
""
""
""
""
tt0417225
tt1526300
tt0426459
tt0247082
tt1680140
tt12664812
tt8282950
tt0338639
tt19520308
tt23134616
""
""
tt0787495
""
tt1126590
""
""
tt5580664
tt0452625
""
tt0462504
""
tt6208148
tt0842929
tt1161064
tt26940053
tt1089706
""
""
""
tt0096740
tt0889573
tt4052886
""
""
""
""
""
tt1758810
""
""
""
""
tt6111130
""
""
""
""
""
""
""
""
""
tt2120120
""
tt0120667
tt0327554
""
tt3829266
tt0445694
tt1179025
""
""
tt0452046
tt5097706
tt2191671
""
""
tt1912996
""
tt3216334
""
""
""
tt0068792
tt0421030
""
""
tt0960097
tt2020070
""
""
tt0286486
tt9389998
tt0417299
""
""
tt2850386
tt11717610
""
tt0439572
""
tt28657879
tt1646231
""
tt4957512
tt0451179
tt2302755
""
tt3697868
""
tt1618434
""
tt0429493
tt5017128
tt7137906
""
""
""
""
tt1064213
tt38783025
tt1476252
""
""
tt8836988
""
tt0244521
""
""
""
tt34118103
tt11917938
""
tt0491281
tt8806524
""
tt2309021
tt1488606
tt0844441
tt4203088
""
tt22055356
tt0850669
tt0481581
tt0814139
tt0337656
tt0810788
tt2950342
tt0203703
""
tt1409696
""
""
""
tt1275863
""
""
""
""
""
""
tt10540338
""
""
""
tt33267344
""
""
tt22037066
""
tt3608508
""
tt0418627
""
""
""
""
""
""
tt0464141
tt10276062
tt9018736
""
tt36770799
tt2304933
tt3529656
tt0415838
""
tt0816662
tt4046334
tt2404435
tt3865236
""
""
""
tt23790418
""
tt1197582
tt35042637
tt0250371
tt1398426
""
tt1219289
""
""
tt2848292
tt10616792
""
tt0337563
""
""
tt1300583
""
tt5698568
""
tt3273738
""
""
""
tt36386509
tt0484101
tt1840417
tt0409838
""
tt0456015
tt0306011
tt6385540
tt0458481
tt3155262
""
tt1442464
""
""
tt8421350
tt1132290
""
""
""
""
""
tt3963818
""
""
""
tt0472954
tt0831887
tt1837642
tt5094068
""
""
""
tt0339907
tt0902337
tt0791328
tt1266580
""
tt0389790
""
""
tt2726560
tt1621039
""
tt4651812
""
""
tt1402376
tt6495756
""
tt0414387
""
tt2027231
tt3103620
tt3851324
tt0313043
""
""
""
""
""
""
""
""
tt0420132
tt2106292
""
tt1748260
tt14377480
""
tt0096555
tt0375040
""
""
""
tt2550092
tt1073498
""
""
""
""
""
""
""
""
tt6898088
""
""
tt4307692
tt1841887
""
""
tt0203259
""
""
""
""
tt1445556
""
tt7349012
""
""
""
""
""
""
tt0851552
""
""
""
tt3237468
tt0470536
tt0419667
""
tt1468721
tt0072562
""
tt0168529
tt4231140
""
tt0765429
tt5756188
tt14878948
tt7999996
""
tt1032755
""
tt0293357
tt5846856
""
tt0475276
""
tt0422571
tt0267259
tt15663436
""
tt1302113
""
tt6468322
tt1786598
tt0958837
""
tt0120458
""
""
tt34691305
tt0432291
""
""
""
""
tt0443678
tt12536294
tt0913358
tt1405365
""
tt12887208
tt8845998
""
tt13921468
""
""
""
""
tt6587640
tt1657507
tt2722936
tt0489049
tt0092455
tt0425758
""
tt3179568
tt3179568
tt7087720
tt37536343
""
""
tt1413489
""
""
""
""
tt0872094
""
""
""
""
""
""
""
tt2017730
tt5960374
tt0318236
""
""
tt0490086
tt9086228
""
tt0094525
tt1583420
tt0094517
tt0239955
""
""
""
tt8106160
tt31012994
""
tt11916302
""
""
tt0177991
tt1024255
tt2004420
""
""
""
""
""
""
""
""
tt0462160
""
""
""
tt0791304
tt0796240
""
tt0327597
tt33539520
tt2467372
tt3402138
""
tt0478970
""
tt2354069
tt1032755
""
tt39676956
tt22796944
""
tt1156098
tt1637688
tt0427309
tt0141842
tt1488606
tt4724538
tt1127180
""
tt0420324
""
tt1384768
""
""
tt0401385
tt0359126
tt5016504
tt15839362
tt0481536
""
tt0379561
""
tt0424205
""
""
tt0938283
tt34957334
""
""
tt0369339
""
""
tt1265132
tt0494189
tt4196450
""
""
""
tt0960144
tt3564472
""
""
""
""
""
""
tt1186830
""
""
""
""
""
tt1370804
tt9812614
tt0227005
""
tt0457309
""
tt1172231
""
tt2353842
""
tt0983250
""
""
tt0893412
tt0368008
""
""
""
tt1943657
tt1669277
""
""
tt0866439
tt0962744
""
""
tt1029360
""
""
""
""
""
tt0418647
""
tt6772804
""
""
tt8333746
tt7961060
""
""
""
tt3225318
""
tt8779424
tt0420904
tt9204170
tt0236640
tt3470924
tt2421662
tt17983738
tt11203170
tt0079948
""
tt1357080
""
tt0151792
tt0920448
tt5229764
""
""
tt38752278
""
""
tt0338443
tt0301989
""
""
""
tt0298845
tt2209764
""
""
""
tt2558318
tt9784798
""
tt0285335
""
tt0402894
""
tt1285016
""
tt3293594
""
tt1844624
tt6704116
""
""
tt1058017
tt1052024
tt3223180
tt0984167
""
tt4493074
""
""
tt0468999
tt7255366
tt0859592
tt0485301
""
tt9414024
""
tt6473066
""
tt13058378
""
""
tt2285417
tt1558182
""
""
tt2651246
""
""
tt0758737
""
tt0409540
""
""
""
tt5323284
""
tt0460681
tt3129706
""
tt0981227
""
""
""
""
""
tt26903032
tt1494785
tt3502172
tt0866439
""
tt0413015
""
""
""
tt2221682
""
tt1024666
tt2333784
tt3450958
tt12915960
""
tt1190076
""
tt0415433
""
tt3435532
tt0387877
""
tt0932807
tt1361787
""
tt4877108
tt7504786
""
""
""
""
""
tt0848556
""
""
tt1797404
tt0988083
""
tt9436972
""
tt3201640
""
tt36591515
tt3783958
tt1390535
""
""
""
tt32843325
""
tt0472017
""
""
tt2158841
""
tt0411883
""
""
""
""
""
""
""
""
""
tt1038138
""
tt0775539
tt1971354
tt2032276
tt1680045
tt0350232
""
""
""
""
""
tt24179294
""
""
tt9569546
""
""
""
""
tt20202136
""
""
""
tt0458524
tt3033080
tt1283906
""
""
""
""
tt1586680
""
""
tt15482240
tt1630625
tt0772366
""
""
""
tt1525897
""
""
""
tt0247144
tt5047688
""
""
""
""
""
""
""
""
""
""
tt10886166
""
tt4154796
""
""
tt8341974
""
""
tt0466449
tt1361721
""
""
""
""
""
""
""
""
tt16442566
""
""
""
""
""
""
""
tt1468846
tt1461982
""
""
""
tt35324375
tt12199626
""
""
""
""
""
""
tt1094229
tt3553976
tt0366133
""
""
tt1632177
tt0469055
tt5811512
tt5580664
""
tt0267200
""
tt14637290
tt0417385
tt4827878
tt0433387
tt14898794
tt1660633
tt0235918
""
""
""
tt0453521
tt0988047
tt0284741
tt16101604
""
tt1186367
tt15135104
tt1259570
tt1650062
tt2151454
""
tt8001718
tt1219289
tt16350094
tt15746246
""
tt0441737
""
tt0787470
""
tt0454945
""
tt11210490
""
tt2004420
tt0396038
tt0454349
""
tt3614482
tt2381213
tt0408790
tt1536044
tt1600196
""
""
""
""
""
""
tt8115688
""
""
""
tt6772802
tt0099969
""
tt2556228
""
""
""
tt1212452
""
""
""
""
tt1748179
""
tt0309987
""
""
tt1100089
""
tt1989272
tt0820998
tt4123430
""
""
""
tt11909878
tt5034838
""
""
""
tt3662618
""
""
tt1159996
""
tt0958611
tt0451493
""
tt3500544
""
""
tt5361488
""
""
""
tt8461268
tt0866442
""
""
tt11821912
""
""
tt0131179
""
""
""
tt0989875
""
""
tt1432150
tt0387199
""
""
tt0408836
""
""
""
""
""
""
""
""
tt15255876
""
""
tt8041270
tt23853362
tt0189296
""
tt14205554
tt2118624
tt1275494
""
tt1853725
""
""
""
""
tt1469304
""
""
""
""
""
""
""
""
tt7150584
tt5159898
tt1119644
""
""
""
tt3850590
""
""
""
tt0094768
tt2306299
tt1699225
""
tt35644537
tt2014681
tt2059171
""
tt0382037
tt7184460
""
""
tt2188535
""
tt0399692
""
""
""
""
""
""
""
""
tt33996310
""
tt1834827
""
""
""
""
tt0837106
tt0339968
tt0430357
""
tt5922142
""
tt15234108
""
tt0780521
tt8589698
""
tt0782032
tt1795096
""
tt0497294
""
tt4594834
""
""
""
""
""
""
""
""
""
""
""
""
tt6445414
""
""
""
""
""
""
tt32881242
""
""
""
tt1671465
tt3502172
""
""
""
""
tt8431432
tt0800089
""
""
""
""
""
tt1661859
tt0422514
""
tt5370130
""
tt0128332
tt5466090
""
""
tt0397582
""
tt0434424
tt2260150
""
""
tt22804850
tt7235466
tt0440915
tt23690584
""
""
tt0422737
""
tt1291150
""
""
tt2270802
tt5520358
""
""
""
""
""
tt0372966
tt0429068
""
tt0458931
""
""
tt0429068
""
""
""
""
tt2279373
""
tt7127406
tt35803766
tt0264395
tt8851596
tt1907668
tt21988182
""
""
tt1196946
""
""
""
tt0098808
tt2181245
""
""
tt35769434
""
tt3066242
tt1630036
""
""
""
""
""
tt0451069
""
tt1043787
""
tt15423094
""
""
tt3566564
""
""
""
""
""
""
""
tt31022420
""
tt28211853
""
""
""
""
tt2063013
""
tt0421946
tt26996815
tt1673697
tt0857277
tt1867084
tt1220213
tt0373908
tt3577624
""
""
tt0353357
""
tt0880502
""
tt6565702
tt0362355
tt20765194
tt0325015
tt0439695
tt0388574
tt5511582
tt0379638
tt1139668
tt8064302
tt5151570
tt0454082
""
tt2170427
tt5304992
""
""
""
""
tt0428174
tt0139803
""
tt0141842
""
tt1686039
tt0487189
tt0429068
""
tt1378723
""
tt0278229
tt0922037
""
""
""
tt13507778
""
tt1074638
""
tt0285335
tt13685890
tt3890658
""
""
tt11815682
tt4778988
""
tt3949884
""
""
""
tt1826940
tt0375920
""
""
""
""
""
""
tt6280710
tt1210166
""
tt1072422
""
""
tt2255405
""
tt0410997
""
""
tt2106651
""
""
""
tt1247662
""
""
""
""
tt14577742
""
tt8759834
""
""
tt10554232
tt5078852
""
""
tt0065323
tt0097165
""
""
""
""
""
""
""
tt0474878
tt0400150
""
""
""
""
tt34951834
""
""
""
""
""
tt4365792
tt0891398
tt11090458
tt2963254
tt2974350
""
tt1935896
tt1696969
tt6257174
""
tt0330277
tt0478087
tt1937264
tt0496374
tt0444182
""
""
tt1343097
tt0314233
""
tt1411238
""
tt0280342
""
tt3791072
tt18260520
""
""
tt4627382
tt0402022
""
tt9686790
tt1825133
""
tt1245701
""
""
tt10737918
tt2191952
tt7856254
""
tt2442560
""
""
""
""
""
""
""
""
tt0346254
""
""
tt0460631
""
tt0972750
""
tt7068942
tt1978428
tt1197582
""
tt14417370
""
tt1105379
""
""
tt1318514
""
""
""
tt0463854
tt2244495
tt3804520
""
""
tt0299977
""
tt0778849
""
""
tt3376372
tt0443649
""
""
""
""
""
tt3865236
tt1082601
tt2098308
tt1984204
tt3498820
tt8430414
""
tt3038384
tt0116209
""
""
tt7942796
tt2704670
tt0247082
""
""
""
""
""
tt8633518
tt1779068
""
""
""
tt2511428
""
""
tt0259733
tt0418455
""
tt7339826
""
tt36242438
tt1508585
""
""
""
""
tt15133658
tt1822237
""
tt3560060
tt0464625
tt0320244
""
tt0413573
tt4094724
tt1211956
tt1303680
""
""
tt14551992
tt0278866
tt6186430
""
tt1126592
""
""
""
""
""
tt0983193
""
""
tt0317248
""
""
""
tt2287765
""
tt9695138
tt1083456
tt0831316
""
""
""
""
tt2170584
tt0974015
""
tt5944538
""
""
tt1845307
tt6347408
tt37916899
""
tt0315642
""
""
tt1349084
tt0397401
""
tt1733785
tt11426664
tt15068148
tt0422451
tt1142977
tt0407658
""
tt0835834
tt0396688
tt39400112
""
""
""
""
tt3770700
""
tt1156510
tt4595882
""
tt0464141
tt3288518
tt7289520
""
""
tt0379363
""
tt0903132
""
tt0938330
""
tt1034314
tt2160321
""
tt31100478
""
tt1615160
tt0115929
tt7235466
""
tt10234362
tt0926084
""
""
tt20112674
tt0808096
""
""
tt12048116
tt4898602
""
""
tt1586680
tt10726424
""
tt21866806
""
""
""
""
""
""
tt1169134
""
""
tt10040890
tt2375605
""
""
""
""
tt0306892
tt0356246
tt10275980
""
""
""
""
tt2197797
""
""
tt6225166
tt0955386
""
""
tt0235918
""
tt0422401
tt13443470
tt6160448
tt6053512
tt6437276
tt0435670
""
""
""
""
tt0415442
tt0496424
""
tt1276434
""
""
tt0463934
tt9776392
""
tt9686790
""
tt4074084
""
""
tt1502404
tt0429200
""
""
""
tt4535686
""
""
tt2178915
tt7216296
""
tt0389722
""
tt0994314
""
""
tt4353250
""
""
""
tt1190689
""
""
""
tt1161869
""
""
""
""
tt0450962
""
""
""
""
""
tt0118360
""
""
tt0400150
tt0121164
tt0883380
tt1160525
tt0329824
""
tt3322312
tt0387914
""
tt3534710
""
tt1273235
""
""
""
""
""
""
tt0062595
""
""
tt0401711
""
tt0105629
tt2096461
""
""
""
""
tt0408306
""
""
tt6139732
tt3598496
""
""
""
""
tt1215482
""
""
tt21963190
""
tt0469111
""
tt0932670
tt6677872
""
tt0330251
tt0396171
tt1166809
""
""
""
tt0427579
""
""
tt0270707
tt0367959
""
""
""
tt1438176
""
tt0387617
""
tt36775570
""
""
tt0837106
tt1003288
tt1604099
""
""
""
tt2854926
tt0472181
tt0371552
""
tt0285331
tt3450958
""
tt1436370
""
tt32874847
tt29552165
tt1450324
tt0364784
""
""
""
""
""
""
""
tt1636826
""
""
tt0846308
tt0421085
""
tt0364782
""
""
tt0168366
""
""
""
tt5304464
tt3198638
tt0862997
""
tt0423621
tt3408180
""
tt0407398
tt24458622
tt4624424
tt6543652
""
""
""
""
""
tt1712261
tt1601913
""
tt1777007
tt7049682
tt6450748
tt10244600
""
tt18937612
tt2368645
""
""
tt2955812
""
tt4181158
""
tt2651246
""
""
tt0491046
tt0320882
""
""
tt7700928
""
""
""
""
""
""
""
""
""
""
""
tt6051216
tt0446059
""
""
""
""
""
tt1527211
tt1783311
""
""
""
tt0386946
tt1781769
""
""
tt0476567
tt0757084
""
tt2112293
""
""
""
tt15574546
tt38821672
""
tt33309194
tt3796006
tt4481514
tt0441742
""
tt31049778
tt0283166
tt10278918
tt11878690
""
tt21874650
tt0408985
tt28534120
""
""
""
""
tt5357790
""
tt3477480
""
""
tt2413268
tt14417718
tt15096836
tt1181917
""
""
""
""
""
""
""
""
""
""
""
tt6717892
""
""
tt9373836
""
""
tt38040412
""
""
""
tt0454823
""
tt1881012
tt0424692
""
""
""
""
""
""
tt37529347
tt14775800
""
tt2789966
""
tt1712261
""
tt0425090
""
tt0892803
tt6397762
tt5056196
tt0890870
""
tt2188733
tt36931068
tt0485510
""
""
tt0458480
""
""
tt13391444
tt4105466
tt0424025
tt2275813
tt37960256
tt2124856
tt28504342
tt5910280
tt8259114
tt2334879
""
""
tt1979388
tt3341832
""
tt0120630
""
tt0409909
tt1503116
tt0427392
""
tt0837562
tt0281358
""
""
""
tt3121000
""
""
""
""
""
tt15869988
""
""
""
""
""
tt4179950
tt3826866
""
""
""
""
""
tt9419834
""
""
""
tt1129423
tt1758830
""
tt0430073
""
tt3402138
""
""
""
""
tt1579292
""
tt1092015
""
tt0926129
""
""
""
""
""
""
""
""
tt2199716
tt0425769
tt0450438
tt15434994
tt11143822
""
tt11813216
tt0295200
tt0499262
tt0887971
""
tt1194263
tt1024887
tt1549580
""
""
tt8427140
""
""
tt10648342
tt2525802
""
""
""
""
""
tt5619332
tt13372240
tt12412888
tt0420223
tt23735436
tt1130884
tt1683526
tt0324208
""
""
tt0844441
tt0114228
""
tt28037410
tt9209312
""
""
tt1028576
""
tt4560190
""
""
""
""
""
tt6486762
""
""
""
""
tt14630728
tt0490043
""
""
""
tt0157246
tt0423120
tt0337711
tt1157601
""
tt5361394
tt1426329
tt0816648
""
""
""
""
tt5776208
tt1912398
""
tt0308208
tt1125929
""
tt0277296
tt1809231
""
""
""
""
""
""
""
tt0476995
tt0211316
""
""
tt0937403
""
""
""
""
""
tt1442437
tt1195935
""
""
""
""
""
tt2407380
tt36300841
tt2229499
tt6111130
""
tt0408985
tt1430587
tt0402708
tt0444682
tt0993840
tt0421696
tt3184616
""
""
""
""
""
tt37197001
""
""
""
tt1285297
tt2449922
""
""
tt5421602
""
""
""
""
tt1247640
""
""
tt1299368
tt5648016
""
tt3701714
""
""
tt1107855
""
""
""
tt0256555
""
""
""
""
""
tt5580390
tt6133196
tt0371746
""
tt0457616
""
tt0206512
""
tt1981115
""
""
""
tt0405336
""
""
""
""
""
tt0323443
""
tt5175158
tt13328800
""
""
""
tt28290034
tt1126618
""
""
tt2093258
tt1086725
""
tt0466875
tt1726589
tt0491601
tt0955308
tt7737786
tt0365957
tt2396557
tt8630424
tt0976238
tt0487189
""
""
""
tt1225292
""
tt21832348
""
tt1185442
tt0345950
tt0145487
tt1441251
""
""
""
""
""
tt9639470
tt1288604
tt4145760
""
""
tt0462309
tt0475394
""
""
tt16900304
""
tt1468039
""
tt0111149
""
""
tt37341160
""
tt2264640
tt0821039
tt2828526
""
tt5345934
""
tt9793686
""
""
""
tt18249282
""
""
""
tt1351672
""
tt1504324
""
tt1657505
""
""
tt0428295
""
""
tt6913708
tt11998558
tt3558642
""
tt3850214
""
""
""
""
""
""
""
tt9788012
""
tt37429094
""
""
""
""
""
""
""
""
""
tt3644434
tt2015381
tt2636446
""
""
""
tt0443559
""
tt0807756
tt18224594
tt1245565
""
tt38733996
tt6903440
tt4088848
tt14142060
tt2349643
tt1403981
tt1403981
tt1374992
tt0995747
tt29064560
""
tt4955642
""
tt0346156
tt3066242
tt10370752
tt0421586
""
""
tt1028228
tt12864414
tt37496212
tt1247692
tt2231554
tt0280486
tt0482527
tt0481536
tt11809046
""
tt7821582
""
tt8893974
tt0307453
tt7379910
tt11454722
""
tt1984261
tt1124373
""
tt0307453
""
tt0813896
tt0146882
""
tt14998742
""
tt0441773
""
tt1608383
tt4016454
""
""
tt2048900
""
""
""
""
""
tt1065325
tt1217620
tt1593465
""
""
""
""
""
tt1185274
""
""
""
tt0803096
tt0375063
""
""
""
tt13945576
tt1321862
""
tt27141621
""
tt0452608
""
tt0796355
""
""
tt2281375
""
tt30192166
""
""
""
""
tt1235154
""
tt0103253
tt1865471
""
tt13980362
""
tt4370596
""
""
tt3544112
tt1850458
tt0297284
tt8722440
""
tt0830361
""
""
""
tt0242527
""
""
tt1503134
""
tt1839578
tt1748122
tt0101882
tt2713180
tt15096728
""
""
tt1077253
tt0465606
tt2073070
tt19314966
""
tt37799190
""
""
tt0358273
tt5667406
tt10369366
tt9612102
""
tt2106712
tt8478054
tt5563334
""
tt7869420
""
tt13846456
""
""
""
tt26062454
tt2399106
tt0425236
tt1405794
tt1020889
tt10011228
tt1884415
""
tt3171746
tt2370096
tt2226301
""
tt0408985
""
tt3626760
""
tt0144036
tt0453383
""
tt0981227
""
tt0182575
tt0337741
""
tt0337741
""
""
tt0297284
tt10580294
""
""
""
tt37763749
tt10530584
tt3652616
""
tt1439629
""
tt0116367
""
""
""
""
""
""
""
""
tt0790772
tt1213660
""
tt2247361
""
""
""
tt3874544
tt0172726
tt2200896
""
tt1711498
""
tt3458830
tt8075260
""
tt0823863
tt1037222
""
""
tt0348150
""
""
""
tt13623632
""
""
""
""
""
""
tt4337072
""
tt0450345
tt2254010
tt0791304
""
tt7814020
tt0428541
tt0840363
""
""
tt10409036
""
""
""
tt9248932
tt7235466
""
tt16225672
tt6164342
tt0450212
""
""
tt2937696
tt9205538
tt33996575
tt37731886
""
""
tt2147277
tt4466358
""
""
""
""
""
""
tt1951266
tt36385241
tt27921612
""
""
tt1415000
""
""
tt9466114
tt0860906
""
""
""
""
""
tt2837574
""
""
""
tt3800560
tt1725067
tt10785876
""
""
tt0810746
""
tt3709616
""
tt0417202
tt5464542
tt0242998
tt20832442
""
""
tt4552118
""
tt2128467
tt34534894
tt1826722
tt15387348
tt0461936
tt7286456
""
tt14877120
tt0313911
tt2382009
""
tt8722888
tt0970417
""
tt2555048
""
tt4733724
""
tt12436252
tt27490561
""
""
""
tt0144050
""
""
tt1586680
""
""
tt1328913
""
tt2298240
tt8809652
tt29007533
""
tt27208407
""
tt8722346
""
tt1479398
""
tt1661946
tt3107288
""
""
""
tt2452200
tt0464049
""
tt4495098
tt5513622
tt0400201
""
tt3581920
""
tt1594955
tt15561202
""
""
""
""
tt2461168
""
tt4421680
tt7975246
""
""
tt15016100
""
tt0368479
""
""
""
""
""
tt1462764
""
tt6410134
tt3662308
tt0361696
""
tt0463872
tt8746064
tt0280380
""
""
tt1493856
""
tt8960548
""
tt0368479
""
tt14690080
""
tt0496424
""
""
tt10627584
tt7235466
""
tt1378167
tt0410975
""
""
""
tt37919260
""
""
tt2463922
""
tt2948530
tt0134230
""
""
tt21257114
""
""
tt1528073
""
tt14876294
""
""
""
tt7764130
""
tt37045613
""
""
tt0445255
""
""
""
""
""
tt12819234
""
""
""
""
tt3824754
""
""
""
""
""
tt1055369
tt3139330
tt1568346
""
tt5628334
tt11816918
""
""
""
""
""
""
tt6051216
tt0876243
tt5193794
tt1268987
tt8214962
""
tt0437099
""
tt22883134
tt0452694
""
""
tt1706317
""
tt7668518
""
""
tt1127715
tt1345838
tt27434626
tt1547234
tt5321942
tt0465203
tt0328880
""
""
tt4003340
""
""
tt2446254
tt5164196
tt4276820
tt1571234
tt31549312
tt6917326
""
""
tt1137462
tt0493447
tt0397313
""
""
""
""
tt3604212
""
""
tt1545478
tt0448950
""
tt0460649
tt1507256
tt0297234
tt8522006
tt0369735
""
""
tt16385002
""
""
""
tt3176134
""
""
""
""
tt2156150
""
""
tt1173679
tt1447499
""
""
tt0175536
""
tt2878412
""
tt1311067
tt2372088
tt5985820
tt0484403
tt1311018
tt1358447
tt3038708
tt13180808
tt0470692
tt0432269
tt1451708
tt5664684
tt0467110
tt1830713
""
""
""
""
tt0361696
""
tt0460409
""
tt0876151
""
tt4809306
tt2005151
tt11152168
tt11313054
""
tt2123146
tt5726086
""
tt39383387
tt26767478
""
tt0475298
tt0114148
tt1098327
""
""
""
""
tt10895454
tt0240585
""
""
tt15565972
""
tt0464908
tt0141842
tt1129404
tt1691427
""
""
""
tt1166988
tt9759498
tt7335184
""
""
tt0097778
""
tt9029092
""
tt39289014
""
""
tt27374441
tt2963254
""
tt0426371
""
""
""
tt5493706
""
""
tt8613070
tt0835434
tt0487115
tt1181573
tt0431863
tt0385928
""
tt0141105
tt5753856
""
tt15327986
tt1856101
tt4115932
""
""
""
""
tt1537399
""
tt3411444
tt3867976
""
""
""
tt5348774
tt1833116
tt1673434
tt38434386
""
""
""
""
tt0304283
tt0781324
tt0413300
""
""
""
tt1590961
tt5710578
""
""
tt4061080
tt6628462
""
""
""
tt1132210
""
tt4768764
""
""
tt0271905
tt0330251
tt0421357
tt1401152
""
""
tt0285335
""
tt0363473
""
tt0433364
tt5884784
tt0436078
tt1001347
tt3749900
""
""
""
""
""
tt0341675
tt0426635
""
tt0434262
""
tt4110388
""
""
tt0493264
""
""
""
""
tt1127896
tt0483923
""
""
""
""
""
""
""
tt2885364
""
""
""
""
tt0760188
""
tt1785333
""
tt8329148
tt16751192
tt0477347
""
""
tt5597946
tt1483386
tt4685762
tt0847220
""
tt0449494
tt3390014
tt1872206
""
""
tt2820852
tt2347497
""
""
tt2458570
""
tt9114286
""
""
""
tt0810788
tt0445035
""
""
tt2771200
""
""
tt6436620
""
""
tt14362156
tt1780262
""
""
""
tt5291918
tt0406228
""
tt31259481
""
""
""
""
""
""
tt1587678
""
tt1048146
tt10665386
tt5080076
tt1051981
tt0094481
""
""
tt2184339
tt11614472
tt0402158
""
tt38704119
""
tt0141842
tt1093078
""
""
""
""
""
tt0120601
""
""
""
tt1856010
tt0117665
tt1488555
tt31227572
tt0299658
tt0424095
tt0455822
""
""
""
""
tt11256614
""
tt6316138
tt10285166
""
tt0098844
""
""
tt0488085
tt0488477
""
tt1861334
tt0487230
""
""
tt6524142
tt12683756
tt0794338
""
""
""
""
""
""
""
""
tt10803866
""
""
""
""
""
""
""
tt5715410
tt1121925
tt4635282
tt9816130
""
tt2746314
tt3655522
tt3813310
tt0434706
tt1242539
tt4958742
tt6628102
tt1646131
tt8589850
""
""
tt27688511
tt12637874
tt2820852
tt6443346
""
""
tt0443436
tt0454945
""
tt0464118
tt0959086
""
""
""
""
tt1114740
tt0418279
tt2195045
""
tt1620935
tt0244343
tt10360586
""
tt2843368
""
tt11240672
""
""
tt2101383
""
tt1502397
""
tt2184086
""
""
""
tt1065073
tt4765284
tt11732840
tt1866302
tt1460006
tt1620680
""
""
tt0385267
""
""
""
tt4978420
tt0846061
tt1034331
""
""
tt3253232
""
""
""
""
""
tt0396688
""
tt0436332
""
tt1480684
""
tt0411477
""
tt0325980
tt2237324
""
""
""
""
tt0436067
tt4835298
""
""
tt1352676
tt0279895
""
tt0436984
""
tt2820852
tt0368479
tt1206285
tt8893550
tt1999995
tt0109913
""
""
""
""
""
""
""
tt1361878
tt5093026
""
""
tt0438204
""
tt1470022
""
""
tt1047441
tt15287264
""
""
""
""
""
""
""
""
tt0800080
tt0436392
tt0848228
tt3522806
tt0760169
tt1157601
""
tt4478168
""
""
""
""
""
tt0084649
""
""
tt0096542
""
tt0449318
tt1727770
""
tt1155056
tt0804503
""
tt3501632
tt0458352
""
""
tt6109874
""
""
""
""
""
tt9412268
tt15473010
""
tt1302137
""
tt2433738
tt1111948
""
tt0934814
""
""
""
tt0300532
""
tt0259711
""
tt0495040
""
""
tt1595598
""
tt15532772
""
""
tt0388213
""
tt0403057
""
tt7405184
tt1202230
tt1522860
""
tt13670808
""
""
""
tt0866435
tt2802328
""
tt1885537
""
""
tt1521869
tt19800020
tt6949848
""
""
tt36491546
tt22695080
tt1758830
""
""
""
tt1389096
tt2329202
tt27539995
""
""
tt1270797
tt0283755
""
""
tt2494376
tt9310136
""
""
""
tt7246394
tt7134096
tt11564570
tt14090844
""
tt1400515
tt1740476
""
tt0439263
tt0110963
""
tt2099467
tt10574236
""
""
""
""
""
tt0284606
tt8764358
""
tt1724970
tt0408524
""
""
""
tt0377713
""
""
""
tt5177088
tt0950474
""
""
tt0265208
tt32864268
""
""
tt0403455
""
tt5909754
""
tt0415833
""
tt0441782
""
tt10640346
""
""
""
tt10919486
tt23867846
""
""
tt1173453
""
""
""
""
tt0117333
""
""
""
""
tt9531772
""
tt4364202
""
tt6833398
""
""
""
tt1381707
""
""
tt0160611
""
""
tt4248480
tt1205537
""
tt0439375
tt0160611
""
tt0378456
tt6951546
tt11729298
tt1198124
""
""
""
""
tt7221772
""
""
""
tt0408524
""
""
""
""
tt3469046
tt1765622
""
tt0446313
""
""
""
""
""
tt1222329
""
tt0451082
tt4677934
""
tt3315268
""
""
tt1595357
""
tt0472198
""
""
tt1236467
""
""
""
""
""
tt37675364
tt1090680
""
tt5070488
tt12753684
""
tt0481582
tt7485048
tt7235466
""
""
""
""
tt10195208
tt1505405
tt2182972
tt1488698
""
""
""
""
tt2935510
""
tt10752660
""
""
""
tt0131179
tt1073507
tt31613653
""
""
""
""
""
""
""
""
""
""
""
""
tt2008890
tt11116852
""
""
tt0987918
""
""
""
tt6015808
""
""
tt0486725
tt1379178
""
""
""
tt8984382
""
""
tt2994190
""
""
""
""
""
""
""
tt3920722
tt2234701
""
tt1110052
""
tt12637874
tt1447972
tt5881406
""
""
""
""
""
""
""
tt6054076
""
""
tt1045778
""
""
""
""
""
""
""
""
""
""
""
tt12076384
""
""
""
tt4051858
""
tt0402874
tt14787632
tt2147459
""
tt1343092
""
""
""
""
tt0427208
tt28379984
tt9874290
tt0780573
tt0439758
""
tt2206064
tt3470600
tt4034354
tt1725995
tt1636818
tt15434074
tt1513728
tt2424988
""
""
""
""
tt1504958
tt1922777
""
tt1673697
tt1973692
tt3263816
""
tt4555194
""
tt20268688
tt3150586
""
tt0988595
tt0115159
tt2376218
tt13921588
tt2574698
""
""
tt4566758
tt28216373
tt1137450
""
tt0488658
""
tt1124060
""
tt1818442
tt2556308
tt0406816
""
tt0493405
""
""
tt2239512
tt2283336
tt0874319
tt39305726
tt0203289
tt0357848
tt0404030
tt1430612
tt0356910
tt16384866
tt0369441
tt1242441
tt0056758
""
""
""
tt0800369
tt0498339
""
""
""
tt1477834
""
tt39292933
""
tt7267470
""
""
tt0441701
""
tt1651506
tt0328107
""
tt1856010
tt3417242
""
tt1442313
""
tt0963966
tt9034266
tt7394666
tt39303710
""
""
""
""
tt0286716
tt0901476
""
tt2139555
tt1267297
""
""
""
tt2249007
""
tt5807606
tt8463714
tt5783956
""
""
tt3826952
""
tt0889573
""
tt5534588
tt0426573
""
tt2279786
tt0372824
tt6722342
tt0418689
tt0319930
tt0241025
tt2101020
tt12141112
""
tt6565702
""
tt0284492
tt4971344
""
tt11097374
tt0455944
tt9603212
tt0884224
tt8772262
tt0402141
""
tt15066742
tt2579250
""
tt8792882
""
tt1186637
""
tt1362371
""
""
tt1229238
""
""
tt4460878
""
tt10640346
tt35671816
""
tt35671816
tt5244974
""
tt9173264
""
""
""
tt1905041
""
""
""
""
""
""
tt0376990
tt1407061
""
""
""
""
tt2334429
tt9359796
tt6571506
""
tt0384683
""
tt2771200
""
tt13030172
""
tt1701990
""
tt0473024
""
tt8522006
tt1666801
tt4446228
""
""
""
tt4884300
""
tt0345061
tt14296996
tt8452282
tt3722332
""
tt0865559
tt0764644
""
""
""
tt0120855
tt14879816
""
""
tt0458496
tt1446072
""
tt4700756
""
""
tt1285217
tt0982874
tt0168596
""
""
""
tt3451080
""
tt1952642
""
""
""
tt14618028
tt6183272
""
tt1548669
tt1325014
""
""
tt4429058
tt3388128
tt2133333
""
""
""
tt1525894
""
""
""
""
""
tt1031280
tt0072562
""
tt30058029
""
tt13701796
tt0365991
""
""
""
""
""
""
""
""
""
""
tt1068961
""
tt14484374
tt13080372
tt0389892
""
""
tt1608290
tt2385227
""
""
tt0239432
tt37538765
""
""
""
""
""
tt2836166
""
""
""
tt0782042
""
""
""
tt0981106
""
tt0978749
""
""
""
""
""
tt5470600
tt4309236
""
""
tt2064968
""
""
tt0406222
""
tt0094578
tt0451014
tt0487831
""
""
""
""
""
tt0441297
tt2948530
tt2345481
tt15407486
tt0852863
tt1206314
tt7741824
tt1628748
tt5161632
tt34050607
""
tt1082875
""
tt1037757
tt0489237
tt8089592
tt5651032
tt3753910
tt5974030
tt1051906
tt1105734
""
""
""
tt0114148
""
tt0420982
tt3398048
tt1166809
tt4024814
tt0349710
""
tt1867043
tt12263384
tt0377256
tt1670345
tt2618986
tt2618986
tt1355644
tt1737666
tt5101204
tt0476958
tt3395290
tt28610307
""
tt0314170
""
tt1355644
tt6763664
""
tt2101570
tt5464234
tt3279024
""
tt1796960
""
""
""
""
""
""
tt0768831
""
""
""
""
""
tt2645122
tt5345490
tt4366830
""
""
""
""
""
tt1298644
""
tt21916908
tt1412391
""
tt14625490
""
""
tt0422419
""
""
""
tt9660502
""
""
tt3355496
""
""
tt31974288
tt1682246
""
tt1595452
""
tt1241317
tt1951265
tt0898496
tt7638348
tt1977895
tt0443768
tt0113071
""
tt7134908
tt4199016
""
tt20873084
tt2978426
tt12839056
""
tt0409459
tt1345836
""
""
""
tt0982416
tt29965540
tt1584730
tt0097708
tt0449088
""
tt5747112
tt1014759
tt7588054
tt10855768
""
tt1152814
tt3523852
""
tt5555260
""
""
""
""
tt1342862
tt1548264
tt0099575
tt3513500
""
tt0462158
tt3061046
tt2861424
tt3665514
""
tt0230011
""
tt0458458
tt1212436
tt5368308
tt2679022
""
""
tt1694020
""
""
""
tt0286598
tt38671577
tt2515134
tt0406282
tt1011549
""
tt1086810
tt14998742
""
tt1563129
""
""
tt1906333
""
""
tt0263746
""
""
""
tt3960412
tt1587223
""
tt2358911
tt8262802
tt15041836
tt6265828
""
tt1535109
""
tt1639397
tt0087418
""
""
tt3790942
""
tt2752758
""
""
""
tt4477106
""
tt0112281
""
""
tt1198156
tt0212879
""
tt5774060
tt11833388
tt0332452
tt1397280
tt6511932
""
""
tt1307918
tt0978759
""
""
""
tt1468703
""
""
""
tt0825225
""
tt1980993
tt7127434
tt3125020
tt1310944
""
tt9860954
tt0422734
tt5336934
tt5037840
""
tt3920686
tt0308992
tt4370528
tt1018785
""
tt2239832
tt4955614
tt4764576
tt2326400
""
""
tt9735470
tt2222352
tt1600194
""
""
""
tt0775539
""
""
""
tt0446740
tt0482461
tt0353528
tt26250170
tt0438324
""
""
tt0478970
tt11090314
""
tt10820684
tt0452569
tt1078940
tt0865868
tt2381991
""
tt3533396
tt3450958
tt1769411
tt11242246
""
tt2364582
tt0364845
tt1424858
tt0816539
""
tt8134116
tt15766352
tt8690450
tt4690868
tt5023828
""
tt13871700
""
""
""
tt9211502
tt1283546
tt8523334
tt0103639
tt0446648
tt0118715
tt4694404
""
tt0474499
""
""
tt1003023
tt4270492
""
""
tt1260696
tt5853176
tt5807204
""
tt0408839
""
tt9856336
""
tt27288401
""
tt9376494
""
""
""
tt0873587
""
tt0414982
""
tt2234428
tt30470045
""
tt1018785
tt33944630
""
tt34818051
""
tt9257484
tt2212044
""
""
""
""
tt1270798
tt10482370
""
tt7270808
""
""
""
tt11291274
tt0418279
""
""
tt14819660
""
tt2066051
""
""
tt1396484
""
""
""
""
""
tt2325941
tt17730778
tt0369226
tt8058874
tt0196811
tt9177040
tt0288968
""
tt1073498
""
tt1354720
""
tt0490143
tt3729898
tt24169886
tt35058048
tt1268799
""
tt11920630
tt0365653
""
tt10994688
tt0448093
""
tt5709224
""
""
tt0371606
""
""
""
""
""
tt1261414
tt8458582
""
""
""
""
""
tt1591511
""
tt2391089
""
""
""
tt0758746
""
""
""
""
tt3614530
""
""
""
""
""
tt4630562
""
tt2191671
""
tt7586752
tt1196141
tt0454945
tt3484274
""
""
tt0269341
tt0459683
""
""
tt0449523
tt0844993
tt1167845
""
tt0982922
tt0951322
tt5755238
""
tt4900148
""
tt20452618
""
tt20883126
""
""
""
tt12193804
tt3568002
""
tt4139124
tt0437704
tt1482459
tt7140432
""
tt1655609
""
tt6598238
""
tt1470854
tt8043434
tt8875940
""
""
tt8467008
""
tt3797664
tt0365675
tt0120169
tt0482138
tt0424774
""
tt35962593
""
tt2850480
""
tt1663143
""
tt9184986
tt0846107
""
tt15463250
tt0433319
tt3132244
""
tt4572514
tt2463288
""
""
tt13991390
""
""
tt1553184
""
""
tt1877832
tt0456009
tt0127013
""
""
""
""
tt0096697
""
tt6105406
tt1574618
""
tt1277953
tt1550334
""
tt0451279
tt0468569
""
tt4192916
tt0377981
tt1100053
tt0434215
""
""
""
tt0493386
tt0449660
tt2845780
""
tt2184430
""
""
""
""
tt1590190
tt0824315
""
tt0444082
""
""
""
""
""
""
""
tt2044128
""
tt6636246
""
tt13317582
tt12915716
""
""
""
""
tt1186248
""
""
""
""
tt4835442
tt0429078
""
""
""
tt35048626
tt1193631
""
""
tt0450377
""
tt1321511
""
""
""
tt14998742
tt1231287
tt10065694
""
tt1778255
tt18301966
""
tt1517268
""
tt2457154
""
""
tt6060444
""
""
""
""
tt0343356
tt5868826
""
tt1179258
tt1278449
tt2082417
tt8783930
tt38639590
tt3119566
tt14760906
tt1327194
""
tt0795493
tt0445934
""
tt3686692
tt5790684
tt5705192
""
""
tt4654184
tt12618926
""
tt3263212
tt0425112
tt0932557
tt0810804
tt0275847
""
tt5208774
tt7905488
tt9032400
tt0460958
""
tt3096902
tt14016500
tt17505010
tt0409182
tt0879404
tt1272012
tt2651246
tt0114148
""
tt1514717
tt9362930
tt7181546
""
tt1073502
tt0120855
tt2948356
tt1468387
""
""
""
""
tt1981677
tt7932920
tt5164432
""
""
tt14998366
""
""
""
tt1291584
""
tt4254584
""
""
""
""
""
""
tt3864056
""
""
""
""
""
""
tt3416828
""
tt0450337
tt0942384
""
tt1169162
tt1630574
tt0186804
tt31394052
""
tt1554500
tt0869977
""
""
tt3086442
tt0285359
tt4478168
tt7296862
tt0443455
""
""
tt0473502
tt11271038
tt1379191
""
""
""
tt5478634
tt0493405
tt34621956
tt0765125
tt3469046
tt0422243
tt0140055
""
tt6856242
tt1815045
tt19869334
""
""
""
""
""
tt0471182
tt5715186
""
tt1516541
tt14857602
tt1255855
""
""
""
tt0446046
""
""
""
tt9784798
tt2304456
""
tt3015516
""
tt3597606
""
tt4426846
""
""
""
""
tt30581386
tt0485920
""
""
tt3371366
""
""
""
""
""
""
tt4711952
tt0436613
""
""
""
tt1766032
tt0452190
""
""
""
""
""
""
""
""
""
""
""
""
""
tt0354131
tt0421297
tt0411236
tt0447253
tt29594413
""
tt0413573
tt0780429
tt0285601
tt0437005
""
tt7588790
""
tt37530014
""
tt0091104
tt0103352
""
tt10834220
""
""
tt5665418
""
tt4888440
tt0372784
tt10188398
tt1318514
tt9789660
tt0896798
tt2233084
""
""
""
""
tt1037530
""
tt0324893
""
""
""
""
""
tt0218748
tt6539992
""
""
tt17081584
""
tt0372303
""
tt7104984
tt27189535
tt1351685
tt10980544
tt1986175
tt4477976
tt0452820
""
""
""
""
tt1658801
tt1077065
""
tt3024664
tt1637688
tt6032708
""
tt1935194
tt0479780
""
tt4118584
tt0380100
""
""
tt2069915
""
tt11097374
""
tt0955308
""
tt0200465
""
tt0447730
""
tt0058796
tt0844671
""
""
""
tt21837726
tt1534010
tt0366548
""
tt7197684
""
tt4532368
tt1704620
tt0997287
tt9140604
tt0063951
tt1280567
""
tt0450311
""
""
tt0319931
tt1931602
""
""
""
""
tt14271498
""
tt6262764
tt1067774
tt1205537
""
""
""
""
tt0832266
""
tt2377081
tt2748630
tt3439554
""
tt0445940
""
tt6048922
tt4015496
""
""
tt0475217
tt3502172
""
""
tt0170982
""
""
""
""
tt1830617
""
tt2575988
tt0960731
tt8760708
""
""
""
""
""
""
tt1821622
tt0473393
""
""
tt0444990
""
tt13659418
tt0411008
tt1156311
""
tt2562232
tt0477050
tt0358082
""
""
tt0478087
""
""
tt12490488
""
tt2946764
""
""
tt1525835
tt0441773
""
""
""
tt0449460
""
tt2572030
""
tt0404364
tt9604400
tt2004269
""
""
""
""
tt5792026
""
tt35717562
tt1582507
""
tt4913946
""
tt33533071
tt18553786
tt1292703
""
""
""
tt3443534
""
tt0455538
tt6079772
tt12823454
tt0477051
tt26255476
""
tt6673964
tt3529198
""
tt0758742
""
tt2058673
""
tt0200276
tt0102181
tt0804452
""
""
""
""
""
tt4694268
tt7181546
tt2303687
tt4160382
tt2080293
tt2097298
""
tt1454926
tt6741278
tt3760454
""
""
""
""
""
""
""
tt2082410
""
""
""
""
tt1710310
tt30059012
""
""
""
tt0844441
tt9764386
tt4488428
""
tt3636060
""
tt0425413
tt7608238
tt10544944
""
tt1502987
""
""
tt8172166
""
tt1408101
tt1189001
""
""
""
tt3702328
tt0293564
tt0254927
""
tt0989731
""
tt5573374
tt0402808
""
""
tt2446042
tt0109021
tt4669264
tt2015381
""
""
""
""
tt0815245
tt1094666
""
""
""
""
tt0428003
""
tt4014196
tt0430651
tt37544175
tt19757912
""
tt1043726
tt0437459
tt2747908
""
""
tt15374252
""
""
tt0462519
tt0815245
""
""
tt0391304
tt0815245
tt1214085
""
tt25030920
""
tt0089798
tt0469641
tt1188729
""
tt0493283
""
""
""
tt3011894
tt0947810
""
tt1657513
""
""
""
""
""
tt0308644
tt0360717
""
tt3603808
""
tt5292622
tt19770372
""
tt0390249
""
tt5074352
tt7025710
tt7692932
""
tt2431448
tt5164196
""
""
""
tt0088580
""
tt13353444
""
""
tt37017468
tt0775354
""
""
""
""
tt7971674
""
tt8868446
tt0361217
""
tt0436587
tt0819916
""
""
tt0814381
""
tt1248280
""
tt4590256
""
""
""
tt0412808
tt0405526
""
tt3246840
tt8976576
tt2543472
""
""
tt9594664
tt11617052
""
""
""
tt28097834
""
""
""
tt1604092
tt6069250
""
""
""
tt2994190
""
""
""
tt7331368
""
""
""
""
""
""
tt1318995
tt1837576
""
""
""
tt0815245
""
""
""
tt0406816
tt0424136
tt5843850
tt2006005
""
tt27829584
""
tt1893804
tt1488555
""
tt2802328
""
tt4073392
""
tt1726777
tt0914805
tt15218000
tt6103812
tt0892769
""
""
""
""
tt0483573
tt1082886
tt2360500
tt0461937
""
tt13431512
tt8893974
tt1126618
tt1670345
tt26943420
tt0291583
tt7491982
""
tt0485927
tt8036976
""
tt5180504
tt1885102
""
tt13279552
""
""
tt0357204
""
""
tt14824600
""
""
""
tt5774450
tt1800302
tt0436339
tt4295140
""
tt1856010
tt1318995
""
""
""
""
tt1366687
""
""
tt0436854
""
tt8993398
tt1619029
""
""
""
tt1578873
tt5709400
tt1262892
""
""
tt0414982
tt0441462
tt0460664
""
""
tt1698641
""
""
""
""
""
tt1381686
""
tt0181984
tt13758294
tt2467372
""
tt2346324
tt1302011
tt1130993
""
""
tt1588349
tt2776704
tt1226753
""
tt0340855
tt6112124
""
""
tt0438296
tt1551632
tt0466012
tt10794054
""
tt4082612
""
""
tt1464335
""
""
tt1012729
tt0395699
""
tt4684834
""
tt0808285
tt1723120
tt0463985
""
tt14277840
tt15325794
""
tt3896198
tt0322589
""
""
""
tt5792472
tt13654226
""
""
""
""
""
tt28037987
tt1360866
""
tt2872718
tt2402061
tt2106651
""
tt12707632
tt13459892
tt1278407
""
""
tt0309987
tt1883227
tt1235450
tt0405676
tt0865554
""
""
tt0094684
tt3006802
tt2829046
tt10969378
tt1428465
""
""
tt6945500
tt15444212
""
tt6089192
tt2166143
tt1194142
tt0454418
""
""
tt3677548
tt0462340
tt1844624
""
tt0800019
""
tt28244549
""
tt8635222
tt4936306
tt4535650
""
tt0316763
tt0160611
tt23180998
""
tt2741602
tt0314353
tt2488496
""
""
""
""
""
""
""
tt0291770
tt8311792
""
tt13658126
""
tt1540011
""
tt11703710
tt3502262
tt2548396
""
tt1704573
tt0373883
tt0494909
tt0388629
tt3640424
tt1646980
""
tt10085238
""
""
tt0808409
tt2294677
tt6111130
tt1078912
tt3221518
""
""
tt0317705
tt1710308
""
""
tt0922642
tt0455829
tt1756522
tt1890363
tt0426566
""
tt0107889
tt2699128
tt1087476
tt27751957
tt0773262
""
tt0214631
tt0460627
tt1320144
""
""
tt26584495
tt1397280
""
tt1403041
tt1343026
tt0780195
tt2072233
""
""
""
tt2905838
tt3281470
""
""
""
""
""
""
tt0988595
tt0452640
""
""
tt1378167
tt0472181
""
tt4789586
""
""
tt3002648
tt7765910
tt0281438
""
tt1058017
tt2076822
tt1483756
""
""
""
tt2951814
""
""
""
""
""
tt5305950
tt8273104
""
tt7040874
""
""
tt0827772
tt0988595
tt0821008
tt0355702
tt20859920
tt0483789
""
""
tt8550448
tt0113540
tt0119345
""
tt39398878
""
tt0270933
""
""
""
tt0446046
tt0449005
tt0110064
tt0988595
tt3949936
tt9465600
""
""
""
tt0414426
tt33499451
tt15472454
tt2098842
""
tt4458594
tt0287717
tt1740670
""
""
tt0376196
""
tt0829150
tt17887350
tt6857166
tt0463854
tt4377952
tt6806448
""
""
tt1290471
tt0804497
""
""
""
tt3731562
""
""
tt1564916
tt4113020
""
""
""
tt2911996
tt1327801
tt1235563
tt14642282
tt1673670
""
""
""
tt1951264
""
tt3367686
tt0398165
""
""
tt0994314
tt5311102
""
tt6187620
tt0974015
""
""
tt0985694
tt0479974
""
tt1169167
tt0425236
tt0468631
tt2179292
tt1265621
""
""
tt1223975
""
""
tt10183816
""
tt0456917
""
tt4719236
tt0850253
""
""
tt1758830
""
tt1405737
""
""
tt1098358
tt14595394
""
tt0469263
""
tt1788634
""
""
""
tt6108178
tt0110912
tt5189374
""
tt3416744
""
tt26598069
""
""
tt1055292
tt3397884
""
tt15654262
tt3778644
""
tt11376010
tt3602176
""
""
""
tt7984734
""
""
tt1787725
""
""
tt0379786
tt5357316
tt13649220
tt0359950
""
tt2424842
tt0445965
tt1242527
tt4417412
""
tt0245429
""
tt9168904
""
tt12102988
tt1814519
""
""
""
tt15022702
""
""
""
""
""
tt14013898
""
tt0365748
tt2741602
tt4682788
tt0435761
""
tt4253464
tt0403016
tt0470642
""
tt0098855
tt0338337
tt0283225
""
tt1190080
tt7362036
tt3230454
tt2758880
tt19121700
""
tt1896747
tt7550774
""
tt24515124
tt1781092
""
tt2126355
tt0760311
tt4141516
tt1483828
tt9820352
tt35520290
tt2103281
""
tt5596034
""
tt10731768
""
tt4872446
tt8207478
tt2152212
tt1187043
tt10323676
tt5531466
""
tt0982416
""
tt13556320
tt0427944
""
""
tt2404379
""
tt11315808
""
tt0052357
""
tt2094990
tt0117318
tt0395495
tt4310022
tt0462423
tt1979376
""
""
tt3600396
tt1676701
tt10562676
tt0492680
tt0451272
tt1198371
""
tt6450804
tt1753488
""
tt1228933
""
""
""
""
tt1051904
tt2402927
tt6199682
""
tt0395699
""
""
tt0316465
tt7829286
""
tt4841610
""
""
tt5434870
tt1517489
tt21106646
tt1408101
tt1981128
tt39117025
tt0951216
""
""
""
tt1815862
""
tt1634828
""
""
""
tt31566788
tt4158110
""
""
""
""
tt0263728
tt0389813
""
tt0458027
""
tt9372066
""
tt0878814
tt2378794
""
tt1201167
tt2369135
tt32642706
""
""
""
tt2231461
""
tt1230207
tt0230011
tt13669038
""
""
""
tt0485920
""
tt0460691
""
tt0466626
""
""
""
""
tt0485569
""
tt0476203
tt31092150
tt0118463
tt7176580
tt1626146
""
""
tt3402138
tt0247102
tt14300912
tt14507370
tt1598822
""
tt24053860
""
tt0285333
""
""
""
tt0844471
""
tt3762284
""
tt2004305
tt1121964
tt1254969
tt2431438
""
""
tt0437729
""
tt11317654
""
tt0412461
""
""
""
tt0813853
tt1190894
tt7466442
tt0396707
tt1189073
tt10135168
""
""
tt2234222
""
""
""
tt3905798
""
tt0460612
""
tt1977895
""
tt4834220
""
tt1381020
tt0346631
""
tt1711366
""
""
""
tt0399327
tt0997263
""
tt16302202
tt1139644
tt10127684
tt2339646
tt29335940
tt7025912
""
tt1510926
tt2203939
""
tt0090440
tt0295427
tt3576842
tt0416185
tt4887126
tt5323662
""
tt2342071
tt3914454
""
tt2226597
""
""
""
""
tt3152166
tt1747958
tt3857070
tt8630174
tt3835250
""
""
""
tt1830617
tt0103569
""
tt0427392
""
""
""
tt0882977
""
tt3963816
""
tt0889263
tt4264964
tt31077776
""
tt19432926
tt3010794
tt0815770
""
""
tt0455499
tt2182427
tt0826760
tt0960835
tt4499228
tt2007387
tt2788716
tt0482086
tt14040910
""
tt2160105
""
""
tt0461039
tt0359013
tt0464154
tt0760183
""
""
""
tt2011045
""
""
""
tt4922804
tt3513068
""
tt3779780
tt1528781
""
tt0938347
""
tt1872072
tt1524930
""
tt8244298
tt14208870
""
""
tt2312036
tt2379418
tt0762125
""
""
""
""
tt3322364
""
tt0472043
""
""
tt28609811
tt2527336
""
tt1111918
""
tt0840196
tt1518812
""
tt19853706
tt1740668
""
""
""
tt2015381
tt0816711
""
tt0473105
""
tt3636060
""
tt31193180
""
tt0367882
""
""
""
""
""
tt0997048
tt2390283
""
""
""
tt1865801
tt2235902
tt0364845
""
""
tt5648202
tt1717343
""
""
""
""
""
tt0245429
tt2316204
tt2723576
tt1879016
tt2575988
tt2363363
""
""
tt2829242
tt13603966
tt0401729
tt1600194
tt1190080
tt10617188
""
""
tt14218830
tt1178636
""
""
tt5531470
tt30135174
""
tt4577344
""
tt1800739
""
""
tt0411477
""
tt11763526
tt0461804
""
tt0124102
""
tt1979227
tt3289606
""
tt1091722
tt5265402
""
""
tt2408232
""
""
""
""
tt0441773
tt3557604
""
""
tt27726037
tt3004746
tt0928414
tt0278422
""
""
tt1228705
""
""
""
tt1059786
tt1717152
tt2245003
""
tt2077851
""
tt5548358
tt10168670
tt8009906
tt10883660
tt1045778
""
tt11057302
tt12929868
""
tt1489144
""
""
""
tt0892345
tt0445912
""
""
""
""
""
""
tt1474276
""
tt1210355
""
""
""
tt0058796
""
tt0485985
tt1454575
tt0409572
tt11468930
""
tt7547410
tt0491175
""
""
tt32981647
tt3759370
tt0437005
tt1740299
tt1270761
""
""
tt1911658
""
tt0491005
tt0095840
""
tt1726669
""
tt1450002
tt0360016
tt0997188
tt1300854
""
""
tt0107100
tt0165042
""
""
tt20215670
""
tt4357714
""
tt1673509
tt0472954
tt16442864
""
""
tt2660888
tt0179042
""
""
tt0338464
tt7931840
tt1872181
tt4154756
tt1094597
""
""
tt8893974
""
""
""
""
tt0363547
""
""
""
""
""
""
""
tt1366687
""
tt5574766
tt4400086
""
""
""
""
""
""
tt3140100
""
tt8155288
tt9018916
tt4518264
tt0323222
tt0059855
""
""
tt0991344
""
""
""
tt10204806
tt7762570
""
""
tt0495024
tt2121277
""
tt0438427
tt6116060
""
""
tt0465234
tt1082577
""
tt3859310
""
""
tt2946814
tt2385104
tt1520211
""
""
tt5327922
tt1319561
""
""
""
tt0986263
tt0815250
""
tt0103396
tt14466190
""
""
tt0947810
""
""
""
tt3602106
tt1936911
""
""
tt0372303
""
""
tt1100119
""
tt1675174
tt28037987
""
""
tt2072233
""
tt1977094
""
""
tt1558643
""
tt9362930
tt3810572
tt0419984
""
""
tt0375911
""
""
tt0482213
""
tt0455967
tt10168670
""
""
tt0484917
tt1483403
tt0368489
tt10409498
tt33055254
""
""
""
tt2712516
tt1872181
""
tt7772582
tt0890870
tt0785035
""
""
tt3896198
tt5180856
""
""
tt0421994
""
tt10276160
tt6038584
""
tt0460741
tt23872640
""
tt9024590
tt1468734
tt4445104
tt2913010
tt4850594
""
tt7562112
tt15314362
""
tt0844652
tt0396897
tt1747967
""
""
tt3700338
tt0778661
""
""
""
""
""
tt5536736
tt6277480
tt1190080
tt0808096
""
tt1765679
tt1399045
tt0813804
tt9389998
tt0416044
""
tt0472062
tt7208266
tt1615065
tt1937449
tt0285566
""
tt1100119
tt8690918
tt4016934
tt1606610
""
tt0432267
tt6342440
tt3488710
tt2333804
""
""
tt0369610
tt1572300
""
""
tt4669296
tt7772412
""
""
tt5127470
tt1068680
""
""
""
""
tt1179933
""
tt4635276
tt1520211
tt5618256
tt0042332
tt0410131
tt18312380
tt0469754
tt9783600
""
tt1231587
tt0271000
""
tt3581920
tt6150788
tt1152827
tt0963175
""
""
""
""
tt1588383
tt0397769
tt0358678
""
""
tt6743484
""
tt0395251
tt2334871
""
""
tt5179598
tt2322441
tt8754690
tt0443559
""
tt3797868
""
tt11636880
tt4649416
""
tt15270502
tt3547306
tt0461906
tt22004344
""
""
""
""
tt4592410
""
""
""
""
tt11849558
tt0157246
""
tt31499750
""
tt1059786
tt1351097
""
""
""
tt0488830
""
tt1860355
""
tt10588740
tt0202197
tt0309141
""
""
""
tt2797352
""
tt0472954
""
""
""
tt4532826
tt12070800
tt0367089
tt10985770
tt1193138
tt0203259
""
""
tt0475723
tt12968576
""
tt3606488
tt0382400
tt0408306
tt5822676
""
""
tt0787523
tt1480285
""
tt0876101
""
tt2347569
tt3596174
tt0464178
""
""
""
""
tt0349467
tt5798382
tt0175142
""
tt4800666
tt1773477
""
""
""
tt1019452
tt0329354
""
""
tt0364853
""
tt11525644
""
tt0469903
tt0119899
""
tt0813853
tt1711425
""
tt0452623
tt6155194
""
""
""
tt1758830
""
tt0795367
tt18072556
tt0323124
""
""
""
tt0814075
tt2618986
""
tt1442065
tt7587890
""
tt5024912
tt14416442
""
tt2781406
""
""
""
""
""
tt1716777
""
tt0171768
""
""
tt26626261
""
tt3740808
tt0412253
tt0463834
""
""
tt0775349
""
tt27650296
""
tt1094195
tt0466448
tt2064720
""
""
tt5442090
tt1280532
""
""
tt2660888
tt0906064
""
""
tt2448244
tt3335606
""
""
""
""
""
""
tt0819732
""
tt10763710
tt0428212
tt1460632
tt4619208
""
""
""
tt9184820
tt2262308
tt2449846
""
""
tt5829040
""
tt2180587
""
tt1142567
tt6802204
tt1059786
tt1641384
tt0762107
tt1433801
""
""
""
""
tt4158096
""
tt0963794
tt17052842
""
tt8111088
tt0465411
tt3612492
""
tt2347497
""
tt39303992
tt3520702
tt37360759
tt3140100
""
tt0460690
tt0460838
""
""
""
tt14998742
tt12547822
tt2233800
tt0823223
tt0427309
""
tt0407143
""
tt0167260
tt15881530
tt2573338
tt1942946
tt1014741
""
tt0811080
tt0466778
tt1133985
tt1935179
tt0454084
tt4158096
tt21188080
""
tt0411131
""
""
""
""
tt0816545
tt7424358
tt0072562
tt0381798
""
tt0453472
tt1161418
""
""
""
""
tt14856980
""
tt5313058
tt3361856
tt0120915
tt7144666
""
""
""
tt0318913
""
tt3472066
tt1924362
tt0491095
""
tt16342272
""
""
tt1410219
tt1925431
""
tt4836846
""
tt0421729
""
""
""
tt6170874
tt2072227
tt30144293
tt1014775
tt8066878
tt0454814
tt0979432
tt2582576
tt2442988
tt0374277
tt1695843
""
""
tt0466856
tt0479140
""
tt7205316
tt0328034
""
""
""
""
""
tt0796235
""
tt6791730
tt8271176
tt4254242
tt1090654
tt0762114
tt3045616
""
""
tt0104187
tt0910936
tt0467865
""
tt0468355
tt1528718
""
""
""
""
""
""
""
tt1206289
tt0460637
""
tt0337552
""
""
tt0372784
tt0884294
tt2304771
tt7351098
tt1591493
tt0377818
tt0452597
tt5397194
""
""
tt1656186
""
tt1705100
tt4920274
""
""
tt0405676
tt36629788
""
tt0463935
tt1602575
tt6395070
""
tt0949365
""
tt1467394
""
tt2463808
""
tt20866042
tt15765670
""
tt4460878
tt31450976
tt0416044
tt7053188
tt2998364
""
tt0393162
tt9139586
tt2322517
tt5610626
tt2274538
tt0103569
""
tt3202202
tt0468424
""
tt1673434
""
tt0464041
tt0468485
""
""
tt11138082
tt14781036
tt1785636
""
""
""
""
""
""
tt2300909
tt0466665
tt2005151
tt1606375
""
tt21051906
""
""
tt12281222
tt1205071
tt1284575
tt0443456
""
tt0267913
""
""
""
tt1728104
""
tt31956889
tt5460226
""
tt12383460
tt8575292
""
""
""
""
tt2352763
""
tt0463947
""
tt3803864
tt1462041
""
""
tt1212437
tt14209916
tt6111130
""
tt12630606
""
tt0094135
tt0820096
""
""
tt0844653
tt2724856
tt2507030
tt2982456
tt38790804
tt15789038
""
""
""
tt8740976
""
tt0446013
""
tt0948449
tt1479683
""
tt1625346
""
tt0465234
""
""
""
""
tt1679172
""
tt0368479
tt1612613
tt32408158
tt1845307
""
tt0468750
tt0377800
tt0892255
""
tt12003946
""
""
tt1924424
tt0458339
""
""
""
tt0285462
tt1442521
tt14694008
""
""
""
""
""
""
tt1214962
tt0469953
""
""
tt1391463
""
""
""
tt0159206
tt32125578
""
tt0453453
tt1466497
tt0450385
tt8439234
""
""
tt1336608
""
tt5420376
tt0112056
tt1065073
tt1193631
tt1782407
tt0308125
""
tt1197624
""
tt0801002
""
""
tt1735894
tt0203259
""
""
tt14157172
""
tt3762616
tt6581590
tt1003364
tt0420981
tt8680560
""
tt0814335
tt6964798
""
""
tt2909578
tt0056758
tt1190634
tt0106178
""
""
tt2034800
tt19883220
tt2247908
tt1433801
tt2951144
tt6319654
tt7946216
""
tt1431045
""
""
""
tt0362120
tt10160804
tt1261045
tt2831364
tt12597246
tt2948356
tt9638668
tt10954600
tt3484406
""
tt0329691
""
""
tt0293429
tt0934339
""
tt8571462
""
tt1495708
tt8633296
tt37285985
""
tt1411697
tt7395992
""
tt2261391
tt20603366
tt1482839
tt4016934
tt1994495
""
""
""
tt1844624
""
tt1343727
tt13918232
tt0866439
tt2287715
""
tt6517102
""
tt2210879
tt0357585
tt0463985
""
""
""
tt3001638
""
tt1059786
""
tt16092052
tt10160804
tt0466899
tt1805236
""
tt4715968
tt5033342
""
""
tt0424095
tt33293130
""
""
tt7363336
""
tt1547234
tt1639879
tt33997565
""
tt1675759
""
tt1308758
""
tt6299542
tt13438882
""
tt1608615
tt11950524
tt1979320
tt11394282
tt5760848
tt3896198
""
""
tt1950235
tt0983229
tt4004370
tt1880329
tt1418757
tt3450958
""
tt2823414
tt2815902
""
""
tt1488606
tt0470485
tt1341167
""
""
""
""
tt12616512
""
""
""
""
tt10228134
""
""
""
tt7985576
tt3410350
""
""
tt7822320
tt1245492
""
""
""
tt0483152
""
""
tt13654226
""
tt5856774
tt0428446
tt10696896
""
""
""
""
tt38123566
""
tt2369135
""
tt15239678
""
tt0419843
tt1308728
tt8001718
tt1582350
tt9359294
tt1765510
tt8946378
""
""
""
tt9235982
""
tt1195935
tt2431470
tt0811615
""
tt5710514
tt16673138
""
tt2782682
""
tt2531344
""
tt9064192
tt1391620
tt0947802
tt0213985
""
tt1237932
tt6652708
tt0380964
""
""
tt10366206
tt1388427
""
""
""
""
""
""
""
tt2168978
tt0286486
tt1183481
""
tt35674521
tt0471658
""
""
tt2245084
tt1984178
tt2699110
tt1714915
tt3985752
""
""
""
""
tt4231442
""
""
""
tt4920360
tt2179116
""
tt6155172
""
tt1637725
tt4088268
tt6141334
tt3337194
tt13541354
tt0455857
""
""
""
tt11662580
tt5956100
tt1276419
tt7817340
""
tt1120985
""
tt1402488
""
""
tt0452833
""
tt1764555
""
""
""
tt0901476
""
tt2649070
""
""
tt0460681
""
tt0937375
""
""
""
""
""
tt0807846
""
tt0758745
tt1217239
""
tt3769594
""
""
""
tt15677150
""
tt0338464
tt1351685
""
tt0851851
tt0948470
tt10619486
""
""
""
tt13706018
tt5670764
tt1210820
tt1204890
tt3521164
tt0471857
""
""
tt2126235
tt30807200
""
tt2566884
tt1776238
""
tt2140189
tt1229238
tt0433362
""
""
""
tt3799694
""
tt1470023
""
tt0472566
""
""
""
""
""
tt13329130
""
tt0406216
""
tt3505712
tt7994198
tt0472582
tt0860554
tt0471887
""
tt0264235
tt0464118
tt0918940
tt12092584
""
tt2699128
tt1856010
tt0422550
""
""
tt4028464
tt1080016
tt31122382
""
tt1125849
""
tt1280019
""
tt1274300
tt0942384
tt1097581
""
tt0796366
""
tt5897636
""
tt11827628
tt11291274
""
""
tt0872193
""
""
tt18404176
tt11701646
tt0446211
tt4320258
""
tt1029134
tt1337504
tt0460649
""
tt10370710
tt0453453
""
tt1212450
""
tt0472566
""
""
tt0855859
""
tt15508906
""
tt0389738
""
""
tt2933728
""
tt1190689
""
""
""
tt0440963
tt0440963
""
tt0471601
tt0462298
tt0978719
""
""
""
""
tt6120478
tt36596935
""
""
""
tt1231586
tt1213641
""
tt1055369
tt1560146
tt0472014
""
""
tt0278295
""
""
""
""
tt0805663
tt0918940
""
""
""
tt33050553
""
tt0878804
""
tt5129156
""
tt0852863
""
""
""
""
""
tt1045670
tt5860750
""
tt0413573
tt0462519
""
""
tt2936474
""
tt8593252
tt2660806
""
""
tt0154053
tt0371445
""
""
tt0778849
tt2712740
tt9519642
""
tt16294384
tt2140553
""
""
tt1598822
""
tt8075600
tt2322864
tt0448157
""
""
tt7357188
""
""
""
tt28681787
tt1645170
""
tt3530668
tt0425112
""
tt0437005
""
tt1311713
""
""
""
tt10954600
tt9780390
tt0443706
""
""
""
""
tt0398165
""
""
tt3216822
tt0963974
""
""
tt0115144
""
tt0090633
tt0362372
""
tt0211443
""
""
""
""
""
""
""
""
""
""
tt0212671
""
tt1502714
tt7904182
tt2245084
tt7077616
tt0399295
tt1669602
""
""
""
""
tt33368113
""
""
tt36488577
""
""
""
tt2354851
""
tt7374952
""
tt0444626
tt8053290
tt0974015
tt1413171
tt6684982
tt1466568
""
tt30984950
tt10295074
tt1831897
""
""
""
""
""
tt4477976
tt2132954
tt5351818
""
tt3899406
tt6737766
tt2049116
tt3521126
""
tt0844029
tt9238392
tt11247622
""
""
""
tt0898266
tt21285728
""
tt2283023
""
""
tt1684562
tt6229786
""
tt11540726
""
""
tt1045655
""
""
tt0415978
""
tt1863460
""
tt0460621
""
tt14060094
tt1751634
tt0458254
tt0096697
""
tt31987790
tt3736888
""
""
""
tt0872249
tt7161312
tt0972883
tt0364845
tt0487200
""
""
""
""
tt5648202
tt5918926
tt6236538
tt5271448
""
tt1954498
tt0475369
""
tt1301171
""
""
tt0471042
""
""
""
tt1586680
tt13883594
""
tt0460673
tt0407887
tt0475408
tt4160708
tt0215445
""
""
""
tt27502523
""
""
""
tt0795351
tt37563541
tt1291455
""
""
tt33063066
""
tt0822849
""
tt4599600
""
tt6873816
tt2440228
tt32260680
tt0450329
""
tt21316076
""
tt0492619
tt1258972
tt1304861
tt19637278
""
tt3824006
tt2106361
tt0419984
tt1715320
""
tt5080956
tt0432260
tt1341710
""
tt0891405
tt2846144
""
""
tt0377607
tt1180303
""
tt3520702
""
tt2323368
tt1871257
""
""
tt1611791
""
""
""
""
""
""
tt0417741
""
""
tt15571392
""
""
tt36584906
tt2379308
tt0473439
""
tt4474344
tt0435581
tt0461770
""
tt3741700
""
""
tt1300854
tt0156201
tt0265408
""
tt0484051
""
tt3547682
""
tt12726428
tt3704352
""
tt5516586
tt21284218
tt9117054
tt7658402
""
""
""
""
tt1537697
""
""
tt0477033
""
""
tt1267289
tt3515512
tt1675297
tt0482110
""
tt0929248
tt0816607
tt3797842
tt4940366
""
tt0488870
tt2199473
tt0387877
tt0768202
""
""
tt15063296
""
""
tt3638504
""
tt2189801
""
""
tt0414766
tt10253816
""
""
tt0408306
""
tt0106080
tt3341598
""
tt1311071
tt32078718
tt0105402
tt1172049
""
""
tt1325004
""
""
""
tt17008184
tt0476622
""
tt1118045
tt1046997
""
""
""
""
tt1894622
""
""
""
tt0322589
""
""
tt33549478
""
tt0446752
""
tt30981428
""
tt1647668
""
tt1261046
tt2455514
tt3496742
tt0365907
tt32376165
""
tt0367000
""
tt0421082
tt26911712
tt2390361
tt1690470
tt1582507
tt0490076
tt14057604
tt0462538
""
tt0495042
""
tt22640790
tt8385148
tt0809253
""
tt5613484
tt0414982
tt0426470
tt0414853
""
tt4716230
tt1843866
tt0456586
""
tt0324133
""
tt6256452
tt0758745
""
tt7235466
""
""
tt1147681
tt9412454
""
tt10574236
tt1118045
""
tt0476212
tt30505698
tt0783238
""
""
tt0227972
tt1441135
""
tt2215477
""
""
""
tt1554091
tt1234654
""
tt0458339
tt1509767
tt2625836
""
""
""
tt11286314
tt0401711
""
""
""
""
tt0464784
tt2368796
""
tt1010031
tt5540990
""
tt0122129
""
tt27808278
tt0436992
""
""
""
""
""
tt1773164
""
""
tt0800054
""
""
""
tt5171296
tt0838283
tt1326146
tt14307470
tt8260226
tt13328830
""
""
tt0413573
""
tt1536082
tt1130758
tt5635026
tt0477078
tt11235772
tt2380192
tt3305316
""
tt1399952
tt6091168
tt0425070
""
""
tt5462936
tt2859350
tt0947003
tt2091256
tt5807780
tt0984108
""
tt0477896
tt2891574
tt0478977
tt28624375
tt8634332
tt1295905
""
""
""
tt0800369
tt1245526
""
tt14264694
""
tt1092063
""
tt0983922
""
""
""
""
""
tt7455754
tt1951264
tt4418020
""
""
tt1601141
tt9054628
""
tt9077876
tt1480684
""
tt33472009
tt6433832
tt10078772
""
""
""
tt1071203
tt1630574
""
""
tt9057236
""
""
""
""
""
tt1393001
""
tt8852066
""
""
tt1424732
tt14218188
tt1727787
""
tt5179130
tt1297829
""
tt3702988
""
tt10799634
""
tt7820906
""
""
tt1594405
""
tt1037178
""
tt4179452
""
tt1046173
tt0450897
tt1787731
""
""
""
tt0762137
tt1659291
tt1937149
tt1326742
tt2228874
tt1739205
""
tt0462396
""
tt0780657
""
""
tt0479017
""
tt0477044
tt3249414
tt6472976
""
tt0285331
""
tt2271129
""
tt3109072
""
""
tt4437238
""
""
""
""
tt1344444
tt14361772
""
tt0480082
tt1634106
""
tt5116396
""
tt16098700
tt4305162
""
""
tt4943702
tt3549044
tt10655524
tt0802146
tt3731562
tt6060992
""
tt1630029
tt1298825
tt0084987
tt0426672
""
""
tt0852991
tt5877248
""
tt9125646
tt7329656
tt2204650
tt0498338
tt2076822
tt0435995
tt10466872
tt8858104
""
tt3110960
tt21096576
""
tt0796366
""
""
tt13263104
tt2518192
""
tt1719480
tt7466442
tt0425357
""
tt1648179
""
tt4142682
tt4791314
tt4869974
""
tt4495858
""
""
tt2660888
tt1667100
""
""
""
""
tt0118480
""
tt1999987
tt1864442
tt1442435
tt3868860
tt1090695
tt1587669
""
""
""
tt1111422
""
tt4771896
""
""
""
""
tt1129445
tt0473191
tt2854926
tt0486028
tt2244495
tt3289724
tt1600194
tt0954544
""
tt9055242
""
tt25396248
tt3517822
""
tt0478304
""
tt0765432
tt3401748
tt8757586
tt0338096
tt1615098
tt0785007
tt2071645
tt1213663
tt34049743
tt32292021
tt0103491
""
tt1978514
""
tt1234721
""
""
""
tt1650062
tt0480249
tt0480431
""
tt14629718
""
tt1477185
tt1182345
tt0056758
tt3014866
""
tt7179594
""
tt0805668
tt0984229
tt1370440
tt3543116
tt1791682
""
tt1646959
""
tt0367652
tt5540054
""
tt24069244
tt0442764
""
tt14061008
""
tt6654210
tt1226229
""
""
tt0369610
""
tt6821012
tt5853400
tt8740614
""
tt0844441
tt1020874
tt3259494
""
tt2249542
tt15565724
""
tt0114814
tt0425624
""
tt0460091
tt0815885
tt7579446
tt0480018
tt0363328
tt2149784
tt0826559
""
""
""
""
""
tt2071645
""
""
tt1414330
tt7749142
tt1686660
tt0947810
tt1603900
tt0365847
""
tt4279130
""
tt2231472
tt0181739
tt0865904
""
tt6415490
tt0081696
tt38241992
""
tt5720762
tt1229236
tt10393442
""
tt1474684
tt1273675
tt1819601
""
""
tt3896198
""
""
""
tt0085688
""
""
tt0475380
tt0361217
tt1467047
""
tt1211837
""
""
""
tt15477832
tt0241383
""
tt8742598
""
tt0094481
""
""
""
""
tt1116184
tt0944835
tt1980137
tt1591620
""
""
""
""
""
""
""
""
tt1285175
""
tt3574352
tt7713068
tt0465624
""
""
tt1226774
""
""
tt1886493
""
""
tt0382932
tt4284120
""
""
""
tt1290138
tt14371878
""
""
tt8598690
""
tt0845447
tt3451374
""
tt1974420
tt1712261
tt1967315
""
tt3446786
""
""
""
""
""
tt4926198
tt8784956
tt2231461
tt0862882
tt0465602
tt37403522
""
tt3810572
""
""
tt0875113
tt33312067
""
tt2677972
tt2832470
tt28624028
""
tt5665928
tt1846728
tt1095217
tt8295472
tt14074150
""
""
tt1560747
tt2378583
""
""
tt1226273
tt0402141
tt1229236
tt0138785
tt0891453
tt3216510
tt2300975
tt1494635
""
""
tt1494794
""
tt6027478
tt0844653
""
tt0261877
tt0165361
""
tt5604902
""
""
tt1723811
tt3297074
tt2079933
tt13274016
tt5238904
tt2317796
""
""
tt1111422
""
tt0996934
tt2168736
""
tt0483350
tt0807980
""
tt3399484
""
tt7405458
""
""
tt0876563
tt2074621
tt1634003
tt0483820
tt0427481
tt31186851
tt0455944
tt2139881
""
tt1120897
""
tt13616766
tt1647947
tt1541886
tt1405819
tt1366344
tt2334873
tt2345561
""
tt2873282
tt1205537
tt4901368
tt4028876
""
""
""
""
tt0783767
tt10964530
""
tt1003057
tt1610527
tt7281400
""
tt0463398
""
tt22483834
""
tt1807943
tt32159454
tt0359564
""
""
""
""
tt0358896
tt1095417
tt0787475
""
tt1731697
""
tt0458290
""
tt0482901
tt3864024
tt0810475
tt5814060
""
""
""
""
""
tt0993842
""
tt0482466
""
""
""
tt5923012
tt0283530
tt26660021
tt0381061
tt1979319
tt29902246
""
tt1515207
""
tt1817273
tt10426916
tt3477762
tt0972412
""
tt1078583
tt0383028
tt0478970
""
tt5290382
""
tt5918982
tt0482463
tt0364845
tt30252752
tt37848969
tt1942865
""
""
tt2846804
tt15399640
tt1127896
tt10032406
tt1038988
""
tt7562112
""
""
""
""
tt10944760
tt1935839
tt8080212
""
""
""
""
tt0803096
""
tt10944760
tt0416979
tt1438254
""
tt23032590
tt0782684
tt0488745
tt7014356
""
""
tt8739752
tt4878970
tt6773108
""
""
tt29354783
tt0482602
""
""
tt2112293
tt0462499
tt5952332
""
tt0402899
tt5005454
""
tt6574994
""
tt15657202
""
tt8005644
""
""
tt1813488
tt0139803
tt0765430
tt2733252
tt9845250
""
""
tt14636170
tt0446171
""
tt1008025
tt4465564
tt0385726
tt3252998
tt1429392
tt6035360
""
""
tt5180504
""
""
tt0762145
""
""
tt1615926
""
""
""
""
""
""
""
""
""
tt16992590
""
tt1507256
""
""
tt10767066
""
""
tt0880578
""
tt1158939
tt0235639
""
""
""
tt2501538
tt5870910
tt7587890
tt8589792
tt0479143
""
""
tt1833773
""
""
tt10126434
tt1601473
tt7094154
tt1837576
tt5536736
tt1300851
tt1859578
tt0913354
tt5961692
tt7745956
tt15189534
tt1234654
""
""
""
tt33086904
tt10305932
""
""
tt0457939
tt5640450
tt1064899
tt2066119
""
tt0881402
tt2370518
""
""
""
""
tt0962637
tt0434665
""
tt2654580
""
""
""
""
tt6315524
""
""
tt24176060
""
""
tt0498199
""
""
""
tt2719936
tt0206512
""
tt0479576
tt0387778
tt0988595
""
""
""
""
""
""
""
""
tt12441478
""
tt0118531
tt0364845
""
""
""
""
""
""
tt5955698
tt1374989
tt9307308
""
""
""
""
""
tt21382296
tt14123856
""
""
tt0845046
tt1117609
""
tt2328900
tt15552142
tt4471388
tt10223460
""
""
""
tt1549075
""
""
""
""
tt0208092
tt13808038
""
tt24249946
""
""
""
""
tt8032170
""
tt1708491
""
""
tt22172526
""
tt0480916
tt0778849
tt2408232
tt0479143
""
""
tt1568911
tt8210854
""
tt2058673
""
""
""
tt1188990
tt13069604
tt0112323
""
tt4572514
""
""
""
""
tt4474344
tt0109312
tt0450385
""
tt1845515
""
tt0461770
tt0318959
tt36153493
""
""
""
""
""
""
tt1596343
""
tt0479143
tt13146488
tt1911883
""
tt1570728
tt0364845
""
tt5558844
tt26786432
""
tt1942919
""
tt9330400
""
""
""
""
tt1228705
tt1212419
tt21065322
""
tt1464335
""
tt21237030
""
tt10404698
""
tt1637727
tt0798817
""
""
tt2771780
tt7369734
tt1666801
tt0867609
tt1227926
""
""
""
tt0486480
tt1137960
""
tt0247880
""
tt0852954
""
""
tt0896798
tt0072506
""
""
""
tt0487262
""
tt0486219
tt0999878
""
""
""
tt1846479
""
""
""
""
""
tt1745686
""
""
tt3377548
""
tt6494418
tt1706471
""
tt38783555
tt0790736
""
""
""
tt0390506
""
""
""
tt0094481
tt16151994
tt4633690
tt2035630
""
tt10515926
""
tt1046163
tt0373469
""
tt0811080
""
""
""
tt7116006
tt3005718
tt0486634
tt1782567
tt0976246
tt2438788
tt1310660
tt7967754
tt4712810
""
""
""
""
tt1913179
tt11636880
""
""
""
tt5100668
tt10956214
tt33042867
""
tt1107859
tt2004130
""
""
tt2544766
tt2386300
""
""
""
tt3443738
tt1600194
tt2723576
tt4647858
tt1479783
tt3364264
tt0756683
tt0844708
""
tt6793710
""
tt0450232
tt0499549
""
tt10687070
tt28228462
""
tt2275895
tt3292142
""
""
tt1217561
tt7369734
""
tt0119170
tt1759761
tt0485985
tt0485735
tt1951299
tt4061080
""
tt1345836
tt4797160
tt14301752
tt0389860
""
tt3172644
tt0172156
tt37265497
tt0159876
""
""
tt1302137
""
tt28797844
""
""
""
""
""
""
""
tt13234058
tt6053438
""
tt2105055
tt2379713
tt1082886
""
tt0383060
tt1560949
""
tt0468547
""
tt1758805
""
""
tt1878849
tt2543164
tt13317454
""
""
""
""
""
tt5763436
tt16350094
""
""
tt0232079
tt5651840
""
tt1824254
tt8128618
tt33094214
""
tt2709648
""
tt9663638
""
""
""
tt30521172
""
""
tt1127715
tt1815852
""
tt1217613
tt0489669
tt7689186
tt3549044
tt7534306
tt1480684
""
""
tt3421258
tt2069797
tt3972192
tt1615965
""
tt5056196
tt0486028
""
""
tt15657202
""
""
tt0444640
""
tt5896568
""
tt1300159
tt1855213
""
tt10813940
tt3351348
""
""
tt8130146
""
tt0159876
""
""
tt1071957
tt3142872
""
tt0489452
""
""
""
tt13793230
tt0845469
tt4669296
tt27521477
tt34880924
""
tt7846482
""
""
tt10003008
""
tt0217860
tt4924942
tt1567448
tt1132626
""
""
tt1103275
""
tt0432291
""
""
""
tt3630482
tt5282006
tt5434338
""
""
""
tt2091256
""
tt3829266
""
tt0429364
""
tt0373690
tt1596345
""
tt1323045
""
""
""
tt0358294
tt12081728
""
tt1124217
tt12644292
""
""
""
tt1172048
tt0325980
tt0076009
tt0431058
""
tt1118038
""
tt6443084
""
""
tt2058673
""
""
tt1864526
""
""
""
""
""
""
tt16245578
""
""
tt7140218
tt6442950
tt26685319
""
""
tt0465509
""
tt12593682
""
""
""
""
tt2364582
tt2150044
tt0448134
""
""
tt0426615
""
""
tt3648810
""
""
""
""
tt1937388
""
tt26758262
tt1876319
tt0466771
tt1905041
""
""
tt0105654
""
""
""
""
""
""
tt1657505
tt0945513
tt0249757
tt1059780
""
""
tt36122656
tt11685912
""
tt0480687
""
""
""
""
tt0970468
tt2575988
tt1250777
""
tt0489327
tt36389086
tt1373434
""
tt8711326
tt0937375
""
tt2018130
tt1111422
""
""
tt0490076
tt1731990
tt1032815
tt4780578
tt4935334
""
tt2239902
tt4499392
tt0491110
""
tt6155172
tt2433738
tt9219882
""
""
tt2167202
tt28074418
tt1600194
tt13527720
""
""
""
tt0496278
tt4116284
""
""
tt1853739
""
""
tt1291584
tt2436386
""
tt3896198
tt1929675
tt38973393
""
tt14257552
""
tt8050740
""
""
tt0462499
""
""
""
tt4047176
""
tt5700566
""
tt0279112
tt2025690
""
tt6913472
tt0307596
tt0388795
""
""
""
tt1147526
tt1029135
tt6967980
""
tt0475784
tt10872600
""
tt0094481
""
""
""
""
""
""
tt1606378
""
tt3209474
""
tt0491162
""
tt14137392
tt15506958
tt5073642
""
""
tt2080374
tt0835034
tt0489511
tt0413573
tt6281238
""
tt7491982
""
tt3420504
""
tt2297063
tt1731990
""
""
tt5458784
tt1534397
tt1081942
""
tt0759482
tt3082854
tt3328088
""
""
tt0796994
tt3623726
tt0903747
tt5580390
tt0387199
""
tt7146812
tt8690918
tt0457279
""
""
""
""
tt23334464
tt1132620
tt30096238
tt0831387
tt8888322
""
tt1981677
tt1409024
""
""
""
tt1302067
""
tt1067086
""
""
tt7693316
""
tt1615925
tt7344870
""
tt22742070
tt1345836
tt1043813
""
""
tt9638668
tt0492917
tt0790618
""
""
tt5774060
""
tt2016894
""
tt0837106
""
""
tt2162574
""
""
""
tt3100274
tt1758795
""
""
tt22297178
""
""
tt0355702
""
tt0956186
tt1885102
tt4263802
tt4158096
tt1950268
""
""
tt1262416
""
""
tt0496304
tt0090473
tt0399095
""
tt0161721
tt12768018
tt0477140
""
""
tt4522486
""
tt0065272
""
tt0898890
tt2403776
""
tt4212730
""
""
""
tt1107326
tt1125849
""
""
tt10298840
tt3292724
tt3212774
""
tt0905979
tt0818868
tt7707314
tt13434218
tt3410380
""
""
tt1155060
tt2213924
tt2384811
""
""
tt3830162
tt0275847
""
tt0490084
""
tt2024469
tt0872230
tt0207888
tt1623008
tt3281796
tt0200276
""
tt1137462
tt0120855
tt4581016
tt5769236
tt1710310
tt2431438
""
tt0848537
""
tt0479948
""
""
tt2062966
""
tt6156584
""
tt8369840
tt9252156
tt10172266
""
""
""
tt1839578
tt0770649
""
tt0058796
tt8075008
""
""
tt0848228
tt3018528
""
tt0203259
""
tt0112004
tt1189346
tt0978759
tt1049410
tt1947998
tt1217613
""
""
tt2535162
""
""
tt1748105
tt2011076
tt1929276
""
tt7050946
""
tt0970531
""
tt0460627
tt5120646
""
tt1038919
""
""
tt1212974
""
tt1091722
tt2382978
tt33088651
""
""
""
""
""
tt9211804
tt0810788
""
tt15096836
""
""
tt32163682
""
tt1791528
""
tt0865556
tt1124373
""
""
tt4920274
tt3186130
tt1315419
tt8434702
tt1477834
tt0875584
""
tt1873483
""
tt18393692
tt5247784
tt1649444
tt3430990
tt1975934
""
""
tt3420504
tt1352686
tt1553620
""
tt0211901
tt3329220
""
""
""
""
tt0452046
""
tt1712170
tt0808311
tt0961728
tt10098452
""
tt3164100
""
""
tt21335964
""
""
tt0804463
tt1954347
tt5571524
""
""
tt1409595
""
tt1007950
""
tt0472198
tt1259580
""
""
""
tt1357001
""
""
tt7374948
tt4986098
""
tt1288403
tt0120762
""
""
tt1153706
tt6884318
""
""
tt0973792
tt1751105
""
""
""
tt1743375
tt4417402
""
""
""
""
""
""
tt2094799
tt4787052
tt1116023
""
""
tt38813823
tt4630562
tt3678988
tt2448240
""
""
""
""
""
tt33981958
tt6111130
tt0965386
tt0770828
""
tt4031218
tt0498399
""
""
tt0117725
tt7222834
tt2290841
""
tt9646546
""
tt0893412
tt1843230
""
""
tt0065272
""
tt3344686
""
tt9204164
tt4559006
tt1884274
""
tt0382330
""
tt1839578
""
""
tt1291150
tt5778482
""
tt0830933
""
""
""
tt0856182
tt0487057
tt0449088
""
""
""
""
tt0494210
tt0451079
""
""
""
tt1436562
tt19398068
""
tt10255854
""
""
""
""
tt2245084
tt0056758
tt1386932
""
tt4031126
tt1561755
""
tt1807020
tt0491061
tt2011076
tt26743414
tt8305258
tt0375679
tt2112307
""
tt15517928
""
tt3856896
tt7290928
tt0926084
tt30833495
""
""
""
tt1787439
tt2788716
tt1013753
""
""
""
tt2210723
tt26627660
""
tt11170862
tt10333426
tt1409008
tt1954498
""
tt2126235
""
""
""
tt0364845
""
tt2624018
""
""
""
tt0828393
tt2481512
tt0305068
tt6105098
""
tt11024272
""
tt1059241
""
""
tt0407998
tt0462285
""
""
""
""
""
""
tt2852626
""
""
tt0304912
""
tt5481010
""
tt5673782
tt0206512
tt1325004
tt6217608
""
""
tt1261945
""
tt2911666
""
tt1502404
tt2935280
tt1188996
tt0044265
tt0166423
tt14471346
tt3076658
tt3915174
tt0759744
tt7660850
""
tt0787523
""
tt2365946
tt0816434
tt0472198
tt8841616
tt0386693
tt0349467
tt1105512
tt3186130
""
tt4975856
tt0452713
""
""
""
""
tt8883486
tt1049396
""
""
tt10362466
tt16741404
""
tt2937898
""
tt2804058
""
""
""
""
""
tt11712058
tt15575356
""
tt4484670
tt3578556
tt5163162
tt1645875
tt0856162
tt2356180
tt0119282
tt1615466
tt0847166
""
""
tt3588544
""
""
tt0258153
""
""
tt2494280
""
tt0120667
tt1100590
tt1828099
tt1045670
""
tt13978520
""
tt2115295
""
""
tt27711761
tt8190688
tt2802850
""
tt5177120
""
""
""
""
""
""
tt2741602
tt0270846
tt3915174
""
tt6607810
tt1157601
tt3490432
tt1119609
""
""
""
tt11307814
tt3151568
""
tt2452470
""
""
tt2504580
""
""
tt15830718
tt1046173
tt26752561
""
""
""
tt2488496
tt3410528
tt1045670
""
tt9418878
tt1636826
""
""
tt3337570
""
tt1680045
""
tt3119360
tt1728247
""
""
""
tt13528122
tt0421082
""
""
tt8507480
tt20753410
""
""
tt6681686
tt9218128
tt0476680
tt0790811
""
tt1480656
""
tt0775417
tt1603257
tt1623745
tt30841693
tt1638002
tt2180339
""
""
tt1841542
""
""
tt2122351
tt2062495
""
""
""
tt0350258
tt1804508
""
""
tt4941240
""
tt10198224
""
tt3412848
tt1316084
tt2236126
""
tt15388610
tt1241329
tt0756233
""
""
""
""
tt7016936
""
tt1592287
tt26685713
""
""
tt36579008
tt1399103
""
tt3763544
tt1813774
""
""
tt29414955
""
tt1990040
tt0494789
tt0381192
tt1509004
tt0387199
""
tt0361235
tt2294449
tt27587485
tt3624624
""
tt19853518
""
tt0346254
tt0981227
""
tt9742936
tt15135662
tt0115945
""
""
""
tt15354916
tt1520211
""
tt1216520
""
tt0426738
""
tt3021744
""
tt10549312
tt13357520
""
tt5956100
""
tt8461160
tt32985279
tt8061748
tt0853007
""
""
""
""
tt3125386
""
tt4438848
""
""
""
tt11307814
""
tt3422078
""
""
tt2304933
tt29518290
""
tt27640680
""
""
""
tt1181605
""
tt2277806
tt0820997
tt14489308
tt9686194
tt7985704
tt1724700
""
""
tt1391560
tt1175389
tt0422720
""
""
tt15305282
""
""
""
""
tt5439796
""
tt14362112
""
""
""
""
tt0837106
tt7550000
""
tt14223946
tt1808454
tt0499170
tt3865478
""
tt1821895
tt7817340
tt8382032
""
tt2488496
""
tt3663490
tt37091706
tt32773023
tt30448039
""
""
tt1205074
tt2204618
""
""
tt17070412
""
""
tt29897002
tt14641542
tt0818516
tt1694542
tt13952600
tt1216334
""
tt6873690
""
""
tt0422479
tt0318590
""
tt1487118
tt0446809
tt32228803
tt1528711
""
""
tt6902332
tt0760182
tt1706596
tt5963538
""
""
""
""
""
""
""
""
tt15895490
tt1214085
tt3824192
tt0140477
tt12840498
""
tt12439466
tt3748528
tt0408306
""
""
""
""
tt4731136
""
tt2198243
tt2083373
tt6605812
tt0289408
tt2404435
""
""
tt0204313
tt11080488
""
""
""
tt8064418
""
""
""
tt1245526
tt7386362
""
""
""
""
tt0490847
tt4337690
""
""
""
tt7238158
tt22487634
tt21979524
tt10732104
""
""
tt12358208
""
""
tt5890220
""
tt0768810
tt12827662
""
""
tt8972256
""
tt6905686
""
tt0758039
tt6342474
tt1070665
tt3150586
""
""
tt3530232
""
""
""
tt11081102
tt1412558
tt1558182
tt15091524
tt16492950
tt3566726
tt19370820
tt6800268
""
""
""
tt0380585
""
tt8861802
tt1612083
tt1934318
tt0451279
""
tt0870191
tt12661338
tt1741649
tt6087426
""
tt14518692
""
""
tt0419434
tt0437043
tt8806104
tt1100589
""
""
""
tt1825766
tt7203552
tt0308055
""
""
""
""
""
tt0466562
tt2450186
tt4364202
tt0978813
tt4827102
""
""
tt0765520
""
tt3040216
tt4494118
tt1567448
""
""
tt2359548
tt5371162
""
tt3504824
tt1735898
tt6492236
""
tt2304771
tt2239512
""
""
tt1865374
tt2465266
tt1226233
""
""
""
tt13446406
""
tt1918921
tt2578508
tt16366874
""
tt29514580
""
""
""
tt0764642
tt0081857
tt2039338
tt5055240
tt1943733
""
tt1283889
""
""
""
""
""
tt8110232
tt0495046
tt12785464
tt0849013
""
""
""
tt2596914
""
""
tt1964777
tt2998526
""
""
""
tt0762124
""
""
tt0497230
tt2133196
""
tt1616096
""
tt7948998
tt0409182
tt1701990
tt9288432
tt11240506
tt0400993
""
""
tt1387437
tt0810447
""
""
""
tt1135503
""
tt1299440
tt1130884
tt0401792
tt0320606
""
""
""
""
tt10883286
""
tt7999858
tt0098820
tt1943689
tt16411446
tt2398113
tt4669986
""
tt0907626
tt1312212
tt6111130
tt3975768
tt0848228
""
""
""
tt3640034
""
tt0765842
tt21113810
tt0369610
""
tt0351997
tt2006053
tt1988235
tt2402110
tt0490547
tt0450385
""
tt27155038
tt6413094
tt6487174
""
tt2516178
tt0485842
tt4604612
""
""
""
tt0342272
""
tt0329632
""
""
tt1374888
tt9054904
""
""
tt4474344
tt10813940
tt7054304
tt4076760
""
""
tt0110543
""
""
""
tt22767628
""
""
tt15523334
tt3398066
""
""
tt0986323
""
""
""
tt2473544
""
""
""
""
""
tt2474310
tt13188378
tt10579952
""
""
""
""
""
tt0472181
""
""
tt10244600
tt7086730
tt0303753
""
""
""
""
tt2351102
tt27599851
""
""
tt1206196
""
""
tt1469272
""
""
tt0806910
tt1172998
""
""
tt29607491
tt8356942
""
""
tt11661962
tt0945259
tt6993240
tt13491834
""
tt2245029
tt31495504
tt6859344
""
tt0770614
tt1091836
tt1423419
tt5080272
tt3611416
""
tt1620618
tt2381249
tt0929266
tt3390892
""
tt23473346
""
""
tt1935089
""
""
tt11702912
""
tt0135037
""
tt36670563
tt0473298
""
""
""
tt5278832
""
tt4168512
tt0855729
""
tt0808096
tt0486655
tt1949574
""
""
tt35792758
tt7704800
tt2064786
tt2261248
tt7248144
""
tt14813212
""
""
tt0387199
""
tt1499703
""
""
""
""
""
""
tt6966692
tt33030403
""
""
""
tt0920448
""
""
""
""
tt0107840
""
tt1127715
""
""
tt4331676
tt4536040
tt27543578
""
""
""
tt1181605
""
""
tt2072230
tt6385540
""
tt7721800
tt9319668
tt3960820
""
""
""
tt4998212
""
""
tt1873252
""
""
""
tt2088735
tt7322224
tt0414766
""
tt4886030
""
""
""
tt1767372
tt1726839
""
""
""
tt3530002
""
""
""
""
""
tt30961469
tt2016335
""
""
tt1950186
tt0780571
tt1838544
""
""
tt1001534
""
""
""
tt2823414
""
""
""
""
""
""
""
""
""
""
""
tt1549920
tt1584733
""
tt2117987
""
tt0446059
""
tt0939564
""
tt0472399
""
tt1626038
tt4324002
tt0386676
tt11845728
""
tt12851512
tt3149038
tt1354077
""
""
""
tt1792826
tt7027092
tt5634962
tt3079380
""
""
""
""
""
tt12240914
""
tt1670345
tt27145269
tt3061046
tt0466856
""
tt9603904
""
tt1583421
tt1520211
""
tt1832894
tt0378262
""
tt0472023
""
tt0960141
""
tt3003088
tt1303803
""
tt2781406
""
""
tt2356777
""
tt2147999
tt4047118
""
""
""
tt2723576
""
tt1315981
tt2527336
tt0784972
""
tt0772137
tt2171809
tt1105512
tt2193021
""
""
""
tt2378281
""
tt1730523
""
tt7958736
""
tt0757877
tt12305718
""
""
""
""
""
""
""
tt11149206
tt0897361
""
tt1817771
tt1507364
tt2088028
tt1247400
""
""
""
tt0368447
""
""
tt0443649
tt0384766
""
tt9789660
""
""
""
""
""
""
tt0119860
tt4144816
tt0848228
""
""
""
""
tt1879016
""
tt15364968
tt4508932
""
tt10313066
""
""
""
tt1991245
tt4428728
tt1725986
""
""
tt1721098
""
""
""
""
tt6450804
tt1095217
tt0337635
""
tt1542344
tt5193358
""
""
tt31113324
tt2503358
""
""
tt0123359
tt1196950
tt33253259
""
tt0498318
""
""
tt7233828
""
tt1485048
tt1407061
tt0441007
""
tt8531350
tt28256288
tt1462715
tt1067111
""
tt9100018
""
""
tt1010445
""
tt1101026
""
tt3556920
""
""
tt2043884
""
tt17068964
""
""
""
tt0879259
""
""
tt3521164
""
""
""
""
""
tt1767354
tt0235918
tt14795128
""
""
""
""
""
tt5068650
tt9587274
""
""
tt7049682
tt0773770
tt5284546
tt0896798
tt0871015
tt5648340
tt1618434
tt0361235
tt5624916
""
""
""
tt0094535
tt1758795
""
""
""
tt6902676
tt1905041
tt8124054
tt0756283
""
tt1830617
""
""
""
tt0488262
tt36283869
tt1645080
tt1783495
tt32252772
""
""
""
""
""
tt12390572
tt1267299
""
""
tt1252380
""
""
tt2044128
""
""
tt0412158
tt5307194
""
""
tt2224193
tt27330468
tt30841693
""
""
""
tt2402207
""
""
""
tt1055369
tt3250612
""
""
tt3278330
""
tt5500934
""
""
""
""
tt0768222
tt10787134
""
""
""
tt3138900
""
tt21428236
tt1433811
tt0382178
""
tt2345759
""
tt1596350
""
""
""
tt8031422
""
""
tt0138247
""
tt3088396
tt0462570
""
""
""
""
""
tt1517268
""
tt0372594
""
tt1399683
tt3181920
""
tt1542488
tt28336349
tt5903724
tt6313900
""
""
tt1440345
""
tt1350559
tt0959559
tt1217239
""
""
""
tt4419214
tt0467406
tt7196162
tt0271668
""
tt0411951
""
""
tt0980970
""
""
tt12337838
""
""
tt1677720
""
""
""
""
""
""
""
tt1568277
""
tt0452789
tt6186030
tt1810728
""
tt1112782
tt0450345
tt0443368
tt4052886
tt0330298
""
tt32742843
""
tt2140571
tt10311562
""
tt0460809
tt1869514
tt0475464
""
tt2475802
tt0453451
tt0488535
tt33813061
tt1045658
tt5834204
tt2376606
tt19724192
tt1095404
""
tt1345836
""
""
tt0475209
tt0491281
tt1977001
""
tt2109248
tt2442560
tt0389828
tt0844358
""
tt18286420
""
tt1811817
""
""
tt6655760
""
""
""
""
""
""
""
tt3291150
""
""
""
""
tt0460690
""
tt1800246
tt0810775
tt0239195
tt15782690
tt0462200
tt0467197
""
tt12593682
""
tt1932210
""
""
tt1278361
tt5130886
""
tt0337592
""
tt3817946
tt1413971
""
""
tt11271038
""
""
""
""
tt3316948
tt0765476
""
""
""
tt4474310
""
tt0486531
tt1946310
tt2898306
tt0395424
""
""
""
tt1860213
tt5887080
""
""
tt14186672
""
""
""
""
""
tt0456246
""
""
tt12747748
tt2372162
""
""
tt2345112
tt5961976
""
""
tt15354916
tt1441109
tt0763319
""
""
tt18076870
""
tt1361787
tt1645815
tt27717667
""
tt0092325
tt12636872
""
""
tt0857265
tt10934170
""
""
""
""
""
""
tt4726640
""
tt0412019
tt0326716
tt33047488
""
""
""
""
""
tt2294629
tt1203517
tt1438539
""
""
tt1600683
tt1617661
""
""
tt3345330
tt2726560
""
tt4532826
""
tt20882236
tt23782472
""
tt5649144
tt0443706
""
""
""
tt0476961
tt1286139
""
""
tt9213792
tt8206398
tt0448157
tt14405280
tt0418627
tt4023466
""
""
tt4513678
tt1446714
tt2820852
tt0411705
tt1638355
""
""
tt1836195
tt0883362
""
""
""
tt0367110
tt1260597
tt2179083
tt15333984
""
""
tt0206512
""
tt6155194
""
tt4445786
""
""
""
tt0924151
tt7089878
tt3918586
tt0833939
tt1491044
""
""
""
""
""
tt0887788
""
tt0072562
tt0445878
""
tt8721424
""
tt2562694
tt15585888
tt21359456
tt1386697
tt1342867
tt0758770
tt2059255
tt1445206
""
tt2005151
tt2364582
""
""
""
tt22742964
tt0336822
tt8694374
tt0182576
""
""
tt7689116
""
""
""
tt1068649
tt31867798
""
""
""
tt1213008
""
tt1845775
""
tt3243872
""
tt3811906
""
tt0343737
tt0891343
""
""
tt23468450
tt0366596
""
tt1302183
""
tt27400324
""
""
tt7245762
""
""
""
tt1035732
tt1758772
tt0890874
""
tt3672018
""
tt2017109
""
tt6504538
tt1590301
""
""
tt8767908
tt8399288
tt3547498
""
tt1588878
""
""
tt2368645
tt8463714
""
""
tt0363547
""
""
tt5052474
tt0270804
tt0376448
tt1334512
""
""
""
""
tt0468563
tt0828393
tt0371606
""
""
""
tt0875701
""
""
""
""
tt2364582
tt0443409
""
tt4587354
""
tt29669641
tt4307692
""
""
tt4154796
tt0499549
""
tt21357150
""
tt1399240
""
""
tt1105451
tt1358518
tt1059786
""
""
tt6032090
tt0411477
tt0382295
tt6338316
tt1660648
tt1513925
tt0457510
""
""
""
""
tt1561755
""
tt4494654
tt0096697
tt2072233
tt0248654
tt3103732
""
tt14734548
tt30444735
""
tt0470692
tt3475084
""
tt0772137
""
tt37919616
tt0367882
tt1360596
""
""
""
tt2086964
""
""
tt0069658
""
""
tt2168726
tt1734580
tt3212832
""
""
tt1825683
""
tt0498118
tt1270798
""
""
tt2250763
""
tt1653665
tt27720557
""
tt7627802
""
tt0098820
tt1557664
tt1405406
tt7068946
tt2278988
""
""
tt0489212
""
tt1949012
tt7818470
tt8008948
tt1798603
tt13328726
tt1596365
tt3488710
""
""
tt6544832
""
""
tt29927791
tt0798727
""
""
tt4875980
tt3627968
tt7134908
""
""
tt2747786
""
""
""
""
tt16426570
""
tt1000070
""
tt0907702
""
""
""
tt3738964
""
tt0460655
""
tt10041372
""
tt29195231
""
""
tt0838221
tt2709006
tt7144186
""
""
tt1598778
tt1325004
""
""
tt2247123
""
""
tt5342626
""
""
tt1155056
""
""
tt0762118
""
""
""
tt1893366
""
""
tt9032400
""
tt0185452
""
""
tt1636806
""
tt1148201
tt2618228
""
tt10536646
tt12679084
""
""
tt0791283
""
""
""
""
tt1019407
""
""
tt0326450
tt10323338
tt2066850
tt13198896
""
tt6974882
""
tt0780362
tt0790604
""
""
""
""
""
tt0419348
tt1124035
""
tt0462519
tt0368479
tt3654000
""
""
tt30826447
tt3707110
tt0065335
""
""
tt0795374
""
""
""
""
""
""
""
""
tt0340403
""
""
""
""
tt3195644
""
tt1412731
""
""
""
""
""
""
""
tt2070604
""
""
""
tt1003034
tt2022170
""
""
tt0111987
tt31531566
""
tt2316204
""
tt2568452
""
""
""
tt3560084
tt0374455
tt0795416
tt2196005
""
tt3385516
""
""
""
""
""
tt2025655
""
""
tt33693517
""
""
""
""
tt4477536
""
""
tt1583932
""
""
tt4859164
tt1092447
""
tt1135784
tt1623705
tt8513614
tt1151359
""
""
tt10298810
""
""
""
tt2072199
tt3729144
""
""
""
""
tt1024806
tt2678510
tt0947810
""
""
""
tt0451106
""
""
tt1896775
""
tt0459702
""
tt0395409
""
""
tt32590226
""
""
tt0834548
tt0395843
tt12399056
""
tt2382320
tt0111257
""
""
""
""
""
""
""
""
""
""
tt5776858
tt0388629
""
tt20414738
tt6856242
tt0094371
tt8561620
""
""
""
""
""
tt0280720
tt0426615
tt22075290
""
""
tt26697087
tt14260836
""
""
tt9663764
""
tt1171143
""
""
tt3670782
tt1899166
""
tt0794374
tt0478970
""
tt31637766
""
""
""
""
tt5950044
""
tt1954206
tt0373883
""
""
tt0907848
""
tt7126948
tt0799772
tt0758766
""
tt0402901
tt0981064
tt15515882
""
tt1107829
""
tt0448134
tt6903070
tt2323804
tt7246394
tt14592064
tt4882240
""
tt0486531
tt10294052
tt1190560
tt2058100
""
""
tt8244784
""
tt3583874
tt3807034
tt1675881
tt7322210
""
tt2085059
tt0783732
tt4481514
""
tt8762206
tt1051220
""
""
tt1557566
tt7235466
tt0486946
""
tt1834888
""
tt7909970
tt1464335
tt0472186
""
tt1438254
tt1663692
""
tt30182752
tt1095488
tt1429439
tt4700932
tt2391632
tt1046173
""
""
""
tt0790477
tt3332064
tt4474344
tt8204938
tt13187856
tt3921180
tt5133288
tt1194423
""
tt10925852
tt1020929
tt2935564
""
""
""
tt2407574
""
tt0354981
tt3149232
""
tt0841925
tt2340076
""
""
tt0459159
tt0065323
tt27351126
tt1169808
""
""
tt12969916
tt6598228
tt9568230
tt3501584
tt4577466
""
""
""
""
tt1083452
""
tt10195452
""
tt1018785
tt1153059
tt3499096
""
tt8858104
""
tt0879870
""
tt1308728
""
""
tt7068580
""
tt14142060
""
tt11764358
""
tt6524142
tt0476038
""
""
""
tt5119588
tt19637052
""
""
tt2529966
""
tt10090632
tt9784798
""
tt7489816
tt19783948
""
tt1237838
tt0436992
tt1651118
tt0797033
""
tt13646080
tt0380921
""
""
tt27403906
tt0460649
""
""
tt5191110
tt0108778
""
tt38592502
tt0896534
tt4076446
tt3393786
""
""
tt1810825
""
tt3560546
""
""
""
""
""
""
""
""
tt0401747
""
tt9561862
tt3560084
tt1693039
tt1235101
""
""
tt1959490
tt0490181
tt0803061
""
""
""
tt7884906
""
""
tt6920356
tt16763200
""
tt7212754
tt8338762
tt0455612
""
tt1522329
tt1382223
tt0343737
""
tt9531772
tt0880648
tt1212450
tt10161886
tt1298650
""
""
tt1485796
""
tt1336608
tt0395843
tt3402138
tt0426500
tt0798817
""
""
tt3697402
""
tt4629618
""
""
tt1851040
tt3109096
""
tt5104604
tt0477392
tt8367184
""
""
""
tt2229907
tt1266020
tt3398268
""
""
tt2229086
""
tt14303818
""
tt18260578
""
tt2302755
""
tt10298810
tt2126388
tt3556944
""
tt7713068
tt1595859
tt5184332
""
tt0374463
""
""
tt2723932
""
tt1212436
tt0371746
tt7286562
""
tt1496390
tt13315004
""
""
tt1392170
""
""
tt4468270
tt3897748
""
""
tt0466856
""
tt1233306
""
tt0800986
tt14174168
""
""
tt4043142
tt1360822
""
""
""
""
tt0486725
tt2443108
""
tt0477126
""
tt0498370
""
tt37536343
""
""
""
tt0411272
""
tt1371150
""
""
tt6113440
tt1298650
""
tt5664676
tt2040257
tt12762512
tt2937696
tt6824658
""
tt1586680
""
""
tt13758684
""
""
tt0417795
""
tt0759097
tt10767876
tt7905548
""
""
tt10370822
tt1838700
""
tt7934408
tt0832280
""
tt0123816
""
tt2258858
tt31806049
""
tt2262227
""
tt1423417
""
""
""
""
""
""
""
""
""
tt2469980
""
tt3502172
""
tt3516420
""
""
tt15403362
""
tt2460740
tt8387470
tt5884052
tt1230215
""
tt0486946
tt0490086
""
tt1743276
tt5673782
""
tt5987402
tt8378126
""
tt1338634
tt0803108
tt2073124
tt1153700
""
tt10653784
""
""
tt3257610
tt1453428
""
tt3896100
""
""
tt0765425
tt0843876
""
""
""
""
tt1872783
""
""
tt10206818
""
tt1821375
tt10268488
tt1270798
""
tt0806910
""
""
tt5024674
""
tt0093638
tt15415350
""
tt10155932
""
tt0463985
tt7903530
tt0115351
""
tt19500164
""
tt5689068
""
""
""
tt1001526
tt1188993
tt3521126
""
""
""
""
tt2147728
tt1299729
tt1136617
tt13721980
tt3203528
""
""
tt0806910
tt8101708
""
""
""
""
tt1188990
tt10230294
tt1347521
""
tt5990096
""
tt1105709
""
""
tt34093882
tt0875113
""
""
tt6759506
tt15009672
tt3829920
tt9073940
tt1675759
""
""
""
""
""
tt6256092
tt1780798
""
tt1191111
tt4302938
tt13079150
""
""
tt6524350
tt0464160
""
tt2459758
tt9737326
tt10243608
tt2145829
tt8247470
""
tt0791304
""
tt0808407
""
tt4719138
""
tt19883272
""
""
""
""
tt2729652
""
""
""
tt1429445
""
tt0468547
tt0483741
tt1001548
tt2466672
tt3398048
tt29538571
""
tt15238968
tt3413690
""
""
tt3339966
""
""
""
tt2539672
tt1386588
tt0846737
tt0204137
""
tt1467055
tt0430836
""
tt1494828
tt0423034
tt2379819
""
""
tt1269376
""
""
""
tt0905372
""
""
tt7280898
""
tt3848892
""
""
tt10347354
tt2387513
""
tt0758746
tt15424570
""
""
""
""
""
""
""
tt2400481
""
tt0848228
tt0787969
""
""
""
""
tt0449088
tt0327597
tt0416359
tt11388416
tt3603942
""
""
""
tt0308055
""
""
""
tt2049116
tt1439629
tt2206082
tt5420376
tt1213879
""
""
tt6802204
""
tt0810059
""
""
tt3204144
""
tt1046997
""
tt2139371
""
tt1596771
tt3778644
tt4991384
""
tt11858890
""
tt0345950
tt17051176
""
""
""
tt0859592
""
tt1591511
tt1587957
tt10423680
""
""
tt1300854
""
tt6741278
tt0863044
tt9177962
""
tt0810920
tt7527870
""
tt0486099
tt39381346
tt3609352
tt7738120
""
""
tt4964788
""
""
""
""
""
tt4760714
tt13201818
tt0810802
""
tt1756758
""
tt26934311
""
""
tt0455326
tt3331712
""
""
""
""
""
""
tt5721088
""
tt1107319
tt0805191
tt0843873
""
tt7608418
tt7144142
tt6473344
tt0471042
tt1831619
tt8900642
tt2972362
tt15048606
tt0141369
""
tt9690832
tt7887396
tt6845890
""
tt11204260
tt27789140
tt1486185
""
tt5012320
tt10508394
""
tt1991031
""
tt1655460
""
tt0112462
tt11866704
""
""
tt0425637
""
""
""
""
""
""
tt21376524
tt5203748
tt0409904
""
""
""
""
tt3323254
tt1085382
tt7059752
""
""
""
""
""
""
""
""
tt0858436
""
""
""
tt7059844
""
""
""
""
tt2101530
""
tt6394270
""
""
""
""
tt1343727
tt0364751
""
tt0811132
""
""
""
""
tt1068946
tt9731598
tt0772137
""
tt0813683
""
""
tt3079380
tt4680196
""
tt7539608
tt3349784
""
""
tt10929026
""
tt26591370
""
tt2471478
""
tt6174226
tt1477076
""
tt0818074
""
tt3282858
tt14992524
tt1328913
""
""
""
""
tt1911644
tt1190536
tt8493998
""
tt0401383
""
tt0096636
tt0437005
tt11729298
""
""
""
tt7562112
""
tt1185416
tt1338358
tt2136778
""
""
tt1765622
tt0455967
""
tt0160706
""
""
tt1328910
""
""
""
tt0437863
tt5564142
tt1325717
""
tt0441074
tt1152836
tt0443489
tt1200772
""
tt2582846
tt3502248
tt3439694
""
""
tt6315810
tt0880578
tt5228142
""
tt2370528
""
tt9335498
""
""
""
tt5066422
tt1097021
""
tt4882404
""
tt3848892
""
""
""
""
""
tt0816203
""
tt1753806
tt5345298
""
""
""
""
tt1133991
tt1345836
tt12286482
""
tt0955404
tt3387648
""
""
tt2403029
tt4028312
tt0844716
tt4586828
tt1031932
tt2224026
tt4380272
tt3107288
""
tt11416218
""
""
""
""
tt0819782
""
""
tt1356955
""
""
""
tt5096802
tt1440129
tt2158685
tt3288518
tt14164730
""
tt1429433
""
""
""
""
""
""
tt1514041
tt0465624
""
""
tt2140645
tt21090066
tt3061046
tt8985546
tt7961544
""
""
tt33293130
""
tt0345950
tt0951318
""
""
""
""
""
tt0284556
tt1112284
""
""
""
""
tt7077616
tt1649444
tt5665256
""
tt0816462
""
""
tt0819782
""
tt0366165
tt10069398
""
""
""
tt3415992
tt1229875
tt1310992
tt0160403
tt2466830
tt19715666
tt0770772
""
tt0413610
""
""
tt1156398
""
tt7322224
tt0885531
tt1128052
""
""
""
""
tt2378507
""
tt6034002
""
tt2270492
""
tt1388347
tt1600194
tt14513804
tt5372890
tt1616195
tt2241471
tt2075232
""
tt23789874
""
tt7641872
tt0871451
tt2582496
""
tt26862142
""
tt5098128
tt3104324
tt1206539
tt2276860
""
tt1201658
""
""
""
tt4047038
""
tt0818859
""
tt1653083
tt2736724
""
""
""
tt1996264
""
tt26657977
""
""
tt2049116
""
tt11542694
""
""
""
""
""
tt5834204
""
tt3706628
""
tt6203300
""
tt0901476
tt11016222
""
tt0773262
tt0980970
tt5301662
""
tt0374569
tt1472087
tt0819918
tt32376165
""
""
tt0449018
""
tt0448157
""
tt14069086
""
tt7203552
tt0880493
""
""
tt1758486
""
""
tt8150128
tt3864024
tt3410834
tt2109184
""
""
tt1535480
""
""
""
tt1965239
""
""
""
tt26547864
tt3416744
tt1187041
tt4581078
tt10521092
""
""
""
tt19723774
""
""
""
""
tt0840196
tt21272942
""
tt14738480
""
""
tt11271956
""
tt0782700
tt5836706
tt1623205
""
""
tt6353642
tt28234763
tt16433522
tt0461703
tt1322336
tt14003790
tt8783930
""
""
""
""
tt0497334
""
""
""
""
""
tt21029674
tt4457678
tt0424642
tt5727282
""
""
tt6056748
tt0875118
tt1454453
""
""
""
""
tt1682487
""
tt28594208
tt2948356
""
tt1981558
tt1147687
""
""
""
""
""
""
""
tt7941612
tt1600836
tt11212572
tt1441135
""
tt11284702
tt10263466
tt10834220
tt34878936
""
""
tt1449283
""
""
""
""
""
""
tt1085382
tt2599786
""
""
tt0122740
""
""
tt25811262
tt1526318
""
""
tt1046173
tt1378167
tt9806322
tt1403039
""
""
""
""
tt15239678
""
tt1276419
""
tt2839540
""
tt0800369
tt0904110
""
tt0825225
""
""
tt0903624
tt30280711
tt0830515
tt6128300
""
tt11177410
tt2224167
tt0395843
tt3491962
tt0415856
""
""
tt2827058
""
""
tt3066242
""
tt12789558
tt5210998
""
""
""
""
""
""
""
""
""
""
""
""
tt2056366
tt10851466
tt1637727
tt37026407
tt0784939
tt2191671
tt4816626
tt2910814
tt0048845
""
""
tt3230946
tt3974978
""
""
""
tt0758758
""
tt2401589
""
tt1833673
tt3744382
tt0114148
""
tt11556916
""
""
tt0478311
tt3843168
tt0969652
tt1895475
""
tt0433726
""
tt3152864
""
tt2042539
""
tt0475290
tt6912328
tt1579022
""
tt11730908
tt3952830
tt4119192
tt11448490
""
""
""
tt1865346
tt0492389
tt1583421
tt2303390
""
tt6800566
tt13377488
tt27898511
""
tt5843806
""
""
""
""
tt0479143
tt13322324
tt0111413
""
tt1205913
""
tt9470210
""
tt0808096
tt1517750
""
tt2634472
""
""
""
tt0091369
tt7491982
""
tt12708300
tt3043252
tt0796366
tt5338592
""
tt2788780
""
tt1604099
tt2303390
tt2245151
tt2006753
tt0448157
tt0479925
""
tt5639446
""
""
tt1517629
""
""
tt3083016
tt1073246
""
""
""
tt5016504
tt1728102
""
""
""
tt5599304
tt2011022
tt24805832
tt29466828
tt0306749
tt0842926
""
tt5589930
tt1228705
""
tt2055864
tt0424823
tt16101604
""
""
tt0288937
""
""
""
tt0488352
tt11032374
tt1144804
tt3899888
tt0884732
tt2543472
tt0847526
tt1135525
""
tt10638522
tt0488262
tt1152398
tt5052474
tt0791304
""
""
tt12779644
tt4971344
tt0288937
tt2983806
""
tt2058068
tt2217859
""
""
tt0997048
""
""
tt1118134
""
""
tt21194868
tt2891574
""
tt6628394
""
""
""
""
""
tt4447390
""
""
tt2170593
""
""
""
tt0096555
tt10131114
tt0765432
""
""
tt12873562
""
""
tt1208729
""
tt1877830
""
tt2481496
""
tt0834944
""
tt3121722
""
tt21059786
tt14314826
tt1010263
tt4209256
""
""
tt1273678
tt2488496
tt0358082
tt12831864
tt1596346
tt1836141
""
""
tt10994688
""
tt8075084
""
""
""
tt1831164
""
""
tt0373889
tt2239822
tt0448157
""
""
tt5994796
""
tt4933984
""
""
tt2999588
""
""
""
""
""
tt10999120
""
""
tt1020167
tt1999995
tt5000634
tt2992000
tt18347138
tt0452046
tt6718170
tt4532368
tt1178663
""
tt37070510
""
""
""
tt1157709
""
tt1567432
tt5834204
""
""
tt1629439
""
""
tt1568150
tt0835746
tt21377126
tt6257174
tt2007381
tt2560206
""
""
tt3799694
""
tt1888795
tt5727208
tt1817081
tt1239489
tt1083456
tt2070862
""
tt0431915
""
tt35062707
""
tt3862750
tt0098844
""
""
""
""
""
tt1663676
tt1500504
tt0411008
tt0451279
tt4255748
tt1373434
tt2902148
""
""
""
tt6361606
tt0834002
tt1430625
""
tt33711751
""
tt9382172
""
tt0133302
tt34673521
tt3088228
""
""
tt2902148
""
tt8522006
tt10501752
""
tt23149780
tt4695154
tt0370220
tt1805236
""
tt4263482
tt1727261
""
tt9421570
tt1408368
""
""
tt2211129
tt1667154
""
""
tt14129560
tt0244365
tt0862955
""
""
tt11725680
""
tt1568299
""
""
tt0284702
""
""
tt8805486
tt1740788
tt0826593
tt2108579
tt4370784
tt1816046
""
tt3593274
tt34881437
tt0484740
tt1837709
""
""
tt1176198
""
tt7008872
tt1500703
""
tt9664506
tt0843873
""
""
tt0985694
""
tt3261350
tt2421026
tt15610504
tt3487356
tt21028846
tt0790604
""
tt7651892
tt1386691
tt0461795
tt1765510
tt1408101
""
tt1176740
""
""
""
""
tt0848585
""
tt0104963
""
""
""
""
""
""
""
""
""
""
tt0780595
tt3561348
""
tt0445620
""
""
""
tt6153538
""
tt0196229
""
""
""
""
tt1733296
tt1483070
""
""
tt9522530
""
tt1155592
""
tt26678938
tt0494762
tt0896798
""
tt10473306
tt8045470
""
tt0497116
tt21942272
tt0062595
tt10440412
""
""
tt1072754
""
""
tt2531344
""
tt0830515
""
""
""
tt0408377
tt0944947
tt14849038
""
tt1119644
tt1591493
tt1037955
tt33204678
tt1186367
tt0203259
""
""
tt1545214
tt2604284
""
tt0448920
tt1393000
""
tt0284610
""
tt2136689
tt2257355
tt9243804
""
tt0496408
""
""
tt2582846
tt0489223
tt1706608
""
""
""
tt1402488
""
tt0453556
tt5194438
""
tt1111918
""
tt1816630
tt7742946
tt31511553
tt0800080
""
""
tt7826108
""
tt0338348
tt12027034
""
""
""
""
""
tt0491738
tt6718170
tt1024652
tt1302011
""
tt8095142
""
tt5827916
""
""
""
tt14828052
""
tt1731141
""
""
""
""
""
""
tt5390504
tt2543472
""
""
""
tt0426592
tt1211837
""
tt0475143
""
tt0083412
""
""
tt0203259
""
""
tt5933668
tt5285520
tt9411972
""
""
""
""
tt0112056
tt0800080
tt3385516
tt0275140
tt10327354
tt2750504
""
tt1234257
tt1630626
""
tt0815244
""
tt5089924
tt2325310
tt9086228
""
""
""
""
""
tt4304402
tt1981677
tt4533706
""
""
""
tt0862921
tt2273698
tt3165612
tt1631867
""
tt1624372
tt1648179
""
tt4287320
tt0452594
""
tt4162560
tt2244901
""
""
""
tt28657879
tt5268028
tt0115159
""
""
tt14628220
tt2333804
tt0345950
""
""
tt2400631
tt1153040
tt1562557
""
tt0362583
tt14376766
""
""
tt2265631
""
""
tt1027760
""
""
tt17663992
""
tt0997023
""
tt21151840
tt1242432
""
tt0846700
""
""
tt1671451
tt37449205
""
tt3107288
""
tt0787498
""
tt21819132
""
""
tt0787985
""
""
""
tt1454518
""
""
""
tt0839716
""
tt14316608
""
tt0878804
""
tt0481005
tt1365496
""
tt1327801
tt5931726
tt2322441
""
""
""
tt1800741
""
tt6231034
""
""
tt1733785
""
tt2093991
""
""
""
tt12783454
""
tt37898691
""
tt0452718
tt34000545
""
""
tt5770786
""
""
""
""
tt2873280
""
tt23215162
tt1326186
tt0821640
""
tt0457495
tt9747450
""
""
""
""
""
tt0839188
""
tt1648179
""
""
tt4225622
tt9244578
tt1544608
""
""
""
""
tt0426931
tt0783477
""
tt0397442
""
""
""
""
""
""
tt3147316
""
""
tt1744570
""
tt8787756
tt13317582
""
""
""
tt10924716
""
tt6259380
tt14858658
""
tt1727279
tt0118492
tt2690460
""
""
tt1086064
tt7775776
tt0486531
tt1326774
""
tt1499658
tt1107895
tt0297517
tt2527336
""
""
tt2070874
tt0297517
tt2070850
""
""
tt0805837
tt0859635
""
tt27681314
tt7207468
tt0401729
""
tt2151480
tt0790724
""
""
tt1111422
tt17076046
tt1051258
tt11256260
""
tt30841644
tt1723760
""
tt0443272
tt4720876
tt4083572
""
tt2033279
tt2481498
tt2119543
""
tt0468489
tt8045906
tt2350826
tt23037224
tt6130902
""
tt0382400
""
""
tt1441326
tt1320253
""
""
tt1123912
tt4150646
tt8337320
""
""
tt37069847
""
tt11743512
""
tt2839312
tt2201772
""
""
""
""
""
tt39315764
""
tt0357282
""
""
tt1013743
""
""
""
tt6548228
tt7086706
tt0421073
tt8322592
""
tt2014319
""
""
""
tt5013056
""
""
""
tt2305397
tt4460198
tt0429293
""
tt31314296
""
""
tt1196946
tt5114356
tt0475760
""
tt0848542
tt2582502
""
tt2393935
tt0865561
""
tt0960144
""
tt1426748
""
tt1601973
""
""
""
""
""
tt1500720
tt5859182
tt0800320
tt5698834
""
tt1151922
""
""
tt1002992
""
""
""
tt2474972
""
tt1869345
""
tt33533071
""
tt1442437
tt0758734
""
tt14692108
""
""
tt0482546
tt0408040
tt8300052
tt3823742
tt2388759
tt1583421
""
""
tt2191671
""
tt3074780
""
""
tt3097686
tt37521114
tt29547031
tt0168501
tt29548549
tt1787687
""
""
tt1183158
""
tt0475464
""
tt4532826
""
""
tt7877816
tt4786824
""
tt3327624
tt1210166
tt1269734
tt1975146
tt1664958
""
tt1981665
""
tt27869502
""
tt8799964
""
""
tt21632986
""
tt6146586
tt0765471
tt1524137
tt1340138
tt0103359
tt0790788
tt0838247
tt2273932
""
tt12185900
tt0313043
tt0913374
tt2444946
""
tt4986374
""
tt2388715
""
""
tt7395498
""
""
tt1429449
tt8508332
""
""
tt0112047
tt11559472
tt1179034
""
""
tt0389035
tt5164432
tt0117295
""
""
tt3257638
tt0458339
tt0935075
tt14527000
tt1043726
""
""
""
tt1833403
""
tt8714904
tt10323338
tt3750872
""
""
tt3139754
tt2446042
tt31121364
""
tt0805664
tt1365462
tt1360346
tt3487132
""
""
tt0361696
tt1437212
""
tt1464595
tt1837758
tt1509122
""
""
""
tt0127385
tt0451279
""
tt33043208
tt5846628
""
""
tt2107782
""
tt1111422
""
tt4589246
""
tt1496845
""
""
""
""
""
tt1231593
""
tt0481443
""
""
""
""
""
""
tt1343103
""
tt0202198
tt1767354
tt7125774
tt14547524
tt1675192
""
""
tt1706596
""
tt5546816
""
""
tt0892791
tt3568948
tt6095472
tt3260666
tt0092005
""
""
""
""
tt7661046
tt1270798
tt5985560
tt1556243
tt27166928
tt0298845
""
tt2014230
tt3245736
tt1899324
tt14061530
tt1413492
tt1751634
""
tt0422401
""
tt0362225
""
""
""
tt2805096
tt5936866
""
tt0489235
""
""
tt0850648
""
tt27050858
tt1814621
""
tt24079640
tt2236054
""
""
""
tt1116184
""
tt0867171
""
tt0463398
tt0184503
tt1597420
tt1587310
""
""
tt1710502
""
tt0295122
tt0864352
""
tt6805870
""
tt1411250
""
tt1401152
tt4126476
""
""
""
""
tt4154796
""
""
""
tt3485114
""
tt0223593
""
""
""
tt2386490
""
tt0482629
tt1238281
""
tt23573936
tt21301418
""
tt1618434
""
""
tt3622592
tt4470288
tt5782146
tt0828103
""
""
""
tt8319428
tt9704798
tt1258137
tt0896892
tt2099592
tt0905979
tt20751292
tt13344722
tt0862846
""
tt0484243
tt3296908
""
""
tt24146896
""
tt0120683
tt0360201
""
tt1843230
tt0892789
tt1758788
""
""
tt0109774
tt0926129
tt8790086
tt9224104
""
""
tt2660888
""
""
""
tt7424200
""
tt1348310
""
tt8980698
""
""
tt4374482
""
tt0227972
""
""
""
tt6412452
tt9016974
tt1905042
""
""
""
""
tt11027830
tt1815708
""
tt3646154
tt1924435
""
""
tt1722512
tt0896548
""
""
""
tt2584018
""
tt16118722
""
tt12849394
tt1438176
tt0477507
""
tt6562296
tt0980970
tt13449684
""
""
tt0409904
""
""
""
""
""
""
""
""
""
""
tt0101414
tt11027830
""
""
""
""
""
tt1390403
tt0313038
tt2334873
tt1826538
""
""
""
""
tt36109506
""
tt0869059
tt2455514
""
tt4202514
""
tt0444593
""
tt0494184
""
""
tt4094724
""
tt3554874
tt1526300
tt1601141
tt1524415
""
tt3652662
tt1708470
""
""
""
tt5996422
""
""
""
tt0448115
tt0475198
tt13377488
tt4064912
""
tt13654226
""
tt1942886
tt7146714
tt0362270
tt1285009
""
""
tt0875149
""
""
""
tt1229360
tt1601141
tt0058796
""
tt27787862
tt1710310
""
""
tt10394738
tt1079347
""
""
tt2320030
tt0412113
""
""
tt4206312
""
tt3315342
""
tt7904172
""
""
tt0907833
""
""
tt1321861
tt29871224
tt2935622
""
""
tt34508172
tt0048845
tt6378536
tt1147682
""
tt1451440
tt8206398
tt5052460
""
tt3717490
tt11311302
""
""
tt0875588
tt3359668
""
tt2357939
tt33852162
tt0144724
""
""
tt1456060
""
tt0441773
tt8850704
tt0925266
""
tt1421051
tt1772264
""
tt11997658
""
tt2103188
tt1421051
tt1413495
""
tt6041390
tt4009916
tt1139632
""
""
""
tt6493286
tt0765447
tt36304245
tt1171222
tt1791614
tt1392739
""
""
""
tt0275468
""
tt7387292
tt1825683
tt1238304
""
tt1849810
tt1593797
""
""
tt7555736
""
tt7909878
tt1358846
""
""
""
""
""
tt9202294
tt8451364
tt1844114
tt25809450
""
tt1259528
tt1037222
tt0770645
tt0484740
tt4738360
""
tt1985019
""
""
tt8908432
""
tt1552211
tt29552000
tt1416765
tt1299440
tt0406759
tt10442108
""
tt0195778
""
tt10749948
tt0936471
tt6791350
tt5166168
""
""
""
""
""
tt0207889
tt0923653
tt1266020
""
tt0384819
""
tt4278252
""
tt0369436
""
""
""
tt1620583
""
tt1236236
""
tt21209876
""
""
""
""
""
tt1699745
""
""
tt14599306
""
tt0048280
""
tt6162924
""
""
""
tt27954448
tt5842890
""
tt1305826
""
tt1002951
tt5074504
tt1294693
tt11245972
""
tt13322702
tt1853708
tt13377488
tt4837396
tt1442437
""
tt0115228
""
""
""
""
""
tt0463998
tt1634827
""
tt13144490
""
""
""
""
""
tt36388193
""
tt8647158
""
""
tt1270798
tt1753567
""
tt0842929
tt1567432
""
""
tt2316204
""
""
tt2120779
""
tt2872518
tt7466442
tt0965394
tt11188560
tt15438246
""
tt1512235
tt1290120
""
""
""
tt1528813
tt2362958
tt1951261
tt4168248
""
tt4532826
tt0389790
""
""
tt12578564
tt0464141
tt1272878
""
tt2179136
tt0810827
tt8509922
""
tt4161470
""
tt1171225
tt1334102
tt0289803
tt0472181
tt2140203
tt1259521
""
""
""
""
""
tt0881680
""
tt1053424
tt9376612
""
""
tt0420291
tt3945880
tt23330162
""
""
""
tt3819676
tt0108757
tt10943622
""
tt15219686
tt11152168
""
tt3523852
""
""
tt3498820
tt6387126
""
tt2232968
tt0464504
tt6772606
""
tt2656438
""
tt2105872
tt6795504
""
tt0397065
""
tt0397065
tt1053926
""
tt2516756
tt2295953
""
tt1620680
tt0329691
""
""
tt0167190
""
tt1574630
tt1578275
""
""
tt14412362
tt10910978
""
""
""
tt17640966
""
""
""
tt2701586
""
""
""
tt13800572
""
tt1586265
tt1851040
""
""
""
tt6394324
""
tt38225189
""
""
""
tt4480484
tt0491100
""
tt1657278
tt1814621
tt1022603
""
""
""
tt2056217
""
tt0854123
tt0101038
""
tt32612237
""
""
tt1024219
tt1209331
tt1164999
""
""
tt1605630
tt37599694
tt1111422
tt1517268
""
""
""
""
tt2062559
tt28290233
tt9742936
tt1349448
tt7224794
tt8747430
tt1023111
tt6134022
""
tt0329691
""
""
tt8264546
""
""
tt0986348
""
tt3065204
""
""
tt21368318
tt9116358
""
tt0412142
tt1434423
tt13471738
""
""
""
""
tt3829266
tt30842022
""
""
tt0463872
""
tt6306064
""
""
""
""
""
""
tt1119646
""
""
tt0981074
tt14670094
tt33550069
""
tt0465234
tt1349451
tt3706468
""
""
""
tt1579350
""
tt7068874
""
tt1475543
""
tt15765370
""
""
""
""
""
tt0410297
tt0841046
""
tt1699147
tt8259142
""
tt10833374
tt1839337
""
""
tt0949731
""
tt9777666
""
""
tt4917422
""
tt0892063
""
tt0461733
tt5968394
""
tt1094364
""
tt0893503
tt22768856
""
tt32321905
tt1329404
tt0198093
""
tt3172532
tt4184178
""
""
tt0866439
tt7131622
""
tt0492389
""
""
tt4892646
""
tt0421715
tt0461936
tt0477888
""
""
tt26930351
""
""
""
tt5034838
""
""
tt1609479
""
""
tt31987295
""
""
tt0813715
""
tt22441858
tt1266020
""
tt1362180
tt0493464
""
tt8386898
tt15838850
tt1632708
tt2197536
""
tt2198241
tt8310474
""
tt14641542
tt1367469
""
""
""
tt4012914
""
tt5093452
tt11928840
""
""
tt2820852
tt13788812
tt7326608
tt5433138
""
""
tt0493464
tt0425080
""
""
tt14586176
tt2334649
tt4720702
""
""
tt8239736
""
""
""
""
tt0790604
tt1291150
tt0455326
tt5208252
""
""
tt1378167
tt2372162
tt1361721
tt1941957
tt1358522
tt1398392
""
""
tt6673612
tt0458352
tt0096697
""
""
tt4047458
""
""
tt2762662
""
tt3156890
tt7069210
""
tt1745958
""
""
tt0381798
""
""
""
tt0862568
""
""
""
tt1397176
tt8342908
tt0872245
tt1525587
""
""
""
tt3952016
""
""
""
tt1596726
""
tt0387199
""
tt1160368
tt6067752
tt3152038
""
""
tt0898323
""
""
tt15325794
tt5033998
""
tt3967028
tt3691740
tt1843136
""
""
tt0442726
""
tt1697062
tt1830617
tt6962030
""
""
tt1264881
tt13314510
""
""
""
tt0815241
tt5676412
""
tt0361748
tt4327612
tt3749900
tt1347386
""
""
tt0836838
tt13223570
""
tt0265666
tt8359848
tt5569404
""
""
""
""
tt1204936
tt12193804
tt2935564
tt0450259
tt1414863
tt0092325
tt15196728
""
tt0458290
tt26753003
""
tt2518796
tt2107861
tt4689402
tt0842906
""
tt1830713
tt12536294
tt11967170
tt14121704
tt5186076
tt1055369
tt3817124
""
tt8746478
""
tt31897917
tt1438173
tt2331623
tt10245106
""
tt13207296
tt1757678
tt0468569
tt5844488
""
tt14532010
""
""
tt0904110
tt4794842
""
""
""
tt9603208
""
tt31956415
""
""
""
tt2356777
""
""
tt38236646
tt2302687
""
""
tt2245756
""
tt11841860
tt1650773
tt0399373
""
""
tt2191671
""
""
""
tt33267833
""
""
tt0104409
""
""
""
""
""
""
""
""
tt6010102
""
tt0073031
tt1152269
""
tt0989094
""
tt2345759
tt7831704
""
""
tt0348150
tt1843230
tt1366344
tt1692858
tt4270458
""
""
""
""
tt1662979
""
tt3420504
""
tt0486578
tt0364845
""
""
""
""
""
""
""
tt0108979
tt35046880
tt4181052
tt3731562
tt12937954
tt5679402
tt0203259
tt2359405
""
tt4444762
tt1033643
tt3230454
tt1077368
""
tt2122656
""
tt0374783
""
tt1492179
tt5282006
tt0359950
tt4433194
""
tt0906749
tt0393597
tt6211542
tt11422042
tt10666536
tt0165982
""
""
tt3219106
""
""
tt1688297
tt1710310
tt1266073
""
""
tt0485920
""
tt14690630
""
""
tt2948372
tt0914863
tt2908438
tt6733874
tt3424090
tt0177668
tt1877889
tt9389916
""
""
tt6986990
tt6724368
""
""
tt12904712
""
tt1663662
tt6212478
""
""
tt1877889
""
tt26731481
""
tt5057140
""
tt2147597
tt1075109
""
tt1225901
""
tt3212204
tt1957484
""
tt11012636
""
""
tt1034072
tt1703147
tt10633958
""
""
""
tt6288124
tt3205802
tt2070791
""
tt0108757
tt0374102
tt5500218
""
tt8114938
tt1620981
""
""
tt4979652
""
tt4154916
tt0446701
tt0496275
tt1582456
tt14140886
""
tt0486531
""
tt3416532
""
tt3671850
""
""
tt2312862
""
""
""
tt2300923
""
""
tt2443340
""
""
""
""
tt11097384
""
""
tt0167190
""
tt2194430
tt15033342
tt3007512
""
tt8358220
tt2443860
tt6162892
""
""
tt0454602
""
tt0947798
""
tt8839634
tt0970866
""
tt14845950
""
""
tt2741602
""
""
""
tt6450662
tt2191671
tt0796264
tt1691917
""
tt12789558
tt12011572
tt18699118
""
""
tt15102210
tt13722848
""
tt1114740
tt0892700
tt38520159
""
""
""
""
tt36339931
""
tt3155320
""
tt1198371
tt0964854
""
""
tt7556122
""
""
tt1205537
""
""
tt0490075
""
tt8752440
tt0915463
""
tt0479117
""
tt1640484
tt5814060
tt1437811
tt25273398
tt2733252
""
tt0923752
""
tt0948538
tt1954868
""
tt1663662
""
tt1477109
tt1945081
""
""
""
tt1731755
""
tt0414766
""
""
tt1442437
""
""
tt0126765
tt11527562
tt0122353
tt34381258
tt9362930
tt1394211
""
tt0915463
tt1378167
""
tt0499435
tt1670476
""
tt0297398
tt0382932
""
""
""
tt0465234
""
tt8904630
tt2765522
""
""
""
""
tt2041488
""
""
""
tt1365519
tt34573436
""
""
""
""
tt0896781
""
tt4126476
""
tt0115325
""
""
""
""
tt10304142
""
""
tt13109952
""
tt0926237
tt2700302
""
""
""
""
tt29623480
""
""
""
tt14209916
""
tt3910996
tt9456372
""
""
""
tt1275858
""
tt1711425
""
""
tt1765510
""
""
""
""
""
""
tt4667888
""
""
tt3645318
""
tt0775539
tt1870479
tt1799527
""
tt2245310
tt2517044
""
""
""
tt11068428
tt4920274
""
tt0142183
tt1873584
""
""
tt0922465
""
""
tt11114760
tt5597792
""
tt1159271
""
tt3826916
tt5755622
""
""
""
tt8954352
""
""
""
""
tt3823234
tt2581662
""
""
""
tt3069074
""
""
tt3152736
""
""
tt4877258
tt3308614
tt3774658
""
tt30023796
""
tt0985051
tt5638056
""
tt4782144
""
tt10360160
""
""
tt5457244
""
tt1259570
""
tt0926170
""
""
""
tt1093908
tt3101132
""
""
tt0146316
tt0960731
""
tt26659580
""
tt1981558
""
tt1519461
tt4085158
""
tt10936710
tt33480540
""
tt2069845
tt1132449
tt1147522
tt0949878
""
""
""
""
""
""
tt1971310
tt0999913
""
""
tt3564472
tt19710400
tt3969282
tt4577816
""
""
tt11516984
""
tt0118375
""
tt9140632
tt3014212
""
tt2660734
tt1322398
""
tt0069658
""
tt13942896
tt0937378
""
""
""
tt1798173
""
tt0850709
""
tt3361774
""
tt0250778
tt5968274
""
""
tt0993841
""
""
""
""
""
""
""
tt4354880
""
tt0251714
tt0799905
""
tt0314353
tt0472023
""
tt1415283
tt1590805
tt1456060
tt2251227
""
tt33515786
""
""
tt37403546
tt5754580
tt34688195
tt1319636
""
""
""
""
tt3447364
""
tt2170439
tt14112080
tt3973884
tt0485976
tt8247470
tt0120917
tt0187738
tt30955489
""
""
tt0850644
tt4154796
tt6968614
""
""
""
tt2254106
""
""
""
""
""
""
""
tt12304420
""
""
tt3471104
tt1837576
""
""
""
tt0376479
tt1397494
""
tt3573354
""
tt0263274
""
""
""
""
tt1757772
tt8332438
tt4118100
tt30743433
""
""
tt12965390
""
""
""
tt5278214
""
tt1475543
tt7235466
tt8354304
""
tt27201660
""
""
tt1758830
""
tt22071864
tt1358154
""
""
""
tt26758928
""
tt5024912
""
""
tt0948471
tt1080731
tt1210819
""
""
""
""
tt0477080
tt9114286
tt1170410
""
tt27653078
tt1969062
tt9080784
tt5707802
""
""
tt22334204
tt0862593
tt32141377
tt1178181
""
tt0892255
tt1751634
tt5460548
tt3066270
tt0409904
tt5016662
tt8303474
tt32035234
tt1865346
""
tt2661112
""
tt1816158
tt3169770
""
""
""
""
""
""
""
""
tt30956515
""
""
""
tt1370440
tt2436912
""
""
tt2219370
""
""
tt1119176
""
""
""
tt1451641
tt6667360
tt10572668
""
tt7095482
""
tt9581768
tt4384086
tt0762114
""
""
tt2562232
tt3989750
tt13592218
tt2193191
""
""
tt1637688
""
""
tt2293954
""
""
tt19495410
""
tt1230181
tt10872600
tt2180481
tt6749834
""
tt5687612
tt2262227
""
""
tt5511512
tt10481760
tt9243946
""
""
""
""
""
""
""
""
tt0861758
""
""
""
""
tt2333784
tt26735683
tt1699748
""
tt11091696
tt4209256
""
""
tt30475904
tt0244990
""
tt2249007
tt0369610
tt3521126
""
""
tt1201607
tt25326322
tt0421463
""
tt14128670
""
""
""
""
""
""
""
tt0899303
""
tt1628841
""
tt1227381
""
tt1270797
""
""
""
""
tt1365043
tt5099020
tt2622100
""
tt14895146
""
tt0875948
""
tt13682026
""
""
""
""
""
""
tt2365946
tt7329472
""
""
""
""
""
tt3713166
tt0798817
""
tt14033502
tt6521876
tt2486556
tt6394270
tt3749900
""
""
tt1627031
tt1159580
""
""
tt2298224
tt0364782
""
tt10872600
""
tt3293630
tt0421715
""
tt2543312
""
tt4943322
""
""
""
""
""
tt14766956
""
""
tt3951368
tt0393597
tt0450890
""
""
""
tt1063338
tt0818165
""
""
""
tt1468779
""
""
""
tt0088580
tt3874556
""
""
tt5889204
tt1475266
""
tt0449550
tt1843866
tt4164630
""
tt6842116
tt3371366
""
tt10422288
tt1125351
""
tt3109188
tt11349196
tt0440963
""
tt4806436
""
tt9770150
tt8760708
tt0934840
tt0058796
tt3606756
tt7716120
tt0343314
""
""
tt2267968
tt0978569
""
tt2209764
""
tt8787372
""
""
""
""
""
tt10999120
""
tt23903194
tt4196848
""
""
""
""
tt0937233
""
""
""
""
""
tt1055369
tt2989524
""
""
""
tt2283336
tt3969258
tt1983238
tt1041829
tt0765010
""
""
""
""
""
tt10654458
""
tt3704428
""
tt0814335
tt37722118
tt0450385
""
""
""
tt5509324
tt7053188
tt9793986
""
""
tt0312859
""
""
""
""
""
""
tt20056964
tt5120854
""
""
tt1522410
""
tt0948467
""
tt14307536
""
""
tt30842544
tt14773144
tt2395469
""
""
""
""
tt8690918
tt0460627
tt1059828
""
tt2805096
""
tt1976547
tt7520794
""
tt2357851
tt4643084
tt0118375
""
""
tt4560436
tt1045855
tt1242548
""
""
tt0770828
""
""
""
tt1951181
tt1280550
tt1242463
""
tt18884960
""
""
tt1294688
tt0485985
tt1736341
""
tt1554958
""
""
""
""
tt7749142
""
""
""
tt1300854
tt14632878
tt1172962
tt18246312
tt7424200
tt0231402
tt4773980
tt28376705
tt1204975
""
tt2147597
""
tt0955391
""
tt0796366
""
tt5460276
""
""
""
""
""
tt3125324
tt1094229
tt20783908
tt28151657
tt0400835
""
tt1845307
tt11998558
""
""
""
""
tt27054614
tt1069264
tt1980003
tt1586680
""
""
""
tt2436672
""
tt27302416
tt0844471
tt7760890
tt2085059
""
""
tt1229238
""
tt10999120
tt0320037
tt2316525
""
tt13720112
tt1422113
tt1340453
tt0802787
tt3107288
""
tt8469562
""
""
tt13130948
""
tt27613895
tt10451914
""
""
tt5402714
tt15846130
tt1441953
""
tt1214962
tt0986264
tt6521876
""
tt0944958
tt4604496
""
tt31990286
tt0072506
tt1119644
tt0897249
tt1144551
""
""
tt1077368
""
""
tt5519340
tt14513804
""
tt1617661
""
""
tt7599146
tt1362068
""
""
tt8746530
tt1386697
tt4433646
tt2795912
""
""
""
""
""
""
tt1103272
""
""
tt0790557
tt3782838
tt1663677
tt0455275
""
""
tt1442437
tt1215983
tt15539442
tt1540128
""
""
""
tt1371111
""
tt3088196
tt15280334
""
tt1442449
""
""
""
""
""
tt3563010
tt6128300
""
""
tt2361317
""
tt0446046
tt1533163
""
""
tt0944835
""
tt0056758
tt39566543
""
""
tt1525552
tt8364368
tt5515434
tt1998394
tt1034426
""
tt28254574
tt6696666
tt6297330
""
tt1833403
tt0448157
""
""
tt8328716
""
tt1190618
""
""
""
""
tt10731256
tt1081909
""
""
""
tt5727208
tt6513656
tt2963204
""
tt29402554
""
""
tt1387486
""
""
tt0923494
tt0840266
""
tt0790736
tt15472454
tt0963974
""
tt2818178
tt1362542
tt1006899
""
tt21239248
tt4093110
""
""
tt1403981
tt31456372
""
""
tt1097014
""
tt1702439
""
""
tt2771780
""
tt0444978
tt0165454
tt10452854
tt2848292
""
tt6521876
tt6281238
""
tt4574334
""
tt0386946
""
""
tt1235915
""
tt0993840
""
""
tt3410834
""
""
tt0465602
tt14700102
""
tt2109248
tt3752902
""
tt3107288
""
""
tt38773476
tt3596174
tt1598822
""
tt0470982
tt2109248
""
tt3874544
tt7235466
""
""
tt2379713
""
""
tt6903164
tt7270808
tt32764268
""
""
""
tt3431450
""
""
""
""
""
""
""
tt0816711
tt1504253
""
""
tt12855908
tt0373889
tt13056862
tt0969653
tt2982776
""
""
tt8269526
""
""
tt1630657
tt0448157
""
""
""
""
tt6284564
tt1824986
tt1391087
tt0963878
""
tt9099800
tt1397324
""
tt0472954
""
tt10276482
""
tt5945530
""
tt1455039
tt1304612
tt2009102
tt14400760
""
tt33088452
tt0481536
tt0220827
tt7525140
""
tt1747967
tt0357718
""
tt20672830
""
""
tt0806910
tt10916112
tt0407423
""
""
tt1852001
""
""
""
tt0969750
tt6144762
tt1396494
tt10545296
""
""
tt12126806
tt6282482
""
tt3282762
""
""
tt1337721
tt0473376
tt0433035
""
tt0359950
tt1234437
tt1529569
tt1426362
""
tt1833112
""
""
tt1741656
tt0880648
""
""
tt3859804
tt4520470
""
tt12694140
""
tt1138471
""
""
""
""
""
tt1365483
tt7238438
tt2965918
""
tt1366687
""
tt1553199
""
tt1316053
""
tt1321870
""
tt1386588
""
tt1044196
tt2140629
""
""
tt29542769
tt2690634
""
""
tt0102802
""
tt6408320
tt1392190
tt3397754
tt1517489
tt13865142
tt3782866
tt0309992
tt2359704
tt26660021
tt4205416
""
tt3514324
tt11329064
""
tt3612126
tt4291700
""
tt1259571
""
tt3045616
""
tt0896515
""
""
tt4717004
""
tt5197528
""
tt26370113
""
""
""
""
""
tt0841167
tt2087911
""
tt7279640
tt28358950
tt1650043
tt24822574
tt1479844
tt6306064
""
tt7569576
""
tt1379712
tt15401012
tt1586680
""
""
tt2973720
""
""
tt1312254
tt5953726
""
""
tt22169900
""
tt12363406
""
""
""
""
""
tt21837726
""
tt3674026
tt10370380
""
tt1655424
tt1092063
tt15850582
tt2784678
""
""
tt10885578
tt1663202
""
""
tt5511582
""
""
""
tt4173092
tt0068069
tt3072988
tt12627606
""
tt0976158
tt1034325
tt1951181
tt0859592
""
""
""
""
""
tt5883700
tt3815412
""
tt1525464
tt6264654
tt1025102
""
tt1078585
tt1119644
tt7043012
""
tt1086761
tt0418592
tt11315808
""
tt2211718
""
tt2179612
tt1321510
""
""
""
tt1657507
tt5709188
""
""
tt1803227
tt8688634
""
""
tt34382572
tt14247286
tt1540011
""
tt0413573
tt10508082
""
tt4160278
""
tt10726774
tt29260386
""
""
""
""
tt0452046
""
""
""
tt0810922
tt1185416
""
tt1891811
""
tt2056366
tt0981215
tt4131818
tt0099688
tt1986769
""
""
tt4422756
tt2239512
tt1541874
""
""
""
""
tt30699629
""
tt5061360
tt17347358
tt6122480
tt0831887
tt1105170
tt2043943
tt1495708
tt9182284
tt6734268
tt0247082
""
""
tt1270286
tt8146766
""
""
""
tt2891574
""
""
tt1083463
tt0497116
tt2149175
tt5691552
tt21830902
""
""
tt1199099
""
""
tt1860213
""
tt5707408
""
tt4010918
""
""
""
""
tt0484917
tt0128332
""
tt5351802
""
tt0424095
""
tt15021154
""
tt2194344
tt1185832
tt9081470
tt5363918
""
""
""
tt13017934
""
tt13131232
tt1555868
""
""
""
tt10350842
""
tt4364730
""
""
""
tt0169446
""
""
tt0058796
""
tt7718636
tt5397194
tt5740630
""
""
""
tt4912622
tt4218572
tt0984063
tt11057302
tt1226229
tt26966661
tt10375294
""
tt0903747
tt13670374
""
""
tt1618434
tt6021856
""
""
tt0390808
tt7914972
tt0437729
tt3503862
""
""
""
tt3626476
tt2758880
tt0482572
""
tt7125860
tt1302011
tt3722726
""
""
tt3010410
""
tt35682154
tt1671704
tt1167561
tt1441395
tt2455546
""
""
""
""
""
""
tt0448157
tt0163929
""
tt1117385
""
tt1483792
""
tt0815236
""
""
tt0990435
tt2386295
""
""
""
""
""
tt4959470
tt0972546
""
tt6595902
""
tt4655480
tt1029161
tt1047544
tt28290501
""
""
tt5734204
tt6723592
tt1791682
""
""
tt14453808
tt4363588
tt1618448
""
tt10540276
""
tt1634292
""
""
""
""
""
""
tt0496424
tt2269866
tt0365847
""
tt1351685
""
""
""
tt1495875
""
""
tt1582454
tt5164196
""
""
tt7401840
""
tt1366726
tt2920776
tt1877830
""
""
tt0465234
""
""
tt3687528
tt0348150
tt0938283
""
tt1613716
""
tt26440897
""
tt7217498
""
tt12462118
tt6053512
tt10732104
tt5814760
tt2872718
tt2265492
tt7631058
tt13494136
""
tt10161450
tt0937424
tt1243630
""
""
tt5022622
""
""
tt2530514
tt1612793
""
tt36582636
tt19895588
""
""
""
tt1549737
tt2120075
""
tt1587000
""
tt2338355
""
tt0427392
""
""
""
""
tt0385887
""
tt3139330
""
""
""
tt0838205
""
tt1663202
tt1825683
tt1412532
""
""
tt3691462
""
tt1329200
""
""
""
tt0993749
""
""
""
tt10276160
""
""
""
""
tt0800320
""
tt0451176
""
""
""
""
tt5785016
""
tt0995818
""
""
tt6823386
tt3150402
""
tt0316975
""
""
tt6065230
tt0096697
""
""
""
""
""
""
tt14627480
tt0318233
""
""
tt7034646
tt1527837
tt2123910
tt6051096
""
""
""
tt1599373
""
tt3489236
tt1407977
tt1925421
tt2140469
tt3339966
tt6885114
""
""
tt1172066
""
tt1442437
""
tt1196948
tt3100274
""
tt1832958
tt0496343
tt14642216
tt2713938
tt0936458
tt5529712
tt4996328
tt0118748
""
""
""
""
""
tt15227418
""
""
tt0433309
""
""
""
tt3622592
""
""
""
""
""
tt1537250
""
""
tt0803057
tt6435258
""
""
tt10323676
tt8404256
""
tt22469544
""
""
tt13259878
tt14269590
tt1442352
""
tt12275214
tt3601546
tt0938493
""
tt2074489
tt0964948
tt4489948
tt27717667
tt8753660
""
tt14251154
""
tt1001558
""
""
""
""
""
tt0102800
""
tt8303474
""
tt1636441
tt3702656
tt9737798
""
tt1210347
""
""
tt14400246
tt1065318
""
""
tt10048284
""
""
tt1782390
""
tt12343534
tt2555736
tt6045840
tt20114908
tt10051088
tt11462636
tt3153582
tt5151816
""
tt1860359
tt4617020
""
tt7053188
""
tt1981128
tt0775406
tt6640024
tt1825683
tt36200520
tt7939766
""
""
tt4643084
""
tt1582445
""
tt2239832
""
""
""
tt21228956
tt11649338
""
tt10482504
tt2342554
""
""
""
""
tt3528134
""
tt1608290
tt6432466
tt2376648
""
""
tt1109594
""
""
""
""
tt5441528
""
tt6078840
tt0472023
""
""
tt4591680
tt1562887
""
tt4154138
tt0407621
""
tt1069132
""
tt1152840
""
tt3515632
""
tt5531470
tt5654282
""
tt23397438
""
""
tt1487118
""
""
tt4191780
tt1695865
""
tt4364194
tt1218038
tt1010333
""
""
tt2718458
tt1785288
tt1403865
""
""
""
tt2183641
tt1386588
""
tt1179078
tt1604099
tt5669010
""
tt1045658
""
tt7908756
tt1766094
""
tt0468569
tt1594955
""
tt1321874
tt0481536
""
tt3351348
tt1409798
""
""
tt1325717
tt6342474
""
tt1846589
""
tt4513674
tt0425218
""
""
""
tt6657970
tt1828959
""
tt11286314
tt1663879
""
tt1480703
""
""
""
""
tt2273816
tt2825020
""
tt9848626
tt2017002
tt1586680
tt0472023
""
tt6795336
""
tt4893712
tt3032476
""
tt2507164
tt0776804
tt5848416
tt3040964
tt8888008
tt1015230
""
""
""
""
tt0844657
tt5246700
""
tt0473298
""
""
tt1496422
tt3118452
tt1183919
tt0765432
""
tt4574334
""
tt9173264
tt1972591
""
""
tt7569592
""
""
""
tt32358390
tt15138530
tt9252476
tt1234721
tt1473826
""
tt1616195
tt2126355
tt4711184
tt1392190
""
tt2577192
""
""
""
""
""
tt2231461
tt14573402
tt6663582
tt4052886
tt1896777
""
tt1781715
tt1020579
""
tt1483313
""
""
""
tt12600308
tt1401152
tt2076986
""
""
tt34610311
tt0247082
tt11535228
""
""
""
tt0429031
""
""
""
tt1642616
""
""
""
tt2404408
tt0820987
""
""
tt2098627
tt2310332
tt6277814
tt2388797
""
tt4218572
tt8290180
""
""
""
""
""
""
tt26351303
""
""
""
tt3702088
""
tt3606756
tt0407398
""
tt3228420
tt1018783
""
""
""
""
tt38496388
tt0988083
tt1532515
""
tt2330462
""
""
tt0103363
tt1457758
""
tt1635424
tt9602542
tt7461200
tt6394286
""
""
tt1618450
""
tt0230030
tt8734462
""
tt1832334
tt14622682
""
""
""
""
""
tt1677720
""
tt1740299
""
tt1263676
""
tt11875056
tt1376233
tt23036400
""
tt30331924
""
tt1921149
tt0094824
""
""
tt3910814
""
""
tt3319398
""
tt5727282
tt9158896
""
""
""
tt5911608
""
tt3416742
""
""
tt0133302
""
""
""
""
""
""
tt0838192
""
""
""
""
tt1536749
tt0258827
""
""
""
tt21650832
tt6326262
tt6127338
""
""
tt0102685
""
""
""
""
""
tt3430078
tt0243694
""
tt15471900
tt23156726
""
""
tt2494362
tt1279935
""
tt3444938
""
tt0486583
""
tt2385167
""
""
""
""
tt1443354
""
""
""
tt10207090
""
""
""
""
""
""
""
""
""
""
tt1790809
tt4636292
""
tt0984204
""
""
tt11950864
tt2232429
""
""
""
""
""
tt0435609
""
tt2034788
tt7660850
tt3499666
tt2822400
""
tt0872230
tt0780374
tt2096672
""
""
tt7983894
""
""
tt1001508
tt9100018
""
tt20782146
""
tt1076252
""
tt2361531
tt1078912
""
tt6111574
""
tt4995540
tt2586120
""
tt5738280
tt23057132
""
tt10074832
tt1196946
""
tt10234362
tt1392214
tt1213644
""
""
tt0969269
tt35512812
""
tt0437005
""
""
tt1111948
""
tt13604870
tt4995790
""
""
""
tt4622122
""
tt5461956
tt2589186
tt1029387
tt3829948
""
""
tt22688208
""
""
tt2782332
""
tt2375692
""
tt0859592
""
""
""
""
""
tt6626040
""
tt3489236
""
tt1936532
tt5460226
tt2578508
tt2770970
tt14772014
""
""
tt9686708
tt4085600
""
tt13694628
""
tt7242816
tt1470620
""
tt1772341
""
tt0775489
tt2741602
""
tt10888594
tt0950739
""
""
""
""
tt4720596
tt2431910
tt0440663
""
""
""
""
""
""
tt7107768
""
""
tt1670976
tt1129396
""
""
""
tt2256925
""
tt2820852
""
tt1351685
""
""
tt10515972
tt17023676
""
tt1478338
""
tt14250874
""
tt1286130
tt2577542
tt9399400
""
tt0056869
tt15502340
""
tt1037090
tt5335110
tt9288692
""
""
tt3100274
""
tt1371780
tt1312171
tt0816401
tt1401602
tt38216930
""
tt1821362
""
tt21209488
tt4859164
tt0418091
tt1564585
""
""
""
""
tt2805096
tt2518848
""
""
tt1782570
""
tt7945596
tt1033479
""
tt0790686
tt6254806
tt1404665
tt5339226
tt10611608
""
tt2347497
tt5083604
tt14870694
""
""
""
tt7712598
tt21919378
""
""
tt1009017
tt10540276
""
""
""
""
""
""
""
tt7647840
""
tt8425378
""
tt4234664
tt4020986
""
""
""
""
""
""
""
tt1114740
tt5164288
tt10452222
tt1179069
""
tt1514051
""
""
tt5543284
""
""
""
tt5028930
""
tt9900640
tt0476922
""
tt1337460
""
tt1059905
""
""
""
""
tt0376994
""
tt25367498
""
tt15445056
tt1565958
""
tt1123441
""
""
""
""
tt9853500
""
tt13787062
tt15654262
tt15153532
""
tt1099212
""
""
""
tt23730842
""
""
tt1039983
""
tt0124819
""
""
tt1173427
tt1546992
""
""
""
tt15140278
""
""
""
""
""
""
""
tt10876926
""
tt1279972
""
tt2341762
tt2740518
""
tt1247397
""
tt25402832
tt11558504
tt3315342
""
tt4731148
tt0476922
tt11307814
""
tt6190050
""
tt2076822
""
""
tt1033628
tt5284248
""
tt1357133
""
""
""
tt9354944
""
tt8732222
tt11761176
tt3322420
tt0172156
tt12567088
tt5307912
tt12021544
tt3721256
tt1259521
""
tt4532826
""
tt9801736
tt1418898
""
tt8601408
tt22489996
tt1483013
""
tt15679400
tt1053918
tt0426697
""
tt1092447
""
""
tt2166861
tt5702566
tt19819076
tt1074208
tt1818606
""
""
""
tt0844948
""
""
""
""
tt2448912
tt6105978
tt3672840
""
""
tt3080030
tt2425486
tt1640718
""
tt1134607
""
""
tt1442406
""
""
""
tt1065093
""
""
""
tt7872636
tt20969586
""
""
""
tt5220122
tt7638460
tt1312242
tt1833285
""
tt0800369
tt1055366
tt3973656
""
tt8996296
""
""
tt4903242
tt1911613
tt1667460
""
""
""
tt1725666
tt2310332
tt30475201
""
tt5209086
""
""
tt0889583
""
""
tt1371159
""
tt6090044
""
tt2992146
""
""
""
""
tt1444329
""
tt0165526
""
""
""
""
tt2107835
tt4132692
tt10782220
""
tt0461770
""
tt1397514
""
""
""
""
tt1196197
""
tt0943690
tt1969062
""
tt1212427
""
""
""
""
""
tt2035512
""
""
""
""
tt6247170
tt4303846
""
""
""
tt1051335
""
""
""
""
""
""
tt0241804
""
""
tt39029586
""
tt3410834
tt5968394
""
tt2193021
""
tt1236199
""
""
""
tt1087520
""
""
""
tt0285531
""
tt1697973
""
""
""
""
""
""
""
""
""
tt1042979
""
""
tt1110057
""
""
""
tt1353010
""
""
""
tt1904995
tt8518136
tt1055292
""
""
""
""
""
""
""
tt0970469
""
tt3210396
""
""
""
""
""
""
""
tt5348960
""
tt1844624
tt38778417
tt9419884
""
tt1800241
""
tt1132290
tt3513388
""
tt4294238
""
""
tt2140087
tt3721936
tt38139917
""
""
tt0893402
tt2015381
tt3061046
""
tt5932728
tt0926084
tt1318805
tt6483364
tt14095452
tt14095452
tt7455754
tt1190634
tt8170358
tt0790772
tt1754003
tt8110232
tt1865718
""
tt1370715
""
""
""
""
tt0979432
tt1216475
tt3061534
tt0373908
tt1117668
""
tt9253284
""
""
tt0295701
""
tt1280525
""
""
tt3770700
""
""
tt1549920
""
""
""
tt1235404
tt1705062
tt0982898
tt6066024
tt2347569
""
tt5776208
""
""
""
tt5968394
tt1294226
""
tt2066052
tt9819258
""
tt1616113
tt0839976
""
tt2361094
""
tt2197884
""
tt1521871
""
tt2647544
tt1596363
tt2293640
tt1453405
tt27867099
tt1536410
""
""
tt5033018
tt5518022
tt8742574
""
""
tt1216491
tt4731136
tt0439572
""
tt1772264
""
tt0981224
tt0380083
""
""
""
""
""
tt31598573
""
tt0112064
""
tt0460627
tt4158110
tt3641058
tt0821642
""
""
tt1305016
tt8851084
""
tt0382482
""
tt6603594
tt1001520
""
tt6168914
tt1479668
tt2008693
""
""
tt1014775
""
""
""
tt7442274
""
tt21097228
""
tt14060232
""
""
""
""
""
tt4422056
tt1452298
""
tt1185416
tt2820852
""
tt2613472
""
""
tt0790736
""
""
tt2179116
tt0410975
""
tt4731136
""
tt3226310
""
""
tt27005178
""
""
tt0100122
""
""
""
tt2460488
""
tt0437005
""
""
""
tt0284110
""
""
""
""
tt0997152
""
tt1842306
""
tt4673856
""
tt4209386
""
tt0420293
tt1403846
tt2261391
""
tt1839578
tt3487356
""
""
""
""
""
tt2094911
tt3174214
tt2711738
""
""
tt1456939
tt6173576
""
""
tt5301662
""
tt0313043
tt1059786
""
tt1537739
tt1661382
""
tt2231573
tt1022606
""
""
""
""
""
tt3391770
tt1104001
""
""
""
tt1757678
""
""
""
""
""
""
tt5598292
""
tt3491962
""
""
""
""
tt2083383
tt14627228
""
""
tt4298966
""
tt4063800
tt2261391
""
tt0993846
""
""
""
""
""
tt4920258
tt3343868
""
tt34639700
tt0473705
tt27421075
tt0956038
tt1315591
""
tt2009436
""
""
""
tt2085059
""
""
""
""
""
tt7653504
tt1672845
""
""
""
tt2091325
tt1934205
""
""
""
tt1151922
""
""
""
tt1928215
tt2202368
tt2118649
""
tt10504904
tt2272367
""
""
tt32940141
""
""
""
""
tt1502712
tt0213327
tt0072562
""
tt0898367
tt4587412
tt1358411
tt11816814
tt35972877
""
tt0458481
""
""
tt2465146
tt0368975
""
tt1320296
""
tt6587640
tt4652532
""
""
""
""
tt35088947
""
tt1413495
tt0461653
tt0402701
tt9529618
tt7087064
tt1645929
""
""
tt1532675
tt1071783
""
tt2102509
""
""
tt6917854
""
tt3754940
tt1727776
""
tt1323529
""
""
""
""
""
tt1781058
tt2103254
tt1390411
tt15250704
tt1239449
tt9174388
""
tt0785006
""
""
""
tt8018008
tt1213887
""
tt0095086
""
""
tt30321146
""
""
""
tt1078940
tt9140342
tt21200864
tt1201607
""
""
""
tt1715344
tt0295701
tt1999298
""
""
""
""
tt1217059
tt5220896
""
tt1586680
""
tt6461726
""
tt3369806
""
""
""
""
""
""
tt0438488
""
tt3859272
""
""
tt1965162
tt3768572
tt32400680
tt0321021
tt1606378
tt9156234
tt1865505
tt1869454
tt3433074
""
""
tt33244617
""
""
tt6598238
tt3300542
tt11674970
tt1210782
tt14192076
tt23856916
tt10680614
""
tt0450314
tt1635327
""
tt0302886
tt1234546
tt0787524
""
""
""
""
""
""
""
""
tt0404456
""
tt1355644
""
""
""
tt1934818
""
tt2604274
tt0926174
tt1083462
tt0160539
tt20247118
tt0947810
""
tt2996684
tt1480669
""
""
""
tt1340151
tt1921064
""
""
tt13633798
tt1185420
""
tt8998532
tt6039372
""
""
""
tt8997186
tt1126618
""
""
tt8521778
tt2226642
tt11847842
""
tt32654722
""
tt1067107
""
""
tt2755280
""
""
""
tt38566741
tt2178508
tt3317234
tt1043622
""
tt0407423
""
""
tt2260850
""
""
tt8545268
""
tt2562726
tt1386939
""
tt3063516
""
tt1077162
""
""
tt3799232
tt1086511
tt5807780
tt3456784
""
""
""
tt1179056
tt10168312
""
tt2952438
""
tt0364845
tt1877830
tt9826600
tt2712516
""
tt5108516
""
tt0395699
tt2245084
tt2712516
tt11286810
tt9861122
tt0478970
tt2503358
tt1262981
tt2283336
tt6480156
tt8140398
tt3214446
""
""
""
""
tt1382419
tt5258194
tt1530541
""
""
""
tt2073564
""
tt5862660
tt1517575
tt23643944
tt0831884
tt2864886
""
tt7942796
""
tt7449036
tt1637727
tt0760166
tt11847918
""
tt1231593
""
""
tt7862330
tt8074486
tt1287363
tt1294213
""
""
""
""
tt31596204
tt1305008
""
""
tt0448115
tt37899471
tt1478473
""
tt10482560
tt2776788
tt0384766
tt1836417
""
""
""
tt2725962
""
tt2645188
tt6041290
""
tt10696784
tt1570437
""
""
""
""
tt3475180
tt1639850
tt0475464
""
""
""
tt1605787
""
""
""
tt1844749
""
""
""
tt4712810
""
tt1189032
""
""
""
""
""
tt1842543
tt1705075
tt13023000
""
tt3355428
tt2358925
""
""
tt1819509
""
""
""
tt1217613
tt1617661
""
tt0810827
""
""
tt1024733
tt1244668
tt5152394
""
""
tt10095582
tt10460622
tt0327597
""
""
""
tt2090454
""
tt6138228
tt0212346
tt4320258
""
tt4676862
tt2072066
""
""
""
""
""
""
""
""
""
""
tt4433138
""
""
""
tt1576702
tt33094184
""
""
tt1094585
tt1438535
""
tt0918520
tt0791150
tt6238916
""
tt4728338
""
""
""
tt1091805
tt27720669
tt0959329
tt0157246
""
""
""
tt21933110
""
""
""
""
tt3848938
tt1336608
""
tt7218334
tt2132301
tt4154796
""
tt1107614
""
tt4676862
tt8479438
tt1071262
""
""
tt1144804
""
""
""
""
""
""
tt0452681
tt0449550
""
tt0473705
tt4652570
tt0762130
""
tt1380995
tt2513074
tt2066154
""
""
tt4525986
""
""
""
tt5771010
""
tt0810819
""
""
tt0368479
""
""
""
""
""
tt1403981
""
""
""
tt1527186
tt15671028
tt4232066
""
""
tt11929008
""
tt1886698
""
tt1420425
tt5355868
""
tt0489337
tt6145764
tt39309314
""
""
""
""
""
""
tt1160419
tt3282858
""
tt0081857
""
""
""
""
tt1510940
""
""
""
tt3560084
""
""
""
""
""
tt1468324
tt0319931
""
""
""
""
tt1825157
""
tt0996982
""
tt6467266
tt1091909
""
""
tt0382501
tt1991410
tt1124354
""
tt1703925
""
tt13146488
""
""
""
tt3313072
""
tt3722508
""
tt8964214
""
""
""
tt1276434
""
""
""
""
""
""
""
tt3741150
tt4111814
tt10989934
""
tt4899370
tt11020850
""
""
tt3293184
tt3289262
tt0823863
""
""
tt9324498
""
tt2289232
tt10886166
""
""
tt1099212
tt1324999
tt2245171
""
tt2528254
tt0364845
""
tt13108286
""
tt1948557
tt12969352
tt8129662
tt1634013
""
""
tt1059836
tt13381622
""
tt2368657
tt5146068
tt5519340
""
""
""
tt1121948
""
tt0830515
""
tt2076220
""
tt2375581
""
""
""
tt1524575
""
""
""
""
tt0816711
tt2328900
tt6772802
""
tt0069658
""
tt3803118
tt1103256
tt4294052
""
tt4591680
""
""
""
tt1563565
""
""
tt0993841
tt2544944
""
tt4244162
tt1981115
tt4063476
tt0496275
tt2052015
tt19637052
tt5109280
""
""
""
tt0373883
tt0993846
tt9203694
tt8526872
tt1708135
""
""
tt10196140
""
tt1611715
""
""
tt0263274
tt1493274
tt5562360
""
tt27487529
tt2357489
tt0997282
""
""
tt1762358
tt2288153
tt19744938
tt28324677
tt11834150
tt15398776
""
""
tt1801523
""
tt1311699
tt0411008
tt2650986
""
tt1621045
""
tt21148438
""
""
""
tt3239194
""
tt1023111
""
tt2482856
tt6047482
tt1274295
""
tt8143990
tt1407085
""
tt2085776
tt4264096
""
""
tt2409818
tt1349451
""
""
tt3663260
""
""
tt1333644
tt23472210
""
""
""
tt0138982
tt0096684
""
tt0944835
""
tt4655480
tt1031280
""
tt10919290
tt15275256
tt2222206
tt2193628
tt4662420
""
""
tt8362228
""
tt1135300
tt4357438
""
""
tt0407423
""
""
tt1600195
""
""
""
""
tt0460681
""
tt1557783
tt1358456
""
""
""
tt10768864
tt1812523
""
tt2180585
""
tt1758595
tt3922818
""
tt23806672
""
""
""
tt1345836
""
tt10953362
""
""
tt1049414
""
tt2040537
tt1436562
tt2737926
""
tt28609811
tt4438848
tt1383243
""
tt1109561
tt5622316
tt1915581
tt8093784
tt1595859
tt1112855
""
""
""
""
tt1684734
""
""
tt1319722
tt2938252
""
""
""
tt1505927
tt3159092
""
tt1159705
tt0044298
""
""
tt6476140
""
tt1610527
""
""
tt0247082
tt2211129
tt1745813
tt5021166
""
""
tt13365348
""
""
""
""
tt12879602
""
""
""
tt3343868
""
""
tt9055242
tt4312318
tt1365613
tt22022784
""
tt1270798
""
tt3060600
tt1114723
""
""
""
""
""
tt1494764
tt3531262
tt2333784
""
tt5638056
""
tt1378167
""
""
""
""
tt34333574
""
tt4154664
""
""
""
""
tt3480796
""
tt12878702
tt10969668
tt0388626
tt10919290
tt7597358
""
tt22772838
tt1361584
""
""
tt9362722
tt5879350
""
""
""
tt5687270
tt1843230
""
""
tt1430131
tt2823054
""
""
""
tt0804522
tt1631867
""
tt7885162
tt4594658
""
tt12908110
""
tt10574236
tt31038430
""
""
""
tt1107395
tt2106741
tt3249056
tt2452266
""
tt2990140
""
tt6461726
tt1928337
""
tt11329064
tt1341970
tt1615147
""
tt2848292
tt21909764
""
""
tt6472976
tt3086386
tt4725302
tt1132485
tt1588342
""
tt2547584
tt1937264
""
""
""
""
""
""
""
tt3074328
tt1244881
tt1964418
""
""
tt0490038
tt5229764
tt0142251
tt4687882
tt18350228
tt2623754
tt3431178
""
""
tt0965411
""
tt0275140
tt4096750
tt1392171
tt2347285
tt9212122
""
""
tt1723811
""
""
""
tt2379554
tt0239195
tt0865554
""
tt5052474
tt9055008
tt1453090
tt1180316
tt13381608
""
tt10329024
tt1323594
""
""
""
""
tt0193365
""
tt1786031
""
""
tt2339647
""
""
tt1598710
tt1311093
tt3315342
tt6038590
""
tt1216520
tt0475047
tt1748531
""
tt0981064
""
tt4643400
tt4516622
""
""
""
tt1617661
tt1591321
tt27543578
""
""
tt3205802
tt4718770
""
tt8457852
tt5193232
tt8206668
""
tt5710514
""
""
""
tt2763296
""
tt11382150
""
tt1446672
""
tt1929755
tt2726560
""
tt27550984
tt0861779
tt0364845
tt32395062
tt3626828
tt1123372
tt2709768
tt7767422
tt1416765
tt2561752
""
tt16110470
tt5420878
""
""
""
tt1702439
tt14966898
tt2094187
tt2095684
tt28443655
""
""
tt1811100
""
tt4089276
""
""
""
""
tt2098843
tt34916741
tt6112836
tt2359548
tt3893332
tt2211129
tt2069031
""
""
tt11579170
tt4138886
tt0944947
tt1840323
tt1185442
""
""
""
tt0880502
tt1523367
tt1285212
""
""
""
""
tt1320253
""
tt10230370
""
""
""
tt5097410
tt8752474
""
tt2140379
""
tt0805526
""
tt14449470
""
""
""
""
""
""
tt1482457
""
tt1409106
tt5842890
""
""
""
""
tt0430770
""
tt7547410
""
tt1037178
tt0254920
""
""
tt0117517
""
""
tt1132457
""
tt6469548
""
""
""
""
""
""
tt2144442
tt0808151
""
""
tt7242142
""
""
""
""
tt0387199
tt3263946
tt3799694
tt0487831
""
""
""
tt0340012
""
""
tt37022689
""
""
tt0433623
""
""
tt0795111
tt1229822
tt4212476
""
""
""
tt16437278
tt1595859
tt7392212
tt14330236
tt1236246
tt1416765
""
tt2241351
""
""
""
tt2364725
""
""
""
tt1053202
""
""
""
""
""
""
tt0400998
tt1687867
""
tt0102798
tt1890388
""
tt0361748
tt0972412
""
""
tt0498344
""
""
tt7550000
""
tt0814331
tt2010634
tt1816675
tt3501074
tt5332942
tt12427158
""
""
""
tt5189424
tt10374618
tt7000192
tt8106534
""
""
""
""
tt1825683
""
""
tt1116047
tt11867884
tt8000674
tt2634548
""
""
""
""
tt1343110
""
tt18502104
""
""
""
""
tt1526818
tt3147706
""
""
tt0138235
""
tt7738450
tt13798316
tt2515034
""
tt0111999
""
tt1129431
""
tt4516162
tt5473298
""
""
""
tt24373698
tt2337132
tt10065694
""
tt0364845
""
""
""
tt12793234
""
tt36943967
""
tt1492728
""
tt0765443
tt2493486
""
tt2314824
""
""
tt1629336
""
tt5151622
""
""
tt3305308
""
tt3322312
tt6777590
""
tt32214143
tt28498219
tt28004898
""
tt8299768
""
""
tt10323338
""
tt1462757
""
tt0318233
""
tt2023453
tt4938700
tt2467372
""
tt2082262
tt1360144
tt0322651
""
tt2908446
tt1130862
""
tt11697484
""
tt0401729
""
""
tt11052678
tt1227140
""
tt2055765
""
""
""
tt10648342
tt15791630
tt1737796
tt1279972
""
tt8106588
tt6506490
""
tt2429086
tt5923962
tt2567026
""
""
tt34811103
""
""
tt10919380
""
tt1024943
tt1541664
tt6268260
tt0445135
tt0419724
tt12510182
""
tt0428167
tt6535308
tt1142311
tt1623765
tt12361974
""
tt3521126
tt1103987
tt12343534
tt21107718
""
tt14500082
""
tt6018296
""
""
""
tt2706090
""
tt2015381
""
tt1475549
""
""
""
tt1595028
""
""
tt7008872
""
tt8291224
""
tt15251536
tt2084883
""
""
tt1405406
""
tt1472459
""
tt11620828
""
""
tt4940416
tt1259228
""
""
tt9464682
tt8404256
tt1912136
""
""
tt32079034
""
""
tt0200465
""
""
""
""
tt2190203
tt7759108
tt5177120
tt1742020
tt1142433
tt2699110
tt27713772
""
tt2486678
""
""
tt2487746
tt1932767
tt2356180
tt1662500
""
""
""
tt3502248
tt9903802
tt2190152
""
""
tt3621872
tt1650527
""
tt1449283
tt1502936
""
tt3464830
tt8232504
""
""
tt1145162
""
tt3006472
tt6185118
""
""
""
""
tt1904996
tt5946798
tt5137338
""
tt1772317
tt1596343
tt1439741
tt3743822
tt2294449
""
tt2382320
tt13098590
""
""
tt1145922
tt27575981
""
""
tt1098327
""
tt3489236
""
tt4467760
""
tt0925266
tt3324458
""
""
tt6710214
tt13253064
tt1146326
tt0926759
tt10151386
tt1932718
""
""
tt5662990
""
""
""
""
""
tt8202956
tt1823664
""
""
""
tt1910500
tt6613878
tt1419399
""
""
""
tt2245084
tt0472399
tt4881806
tt0830161
tt2807072
tt0433035
tt0405325
""
tt1302006
tt0462396
tt2428758
tt0263257
""
tt1047540
tt0471711
""
""
""
""
tt4337848
tt1641946
tt1237932
""
""
""
""
tt3916052
tt34878951
""
""
tt2499818
""
tt1328603
""
tt0809665
""
tt1826590
tt3957278
tt4224506
""
""
""
tt0413573
tt25756592
""
""
""
tt9849210
tt7160070
tt0758774
""
tt2296692
tt0094862
tt1134537
tt9471804
tt0499386
""
""
""
""
tt1503790
""
tt7431994
tt2396758
tt9288822
tt1683921
tt0484877
tt1843230
tt13873466
tt0238784
tt2896898
tt23708936
tt5957766
tt1706601
tt0938330
tt8681434
""
tt4718304
""
tt0897387
tt3100274
tt0803057
tt0472181
""
""
""
""
tt3081606
""
""
""
tt4855748
tt8796226
""
tt1865640
tt1747439
""
tt0822601
tt14858290
tt18267826
tt0120575
""
""
tt23720262
""
tt2231952
tt10887480
tt6160506
tt7877016
tt0169446
tt1897930
tt1456472
""
""
tt9071322
""
""
tt3281796
""
""
""
tt1600195
""
tt26723319
""
tt36437047
""
""
tt0088554
tt1358322
""
tt30495767
""
tt9032124
""
""
tt2112277
tt5761496
""
""
""
tt2316959
""
tt1409024
""
tt8759834
""
""
""
""
tt2234261
tt32558992
tt14371878
tt0892769
tt6916746
""
tt1155056
""
tt2766184
tt0810788
tt1441939
""
tt6591468
tt4003648
""
tt10098620
""
""
tt0817230
tt1153698
""
tt1067600
""
tt1860357
tt14571464
""
""
tt15383132
""
""
""
tt0848228
tt1283887
""
""
""
tt1198196
tt1198196
tt6985744
tt2709768
""
tt4881364
tt19245940
""
""
tt6763664
tt1216487
""
tt8877172
""
""
tt6722400
""
tt11007186
tt1148779
tt0955346
""
""
""
tt1091722
tt12017066
tt1700844
tt2126357
tt12992166
tt4289928
""
""
""
tt16376494
tt5039870
tt4831810
tt1378167
""
""
""
""
""
""
tt3702706
""
""
""
""
tt2741564
tt38915711
tt2205521
""
tt5788814
tt2971902
""
""
tt0830515
""
tt1226229
tt3323254
tt1409024
tt33290281
tt10276482
tt0449462
tt1263677
""
""
tt1964418
""
""
tt7890546
""
tt1525560
tt6226232
tt6882524
tt1784475
tt1631365
tt5297654
tt2297757
""
""
tt1741256
tt9741964
""
""
tt0454987
""
tt0959601
""
""
tt1261065
""
""
""
tt2546866
""
""
tt1549920
tt0466893
""
""
tt1928331
""
tt32741666
""
tt1623190
tt30308506
""
""
""
tt3407018
tt5258066
""
""
tt1336608
""
""
tt8521876
""
""
""
""
tt1056456
""
tt1743034
""
tt1602562
tt10318172
""
""
tt4712818
""
""
tt1228705
""
""
""
""
""
tt15460742
""
""
""
""
""
""
""
""
""
""
tt4218618
""
""
""
""
tt2023716
""
tt2109248
tt2310958
""
tt2462462
tt4574334
""
""
""
tt1860249
""
tt2103281
""
tt2739338
tt5692740
""
""
""
""
""
""
""
""
""
tt5052460
""
tt3337194
""
""
""
tt13846508
""
""
""
""
tt1302142
tt0239195
""
tt1301141
""
""
tt1626606
""
tt11707458
tt4385888
""
tt0808339
tt7128316
""
tt4058756
tt19723342
tt5227746
""
""
tt2435984
""
""
tt0772137
tt1176410
tt1965212
tt0314297
tt0790724
tt3741834
""
""
tt1041804
tt0955322
""
tt0206512
tt17520694
""
""
""
""
""
""
""
""
tt15515450
tt0944835
tt5242004
tt1034306
tt3222878
tt2302755
tt3749900
""
tt7965802
tt0203259
""
tt4947518
tt0970416
tt8103160
tt2488496
""
""
""
tt2124494
tt1872181
tt0850253
tt14592948
""
tt0116329
""
tt2124182
tt1178639
""
tt5223384
""
tt24464438
""
""
""
tt2674358
""
tt1232798
tt31709312
tt6791350
""
tt1362112
tt3992340
tt23143876
tt1395186
tt8892064
tt1568139
""
""
""
""
""
tt6132720
tt1229827
""
""
tt6911608
""
""
""
""
""
tt12250622
tt2049207
tt1860357
""
""
""
""
tt1445208
tt0373051
""
""
tt11460976
""
""
""
tt8305852
""
""
""
""
""
""
""
tt4510174
""
tt0382932
tt10378788
""
""
tt2657262
""
""
tt1334508
""
""
tt2442560
""
tt5175274
""
""
tt6484398
tt0791231
""
""
""
tt1289401
""
""
""
tt0952682
""
tt2674806
tt6450804
tt1366941
tt1198372
""
""
""
tt3593358
""
""
""
tt12244950
""
tt0402701
""
tt3107252
tt2451906
""
tt2245029
""
""
tt0390022
""
tt18079362
tt5270810
tt1270798
""
""
tt3749900
""
""
""
tt6311896
""
""
""
tt4916574
""
""
tt6878378
""
tt3774114
tt1817762
""
""
""
""
""
""
tt1001526
""
tt1911658
tt3142872
tt5188404
""
""
""
""
""
tt1529233
""
tt1054580
""
""
tt0448022
""
tt1054580
""
tt1421727
tt0240272
tt14349984
tt3219170
""
""
""
""
tt0291376
""
""
""
""
tt6294706
""
tt1703180
""
""
tt10650772
tt5328206
""
""
tt0441881
""
tt1462036
tt4225092
""
tt0472954
""
tt1333125
""
tt9081524
""
tt23793170
tt9037280
""
""
tt1297282
""
""
tt0219446
""
""
""
tt1146438
""
tt1411277
""
tt36971108
""
""
""
tt0988818
""
tt1491014
tt10815428
tt3276366
""
""
""
tt1708463
tt30424157
tt0772214
""
tt9062846
tt6521876
tt2640854
""
tt1833116
""
""
tt1226236
""
tt4574334
tt32482419
""
""
""
""
""
tt1453253
""
""
tt0485851
""
tt2096673
tt35855291
""
""
""
tt14417718
""
""
tt1974389
tt0405022
tt2025690
""
""
""
""
""
tt1517219
""
""
""
tt4016454
""
tt1174732
""
""
tt1309564
""
tt0165982
""
tt2487090
""
""
""
tt14205554
tt31823836
""
tt1343097
""
""
tt4519914
tt1126590
""
tt1094229
""
""
tt9251798
""
tt14641542
""
tt1484106
tt27996370
""
""
""
""
tt0429573
""
tt38934637
""
tt1657505
""
""
tt14064260
tt1442049
""
""
""
""
""
""
""
""
""
tt11460976
tt8451888
""
""
""
""
""
""
tt0470883
tt22411278
""
""
""
""
""
tt0450405
tt2332579
""
""
tt1352824
""
""
""
tt1276104
tt2437548
""
""
""
tt5311514
tt0134247
""
""
""
""
tt0285403
""
""
""
""
""
""
""
tt3544112
tt4561950
""
tt11204094
""
""
tt2516274
""
""
tt1167346
tt1034303
tt2023415
tt3120280
tt4016718
tt1796550
tt13528118
tt0094535
tt1217613
""
""
""
""
tt37922559
""
tt0848228
tt1116846
tt11252248
""
tt0058796
tt3313314
tt0477080
""
""
""
""
tt9068332
""
""
""
tt1517260
tt2474952
tt3486542
tt7657566
""
""
tt1667353
""
tt5460508
tt3514324
""
tt1967439
""
tt1565810
tt0426697
tt1978355
""
""
""
""
tt9308932
""
""
""
tt3316960
tt1872181
""
tt0398286
""
tt13861620
""
""
tt2354348
""
tt1316554
""
""
tt4177018
tt0382932
""
""
tt5096246
tt0368530
""
""
""
""
tt2849818
tt15145930
""
tt1345836
""
""
""
""
""
tt32974132
""
tt2080308
tt1616176
""
tt2886678
""
tt1583421
tt34754392
""
tt6012446
tt1378167
""
tt2951478
tt15068850
tt5086264
tt6386168
tt1194595
""
""
tt6297682
""
""
tt7550774
tt6795336
""
""
""
""
tt20823944
""
tt1272878
""
""
tt27693963
tt1311067
""
tt1055292
tt2394022
""
""
tt39117217
""
""
""
""
tt27202258
""
""
""
tt2520516
""
""
""
""
""
""
tt7909664
tt1605625
""
tt1221207
tt1473832
tt1860357
tt2436516
""
tt1641623
""
""
tt4145234
""
""
tt1232783
tt22987636
""
tt1615918
tt6133034
tt31101348
""
tt0499386
""
""
tt1336608
tt1772341
tt13669038
""
tt6994156
""
""
""
""
""
tt8869978
""
tt13446168
tt0449010
tt32832452
""
tt0085936
tt1921010
tt0361748
tt14419010
tt3127312
""
""
""
tt0462391
tt32809435
tt1217613
tt1972591
""
""
""
""
tt2017109
tt1483756
""
""
tt1830617
tt0758758
""
tt21195570
""
tt2404435
tt28435423
""
""
""
tt8857666
""
tt0095800
tt8085790
""
tt1422032
tt2402131
tt1092004
""
tt31227572
tt4329452
tt14269590
""
tt2101383
tt0848228
""
tt7411912
""
""
""
""
tt1586680
tt4889096
tt1001474
tt1688703
""
tt18924008
tt3577624
tt1205537
tt3398436
tt0455538
""
""
""
tt1067733
tt1684935
tt6105098
""
""
""
tt0460649
tt1142977
tt1385867
""
tt8766840
tt1232714
""
""
tt1570728
""
""
tt11204260
""
""
tt1282140
""
tt32093887
""
""
""
tt17050700
tt1628841
tt28089700
tt1228933
""
""
tt5989744
""
tt1080016
""
tt11161474
""
""
""
tt3027648
""
tt1737625
""
""
""
tt1328913
tt4105260
tt10888594
tt12121374
tt28129833
tt1892030
tt1817164
tt8775650
tt3106374
tt11380096
tt13055986
""
tt11304740
tt1984153
tt13610562
""
""
tt6285944
""
""
tt1596346
""
""
""
""
""
tt0472198
tt2481198
tt8809652
""
tt1142433
tt21100682
tt4679162
tt15552352
""
""
tt1020072
tt1430132
tt0182576
""
""
tt3753804
""
tt6364540
""
tt1513177
tt5261058
tt5505992
tt12141112
tt3415250
""
tt29260985
""
""
tt4485204
""
tt1837654
tt1419300
tt10160804
""
tt0780076
tt1078912
""
""
tt1213098
""
""
""
tt2395427
""
tt2022713
tt6342164
""
tt3149038
tt1701967
""
""
""
""
""
tt1370161
""
""
tt8765580
""
tt9603208
""
""
tt12480938
tt13460398
tt31193180
""
""
tt1445545
tt1830617
""
tt0344854
""
""
""
""
""
""
tt1877830
""
tt8954732
""
""
tt24950750
tt1247640
""
tt1454665
tt4633694
""
tt19637220
""
tt14206696
""
tt1751634
tt1479398
tt1334512
""
""
""
""
tt1321869
""
""
tt3722614
tt2361009
tt6474174
tt3783958
tt27376834
""
tt11011682
tt1928307
""
tt0974015
""
""
""
tt1149608
""
tt1722512
tt1210115
tt37286918
tt20674118
""
tt11658084
""
""
tt8286600
tt10648342
""
tt3531260
tt1341768
tt9670480
""
tt1372742
tt2677722
tt1723816
""
tt1636780
tt4068072
""
""
tt31315961
tt5491514
tt2149175
""
tt7369974
tt8442220
""
tt1501515
tt1408353
""
tt1637756
tt1613811
""
""
""
""
""
tt0460627
""
tt5027774
""
""
tt3671738
""
tt2309405
""
tt3301830
tt2303687
tt1213825
tt5096924
tt6066378
tt1719667
tt1261045
""
""
""
""
""
tt1663143
""
tt3693166
tt0069627
tt1319699
tt1215458
""
""
tt1179259
tt6294486
""
tt3345472
tt29469265
""
tt4260728
tt16442566
""
tt8151208
""
tt2741602
tt9398466
tt12383460
""
tt13833978
tt22964884
tt26940324
""
tt21822674
tt7752282
tt3944082
tt5117428
""
tt1301269
""
tt2788432
""
tt2832756
tt4912910
""
tt6104206
""
""
""
tt2958062
tt1620719
""
tt17505492
""
""
""
tt7865090
tt36812903
tt2561572
""
tt0417332
""
""
tt5357978
tt1411697
tt1869296
""
""
tt0379632
tt1567254
""
tt1586676
tt8956324
tt2357423
""
""
""
tt0445776
""
tt9806192
tt1217435
""
tt5184138
tt2199571
""
tt1291584
tt11242246
tt4366830
tt3263904
tt1642253
""
tt1415046
tt5699366
""
tt0949401
tt0384743
""
""
tt1456606
tt12448030
tt1027718
tt1292566
""
tt31260386
""
""
tt2334429
tt1555064
""
tt1763303
""
tt1727776
tt0840196
tt5265662
""
""
""
tt20422780
""
""
""
tt7045446
""
""
""
tt3315284
tt27121260
tt33203451
tt1469254
tt32359054
tt0491175
tt10856914
""
""
""
""
tt6170268
tt0094481
tt0452910
tt3572642
""
tt0932672
""
tt1640605
""
tt2531572
""
""
""
""
""
tt0133302
tt6263850
""
""
""
""
tt33022834
""
""
""
""
tt1529572
""
""
tt4045450
""
""
""
tt0974015
""
tt6966692
""
""
tt1474276
tt1471211
""
""
tt10442206
""
tt4032428
tt1754728
tt32129938
""
""
tt10278542
""
""
tt1217259
tt2723354
tt1203517
""
tt1577067
tt0896893
""
""
""
tt1327801
""
""
""
tt1262892
tt6029344
tt6666966
""
tt21364496
tt7239940
""
tt0338097
tt6742406
""
tt1049412
""
tt2321549
""
""
""
tt27658815
""
""
""
""
""
""
""
""
""
tt4378376
""
""
""
tt4139718
""
""
tt0758766
""
""
tt1685401
""
""
""
""
tt1758725
tt3202464
""
tt10509368
tt4011010
""
tt5345490
""
""
""
tt11683592
""
tt1551632
tt13412596
""
tt4441422
tt2237886
""
tt5337160
tt8741368
""
tt1210819
""
tt1691917
""
tt26744221
tt0481536
tt0364782
tt1299440
""
""
""
tt9580138
""
""
""
""
tt2544734
""
""
""
""
""
""
""
""
tt1821156
tt1637727
tt13777452
""
tt5620534
tt3012776
""
tt12759298
tt4139124
""
tt10160976
""
tt15203646
""
""
""
""
""
tt4794550
tt1389349
""
""
tt4288782
""
tt5224200
tt36999013
""
tt14319068
tt2262532
tt12809988
tt2343793
tt7832118
tt5440326
tt2255032
""
""
""
tt5153656
""
""
tt9529546
tt1858522
""
""
tt14376344
tt2139721
""
""
""
tt2093051
tt0284312
""
tt1305826
tt1709198
""
""
tt7668518
tt1653881
tt12439466
tt11853240
""
""
tt3850214
tt4788722
tt4912412
""
""
""
""
""
tt30768731
""
tt1743994
tt1325773
""
tt2777882
""
tt1555837
""
""
tt1798684
tt2272185
""
""
tt3371366
""
tt30018605
""
""
tt5781062
tt1122596
""
tt1822228
""
tt15325794
""
tt1231580
""
""
""
tt1305826
""
""
""
""
tt1570728
tt5866844
""
""
tt4077072
""
tt1103153
""
tt2871304
tt5180504
tt2473532
""
tt1000774
""
tt15203646
tt2302951
tt3652862
tt5086486
tt0106105
""
tt0439572
tt6617472
tt6076362
tt7087260
""
tt3171164
tt27571647
tt31186646
""
""
tt15352542
tt2616810
""
""
""
tt5748448
""
tt9140560
""
""
tt1703914
tt2545428
""
""
""
tt1351207
""
""
tt4720876
tt29466631
tt7468056
""
""
""
""
tt3220192
""
tt1226334
""
tt5734576
tt1341710
""
tt5606664
""
""
tt1594562
tt1230478
""
""
tt4572514
""
""
""
""
""
tt7608482
""
""
""
""
""
""
""
tt0106559
""
""
tt1623205
""
""
""
tt1753554
""
""
""
""
""
""
tt36720987
tt1235123
tt11384478
tt1737692
tt1407055
""
tt2273657
tt1992248
tt4677938
tt1959490
""
""
""
""
""
""
""
""
tt2058673
tt0361399
""
tt1001526
""
""
""
""
""
""
""
""
tt12262202
""
""
""
""
tt7688972
tt12149982
tt20234774
""
tt1788634
tt4094724
""
""
""
""
tt3321358
tt1514041
tt5311790
tt4475970
""
tt38841455
""
tt10489552
""
tt1237012
tt0981072
tt4444762
tt3509408
""
tt1536097
tt1804497
tt2544148
""
""
""
""
""
""
tt0800369
""
""
tt1427951
""
tt13387422
""
tt2366608
""
tt1523483
""
""
tt1272837
""
""
tt0811080
tt9362722
""
tt3252088
tt1604171
""
""
""
tt17424878
""
tt16979752
tt15506744
""
""
tt2147614
tt1220220
tt0462538
tt1858558
""
""
""
tt1434429
""
""
tt32879844
""
tt1000774
""
tt0968264
""
""
""
""
""
""
""
""
tt0489070
tt2325518
tt11640018
""
tt0804503
""
tt0317219
tt1913181
tt1707317
tt7172702
""
""
""
tt15433116
""
tt1358291
tt1481576
""
tt2101473
tt8634332
""
tt2679042
""
""
tt2219706
tt32298285
""
tt2258266
""
tt1877889
tt1885382
tt12839014
""
""
""
""
tt9385344
tt4264964
tt5946128
tt8618970
tt6111130
""
tt3390572
tt0837562
""
tt1083462
tt1067106
tt2054264
tt1979320
tt0815236
tt2328900
tt2403776
""
tt1670345
tt1239340
tt1788634
tt1327801
""
""
""
""
""
""
""
tt8271188
""
tt4382872
tt21043964
""
tt17022840
tt1921162
tt4348012
tt28635913
""
tt1984157
tt5662932
tt5891258
""
tt9752994
""
""
tt0773264
tt1055369
""
""
tt7121252
""
""
""
tt1378167
""
tt0899106
tt2948356
tt1600194
""
tt1296869
tt11729298
tt2623512
""
""
""
tt0964948
""
tt4667888
""
""
""
""
""
""
tt0840196
""
""
""
tt4238778
tt2805096
tt27918511
""
""
tt1378249
tt15148442
""
""
tt1745960
tt4085584
""
""
tt1244663
""
""
""
tt1017451
""
tt1244704
tt1020885
tt1547234
tt0413573
tt3622592
""
""
tt1641624
tt1149362
tt37751099
""
tt1149608
tt1230380
""
""
tt0375279
tt5468016
""
tt7155582
tt1482437
""
""
""
tt0796264
tt0386676
""
""
tt3741700
tt7334528
tt2964610
""
tt22302170
""
tt4005402
tt2884508
tt5786580
tt25603428
tt1734493
tt2926810
""
""
""
tt2752772
""
""
tt5650140
""
tt2503944
tt2442494
tt4770060
""
tt0997155
""
""
tt0105935
tt3846366
tt0103639
tt2002836
""
tt10881824
tt13361448
""
""
tt0458481
""
tt16448844
tt3004216
""
tt4048168
tt3341718
""
tt2372162
tt10676048
""
tt3509578
tt5164214
tt23475178
tt2077723
tt5822112
""
tt1405406
tt1247184
tt8226276
tt6843786
""
""
tt1661824
tt1230180
tt1551630
tt13064902
""
tt1239378
""
""
tt1967545
tt0310534
tt1016075
tt1640711
tt3475130
""
tt2316881
""
""
""
""
""
""
tt2149237
""
""
""
""
""
tt8041270
tt1929370
tt2975590
""
""
""
""
""
tt1488606
tt1850458
""
tt1067583
""
tt8064672
tt8146766
tt7713068
""
""
tt34517077
""
""
""
tt13826878
tt0339853
""
tt1250730
""
tt2118624
tt1264968
""
tt37241375
""
""
tt11729298
""
tt1772408
""
tt1826940
tt3070936
tt0795461
""
tt2123915
tt5727208
tt2584384
""
tt14412366
""
""
tt3255586
""
tt6128300
tt8110652
tt26595344
tt2177489
tt5348176
""
""
""
tt9875580
tt31181421
""
""
""
tt1784141
""
""
tt0821640
tt1085382
""
tt10795658
""
""
""
""
""
""
""
tt1926313
tt4061620
tt2184207
""
tt6573620
""
tt5909334
""
""
""
tt10825788
tt7235466
""
""
tt1385474
""
""
""
tt25818768
tt8434110
tt1854461
""
tt5546156
""
tt4339226
""
""
""
""
tt20832442
tt7671070
tt1095217
tt2115295
""
""
tt0239195
tt2415846
""
tt11923304
tt1258185
tt2258904
tt0372784
tt0247094
""
""
""
tt29001753
tt16311450
""
""
""
tt3230660
""
tt5754602
tt8075260
tt3079380
""
""
tt0329830
tt6203010
""
""
""
tt1899191
""
""
tt1742044
tt0312450
""
tt0133319
tt1884283
tt16085592
tt1569505
""
tt1736341
""
tt0398165
""
""
tt1187064
tt3582042
""
""
""
tt4651466
tt11394158
""
tt7016936
""
""
tt5308322
tt1308747
""
""
tt2636124
""
""
""
""
""
""
tt1458730
tt1893195
tt14482570
tt8310612
""
""
""
""
""
""
tt2404550
tt12448030
tt13529942
tt1622576
tt0415940
tt2955414
""
tt3163080
tt3212904
tt0926084
tt23055142
""
""
""
""
""
""
tt2157398
tt6264496
""
tt1756442
""
tt6493420
""
tt1949226
""
""
tt3087224
tt14775784
""
""
tt10834220
""
""
tt3551796
""
tt7446086
tt0088402
""
tt7766378
""
""
tt2274972
""
tt1674417
tt2395427
""
""
""
tt3165608
tt1832489
""
tt6583652
""
""
tt1013542
""
""
""
tt5541240
""
tt4986098
""
""
""
tt8591986
tt6494542
""
""
tt0155428
""
""
""
tt7211010
tt2002718
""
""
tt11358390
""
""
""
""
""
tt26659707
""
""
tt6503244
""
tt21147534
tt3451498
""
""
""
tt1683046
""
tt1598496
""
""
tt1442437
tt7979580
tt1480684
""
tt1736633
""
""
tt1187044
""
""
""
""
tt3967856
tt0439389
""
tt26596953
tt4594658
""
tt10433502
tt11304770
tt4581774
""
""
tt31973883
""
tt1370426
""
""
tt2042568
""
""
tt2782710
tt3277624
tt3237798
""
tt1209378
""
tt1877830
""
tt0455782
""
tt10608454
tt3170578
""
""
""
""
tt3322314
""
""
""
""
""
""
""
""
tt1211837
""
""
""
""
tt15210506
""
""
""
tt0138956
tt2364582
tt7054046
""
tt10085338
tt1951264
tt25148502
""
""
tt0857277
tt29045580
tt1943751
tt22752302
""
""
tt1182937
""
tt13659314
tt5202616
""
""
tt2720908
""
tt0460625
""
tt4379826
""
""
tt32928294
tt3235888
tt4173484
""
tt0445935
tt8191916
""
tt5519340
tt5614844
""
""
tt3017382
""
tt6517320
tt5463162
tt1226229
""
tt3221268
tt7768346
tt3609352
""
""
tt0069658
tt0069658
tt1488698
tt1265294
tt13457822
tt3226290
tt2569058
tt0105998
tt6263850
""
tt2444284
tt4016454
tt7938588
tt2481554
tt7979580
tt1536537
""
""
""
""
""
""
""
""
tt1254375
tt7833530
tt12739752
""
""
tt0808151
""
""
tt31601725
""
""
""
""
""
""
""
""
""
""
""
""
tt1951265
tt1515207
tt4865754
tt3470600
""
tt1856010
""
tt2792284
""
""
tt4844148
tt1595859
""
""
tt0090493
tt1535566
tt10394706
tt1201607
""
tt14369056
""
tt1608383
""
tt1178180
tt1557568
""
""
""
tt7130300
tt3225270
tt1549920
""
tt1130884
""
tt6064882
""
""
tt1473179
tt6111130
tt0920461
tt9141536
""
""
tt4001992
""
tt1705125
""
tt11737520
tt11128314
tt1275858
""
tt0780521
tt3735572
tt31181421
""
tt4660980
""
""
tt5700182
tt9170108
tt0458290
""
tt4218572
tt0400426
tt7150412
tt1532915
""
tt7098710
tt3772662
""
tt1122767
tt1256139
tt1561768
""
tt2872462
tt8784956
""
""
""
tt8708736
tt3225970
tt8694246
""
""
""
""
tt1229945
tt15438246
tt1588447
""
tt1462478
""
tt14369780
tt5462602
""
tt0120834
""
""
tt1126590
tt31868189
tt36304003
tt1600881
tt0498381
tt9603208
tt9893250
tt10098448
""
""
""
""
""
tt2334879
""
""
tt4875654
""
tt3289728
tt15373506
""
""
""
""
""
tt2316801
""
""
tt2113408
tt1234548
tt27615966
tt1210831
""
tt37168451
""
tt0423776
tt1240975
tt6030228
""
tt0289801
tt10868922
tt10972912
tt8390342
tt1274436
""
""
""
tt10079396
""
tt0065323
""
tt1269704
tt1389801
tt2055732
""
""
""
tt12593682
tt31868189
""
""
""
""
tt0942899
""
tt7817340
""
tt9634036
tt20872980
""
tt1615946
tt15019128
tt1296162
tt13899566
tt5530518
tt5834262
""
""
tt1596343
""
""
tt6379256
""
tt21692408
""
tt2249400
""
""
tt4162940
tt1769800
""
tt28633405
""
tt4627382
""
""
tt8051894
tt0463398
""
""
tt2531348
tt33986138
tt3692652
""
""
tt38458157
tt35495073
tt8050740
""
tt0893382
tt28075268
tt2483728
""
""
""
tt1057500
""
""
tt4645330
""
tt19783734
""
""
tt15709882
tt2190324
tt1281962
""
""
""
tt7928176
tt3044244
tt4776998
tt7178172
tt1477773
tt7369900
""
""
tt32246406
tt1403988
tt2273517
""
tt1735862
tt15017118
tt1630657
""
tt3503840
tt1641349
tt1400580
""
""
""
tt1274296
""
""
""
""
""
""
""
tt4154756
""
""
tt0247880
""
""
""
""
tt2144442
tt4366830
tt1277987
""
""
""
""
tt3085498
""
""
""
tt1422599
""
""
tt1132290
tt32536952
tt3300904
tt8259142
""
""
tt1405819
""
tt3001006
""
tt2978518
tt27142031
tt5464332
""
""
""
tt0364782
""
""
""
""
tt1459229
""
""
""
tt4073682
""
""
""
tt1228705
""
tt6216336
""
""
""
tt5806792
""
""
tt9362722
""
tt8688814
tt3027644
tt1762350
tt10793644
tt31473036
""
tt1508042
""
""
""
""
tt14369362
""
""
tt30098565
tt1352760
tt1305036
""
""
""
tt1459467
""
""
tt3554046
""
""
""
tt1315419
tt4993964
""
""
tt3882962
tt1587699
""
tt16676408
tt1987680
""
tt0435651
tt12279762
tt2973530
tt2941932
""
tt8400570
""
tt1024167
tt12567088
""
tt0948470
""
tt8679236
""
tt4103724
tt1288574
tt8526712
tt3513500
tt0320037
tt26547864
tt3779852
""
""
tt2075291
""
""
tt1664662
""
""
""
tt7357672
tt1443341
""
""
tt16280282
tt2938956
""
""
tt33204697
tt3783958
""
""
tt10504286
""
tt2112131
tt2118571
tt1730764
""
""
tt1290408
""
""
""
""
tt4264622
""
""
""
""
""
tt1936532
""
""
""
tt3741632
""
tt0795441
""
""
tt14253846
""
tt1531663
tt5121834
""
""
tt11702052
""
""
""
""
tt9617710
tt15679212
tt2095605
tt1364478
tt1078588
tt13415912
tt15692408
""
tt32990818
""
tt2918436
tt3804114
""
tt1711376
tt1067583
tt3416532
tt6608706
""
""
tt5642670
""
""
tt0407423
tt0305095
tt19800462
tt5449296
""
""
""
""
tt0412798
""
tt1122770
tt3416828
tt1440345
""
""
""
""
""
""
""
""
tt1294142
tt21235248
tt3427650
""
""
""
tt33057569
""
""
""
""
""
tt7776936
""
tt5208320
""
""
tt1600525
tt5500782
tt33061557
tt4115932
""
tt9128874
tt1645080
""
""
""
tt0409847
tt11311302
""
""
""
tt8983230
""
""
tt1322384
""
tt35665779
""
tt1596342
""
tt12327578
""
tt22899346
""
""
""
""
""
""
tt2022170
""
""
""
""
""
tt1252370
tt11858890
tt10834220
tt5950044
""
tt1297276
""
""
""
tt0970416
tt2387409
tt3530232
tt10999120
""
tt23106458
tt3551796
""
tt3337194
""
tt1297806
tt10655954
tt2388050
""
""
""
tt1855424
tt1297935
tt8905948
tt3877674
tt8139634
""
""
""
""
tt1451623
""
""
""
""
tt6260468
""
tt0217505
""
""
tt3900614
tt2004420
""
tt2837574
tt1877889
tt35050355
tt1470018
tt1020072
tt4146946
""
""
tt1868612
tt0397442
""
""
tt1803745
""
""
tt1409024
""
""
tt4048848
tt1404830
""
tt11151630
tt9018736
tt5926862
""
""
tt3325966
tt4368666
""
""
tt5963242
tt0800325
tt1313077
tt1403241
""
""
""
""
""
""
tt10765852
tt1305901
tt6507672
""
""
""
tt6373518
""
tt1313063
tt9731598
""
""
""
""
""
tt4780662
tt1781715
tt0118401
tt33773310
tt6869368
tt0499097
""
""
""
tt30797255
""
""
tt1584704
tt7026714
""
""
tt1267195
tt1235099
""
tt15232542
""
tt0117667
tt1090607
""
""
tt6663582
""
tt1226837
tt6226232
""
""
""
tt1637706
tt6690310
""
tt1416341
tt6656238
""
""
""
tt8646884
""
tt2504404
""
""
""
""
""
tt14739594
tt12518828
""
""
tt10241686
""
tt0857190
""
tt3337194
""
tt2455514
tt2082222
""
""
""
tt10314548
""
""
tt27997713
""
tt8117222
tt10314548
tt5180888
tt1455185
tt1773467
tt3155320
tt0097722
""
tt0993846
""
""
""
tt31064841
tt1323959
tt1450734
""
""
""
""
tt1259571
tt3310362
tt1358200
""
tt12572040
""
tt0806910
""
tt1274717
""
tt4799400
""
""
tt2369760
tt0462085
""
""
tt1596350
tt1411664
""
""
tt3286344
tt6085756
""
tt1252610
tt1653700
""
tt26786553
""
tt8176054
""
tt3296658
""
tt1925479
""
tt22408160
tt3165612
tt1308015
tt1316536
tt0175142
""
""
""
""
""
tt1956697
""
tt9049562
tt0364845
tt2580780
tt1182908
tt1309598
tt4052756
tt31050661
tt1034007
""
tt5061582
tt0799857
tt2856484
""
""
tt2071456
tt11897608
tt5180504
""
""
tt14282232
""
tt11090458
""
tt3475730
""
tt6619196
""
""
""
tt1235099
""
""
""
""
""
tt9573150
tt1912478
tt5614844
tt38583199
""
""
""
""
tt0207322
""
""
""
""
tt6128300
""
""
""
tt6751668
tt1860357
tt1311055
""
tt3120280
tt0947810
""
""
""
tt6473300
""
tt2229842
tt1403981
""
tt8597326
""
tt2322441
""
""
tt0413573
""
tt3206410
""
tt1312234
tt0114095
""
""
tt28692268
tt7837954
""
tt1129442
tt7520766
""
tt9059350
""
""
""
tt8755784
""
""
tt14289280
tt4035198
tt7514746
""
""
""
""
""
tt2071236
tt4254584
""
""
tt2466490
""
tt1877830
""
tt3272066
tt1345836
""
tt0488400
""
""
tt9135800
""
""
tt0804503
""
tt1622547
""
""
""
""
tt3511524
""
tt32898016
tt5687334
""
tt1279935
""
tt1234721
tt1386958
""
tt5948944
""
tt6468322
tt7893280
tt2226329
tt8219526
""
tt2356234
""
""
""
""
""
""
""
""
""
""
""
tt1895371
""
tt1489428
""
tt3829884
tt1316086
""
tt1740112
""
""
tt33648209
""
tt1091191
tt2014230
""
tt1342120
""
""
tt20564284
""
""
""
tt5112348
""
tt0368530
tt18953258
""
""
""
""
""
""
""
""
tt14257582
tt1285241
""
""
""
tt13262448
tt1504320
tt0488262
""
""
tt4537888
""
""
""
tt5664478
""
""
tt1790886
""
tt3717490
""
""
""
""
tt4511902
""
tt0416359
""
""
tt1272878
""
tt3222924
tt1259014
tt2387433
""
""
""
""
tt14851194
tt3196314
tt7805160
tt3497396
tt33529250
tt1312171
""
""
""
tt2334879
tt1007028
""
tt2161031
tt7153198
""
tt2675210
""
tt11287390
""
tt2296691
tt2417560
tt8795912
""
""
""
""
""
tt11138512
""
tt19495202
""
""
""
""
""
""
""
""
tt39132432
""
""
""
""
tt4249684
""
tt2252938
tt2556874
""
tt1051904
""
tt0478970
tt5536610
""
""
""
tt5891310
tt6173826
""
tt7550000
""
tt12261776
tt0403778
tt4024814
tt0904208
""
""
""
""
""
""
tt14449470
tt5491994
""
""
tt0222096
""
tt28784376
""
""
tt1297075
""
""
""
tt5687612
tt5157426
""
""
""
""
tt4425200
tt0048845
""
""
""
tt5227356
tt1808197
""
""
tt1322315
tt0441074
tt4545774
tt1229340
""
tt9835534
tt12208980
tt5201576
tt0800369
""
tt36190722
tt1927130
""
tt2578508
tt8425780
""
""
tt6559576
tt4461880
""
tt3905852
tt1190634
""
""
""
""
tt1578873
tt0496424
tt7772602
tt1736093
tt0356470
""
tt4601288
""
tt18299698
tt5593496
""
tt10897180
""
tt2651724
""
tt3395460
tt4163020
""
tt2014230
""
""
tt1650042
tt13350858
""
""
tt10011148
tt13186604
tt2268353
tt13064558
tt0808510
""
tt26586511
tt2874692
""
tt6983508
""
""
tt8358220
tt37860183
""
tt4457878
tt7390216
""
tt5592804
""
tt1440310
tt4075222
""
""
""
""
tt7479784
tt6258460
""
""
""
tt1131734
tt34435532
""
tt9779516
tt11691774
""
tt1366325
tt4132196
tt8430390
tt13980362
""
tt0203259
""
tt1617661
""
tt4964788
tt2967226
tt11138512
tt3563898
tt28800785
tt4701182
tt15679216
""
tt2751064
""
""
""
tt5547622
tt39277898
tt10701038
""
tt1832045
""
tt3177800
""
tt4938790
tt1560594
""
""
tt0892700
tt19121506
tt22488888
tt27812086
""
""
tt5574490
tt38235886
""
tt21084712
""
tt1772872
tt2381991
""
tt11394330
tt12881042
""
""
""
""
""
""
tt1698641
tt1219024
tt1466989
""
""
""
tt2724862
""
""
tt3892996
""
tt1232831
tt2262144
""
tt16220038
""
""
tt1124373
""
""
tt1192624
""
""
""
""
tt3385516
tt35641817
""
tt5073620
tt0210065
""
""
""
""
tt1949583
""
""
tt3447364
tt3253650
tt1583724
tt10464754
""
tt1550902
""
tt2378179
tt4715134
tt21308888
""
tt1321390
tt0489606
tt13949836
tt7733426
""
""
tt5369484
tt2632424
tt1626135
""
""
tt0379752
""
tt7211648
""
""
""
""
tt1411664
tt0386242
tt1399045
""
""
tt4669986
""
tt8591352
""
tt1337193
tt1578887
""
""
""
tt17039156
""
tt2401878
tt3262984
tt9182404
""
""
tt14295864
tt11383050
""
tt10151854
tt7130992
tt10640346
""
""
tt3281320
tt26548664
""
""
tt4136458
tt3732950
""
tt3469046
tt1343302
tt35635746
tt6769280
tt10436568
tt0385726
""
tt1178180
""
""
""
tt1758576
tt9032400
tt1765942
tt3216682
""
tt11643404
tt7279180
tt4972280
""
""
""
tt2408710
""
""
tt0803096
tt0460644
tt13174766
""
""
tt3205802
tt4847546
tt22732474
tt27197387
tt1843230
tt2014230
tt1728102
""
tt1830379
tt21235248
""
""
""
tt1591511
tt1332570
""
""
tt2066882
""
tt1344204
tt1911644
tt3430042
tt3811512
""
""
tt8064562
tt6723592
""
tt0790724
""
""
""
""
""
""
tt1339570
tt32331377
""
""
tt1339656
tt7034226
tt0813992
tt22022452
""
tt8126484
tt2767632
tt1119644
""
""
tt1457767
""
tt2025661
""
""
""
tt0092325
""
tt3136168
tt4343334
""
""
tt7161312
tt3014212
""
""
""
tt0417741
""
""
""
""
tt11301886
""
tt1489428
tt5433140
""
""
tt0775539
tt7027508
""
""
tt9630208
""
""
tt1433311
tt5785770
""
""
""
tt1591505
""
""
""
tt0490215
tt10695464
""
""
""
tt1385826
""
tt0184122
tt0122515
""
""
tt10230994
""
tt1343330
""
tt5052806
""
tt3674334
tt0268303
""
""
""
tt2573372
tt6952896
""
tt1709158
tt1056422
""
tt0810788
tt0072562
""
tt1338570
""
tt24079846
tt36481505
""
""
tt8162976
tt1034458
tt1843230
""
tt9074214
""
tt1327801
tt0337592
tt32150631
""
""
""
""
tt28069611
""
tt16311594
tt3061046
tt5691024
tt26685153
tt0840361
""
""
""
""
""
""
tt1455172
tt1344800
tt1465533
tt10676048
""
""
tt11564258
""
""
tt2462722
tt6294706
tt5126178
""
""
""
""
tt1649009
""
""
tt4604612
""
tt6078532
""
""
tt2967008
tt16316568
tt1442464
tt2674062
tt0182576
tt21200858
tt1513058
tt1322269
tt1340800
tt1667842
tt30132461
tt1667317
""
tt14834542
tt6203998
""
tt3093720
tt1745960
""
tt1327801
""
""
""
""
tt8750956
tt1711525
""
""
tt5721714
""
""
tt12317846
tt0206512
tt3113696
tt0269259
""
""
tt3085498
""
""
tt27853825
""
tt3815390
""
""
tt1418760
""
""
""
tt2364975
""
""
tt1347109
tt4779682
""
tt1344385
tt7624514
""
tt1783257
tt1844624
tt2267998
tt1578873
tt6119856
tt1572501
""
""
""
tt1346294
tt5730352
tt3377548
tt10394844
tt9812614
""
tt3876088
""
tt1743904
""
tt0893532
""
""
tt1284575
""
tt1182972
""
tt1355553
""
""
tt12268838
""
tt1830491
tt32282802
tt3566726
""
tt1844624
""
""
""
tt4467202
tt27950365
tt1338619
""
""
tt4919268
tt1037223
""
tt11953062
tt2369135
""
tt2016150
""
tt5010982
tt7896952
tt0199184
tt1357077
tt9511938
tt1375657
tt2017030
tt3437534
tt14230388
tt2071757
""
tt1837584
""
tt1124037
""
""
""
""
""
""
tt2180339
""
""
""
tt7510222
tt1351150
tt1674215
""
tt0218817
""
tt34939590
tt4092990
tt10919486
tt1754530
""
tt0479842
tt0094509
""
tt0473367
""
tt3793788
tt1302006
tt1352781
""
""
""
tt8155288
tt1623205
tt27549684
""
""
tt2118667
tt8718158
tt4154756
tt3107288
""
tt1730189
""
""
tt1581326
""
tt2293002
""
tt1550312
""
tt0096697
""
tt4428728
tt1582350
""
""
""
tt21220482
tt2435968
tt1523309
""
""
""
tt3878034
tt3240796
""
""
tt3186162
tt2200985
tt3951008
tt38793389
tt1852124
""
tt1823672
""
tt16388142
tt11826372
""
tt0364845
""
tt3118468
""
""
""
tt11003218
""
tt0462225
""
""
tt4463816
""
""
""
tt10665338
tt5941692
""
""
""
tt1833273
""
tt0810913
""
""
tt4089568
""
tt29268110
""
""
""
tt1492966
tt11616778
""
tt31193180
""
""
""
""
""
""
""
tt1355206
""
tt5510246
""
tt3722062
tt11531544
tt8961058
""
""
""
tt0319931
tt9013340
""
tt6978870
tt11655566
tt1358641
""
tt2009622
""
tt1772201
tt31828769
""
""
""
tt1515939
tt1495708
tt1933663
tt4727856
tt1731704
tt1338570
tt4150494
""
""
tt6735946
tt15019128
tt1638002
tt3949568
""
tt0436339
tt1358510
tt1972819
tt14688458
tt5533370
tt9178020
tt1366432
""
""
""
""
tt11302324
tt2209754
tt13796468
""
tt3182470
tt10098448
tt2274304
""
tt7551378
""
tt3731562
""
""
""
tt1981677
tt1350512
tt5711280
""
tt1261046
""
tt2357457
tt1595831
""
""
tt1291652
""
tt1361851
""
tt27617804
""
""
tt5325226
""
tt31540982
""
tt13131232
""
tt9849210
tt1360425
tt6919896
tt2357129
""
tt15432768
""
""
tt1686039
""
""
""
""
tt11946138
tt3187578
tt1836926
tt2431438
""
tt3066242
""
""
tt10298840
""
""
""
""
tt6328702
tt3826346
""
""
tt3878034
tt3409270
""
tt26902966
tt2585780
tt1412386
tt1655410
tt4500922
""
tt9114604
""
tt2708254
""
""
""
""
tt15791080
tt13668894
tt1509129
""
tt3266322
tt2789226
""
tt10369980
tt1662556
""
""
""
""
tt2241693
tt3444016
tt16306026
tt10845116
tt7231194
""
tt0499549
tt1418380
""
tt4586012
""
""
""
tt0409032
tt5902336
tt19856798
tt0463352
tt1696539
tt1972591
""
tt3222658
""
""
tt0463352
tt7734218
""
""
""
tt1229827
tt0176095
""
tt5252564
""
tt8097030
tt15758116
""
""
tt7855072
tt1754261
""
""
tt2313384
tt10954600
""
tt2457138
""
tt7130628
tt3699354
""
tt2370792
tt1500526
tt2092001
""
""
tt8425516
""
""
tt1746590
tt5434870
tt2371287
""
tt1583428
""
tt1378336
""
""
""
tt1465522
""
tt26581740
""
""
tt10548944
""
tt1950186
""
tt10042548
tt9338498
""
tt3865236
tt2431438
""
""
tt1370435
""
tt0317705
""
""
""
tt6235122
""
tt2402137
""
""
tt14303576
tt2103267
tt1992156
tt0227972
tt7775720
tt2357335
""
tt4080956
tt3961590
tt19815990
tt4160708
tt1430615
""
""
""
tt0094555
tt4229630
tt0972534
""
""
tt3913200
""
""
tt3604232
""
""
tt2248811
tt1339433
""
tt1991410
tt10402482
""
""
tt1929310
tt1520211
tt2783986
""
tt2402651
tt5698320
tt1360327
tt3959450
""
""
tt8936268
""
""
""
tt2170584
tt4555364
tt29432546
tt0990407
tt14507160
tt0932672
""
""
tt19226674
tt3672742
""
tt5093022
""
""
tt7326316
tt1932767
tt18291136
""
""
tt5033998
""
tt35192812
""
""
tt24513848
tt29009381
""
tt6445414
tt11893274
""
""
""
""
""
tt4061878
""
""
tt1975286
""
tt9535950
""
""
""
""
""
tt13740650
""
""
tt2086812
tt1776876
""
""
""
""
""
""
tt1214962
tt3136842
""
tt2292621
tt1377224
tt4972982
tt5475704
""
""
""
""
tt2767700
""
tt1171701
""
""
tt1029139
""
tt35453969
""
tt26545971
tt9893174
tt1545106
tt14369248
tt11866094
""
""
tt5715874
""
""
""
tt1480684
""
tt7082512
""
tt5884052
""
tt0457400
tt4834206
""
tt3148266
""
""
tt11053220
tt18926830
tt4154756
""
""
tt3751400
""
tt10426000
tt1776163
tt20450344
tt1637574
tt1520925
tt1517788
tt4097726
tt10918356
tt4896052
tt15977708
tt11677628
""
""
""
tt1378171
tt1855199
""
tt1219828
tt2298738
""
tt1714209
tt3186162
tt4212576
tt0407423
""
tt1505785
""
tt1424752
""
""
""
tt11396310
tt22408160
""
tt1267295
tt9441638
""
tt14270702
tt1967631
tt8303808
tt2262456
tt2256570
""
tt3118968
tt14298658
""
""
""
""
tt11979986
tt13885398
""
tt8235236
tt12908084
""
""
""
tt1522250
""
tt2741602
""
""
tt1019442
tt9354842
""
""
""
tt2025667
""
""
""
tt13131232
""
""
""
tt16304446
""
tt18259086
tt0097253
""
tt5258850
""
tt27503500
""
tt0203259
tt4964772
tt4420554
tt9140554
tt3899796
""
tt0823671
tt2149175
tt3758852
tt10314988
tt1888075
tt5173032
tt0115417
""
tt4645330
""
""
tt7587890
""
tt11084432
""
tt21955940
tt1281383
tt32827586
""
""
tt14618346
tt1645887
tt0460681
tt0287888
""
tt1387303
""
""
tt3385524
tt1378167
""
tt3843234
tt0772742
""
tt2980696
""
""
""
""
tt31413658
""
tt5903210
""
""
""
""
tt11521962
tt33499825
tt1763316
tt6932244
""
tt15708574
""
tt12360292
tt1451628
tt24639164
""
tt3906380
""
""
tt6756496
tt8020524
""
""
tt1579252
""
tt6212248
tt6146586
""
tt2644084
tt3836530
tt1839596
tt4633690
""
""
""
tt2436672
""
""
tt8230448
""
""
""
""
""
tt2382009
""
""
""
tt1403177
tt9640392
tt3829268
tt3063444
""
""
tt9185162
""
""
""
""
tt2548396
""
""
""
""
""
tt7746524
""
""
""
tt1470854
tt1389097
""
tt3348356
""
tt1748662
""
tt0836662
""
""
tt1836953
tt2023453
tt1910272
""
tt8983230
tt1527735
""
""
tt1407061
""
""
""
tt12001534
""
""
""
tt10133378
""
""
tt1427864
tt3799694
""
tt1292566
tt25477164
""
tt2620736
""
""
""
tt1023114
""
tt1826019
tt4632718
tt2853712
tt0465711
""
""
""
""
""
""
""
tt1353056
""
""
tt2638144
""
""
""
tt1830617
""
tt5485566
""
tt32118307
tt0844441
tt6840750
tt0404822
tt4844100
""
""
tt8310612
""
""
""
tt17677492
""
tt1392888
""
tt1193631
""
""
tt9048482
""
tt4382456
""
""
""
tt0990413
tt2371491
""
tt2044070
""
tt5093026
""
tt2911666
""
tt22073352
tt13346290
tt8427140
""
""
""
tt8983230
""
tt3695104
""
tt1462059
""
""
""
""
""
tt4715356
tt31193180
""
""
tt1412627
tt1803425
tt22084616
tt8689992
""
""
""
""
""
""
""
""
tt8912936
tt4573516
""
tt1395794
tt1710560
tt8806656
""
tt2736012
tt1396924
""
""
""
tt1382728
tt4593482
""
""
tt19723614
""
""
""
tt1368434
""
""
""
""
""
tt0461936
""
tt7016936
""
tt1595859
tt12574488
""
tt15118852
""
""
""
""
""
tt0206512
tt21867566
tt10231312
""
""
tt1220633
tt8793220
tt13446424
""
""
""
""
""
""
""
""
tt6720708
""
tt1242442
tt3699928
""
tt1399547
""
tt38267872
""
""
tt35683787
""
""
""
""
tt18113118
tt38347896
""
""
""
""
""
""
""
tt12769412
""
tt1399198
""
""
tt2239832
""
""
tt7679126
""
""
""
tt0351283
tt6330742
""
""
""
""
""
""
""
""
tt1554532
tt5028448
tt14544678
""
tt28989517
""
tt3623726
""
tt39051594
""
tt6654210
""
""
tt1890375
""
tt10857164
""
""
""
tt1279972
""
""
""
tt29713789
tt33320905
tt1433108
""
""
""
tt8469426
tt9032400
tt9742936
""
tt2467372
tt1401621
tt1927130
""
tt1795655
""
""
""
""
tt0398286
""
tt1398426
tt1243974
""
tt28098871
tt1216520
""
tt3772642
tt10187208
tt32600290
""
tt1567432
tt5742562
""
tt2491332
""
tt9180358
""
""
tt5521594
tt24548912
""
tt1624400
tt1020559
""
""
tt2916854
""
tt3007512
tt1366365
""
tt2278605
""
""
tt2355786
tt4366656
""
tt14651616
""
""
""
""
""
""
""
""
tt8976772
tt0452608
tt1182854
tt1424310
tt1825020
""
""
""
tt1743264
""
tt13495314
""
""
""
""
tt14168394
""
tt3177800
""
tt39304840
""
""
""
tt4459912
tt6473344
""
""
""
""
tt1319718
""
tt1547891
tt38074081
tt0407423
tt7589896
""
tt7570978
""
tt3766354
""
""
""
""
tt18073328
""
""
tt6536562
tt11576070
""
tt7016936
tt4061620
""
tt1592834
""
""
""
""
""
tt12593682
""
tt5853176
tt11149738
""
tt1439629
""
""
""
""
""
tt9059704
""
tt4824056
""
""
""
tt9750176
tt3766394
""
""
tt1139328
""
""
tt8131720
""
""
""
""
""
tt1919418
tt0477347
""
tt7855272
""
tt3948348
""
tt1642158
""
tt1094229
""
""
""
tt10037034
""
tt5071412
tt37542642
""
tt1433811
""
""
""
""
tt5355830
tt0858479
tt6221744
tt0472954
tt2014394
""
tt4183692
tt7083202
""
""
tt29543573
tt5447816
""
""
""
tt3923388
tt13360008
tt5377548
""
tt9723636
tt13266618
""
""
tt4354880
tt0831387
""
""
tt1360346
""
""
tt8680902
""
""
tt3322314
""
""
tt1496025
""
""
tt1950391
""
tt1415905
""
""
""
""
tt0301911
""
tt6043356
tt1423323
""
""
""
""
tt27613895
tt0077076
tt10155932
tt9675452
tt1670226
tt0918940
""
""
tt1560210
tt2252552
tt1679681
""
""
""
""
""
""
tt4537896
tt7798984
""
tt0288937
tt1365661
""
""
""
""
""
tt26853872
tt1714209
""
""
tt1220617
tt2445274
tt2064919
tt10726836
""
""
tt6728096
""
tt2679576
tt2345501
tt4616700
""
tt1415274
tt8079248
tt20969586
""
""
tt3018070
tt4814760
""
tt0800369
tt12264966
""
tt2024432
tt2034800
""
tt6932244
tt14457996
tt1838574
tt7942796
""
tt14260836
tt13429362
tt36666443
tt1423331
tt6095472
tt1651929
""
""
tt8910922
tt0929858
tt1132290
tt0790772
""
tt1991564
""
tt3436508
tt12969826
""
""
""
""
tt14298328
tt2149175
tt12960052
""
""
tt4901120
""
""
""
""
tt12398310
""
""
tt5900024
tt0914823
""
tt13846358
tt5704228
""
tt22397870
tt8505770
tt4769836
""
tt2969660
""
""
tt0487271
""
""
""
""
""
tt2187139
tt1420771
tt2147521
""
tt2376366
tt0935075
""
""
""
tt1836900
tt1432993
""
tt6980438
tt0971209
tt0092460
""
tt2376648
tt2402578
""
tt1312171
tt3581300
tt21974482
""
""
""
""
""
tt4460270
tt1425246
tt11912708
tt1730768
tt7049682
tt2273720
tt2011881
""
""
""
tt1424575
tt0939564
""
""
tt1442462
tt1139328
""
""
tt24515864
tt2801970
tt1488698
tt6822272
tt3817948
""
tt1164999
""
tt3916634
""
tt1586680
tt3322314
tt2520306
tt13624052
tt2734860
""
tt1085779
tt1492923
tt1424690
""
tt1340138
""
""
tt1597532
tt2062529
tt4961788
tt2194499
""
tt8595140
tt5363918
tt4673856
tt1147691
""
tt9114286
tt1827579
tt2406566
""
tt26684398
""
tt4272866
""
tt22009182
tt5555260
tt9619824
""
tt27075304
tt1195478
tt0370194
""
""
""
""
""
""
tt1428046
""
""
""
""
""
""
""
tt1407049
""
tt1213012
""
""
tt7485048
""
""
tt13798316
tt0475464
tt17595094
tt7053776
""
tt31713069
""
tt7424200
""
tt3653398
""
tt0364845
""
tt7281908
""
""
""
tt3228904
tt14466018
""
""
tt4223874
""
tt2263522
""
""
""
tt1431999
""
""
""
tt2483260
""
""
tt1648190
tt0460084
""
""
tt8577458
tt10155688
tt3440432
tt31227740
""
tt1966408
tt21764804
tt10515864
tt11772516
tt6500354
""
tt1600743
""
tt4246894
""
""
""
tt2901006
""
tt0491698
tt2568218
""
tt7242142
tt1583307
tt1592849
""
tt2463288
tt3076658
tt2581458
""
tt21195532
tt2210985
""
tt1564349
""
tt1448755
""
""
""
""
""
tt8773020
tt9253284
""
tt1181795
""
tt5114356
""
tt5462326
""
""
""
""
tt6523720
""
""
tt1966566
""
""
tt2900240
tt1438479
""
""
""
tt8976576
""
""
tt2261391
""
tt2578508
""
""
tt6111574
tt2137992
tt27629382
tt8758198
tt1450320
tt9071172
""
tt0458386
tt5154896
""
tt2338151
""
""
""
""
tt3868886
""
""
tt0386676
tt5687236
""
tt2103188
""
tt2788432
""
tt10146250
""
""
""
""
""
""
""
""
""
tt29283637
""
tt6679794
tt35300838
tt10172168
tt3477536
""
tt6398496
""
tt0977855
""
tt3892996
tt5892746
""
tt19223402
tt1433343
""
""
""
""
tt1655602
""
tt2165975
""
tt1305797
""
""
tt10329566
""
""
""
""
""
""
""
""
tt2217895
tt1205537
""
""
""
tt34754029
tt1440372
tt1440345
""
""
""
tt2103997
tt5503686
""
""
""
tt10359446
""
""
tt21237030
tt1535002
tt1458908
tt1484983
""
""
""
tt1628841
""
""
""
""
""
""
tt3500176
""
""
""
tt1657507
""
""
tt1242774
tt1502417
tt10115210
""
tt2122656
tt3764966
""
""
tt5753856
tt11085088
""
""
""
""
""
""
""
""
""
""
""
""
""
tt4240728
""
tt6128254
tt1839578
tt2062604
""
tt7589524
tt1664806
tt35012248
""
""
tt15438246
""
""
""
""
tt1462764
tt3486542
tt9077540
""
""
tt1796960
""
tt12361036
""
tt8503618
""
tt2402157
""
tt27657135
tt4572042
tt6932244
""
""
""
tt3032476
tt11152684
tt11126994
tt6283584
tt3316948
tt34231110
""
""
tt16283804
tt1489432
tt1791528
tt13331608
""
""
tt32501660
tt22527858
tt1459012
tt8052836
""
tt0810913
""
tt7713068
""
""
tt1662506
""
""
""
""
""
""
""
tt5789976
""
""
tt2249081
tt4018492
""
tt16042660
tt14921100
tt2085059
tt33507684
tt4179452
""
tt29011445
tt8493638
""
""
tt7653254
tt6166392
""
tt5827228
tt1455115
tt1982584
tt3083016
""
""
""
""
""
""
tt1823244
""
""
tt1425929
""
tt5467444
tt1734433
""
tt3986820
""
tt1685693
""
tt1959490
tt9731534
""
""
tt3778644
""
""
""
tt6982812
""
tt5099020
tt1458493
tt1475082
""
tt4144038
""
""
tt34603984
tt1712586
""
""
""
""
""
""
tt14696284
tt0275140
tt14019282
tt3138122
tt6110624
tt0206512
""
tt31145438
tt35621542
""
""
""
tt6182908
""
""
tt2098627
""
tt7772582
tt1465487
""
""
""
tt2826636
tt14463542
tt0869994
""
""
tt0164052
""
""
tt5580536
tt30057084
""
""
tt1483930
""
tt1664871
""
""
""
""
""
tt6394270
""
tt31322085
""
""
""
tt10676048
""
tt0443465
""
tt10713340
""
tt1442065
""
""
tt19371106
""
""
""
""
tt0247094
tt6788932
tt23476986
tt1561755
tt5301990
tt5013984
tt3093546
""
""
""
tt8226972
""
tt1592557
""
""
""
tt1675289
tt0325980
tt5024912
tt28055171
tt1325004
tt0106677
tt4465538
""
tt2761354
tt8764970
""
""
""
tt0422783
""
tt1647988
tt1385824
""
""
tt13197662
""
tt1334722
tt0305095
tt21232992
""
tt1735898
tt10151854
tt0816692
""
tt1634107
""
tt2229491
tt2094766
""
tt6284564
tt3344998
tt1148770
""
tt1463322
""
tt23770030
tt1832045
tt1686827
""
tt29795663
tt8755226
""
""
""
""
""
""
""
""
tt1824580
""
""
""
""
tt1933854
""
tt16755706
tt2467372
""
tt2655734
tt8830002
""
tt7569592
""
""
""
tt0173716
""
tt1450698
""
tt16491324
""
""
""
tt14826022
""
tt1637756
""
tt24637806
""
tt8151842
tt5157030
""
tt7937070
tt3219106
tt1730294
""
tt6565702
""
""
tt0903657
tt5921576
tt3873538
tt4531728
tt3741700
tt1413492
tt1975291
tt23319752
tt8368408
tt1527788
tt21738294
tt2521404
tt1758689
tt1119644
""
""
""
tt1798190
""
""
""
tt5597004
tt1302006
tt26634746
""
tt10151854
""
""
""
tt5676412
""
tt6014474
""
""
""
""
""
tt2374683
tt2710368
tt14298658
tt3432892
""
tt0379632
""
""
tt29102598
tt4869896
tt2149826
tt3699332
tt4643084
""
tt1211837
tt8289480
""
""
tt27714581
tt17505010
tt1347523
tt33311113
""
""
tt21241186
tt0091653
tt7734218
""
""
tt1243974
tt1667889
""
tt0092955
tt9185294
tt3367294
""
tt3197174
tt6223804
tt29476852
""
""
tt13566172
""
""
tt4193400
tt1666186
tt13259672
tt3577328
tt1027718
tt2474952
""
""
""
tt39327146
""
tt7826034
""
tt2022353
""
tt15251998
""
""
tt1638355
""
tt4071086
tt1723816
""
tt8022978
tt3096360
""
tt12794392
tt2387433
tt1872181
""
tt1489887
tt2527338
tt2179116
""
""
tt4805816
""
""
""
""
tt4094724
""
""
""
tt8591986
""
tt1471284
""
""
tt1720621
tt3554046
""
""
""
""
""
""
""
tt2557478
tt5362988
tt3428252
tt13594688
""
""
tt7043790
""
""
""
tt18394190
tt1598828
""
tt4465560
tt10048342
tt1764651
tt2712516
tt28487662
tt4223604
""
""
""
tt11311302
""
""
tt1798108
tt2368631
tt14207082
tt6342474
""
tt9407490
tt19849214
""
tt2318092
tt10073646
""
tt10608454
""
tt1586680
tt7478522
""
""
tt11707780
""
""
tt2094766
tt2923316
""
tt6443346
tt6791096
""
tt3435532
tt2147365
""
tt1600194
""
tt1772422
""
""
tt4902046
""
tt1745960
tt22740896
""
""
tt1869716
tt7826524
tt1673434
tt0367279
""
tt2405172
tt1349853
tt37701997
""
tt11948754
tt10229738
""
tt1934487
""
""
""
""
tt13454122
""
tt3702706
tt15469266
""
tt7026666
tt1416801
""
tt4858674
""
tt1479780
tt2379090
tt3460454
""
tt2356248
tt2650978
tt2582500
""
tt32840481
tt14257582
""
""
tt1615160
tt11242718
tt29268110
""
tt1650536
tt7354440
""
tt3214228
tt2368619
tt30217222
tt5095030
""
tt0368530
tt1158671
""
tt2641296
""
""
""
""
""
tt1745960
tt12206218
tt4798620
""
tt1543008
""
tt1848912
tt14927202
""
tt1455819
""
tt2375707
tt7016936
tt9051908
tt0846092
tt1914042
""
tt3169412
""
tt1983079
tt1996436
""
tt1773650
""
""
tt15248880
tt5171438
tt14325118
tt4998222
tt2735182
""
""
tt5109280
""
""
tt8043306
""
""
tt1583356
""
""
tt2712516
tt2582802
""
tt4125234
tt31987507
""
""
""
tt5635026
""
tt1588342
""
tt7013450
tt1046163
""
""
tt1488604
tt5212256
""
tt0896529
tt3581652
tt14728314
""
tt5244974
tt14230458
tt0929425
""
""
tt15670454
tt27214983
""
tt1481569
""
""
""
""
""
tt3656274
""
""
tt2249007
""
tt0770703
""
tt4590256
""
tt6791096
""
tt4838586
tt8421350
tt3505714
tt12714854
""
tt2400463
""
tt13186604
tt14952488
""
""
tt2049435
tt1216491
""
""
tt0800320
tt1536537
""
""
tt0323443
""
tt1686784
""
tt2473602
tt1170398
""
tt0448115
""
""
""
tt3778240
""
tt2310119
""
""
""
tt7377132
""
""
""
tt6168298
tt12396060
""
""
tt1949012
""
""
tt0409379
tt11384300
tt13492362
tt6081406
tt27704759
tt6436620
""
""
""
""
tt3042900
tt6271042
""
tt19496260
""
""
""
tt2382015
tt5086776
""
""
tt10928504
tt4016942
""
""
tt1719785
tt3556944
tt1330018
""
""
tt1673736
tt1495859
tt15576994
tt0424095
""
tt2547942
tt22054008
""
""
""
""
""
""
""
""
""
""
""
""
""
""
""
""
""
tt0981227
tt1259571
""
tt0106053
tt1611174
""
""
""
""
""
""
""
""
""
tt2191671
""
tt7737502
tt1500211
tt2788780
""
""
tt2235074
""
tt0462335
""
tt1501298
""
""
""
""
tt3560250
""
tt2332581
""
""
tt7278824
tt2011311
tt4827986
tt1442437
tt3778644
tt10567736
tt1698641
""
""
tt2377081
""
""
""
""
""
tt4010848
""
""
tt14456778
""
tt1667443
tt7346786
tt2390334
tt0088512
tt5446856
tt11691774
""
tt1779837
tt0964517
tt1800741
""
tt1706317
tt6977338
tt1493816
""
tt1302006
""
tt1865573
""
""
tt11301886
""
tt3622592
""
tt1985949
tt0206501
""
""
""
tt27681856
""
""
""
tt29260569
""
""
""
""
""
""
tt6226232
""
""
""
""
tt1062644
""
""
tt1625123
""
tt6111130
""
tt20723358
""
""
""
""
""
""
tt1950269
tt2190180
tt4300394
tt21909764
""
tt11225626
""
""
tt1460646
""
tt12738144
""
tt1800240
""
tt4208602
""
tt1327801
tt6258050
""
tt1082853
""
""
""
tt26595192
""
""
""
""
""
tt3175038
tt20420538
""
tt1772947
""
tt19753938
tt1911532
""
tt1441951
""
tt5606664
""
""
tt7421714
tt1478964
""
tt6128254
""
""
""
tt8096690
""
tt33981798
""
""
""
tt1487118
""
""
""
""
""
""
""
tt3717016
""
""
""
""
tt29793197
""
tt1995329
tt4304864
tt1966536
""
""
""
""
tt26753003
tt9637536
""
tt7080736
tt1898069
tt9333114
tt2259946
""
""
""
tt3662696
tt0243017
tt4551318
""
tt37093338
""
tt6362810
""
""
""
tt27078417
""
tt0401729
tt21223304
""
tt3316948
""
""
tt10738536
""
tt0407361
""
tt1631867
""
""
tt33397404
""
tt0185800
tt2435366
tt1623742
""
tt0808372
""
tt1676701
""
""
""
""
tt3520500
tt1464580
tt1388782
tt0439100
""
""
tt1298650
tt0096697
tt2086830
""
tt4180808
tt2036445
""
tt1765622
""
""
tt1954364
tt6175802
""
""
""
""
tt4342506
""
""
""
""
""
tt5304992
tt8002356
tt2328587
""
tt14536164
""
tt0439100
""
tt1371111
""
""
""
""
tt9280806
""
""
""
""
""
""
""
tt1456941
tt6284564
tt0765446
tt11891508
""
tt5278832
""
tt11349668
tt4279012
tt10033908
""
""
""
tt1136822
""
""
tt8235858
tt4647784
tt1181917
tt11782784
tt9820628
""
tt31644773
""
""
""
""
tt1815739
tt1512741
tt2608260
""
""
tt1725795
tt39178082
""
tt3392142
tt1825107
tt5545264
""
tt31806045
tt5076624
tt1502712
tt6155922
tt32267615
tt6266538
tt8498078
tt14967618
tt0413573
""
tt3311936
tt5505434
tt5613972
tt1234719
tt8690518
tt2356460
""
""
tt5130174
tt4384086
tt0972534
""
tt15716966
""
tt10999326
tt0065272
tt1838420
tt34609791
""
""
""
""
""
""
tt1681415
""
tt2066051
tt4765284
tt5830254
tt5801704
""
tt0182576
""
""
""
tt5562058
tt2357144
""
""
""
tt12824942
tt2759662
tt2005151
""
""
tt2006191
""
""
tt3061050
tt1517502
tt7283074
tt3761278
""
tt4540710
tt1927172
""
""
""
tt4871022
""
tt2189221
""
""
""
""
tt3620824
tt6791886
tt2049426
tt0203259
""
tt6622902
""
""
""
""
""
tt2023453
""
""
""
""
tt14420552
""
tt12354896
tt3121722
tt0339832
tt1967560
tt5085924
tt6548966
""
""
""
tt12750140
""
""
""
tt1195935
""
""
tt1613750
tt3502262
tt1257544
tt0844441
tt13227128
tt4997076
""
""
tt38594882
""
tt7853214
""
tt1758610
tt1729537
tt4517700
""
""
tt7187100
""
tt4707050
tt3865856
""
""
""
""
""
""
""
tt0790736
""
tt3416828
""
""
""
tt2372222
""
tt4759942
""
tt8841470
""
tt1764303
tt2343655
""
tt1667889
tt2006192
""
tt1937432
tt14847006
tt9124428
tt14371878
tt6601082
""
tt5109280
tt0489237
""
""
""
tt2459022
""
tt4776998
""
tt2587194
tt32367116
tt1074638
""
tt18235306
tt9146062
tt14810692
tt3387520
""
tt0366840
tt1480165
tt4786282
""
""
""
""
""
""
tt33029917
tt1002563
""
""
""
tt27109797
tt6330048
tt5853176
""
""
""
""
tt8722888
""
""
tt1528090
""
tt3147312
""
""
tt5279120
tt34705112
""
tt28567745
""
tt1226229
tt1781779
tt1758837
""
tt9663764
tt32298357
tt0149460
tt2140619
""
""
""
tt12609820
""
""
""
""
tt5777628
""
""
""
tt1440379
tt1937449
tt1266020
tt7158430
tt6587640
tt10382912
tt1602620
tt13327038
tt2737304
""
tt0190177
""
""
tt0182576
""
tt3643454
""
""
""
""
tt10364034
tt6867484
tt1955031
tt3438890
tt2103188
tt13274016
""
""
tt16371316
""
tt1776150
tt12625062
""
tt1528260
""
""
""
tt1319747
tt1306964
tt5664636
tt1778902
""
""
tt2357027
tt2068672
tt9664108
""
""
tt2712516
tt8061406
tt9675804
""
tt1527830
tt3480822
""
""
tt3411420
""
""
""
tt11165358
""
tt26471649
tt1586680
tt10329842
tt7738450
tt3203094
""
""
tt0095519
tt1195478
tt3447774
tt8220326
tt4523928
""
tt1656616
tt2741602
""
tt31136950
""
""
""
""
""
tt3489074
tt1133617
tt8649186
""
""
""
""
""
""
""
tt8097030
tt7485508
""
tt2103281
""
""
""
tt31105878
tt22898804
""
""
tt1534663
""
tt1996607
tt1545106
""
""
""
tt15009428
tt4592410
""
""
""
tt1871266
tt0386946
""
""
""
tt1371111
""
""
""
tt36173963
""
tt3689314
tt2306299
""
tt4418888
""
""
tt6729080
tt1441952
tt13738362
tt38361324
""
tt2166333
""
""
""
tt1555064
""
tt4866982
""
tt6065230
""
tt2085059
""
tt8918012
""
""
""
tt1552112
""
tt3889642
""
""
""
tt7703924
tt1621004
tt1045658
""
""
tt5280652
""
""
tt26244212
""
tt1720114
tt2838976
""
tt2294747
tt1091191
""
tt7065782
""
tt1214085
tt0453562
tt1576685
tt1785413
tt14120730
""
""
""
tt5177120
tt21382296
tt1291652
tt1545043
tt5729348
""
""
""
""
""
""
""
""
tt3983290
""
tt1370212
""
""
""
""
tt2189221
""
""
tt2397461
""
tt1600199
tt4574334
tt2402578
tt2179136
""
""
tt2401807
""
tt1132571
tt1643266
tt1067106
""
tt1572006
""
""
""
tt31241595
tt1817294
tt1183307
""
""
tt10059518
tt9849286
""
tt11700260
tt0476695
tt14870662
""
tt1670916
""
""
tt12258710
""
""
""
tt7942804
""
""
tt4443974
tt3402236
tt2187062
""
tt1951266
tt1543735
tt5607976
""
""
tt1986138
tt1390411
""
tt31974156
tt10160804
""
tt2328503
""
tt5932250
tt4995026
tt11009814
tt0960098
tt7820906
tt7139328
tt1540744
tt0222562
""
tt1541031
""
""
""
""
tt10327354
tt7917484
tt2221310
""
tt34716858
""
tt10726774
tt7095852
tt1545480
tt2712516
tt13369754
tt13248076
""
""
""
""
tt33030072
tt3799972
tt3324998
tt5753856
""
tt16426418
tt3347482
tt25427604
""
tt2334871
tt32481500
tt1212436
tt2763286
""
""
tt32432428
tt27722543
""
""
""
tt10952782
tt15679400
""
tt1544601
tt8206398
tt1358522
""
tt3339798
""
""
tt9500372
tt1621039
""
tt26930114
""
tt32642706
tt1956710
""
""
""
tt32898215
tt3084090
""
""
""
""
""
""
""
tt1711501
tt2281375
""
""
""
tt21940010
""
tt10478048
""
""
""
""
""
tt0058796
""
""
tt9170648
tt1682951
""
tt3288518
tt4094724
tt6664230
tt10436284
""
""
tt1547934
""
tt1546013
""
""
""
""
""
tt32083059
tt1630504
""
""
""
tt2261391
""
tt2073551
""
""
""
tt1537314
""
""
""
""
tt1981140
tt3473462
""
""
tt0403360
tt2209764
tt1810707
""
tt14176542
tt6212344
""
""
""
""
""
tt1553278
""
""
""
tt6087226
""
tt2948356
tt3355244
""
""
""
""
tt21249140
tt10954600
""
""
""
""
""
tt8894644
tt14463608
""
""
tt10276470
tt4958580
""
""
tt15390524
""
""
""
tt3576794
tt2484950
tt6566576
""
tt8655740
tt5029220
tt1549892
tt1823059
tt2372162
tt4085584
tt4668088
tt2298394
""
tt1262426
tt1436568
""
""
""
tt7080736
tt2100575
""
tt27028066
tt1073223
tt5308322
""
tt21364460
""
""
""
tt1596363
""
tt2193021
tt32482419
tt1528100
tt2402207
""
""
tt2191853
tt2090465
""
tt6017942
""
tt1731998
""
""
""
""
tt8312814
""
tt14227048
tt2805096
tt1630645
tt5676994
""
tt2230314
tt20227184
""
""
tt0978764
""
tt3357120
tt5112698
""
tt1321510
tt3712792
tt1560155
tt1131724
tt1051904
""
""
""
""
""
""
tt3982846
tt1726839
""
tt9777644
tt2428862
tt0318251
""
""
""
""
""
""
tt5572720
tt0320101
""
""
""
tt0363211
tt2720680
""
""
tt1825130
""
""
""
""
""
tt7014006
tt7065814
tt1327035
""
tt3144098
tt2964918
""
""
""
""
""
tt0479793
tt13729232
tt2016150
tt9179230
tt10055184
tt5052474
tt1718776
""
tt16220038
""
""
tt10994688
""
tt1560666
tt20561198
""
""
tt4203582
tt7686456
""
""
""
tt1595705
tt3950736
""
""
tt27330757
""
tt4473662
""
tt1449379
tt2085059
""
""
""
""
""
""
""
tt3382842
tt9807300
tt5199096
tt14550302
tt15772698
""
""
tt4094724
""
""
""
""
""
tt1951266
tt4922522
""
""
""
tt4500922
""
""
""
""
""
tt14213114
""
""
""
tt10950822
""
tt1560582
""
""
""
tt15307448
""
tt15066836
""
tt2343785
""
tt9585684
tt1232829
tt1132600
tt1104814
tt7562298
""
""
tt2825854
tt1772317
""
tt1821681
tt3512600
""
""
""
tt6074820
""
tt31242866
tt5584906
tt2848292
tt2052015
""
""
""
""
tt6253522
""
tt21911488
""
tt34605805
tt14403784
""
""
tt1641385
""
tt13199494
""
""
tt1564369
""
""
tt13143964
""
""
""
""
""
""
""
""
tt4516162
""
""
tt1226276
tt5708852
""
""
""
""
""
tt8336340
tt0398286
""
tt1564961
tt4800128
tt5175270
""
""
tt12662644
""
""
""
""
tt1465487
""
""
tt6436270
""
""
tt6470478
tt4824130
""
tt2343775
tt2343134
tt3007512
tt2480844
""
""
""
""
""
tt5359688
""
""
""
""
""
""
""
""
tt7820906
tt1568864
""
""
tt2140363
""
""
""
""
""
""
""
""
tt6111130
tt1708135
tt2096673
tt2363115
tt4633694
tt3922816
tt2076822
""
tt5961264
""
tt6586344
tt2597196
""
tt10480414
""
tt3758162
""
tt12408718
tt4849438
""
""
tt4220646
""
tt8069578
""
""
""
""
""
tt2075105
tt1957848
tt8801708
""
""
tt9447662
tt1567432
""
""
tt2250458
""
""
tt1558578
tt1560993
tt4721124
tt1253864
""
""
""
""
tt1879012
tt1405500
tt8822348
""
""
tt5056196
""
""
""
""
""
""
""
""
tt10161886
""
tt3229906
""
tt0364845
""
""
tt10403420
""
tt13415854
tt3315342
""
""
tt12261776
""
tt9193520
""
tt19815094
tt1646942
tt10516196
""
tt4831810
""
""
""
tt8376990
""
""
""
""
tt1650533
""
""
""
""
""
""
""
""
tt5266218
""
tt7275830
tt4881806
tt15440322
""
tt5117670
""
tt2363363
""
""
""
tt5853176
tt1114708
""
""
""
tt7965724
""
""
tt1586256
tt1450321
""
""
""
tt9319668
""
""
tt5727282
""
tt2106280
tt2488366
tt1585627
""
tt10448568
tt3477554
tt0464041
""
""
tt2910904
tt7773358
tt11455260
tt7256404
""
""
""
tt7401034
tt6836936
tt0388595
tt13998308
tt12826806
""
tt3127698
""
""
""
tt0096251
tt2679042
tt3712602
tt5842890
""
""
""
tt21975856
tt0486576
""
""
""
tt1289401
""
""
""
""
tt6258314
""
tt6473344
tt1655389
""
""
""
tt15198896
""
""
tt3006802
tt8115582
tt0840196
tt2788780
tt1614953
tt4716696
""
""
tt7271264
tt27714946
""
""
tt1956620
tt11799554
""
tt5300696
""
tt1027718
tt1786203
""
""
tt1595859
""
""
""
""
""
""
tt3008036
tt8594388
tt2813834
""
""
tt1405500
""
tt14071370
tt5180504
""
tt10485538
""
""
tt1624400
""
""
tt12814568
""
""
""
tt19316302
tt8096832
""
tt6385590
""
""
""
tt15387506
""
""
""
""
tt2972842
tt12546232
tt6908274
""
tt1805336
""
""
tt3892932
tt1590836
""
tt1978101
""
""
""
tt12783454
tt3310040
tt4978450
""
""
""
""
""
tt10095376
""
""
""
tt16976778
tt2404583
""
""
""
""
tt2474310
tt37065104
""
tt2649756
tt2189874
tt4477976
""
""
""
tt2673546
tt26686417
""
""
""
tt3638488
""
""
""
""
tt2107787
tt3445580
tt13495458
""
""
""
""
""
""
tt2381335
tt1729634
tt8129006
tt12269480
tt5909754
""
tt32985279
tt2437760
""
""
""
""
""
""
""
tt8896622
tt1612814
""
""
""
tt3986092
""
""
""
""
tt2994190
""
""
""
""
""
""
tt29807035
tt5861242
""
""
""
tt1196956
""
""
tt8260010
tt1231583
tt10974808
tt4119122
tt2328680
""
tt0203259
tt1724963
""
""
""
""
""
tt6903432
""
""
""
tt1655398
""
""
""
""
""
""
tt2619106
tt8081362
tt4129004
tt5068650
tt4847370
tt2302581
""
tt14297770
tt7278144
tt1715362
""
tt11579538
tt1529235
tt1094229
""
""
""
tt1462757
tt4933916
""
tt16194990
tt2394340
""
""
""
""
""
tt0391774
""
""
""
tt2474972
""
""
""
""
tt9397378
tt4274788
""
""
""
""
""
""
tt3179142
tt3801702
tt1586680
tt14404482
tt3102124
tt4272768
""
tt17520694
tt29567915
""
tt1628841
tt2833810
""
""
""
""
""
""
""
tt2198956
""
""
""
""
""
""
tt4196776
""
""
""
""
""
""
""
""
""
tt4957990
tt3318124
""
tt5666378
""
tt11218290
""
tt2387627
tt0790724
""
""
""
tt2404463
""
tt1586723
tt18331900
""
tt2170350
""
""
tt1876349
tt10329660
""
""
""
""
tt4123234
tt0227972
tt8806156
tt14539740
tt4935148
""
""
""
""
tt2337164
""
tt1894436
tt1805219
tt8374178
tt4655480
tt2321163
""
tt5523558
""
""
""
""
""
tt3706086
tt1924245
tt1608507
tt1170236
tt9664168
tt4693612
tt11290116
tt36145571
""
tt1658801
tt1758610
""
tt0892700
tt0972534
""
""
tt0078902
""
tt2306529
tt6085974
tt36303742
""
""
""
tt1605726
tt28145543
""
tt0323463
""
""
""
tt21967214
""
""
tt9695266
""
tt3447364
""
""
tt11647256
tt1637727
""
""
tt1608540
tt1358085
""
tt4302814
""
""
""
""
tt37020441
""
""
""
""
tt0796375
tt1311076
tt5270030
""
""
""
""
tt2231461
""
""
""
tt10540276
""
tt2049116
""
tt2314886
""
""
tt6571548
tt2011195
""
tt9081774
""
""
tt5116280
""
""
""
tt0765274
tt4846232
""
""
""
tt6270358
tt34383384
""
""
""
""
tt1754853
""
tt1216496
tt27813218
""
tt3012540
tt2889436
tt8790086
""
tt11362842
""
tt1650545
""
tt5213744
tt0816711
""
""
tt1979249
tt33014583
tt6889032
tt12991078
""
""
""
tt4897214
tt4658320
tt4602066
tt1809001
""
tt6994156
tt1613874
tt5528620
tt7401812
""
tt7447476
""
tt10126040
""
tt8045690
tt35979981
""
""
""
tt1649418
""
tt0852863
tt1411704
tt1718199
""
tt4535650
""
tt2160254
tt2393813
tt10077034
tt3410834
tt13207736
""
""
tt14044212
tt8932936
""
tt6306190
tt1915581
tt0267287
""
tt1705038
tt1567432
tt2935416
tt7689310
""
tt18553812
""
tt2005151
""
tt1785279
tt32385160
tt5884234
tt0472954
""
""
""
tt1931515
""
tt1312221
""
tt6470478
""
tt4831484
""
""
""
""
tt8912384
""
tt4864932
""
tt3770382
""
""
tt1661326
tt0053494
""
""
""
""
""
""
""
""
tt1696943
tt8310474
tt6836936
""
tt1989571
""
tt12759056
""
tt0106179
""
tt4786422
tt4878482
""
tt2184980
tt2970792
tt9646834
tt11242246
""
""
tt1588754
""
""
tt8404094
tt1619589
tt2151454
""
tt9765578
tt3219506
""
""
""
tt11074676
""
""
""
""
tt1409008
""
tt2331143
tt24669794
""
tt5701718
tt5192124
tt0465997
tt2364582
tt35469118
tt6226084
tt27427326
tt5846740
tt12637874
""
""
tt9863808
""
tt15339456
tt3218420
tt3720120
""
tt2077833
""
tt15248880
tt1620448
""
tt19387788
""
tt3155298
tt14507354
tt7975244
tt4964598
tt5788792
""
tt1731701
tt4649416
tt1623182
tt4854126
tt0298814
""
tt0827729
tt16024152
""
tt4028464
tt28487580
""
""
""
tt1019442
tt5433520
tt27712015
tt7350886
""
""
""
""
""
""
""
""
""
""
tt2402207
tt0470752
tt1561768
""
tt9612102
""
tt2372162
""
tt1362542
tt9387138
""
""
tt3585092
""
""
tt4560436
tt36841178
""
tt4559006
""
tt30802186
tt0458413
""
tt10821190
""
""
""
tt11709298
tt3748528
tt5322012
""
""
""
""
tt0090319
tt14598794
""
""
""
tt5060166
""
tt1634106
tt21614558
""
""
tt3576392
tt4118396
tt11602648
tt4701182
""
""
tt19896880
""
""
""
tt0319931
tt1633337
tt1800266
""
""
tt2544766
""
""
tt3164774
""
tt4574374
""
tt3748836
tt1626141
tt4399890
""
""
tt10506510
tt3498652
""
tt23848190
tt4158110
""
""
""
tt2084970
""
tt2431438
""
""
tt0074686
tt1634328
""
tt8851148
""
tt2103188
tt2263520
tt1634896
""
""
""
""
""
tt1619288
""
tt0433035
tt11815682
""
tt3322312
""
tt0435761
""
""
tt21942866
tt4529596
""
tt1633348
""
""
""
tt11750260
tt2606364
tt7555072
""
tt2382978
""
""
tt10016428
""
tt5360150
tt3553378
tt1601814
tt2387179
tt8146766
""
""
""
tt2387559
tt2784512
""
""
""
tt2004217
""
""
tt1935929
""
""
""
""
""
""
""
""
""
""
tt2515682
""
""
""
tt5519340
tt1486673
tt2266918
""
""
tt1637662
tt10366206
""
tt5555260
""
""
""
tt0094481
tt10954600
tt10767748
tt3598030
tt6475728
""
""
tt0955308
tt0804463
""
""
tt8110232
""
tt1600196
""
""
tt1361787
""
tt4226388
tt2361000
""
""
tt1371159
tt6294822
""
tt8371236
""
""
""
tt1699114
""
tt1340800
tt12262700
tt1646971
""
""
""
tt7369144
""
""
""
""
""
""
""
tt5090568
tt11964150
""
tt12538996
""
""
tt5592248
""
tt2012140
tt6110648
""
""
tt15042300
tt7730376
""
tt4971824
tt12247346
tt1517260
tt4554360
""
tt7020532
tt5171064
""
tt3560084
""
tt1637574
""
""
tt3142764
tt1488698
tt9236688
""
""
""
tt7380600
""
""
""
tt1462764
""
""
tt4548332
tt7826108
""
tt28688064
""
tt2935510
tt3727002
""
tt6083230
""
tt21439858
""
""
tt5626028
tt1273221
tt1640108
""
tt24215830
""
tt15237272
""
""
""
""
""
""
""
""
""
tt5923012
tt28796100
tt1640108
""
tt13109662
tt2861424
""
tt1195478
tt5098042
tt6332646
tt2281103
""
""
""
tt0426769
tt2260706
""
tt2547172
""
""
""
""
tt4273308
tt26493257
tt10431262
tt2707114
tt7902072
""
tt1405354
""
""
""
""
""
tt1849891
""
tt13720112
""
""
tt3607078
""
""
tt6708586
tt5701082
tt1832979
""
tt2215361
""
tt3525678
tt17361756
""
tt1692902
""
tt8593814
""
""
""
""
""
tt1620680
tt7587890
tt4061620
tt1746642
""
tt3385516
tt11136698
""
""
""
""
""
tt4568982
tt6968614
tt1114745
""
""
""
""
tt28210429
tt32965576
tt32064928
""
tt8000734
tt1587310
""
""
""
tt31909098
tt30087808
""
""
tt1970076
""
""
""
tt27162200
tt6092798
""
tt7126746
""
""
tt13623772
""
tt1657891
tt27291358
""
tt1399045
""
tt10684374
tt0134033
tt13556744
tt17526714
""
""
tt2527336
""
""
""
tt8907974
tt8332922
tt6987650
""
""
""
tt2910342
""
tt12676326
tt0374330
""
""
tt0918940
""
tt3146066
""
tt4501244
""
tt3799372
""
tt1235415
""
""
""
""
""
""
tt11680698
""
""
tt1435513
""
""
""
tt1663127
""
""
""
tt6879446
tt5664222
""
tt1662692
""
tt4950064
tt3713588
""
tt8965394
tt3543888
""
tt0466204
tt4934970
tt0810913
tt16727378
""
""
""
""
tt9603212
tt14547524
""
tt8864596
tt2179116
tt13929756
""
tt1666350
""
tt1650554
tt14298328
""
tt0272425
tt1956620
""
tt35636950
""
tt1139800
""
tt1723121
tt1493842
tt25155970
""
tt1567254
""
""
""
tt2488496
""
""
""
tt1855113
""
""
""
tt20449626
tt5437928
tt14764514
""
tt15006888
""
""
tt39050961
""
""
""
tt3100274
""
tt1663314
tt6806448
tt19393822
tt5448726
tt12313084
""
tt1697661
""
""
""
""
tt3510480
""
""
tt2242176
tt3478232
tt19872934
tt6916746
tt6046662
""
tt1825133
tt9288030
""
""
tt22939186
""
""
""
""
tt5848272
tt1664775
""
""
""
""
""
tt10886166
""
tt4463816
""
tt4189476
tt0408733
tt3220192
tt1950186
tt5344586
tt1520211
tt5690360
tt2017109
tt12930350
""
tt3864024
tt2402157
""
""
""
""
tt16743448
""
tt0479997
tt5597096
tt6605812
""
""
tt2482856
""
""
""
""
tt1700808
tt13453828
tt26456880
tt14044212
""
tt2584328
tt14513804
tt2358629
tt10676052
""
""
tt16226420
""
""
tt2096883
""
""
""
""
""
""
""
""
""
""
""
tt5577704
""
""
tt7249458
""
tt1355644
""
tt1431045
""
tt5440700
""
""
tt0414982
tt1661031
tt6461514
tt5437928
tt6141246
tt1674702
tt2704998
""
""
""
""
""
tt1673393
tt7039910
tt1251743
tt8112008
""
""
""
""
""
""
""
tt1489887
""
tt1568911
""
tt0448115
""
tt8377698
tt2592614
tt8752440
""
""
""
""
""
""
""
""
""
tt5664684
""
""
tt1810697
""
""
""
""
""
tt8110652
tt36474908
""
""
tt17774296
tt6816708
""
tt0438488
tt6907170
""
tt7227388
""
""
""
tt1934478
tt5571734
""
""
""
tt2910508
""
""
tt4160920
""
tt2358412
""
tt16297126
tt5290382
tt38629789
tt14432084
tt2146792
""
tt31229255
tt6161168
""
""
tt4709484
""
""
tt2234261
tt5480500
""
tt4080728
""
""
tt28329925
""
tt2201210
tt8721424
""
""
""
""
""
""
""
tt0141963
tt8247470
tt1514041
""
tt3501074
""
tt9112152
""
tt5692740
tt34673881
tt2802144
tt5262792
tt7999322
""
tt10324286
""
""
tt0365830
tt7697062
""
tt1707386
""
tt8680948
tt6607810
""
""
""
""
""
""
tt27047448
""
tt17677860
tt14962622
tt9731534
tt4529268
""
tt7053188
tt31575297
""
tt1408253
tt38285001
""
tt1598828
""
tt4399594
""
""
""
tt6483298
""
""
tt1430587
tt1051904
""
""
""
""
""
tt36154132
tt8377564
tt1859446
tt5056360
""
""
""
tt5291716
""
tt0424095
""
""
""
""
""
tt4288182
tt7049542
tt2113638
""
tt2194499
""
tt2378507
""
""
""
""
tt20215968
tt5118450
""
""
""
""
tt3564472
tt2560078
""
""
""
tt9224104
tt4329362
""
""
tt0475784
""
tt37529347
""
""
tt13238812
tt29474102
tt6843446
""
tt4765284
""
tt1941725
tt13828224
""
""
""
""
""
tt6688354
""
tt0840361
tt5241518
""
""
""
tt4765284
""
""
""
""
""
""
""
""
""
""
""
""
""
tt3825904
""
tt10665338
tt14706528
""
""
tt0822868
""
""
tt11052678
""
""
""
tt3139754
""
""
""
""
tt6474174
""
tt7214954
tt9214832
tt3141700
tt0396818
""
tt1587934
""
tt7038246
tt5817660
tt1839481
""
tt2278605
tt8135000
""
""
tt13873302
tt5133772
tt4291600
""
tt12536294
""
tt7587890
""
tt8310924
tt10155748
tt5595238
""
tt11525644
tt6884200
""
tt2113075
tt1381505
""
""
tt10648342
""
""
tt15437546
tt9315684
""
tt5891144
""
""
tt4421584
""
""
""
tt4545448
tt10087728
""
""
tt2792284
tt13890406
""
""
tt3819668
tt2292621
""
tt2114410
tt7573700
tt15239678
""
""
""
tt13767804
tt1957984
""
""
tt1830379
""
""
""
tt11638962
""
""
""
""
tt39240761
tt32250110
tt1505400
tt22048412
tt2357788
tt3348730
""
""
""
tt2737304
""
tt1680136
tt3075614
""
""
""
tt3541372
tt2750600
""
tt6217804
""
""
""
tt7139936
tt3993452
""
tt3062374
tt8740790
tt22027070
tt6896118
""
""
tt1663920
tt2785288
tt14687194
tt1880415
tt4557014
tt12618696
""
tt12311620
""
""
tt13636038
tt7686674
tt7200890
""
tt1772264
""
tt13911838
""
""
tt4083572
""
tt8881102
tt11626108
tt2281375
tt22001304
tt5212256
""
""
""
tt5177088
tt3907584
""
""
""
tt9849210
""
""
""
""
""
""
tt3532216
tt2120120
tt1751291
tt11013606
""
""
tt5258434
""
tt13237832
""
""
""
""
""
tt27621333
""
""
""
""
""
tt9546646
tt5254610
""
tt11696984
""
tt0460649
tt3098334
tt5912700
""
tt2670794
tt3138592
tt10579952
""
tt1649419
tt1628841
tt11301946
""
""
tt14230388
""
""
""
tt3211414
tt6461736
tt15474896
tt0758737
""
tt2830274
""
""
tt0934814
tt3281470
""
""
""
""
""
tt2266910
""
""
""
""
""
tt4353482
tt8404094
""
tt2056366
tt1502397
tt2166261
tt12193804
tt1615918
tt6932244
tt9384194
""
tt4380968
tt1931418
tt8410168
""
""
tt2749220
""
""
tt14966956
tt1826593
tt7773790
tt2321549
tt12361036
""
""
tt5125978
""
""
""
""
tt0315642
tt6513656
""
tt7007696
tt31193180
tt3394972
""
""
""
tt9861480
""
""
""
tt8416494
tt8714904
""
""
""
""
""
""
""
tt5449088
""
tt4082744
tt2879552
tt4201628
""
""
""
""
""
tt2474958
""
tt1936911
tt9174600
tt12618926
""
""
""
tt0112056
""
tt9251798
""
tt8098956
tt1486217
""
tt2866484
tt5521250
""
tt15747042
""
""
""
tt3177550
tt4532368
tt4671296
""
tt9419884
""
tt4850010
""
""
""
tt4116252
tt2446980
""
tt1855417
tt5865104
""
tt6965802
""
tt7766378
""
tt13983670
""
""
""
""
""
""
tt39290148
""
tt1468376
""
tt0923811
""
tt3177316
tt26898020
tt3779300
tt2788984
tt3201766
tt8796840
""
tt3710806
tt2367769
tt3560820
""
""
""
""
""
tt2535732
tt5701154
tt1564349
tt3914120
""
""
""
""
""
tt2361532
""
tt3179568
""
""
""
tt2082410
""
""
""
""
""
""
tt1669804
tt2710394
""
""
tt4711952
""
""
""
""
tt31810018
tt1786751
""
""
tt4532826
""
tt4700190
""
""
""
""
""
""
""
""
tt1766175
tt2011259
tt2481198
""
tt2679042
""
""
""
""
tt3576728
""
""
""
""
tt5164432
""
tt3748718
""
""
tt1846621
""
tt2157057
""
tt5140182
""
""
tt19631454
tt1729576
""
tt7235466
tt1731145
""
tt18073328
tt22490428
""
""
""
""
""
""
""
""
""
""
tt4168956
""
""
tt9869564
""
""
""
""
tt12665268
""
tt4651520
tt26927452
tt14026618
tt3745662
tt5753552
""
tt4192812
""
""
tt3324852
tt6535880
tt1391116
""
""
tt14990866
tt9165752
""
""
tt2357377
""
tt7939218
tt15039402
tt2446042
tt12467370
tt1508950
""
tt2962876
""
tt3464946
tt2209754
""
""
""
""
tt2270372
tt36501458
""
""
""
""
tt1268799
""
tt4352566
tt2259737
tt0436992
tt1620680
tt1779222
tt12229130
""
""
tt5113010
tt6218358
tt12444572
""
tt3408894
""
tt3516474
""
tt37468973
""
tt22892558
tt11314148
tt0168366
tt5498056
""
""
tt0439100
tt2041430
""
""
tt8075400
tt5252134
""
tt4477976
""
tt29432650
""
""
tt7546362
tt3851324
""
tt3402236
""
""
tt1735532
tt1860359
tt0896893
""
""
tt1740019
tt2085863
tt7116006
tt2016841
""
""
""
""
tt4824302
tt1743034
tt2543796
""
""
""
tt3707700
""
""
""
""
""
""
tt1740476
""
""
tt1972779
""
""
""
""
tt9728306
""
tt2832482
""
""
""
""
""
tt3962636
""
tt32916403
tt0806910
""
tt10407272
tt6183384
tt1655389
tt4985012
tt4835926
tt3643558
""
tt1356415
""
tt3307560
tt21288080
""
tt15766426
""
tt2120733
""
""
""
tt3868860
""
""
tt2077804
""
""
tt6697634
""
""
tt3972398
""
""
tt2381249
""
""
""
tt9288822
tt27727459
tt2056535
tt1126618
tt2872750
tt7921292
""
""
tt1617661
tt7869478
tt4882964
""
tt1830617
tt1136617
""
tt14819828
tt8196676
tt4566758
""
tt5580390
""
""
""
tt10230502
""
""
tt5259692
""
tt3107288
tt1751291
tt1384929
tt32169993
""
tt2143842
""
tt5144494
""
tt16427902
tt39177042
""
tt1971530
tt1753882
""
""
tt22694970
""
tt8080204
""
""
""
tt3890160
""
""
""
tt9407490
tt0948186
""
""
""
""
""
tt5177088
""
tt0810788
""
tt1746356
""
tt11703050
tt1038043
tt7456668
""
tt1739298
""
tt5967128
tt1787071
""
""
tt15665448
tt6363536
tt11363384
tt2741602
""
""
""
tt1815871
tt1588342
""
tt5493660
tt6624602
tt3645318
tt1578873
""
tt0479997
tt1825683
tt7403464
""
tt22987820
tt21215818
""
tt2862490
tt3846120
""
""
tt32252772
""
tt8688634
""
""
tt28288478
""
""
""
""
""
""
tt0808096
""
""
""
""
""
""
tt13368168
tt3243764
""
""
""
tt13956026
tt11495594
tt6473344
""
""
tt1587310
tt7768544
tt5301662
""
tt9905688
tt2355107
tt0158083
tt1790809
tt2185515
tt2191701
tt11912032
tt1600194
tt0280807
tt2302966
tt11789868
tt1308729
tt9539308
""
tt19500224
""
""
""
""
tt2198227
tt5266238
tt10648342
""
tt30428940
""
tt21222592
""
tt5716602
""
""
""
tt2166087
""
""
""
tt1568911
tt17023012
""
tt12439466
""
""
tt4335742
""
tt14169850
""
""
tt1205537
""
""
""
tt4428122
tt9010588
""
""
""
tt5092026
""
""
""
""
""
tt0182576
""
""
""
""
tt2761150
""
tt36841117
""
""
tt4687444
tt7158430
tt31176520
""
""
""
tt1961513
tt4613272
tt4537722
""
""
tt2632424
tt6840014
tt14028208
tt1961675
""
""
tt3518046
tt4229518
""
""
tt33498825
""
""
tt5340516
tt2461132
tt1815863
tt6148156
""
tt6164502
tt6263850
tt15041670
""
tt5569404
tt14895190
tt5034838
""
tt8623904
""
tt10495934
""
tt10090912
""
tt0464828
""
""
tt1609484
""
tt9603208
""
""
tt15402976
""
tt29265251
tt12553778
""
tt1815862
""
tt5671290
tt5848272
""
tt1625856
tt14147982
""
tt14331144
tt5213744
""
""
tt10481552
tt15078598
tt2474952
tt3411420
tt8910408
tt33058355
""
tt4331594
tt3916634
tt5009076
""
""
""
""
""
""
""
tt1936911
""
""
tt2282737
""
""
tt2189204
""
tt5065030
""
tt25275834
tt1846589
""
""
tt10172266
""
tt1263679
""
""
""
tt15565872
tt0366005
""
""
tt8983202
""
tt1433811
""
""
tt4498152
""
""
""
tt5166952
""
tt11251104
""
""
""
""
""
""
""
tt4052442
tt34877638
tt11379360
tt9124428
tt11864074
tt9695118
""
tt1784141
""
""
""
tt5124710
""
tt0072562
""
tt5823540
tt1016150
""
tt6533972
tt3477752
tt18336268
tt6284108
""
""
""
""
""
tt4347938
""
tt4677348
""
""
""
""
""
""
tt3580332
""
""
""
tt3435532
tt3731562
""
""
tt12737338
tt2666270
""
tt12337800
""
""
tt2281587
tt6919914
""
tt5779576
tt2846886
""
tt6097388
""
""
""
""
""
tt8989620
""
""
tt10468872
tt1114695
tt10773096
""
""
""
""
""
tt1763751
""
""
""
tt13521006
""
tt29291347
tt3578642
""
tt10737918
tt3270968
tt11761176
""
""
tt2771200
tt7131622
tt3622600
tt1538819
""
""
tt6078096
tt1386932
tt2275152
tt15538570
tt35665487
""
tt7879820
tt26941523
tt0407423
""
tt4382484
""
""
tt15181326
""
tt14044212
""
""
tt15474794
tt14677188
""
tt37315389
tt11891870
""
""
""
tt7030016
tt2286707
tt3582142
""
""
tt15553956
""
tt2191746
tt8201852
tt5676366
tt2806646
tt10794646
tt7099078
""
""
""
""
""
tt18953164
""
""
""
""
""
""
tt1305826
""
""
""
tt5975912
""
tt2855648
tt6828390
tt15681824
""
""
""
""
""
""
tt3418424
tt7612548
""
tt0203259
tt26347282
""
""
tt23343786
""
""
tt8447606
""
""
""
tt2302310
""
""
""
""
""
""
tt37324038
""
""
tt36266955
tt1776900
""
tt0386140
tt1617661
""
tt17663992
tt1856010
tt3918106
tt1720616
tt3783958
tt20252648
""
tt4731136
""
tt5464342
""
""
""
""
""
""
""
tt0115286
tt38127151
""
""
""
""
""
""
tt10655524
tt2010914
""
tt4354950
tt4531694
""
""
""
""
tt2301351
tt27352118
""
tt22778002
""
""
tt2281333
""
tt32134580
""
tt4715060
tt5580266
""
""
""
""
tt1809262
""
""
""
""
tt4257486
tt0092325
""
tt28658134
tt1025100
""
tt5201142
tt10340366
tt1823664
tt2460488
""
tt18573724
""
""
""
""
tt3310362
""
tt38624560
tt10709062
tt5834426
""
""
tt1870479
tt19893894
tt4279116
""
""
""
tt0341578
""
tt11714946
""
""
""
tt1663676
tt1462059
tt15793068
tt36644041
""
tt10655714
""
""
tt0198093
""
""
tt10293406
tt21946032
""
tt1836944
""
""
tt1743034
""
""
""
""
tt0806910
tt5828154
""
""
""
""
""
""
""
""
""
tt2310212
tt3659388
tt1266020
""
""
tt10223460
tt10270164
tt3751094
""
tt4995540
""
""
tt9770150
""
""
""
""
""
""
""
""
""
tt8110330
""
""
""
""
tt1817209
""
""
tt6866278
tt14998662
tt14701024
tt4795124
""
tt38582296
""
""
tt0386155
tt10885790
""
""
tt4158096
tt0291259
""
""
tt6017942
""
""
""
tt4516148
tt2361531
tt37022667
tt2923316
tt5296406
""
tt1772770
""
""
""
""
tt1213663
""
tt2359704
""
""
tt10303674
""
""
""
tt4471374
tt3758542
""
tt5582392
tt21094994
tt8661178
""
""
tt2575684
tt13751472
tt0453562
tt1133985
""
""
""
""
""
""
""
tt15326988
tt2856516
""
""
""
tt16243268
""
tt5138286
tt1266020
""
tt2080646
tt3061830
""
tt5839592
tt0288937
""
""
tt6064764
""
tt9174558
""
tt0448694
tt2252134
""
""
tt1825482
""
tt6056850
tt0437104
""
""
""
""
""
""
tt2950214
""
tt1817294
""
""
""
tt10033852
""
tt2145637
""
tt3864514
tt0429378
""
""
""
""
""
""
""
tt7537222
""
tt7018644
""
""
tt1829057
""
""
""
""
tt1532348
tt8146754
""
""
tt26452638
tt21441372
""
tt13045890
""
""
""
""
tt12131294
""
tt3411556
tt4651520
tt1836007
""
""
""
""
""
tt21094338
""
""
tt5691552
""
tt6212478
tt1321870
""
""
""
tt15186184
""
""
""
tt20516590
""
""
tt5433138
""
tt4154796
tt4081102
tt4580372
""
tt2137834
""
tt2098682
tt9055008
tt3107288
tt13262190
tt2523474
tt39172243
""
""
tt1884907
""
tt1834279
tt4226388
""
""
""
tt5715524
""
""
tt6135572
tt0943690
""
tt15824322
""
""
tt27518510
tt7668518
tt0110027
""
tt11412892
tt5033998
""
""
""
""
""
""
tt10270594
tt11424466
tt3397754
""
tt2094891
tt5950044
tt6035808
tt13024674
tt7612548
tt7865090
tt4305162
""
""
""
tt2108606
tt1648208
""
""
""
tt11846996
""
""
""
tt1073223
tt28298505
tt2487090
tt4143588
tt11358398
tt23555392
""
""
""
tt1446192
""
""
""
""
""
tt14136502
""
""
""
tt2626350
""
""
""
tt7631256
tt7766378
""
""
tt1743276
""
tt5651762
""
tt19755170
""
tt3336906
tt2739884
tt2388770
tt16101604
""
""
""
""
tt1320253
""
""
tt10965976
""
tt30895499
tt7599924
tt1843954
tt2194499
tt1843970
""
""
""
tt6450076
""
""
""
tt2398249
tt8520342
""
""
""
""
tt33071319
""
""
""
tt4667888
""
tt9741122
tt7608248
""
tt13648228
""
""
""
""
tt3526078
tt10493490
tt4723208
""
""
tt2581388
tt4648424
""
""
""
""
""
tt7146326
""
""
tt9779516
""
""
""
""
""
tt4547120
""
tt16732698
tt5555260
""
tt13717980
""
tt6838570
""
tt2379009
""
tt0413297
""
tt4591230
""
""
tt4103724
""
tt4534164
""
tt22526042
tt2536744
""
tt1718765
""
""
""
tt4714132
""
""
""
""
tt9140554
""
""
""
tt28212201
""
tt1844036
tt9217296
tt8021824
""
tt11140488
tt4491334
tt2073600
tt1059475
""
""
tt1817273
""
""
""
""
""
""
""
""
""
tt6311972
tt1950186
tt3007572
""
""
""
""
""
""
tt5881326
tt1945044
tt1781715
""
tt8310612
""
tt1884492
tt1594972
tt2967436
""
tt1856008
tt11973714
""
""
""
tt7716880
""
tt4574334
""
""
tt0423713
""
tt7437764
tt1405797
tt37118308
""
tt2737304
tt2243973
tt9214832
tt1924435
""
tt4209256
tt7860312
""
""
""
""
""
""
""
""
tt26658272
tt1349938
""
tt1586680
""
""
tt13381804
""
""
""
tt2823054
tt3677664
""
""
tt8633462
""
""
""
""
tt14688458
""
""
tt2800604
""
""
""
""
""
""
tt0448115
tt4180556
tt1996274
""
""
""
tt1234719
tt9389994
tt1864406
tt6062774
tt1629348
tt8201852
tt1796960
""
tt6885002
tt13451792
""
tt32119337
tt2313330
tt5112584
""
tt1911662
tt23639926
tt5016504
""
tt15557874
""
tt1086772
""
""
tt5727282
""
tt10100318
tt9531772
tt5971474
""
""
tt13457822
""
""
""
""
tt2025655
tt2218700
tt22046534
""
""
tt13944032
tt3286728
""
tt1798684
tt6343554
tt1869138
""
tt5190958
tt0926084
tt6865290
""
tt2819076
""
""
""
""
tt0484365
""
tt5179408
tt4106376
""
tt19816568
""
""
""
""
""
""
""
tt3796682
tt5013688
""
""
""
""
tt3501390
""
tt10431500
""
""
""
""
tt1416765
tt14312396
""
tt14066198
tt1423894
tt6461610
tt3185028
tt3846674
""
""
""
""
tt7907916
""
tt3112074
tt2020000
tt27487934
tt1488606
tt10265034
tt5965746
""
tt1492030
tt9605762
tt4280606
tt5180808
""
tt8174394
tt13259952
tt6025968
""
tt4537896
""
tt3831696
tt6916746
""
""
""
tt3903558
""
""
tt7713068
tt0044298
tt5181618
tt3400904
tt1783232
tt4425200
""
""
""
""
""
""
tt4266402
""
""
tt9112156
""
""
tt1737256
""
tt5171438
tt6864046
tt38864105
tt5316540
""
""
tt1313120
tt6683070
""
""
""
""
""
tt3515128
""
tt5103916
""
""
""
""
tt13323170
""
tt5462326
tt6791350
""
tt4451006
""
tt18182112
""
tt4637142
tt1132290
""
""
""
tt7525438
""
""
""
""
""
tt13802576
""
tt1988642
""
tt4052886
tt5439146
tt3588544
""
tt2188943
tt4354582
""
""
""
tt5848272
tt2158808
tt5520392
""
tt5420376
""
tt2712516
""
tt7459986
tt25382588
tt15186426
tt9081470
""
""
""
""
""
""
""
tt5037290
tt3650650
tt8134186
tt1894622
tt3134066
tt5788792
tt1488606
tt4338132
tt2669610
tt2798920
""
""
""
""
tt9243804
tt4630562
""
tt8847712
tt9031484
tt19883688
""
tt2078553
""
tt11543292
""
""
""
tt5836706
""
tt11245972
tt11117570
tt32228803
tt12197076
tt3203502
tt3354920
tt4374208
""
tt0907694
tt7822758
""
tt1345836
tt1343097
""
""
""
""
""
tt10218674
""
""
tt3271164
""
tt6522580
tt8394996
""
""
tt5880662
tt0995031
""
tt2077886
tt9364684
""
tt15053556
tt27180027
""
tt4439102
tt2812214
tt2178941
tt2091893
""
tt0930831
""
""
""
tt3566726
""
""
tt13648386
tt1888560
tt28940336
tt2586112
tt3062976
tt34265707
""
tt4386910
""
""
""
tt1941928
""
""
tt2250192
""
""
""
tt1914401
tt10465230
tt2661044
""
""
""
tt12343534
tt5462326
""
""
""
""
tt3622120
tt2325717
""
tt2547054
tt11636880
""
""
""
""
tt3316960
""
tt1918779
""
tt34063491
""
""
""
tt4263482
tt3957354
tt1920997
""
tt3371366
""
tt10761694
""
tt0944947
tt3427252
tt1637727
tt19369464
""
""
tt2382396
""
""
""
tt12718300
""
""
""
tt0472181
tt25403492
tt2033947
tt2011953
""
""
tt8908002
""
""
""
""
""
""
""
""
tt0970179
""
""
""
tt10008722
""
tt3286052
tt4559046
""
tt14269590
tt14775784
""
""
tt6195094
tt6910282
""
tt5065346
""
""
tt2357803
tt1289401
""
tt10069398
""
""
tt27657135
tt6723592
""
tt7224898
tt34769771
""
""
""
""
""
tt3564908
""
tt2172085
""
tt4530884
tt18925050
""
""
tt0790804
""
tt3006802
tt1837576
""
tt1727776
""
""
""
tt9019178
tt1879016
""
tt12005620
tt7231312
tt4697710
tt4872162
tt2635186
""
tt1966359
""
""
""
tt3682644
""
""
""
""
""
""
""
""
""
tt2132285
""
""
""
tt15732324
""
tt13514366
""
""
""
""
""
""
""
""
""
tt1937202
""
""
tt11778144
tt1662656
tt8861024
""
""
""
tt9140632
""
tt15135104
tt33269812
""
""
tt7014040
""
""
tt4943322
""
""
""
tt6082614
tt4593060
""
""
""
tt3526078
""
""
tt3990560
tt11243538
""
tt1650062
""
""
""
""
""
""
""
""
tt4054382
""
tt3524428
tt21276958
tt2036464
tt5640558
""
""
""
""
tt11898696
""
tt33047516
""
tt6547170
""
""
tt21328106
tt8364368
tt0879870
tt5592062
tt2460894
tt11291274
""
tt3059488
""
""
""
""
tt15282128
""
tt11364376
""
tt29246228
""
""
""
""
""
tt2815538
tt0463398
tt1733785
tt4276624
""
""
""
""
""
tt1020072
""
tt3955934
tt0498381
""
tt8130968
""
tt2141875
""
""
""
""
tt6824066
tt2228547
tt1930315
tt10183396
tt4045116
""
""
""
""
tt2085059
""
""
tt13642446
tt1334466
tt6941980
tt9525880
tt13884528
""
tt6800942
""
tt1954688
tt37533007
tt6663582
tt37600927
""
tt13922804
tt8369840
tt3322310
tt6156584
tt5472374
""
tt0413573
""
tt5646586
tt10778798
tt3131050
tt6896960
""
""
""
tt7596520
tt14732506
""
""
tt1205564
""
tt3104988
""
""
tt12883212
tt2836202
""
""
tt10156112
""
tt0458339
""
""
tt5190922
tt3369806
""
tt1668209
tt2390994
""
""
""
""
""
tt1960787
tt7033400
tt10949008
tt1961250
tt18350228
tt2123146
""
tt7974128
""
""
tt28085421
""
tt2842174
tt3324852
""
""
tt3071212
""
""
tt2343113
""
""
""
tt4687464
tt7949588
""
tt5300736
tt3199440
""
tt37189990
""
tt24849532
""
""
""
tt0448115
""
""
""
""
tt3583242
tt1302068
tt1784575
""
""
tt10362466
""
""
tt32214413
""
tt13157618
""
tt0997277
tt6974956
tt17030826
tt1409008
""
""
tt4009606
tt7368554
""
""
tt11585486
tt28618089
""
""
""
""
tt9184820
tt1971558
tt4671306
tt0235918
tt17677204
tt2626116
tt3992296
""
""
tt7557706
tt7677394
tt38934569
""
tt7712598
""
""
tt12299608
tt2578560
tt4428022
tt4887442
tt3622592
tt3895152
tt38461457
""
tt2503358
tt6739094
tt2313896
""
tt4230146
""
""
tt6539420
tt4414438
""
tt1637574
""
""
""
tt6851966
""
tt11883888
tt3779414
""
tt4796402
tt10532662
""
tt1981558
""
""
tt2473602
""
""
tt0848228
""
tt6499392
tt1618442
""
""
""
tt3809894
tt32249900
""
""
""
tt26594543
""
""
""
tt4932592
""
""
""
tt4154796
""
""
""
tt0800241
tt11343600
tt8232300
tt2071423
tt4093826
tt4179452
""
tt1977713
""
""
""
""
tt9808498
""
""
tt4986098
""
tt6791096
tt21942598
""
""
tt6594758
""
""
""
""
""
""
tt6924650
tt10918410
""
tt11017950
""
""
tt2401129
""
tt6611916
""
tt0133302
tt2657122
""
""
tt3375412
tt2175947
tt2034787
tt1515193
tt2066017
""
tt14825652
""
""
tt10203918
""
tt12677870
tt21454134
tt33594216
""
""
""
tt16252696
tt2584018
""
""
tt10731256
""
tt4103724
""
""
tt4769836
tt35554075
tt0106145
""
tt2261391
""
""
tt9073940
""
""
""
""
tt13835046
tt16953666
tt4916630
tt3663930
""
""
""
tt13042560
tt15251296
tt1935201
""
tt1979320
""
""
""
tt1826940
tt6663582
tt3498038
tt2854926
tt1856101
""
""
""
tt5098128
""
tt5266456
tt2710394
""
""
tt13198870
""
tt26576161
tt6821044
tt30476509
tt5565492
""
""
""
tt1418377
""
tt39463370
""
tt6527426
""
""
tt4242596
tt10429174
""
""
tt1101026
""
""
tt38770066
""
""
""
""
tt2935510
""
""
tt4316484
tt2329240
""
""
""
""
""
""
""
""
""
tt10448124
tt0115090
tt6866278
""
""
tt1482454
tt2848292
tt14104642
tt2122368
tt1712159
""
""
tt0381707
""
""
""
""
tt13683866
tt2782762
""
""
tt15895490
""
tt0294140
tt15977128
""
""
""
tt6483832
""
tt1231583
""
tt13744964
""
""
""
""
""
tt26745321
tt5799928
tt2278895
""
""
tt5087820
tt3032476
tt1989690
""
""
""
tt21247132
""
tt2751074
""
""
""
tt5877196
""
tt6211586
""
tt11070412
""
""
""
""
""
""
tt3079768
tt14893438
""
""
""
tt7183578
tt1838374
""
tt5147410
""
""
""
""
tt6673812
tt1691916
""
tt27098641
tt2387559
tt17050700
tt4113020
tt36837313
""
tt2024466
tt0320037
""
tt4211328
""
tt7431994
""
tt15398506
tt1798684
""
""
tt2035467
""
tt3748172
""
""
""
""
""
tt2326935
tt1972779
""
""
tt3071440
""
tt13207736
tt1772264
""
tt7873348
tt1992127
""
tt0479884
""
""
tt20214908
tt11009596
tt30875819
""
""
tt2974626
tt6767852
""
""
""
tt9229034
""
""
""
tt3438856
""
tt26597666
""
""
""
tt4917250
""
""
tt2078576
tt2294751
""
""
""
tt2027231
tt5144132
""
""
tt6107818
tt2239097
tt6873926
""
""
tt2125603
""
""
""
""
""
tt14599306
tt10724452
tt22774688
""
tt1596342
tt2614684
tt2224073
tt11690242
""
tt37178837
""
tt13841850
""
tt4649466
""
""
""
tt8634332
tt2692134
""
""
tt2160107
""
tt5433140
""
tt5686504
""
""
tt5865326
tt1213012
""
tt3328716
""
""
tt6321266
""
""
tt2182229
""
""
tt0430836
tt20723812
""
""
tt10323676
tt12976494
""
""
""
""
""
tt8710440
tt9861288
tt2038264
tt3868860
""
tt10166602
""
tt38786367
""
""
""
tt0329830
""
""
tt2523096
""
tt37467912
tt0092999
tt4148352
tt1790809
""
tt0899043
""
tt0158622
tt1999890
tt1006908
""
""
""
tt2156164
tt1466570
""
""
""
""
""
tt0235918
""
tt2699128
tt7235466
tt3488298
""
tt1956691
""
tt4016454
tt6305236
""
""
""
""
tt4767274
""
""
""
tt2243503
""
""
""
tt2850474
""
""
""
""
""
tt14660292
tt3288044
tt1993312
""
""
tt1951266
""
""
tt10117704
""
""
tt5664636
""
""
tt1486192
tt1253863
tt3068192
tt28618591
""
tt21209876
""
""
""
tt14976386
""
""
""
""
tt4322550
""
""
""
tt2132285
""
""
""
""
""
""
""
""
tt1640222
tt7053188
tt5951198
""
""
tt3614922
tt5189374
tt12880464
""
tt5247622
""
tt2004203
tt7128066
tt6249434
tt2027135
""
tt13868840
""
tt31940008
""
tt2967578
""
tt4995790
""
tt2378091
""
""
""
""
""
tt0458122
tt10231312
""
""
""
tt0829150
""
""
tt28490044
tt3184700
""
""
""
tt5424782
""
tt1213218
tt1977822
""
""
""
tt7965802
tt3439554
""
""
tt4884736
tt4157514
""
""
tt2382978
""
""
""
tt2309987
tt10869492
tt3944082
""
tt3007512
""
tt0409847
tt11347766
""
""
tt2992634
tt17279496
tt4887802
""
tt9531772
""
tt8762206
""
tt20419974
tt2206486
tt6566576
""
tt0472043
""
""
""
""
""
tt1981153
""
tt3145046
""
""
""
tt1712159
""
""
""
tt2005268
tt3067120
""
""
""
""
tt3165126
""
""
""
""
tt1371111
""
""
""
""
""
""
""
""
tt31450459
""
""
tt1780441
tt2342233
tt30835183
""
""
""
""
tt31227572
tt7531138
""
""
""
tt1668209
tt10505084
tt10505084
""
tt4899370
""
""
tt10505084
""
""
tt2741602
""
""
""
tt26257058
tt7130916
""
""
tt1972591
""
""
""
tt7406728
""
""
tt7424200
tt1734184
""
""
""
""
""
""
tt3367684
""
""
tt6548370
""
tt8080122
tt2334879
tt8101448
tt8368408
""
""
tt3347976
""
tt3985628
""
""
tt10340368
tt4572792
""
""
""
tt32118617
tt1631867
""
tt0181261
tt1765510
""
""
tt27714581
tt10599170
""
tt13833978
""
tt35571166
""
tt6135388
tt32730754
""
""
tt6184926
tt2654620
tt1442437
tt18082726
""
""
""
""
""
""
tt26233598
""
""
""
""
tt0944947
""
tt3281796
""
tt1442437
tt1327801
""
""
tt14315584
""
""
""
tt4109560
""
""
""
tt5820810
""
""
""
tt5650650
""
tt6263490
""
""
tt8084498
tt3749900
tt6294822
""
tt3099410
tt11743610
tt1322264
tt14153138
tt6576990
tt1595859
""
tt2812634
tt22036840
""
tt2262315
tt36934612
""
""
""
tt3873670
tt1489889
""
""
tt3039102
""
""
""
""
tt14160480
""
""
tt1740027
""
""
""
tt2087571
""
tt4158876
""
""
""
""
""
tt1600194
""
""
""
tt2308707
""
""
""
tt39182869
tt10656240
tt2904670
tt11858890
""
tt26914830
""
""
tt0056758
""
tt3677204
""
tt11295376
""
tt14362262
tt7335184
tt32275338
""
tt23762464
""
""
tt6985778
""
tt3451230
""
tt2623064
""
""
""
""
tt4486528
""
""
""
tt5471610
""
""
""
tt9392248
""
""
""
""
""
tt2247001
""
""
""
tt4532038
tt10945036
tt39462402
tt2175396
tt2582218
""
tt2077677
""
""
tt14922558
tt12525406
tt2369239
""
""
""
""
tt8597594
tt4604328
""
""
tt1798276
""
""
""
""
tt0120815
tt2196430
tt9628244
tt6182110
""
""
tt4977202
""
""
tt4853944
""
tt0414777
tt5350974
""
""
""
tt10639214
tt6556846
tt4310426
""
""
""
tt12390218
tt2128411
""
""
tt2630316
""
tt5607976
""
tt10436284
tt1839337
tt9680698
tt2078763
""
""
tt1663676
tt4214468
""
tt13314558
""
tt3741634
tt15301854
""
""
""
""
tt8816196
tt1565059
""
tt1946502
""
""
tt14371256
tt2581480
""
tt1608383
""
""
tt3907584
""
""
""
""
tt30787657
""
""
tt2577048
tt6161168
""
tt2062580
tt24855920
""
tt8476996
""
""
""
""
""
""
tt6063050
""
tt10540276
tt11097384
""
""
tt2086805
""
tt13406094
""
""
""
tt8031130
""
""
""
""
""
tt4476736
""
""
tt4202144
""
""
tt9894516
""
tt4924942
""
""
""
""
tt6994156
tt0960554
""
""
""
tt0944947
tt2999390
tt2115388
""
""
""
tt2089734
tt7725596
""
""
""
""
""
""
tt2912048
""
""
tt31723358
tt7216636
tt27236007
tt3892996
""
""
""
tt5995456
""
""
tt17512094
tt3340402
""
tt34544955
""
tt5673782
""
""
tt19883220
tt1204975
tt6353166
tt5294550
tt7820906
tt4265246
tt4470288
""
tt7523172
""
""
tt4104354
tt3323616
""
""
""
""
""
""
""
tt8602408
tt31710398
tt2612800
tt8503390
""
""
""
""
""
""
""
""
tt2322405
""
tt6280810
""
tt9005346
tt5816606
tt5433140
""
tt2614860
tt1808339
tt4238114
""
tt2933730
""
tt17640714
tt3623726
tt14547524
tt3203616
""
tt1520211
""
tt6541110
tt31407116
""
""
tt1843866
tt2312262
tt5177120
""
tt10691828
""
tt3032476
""
""
""
tt7688186
""
tt1634106
tt4143220
""
""
""
tt13276352
""
""
""
tt6342552
tt3890160
""
""
""
tt0284137
tt4129870
""
tt2658132
""
tt13794694
""
""
""
""
tt7203552
""
tt3014284
tt12610390
""
""
tt2102475
""
tt4154756
tt1440732
tt4417510
""
""
""
""
""
tt0979432
""
""
""
tt38960985
""
tt36789083
""
""
""
tt10235718
tt2182163
tt2813034
tt2105054
tt3630580
""
tt24853052
tt24421566
tt1441952
tt4374638
tt7160070
""
""
tt2449810
""
tt9128536
""
tt4576612
tt3228374
tt9057520
tt2172071
tt39027146
""
""
tt6793298
""
tt0437086
tt2543312
""
tt3478554
tt1896747
tt1171222
tt1600194
""
""
tt15562048
""
tt15119666
tt4595204
tt15255288
tt15434074
tt7914546
""
""
""
tt2734804
""
""
""
tt3541866
tt2847594
""
tt6781982
tt4236770
""
""
""
""
""
tt1663976
tt27613707
tt7525778
tt3614406
""
tt3228904
""
""
tt6582770
tt2114352
""
""
""
tt1840309
tt2249786
""
tt4196686
""
""
tt4291050
""
tt3332342
""
""
""
""
""
tt2064968
""
tt10468026
""
tt0437745
tt15709856
""
tt11872668
""
tt2950758
tt4622576
""
tt7156436
""
tt4511200
""
tt4836846
""
""
tt8344080
""
tt37719533
""
""
""
""
tt2560140
""
""
tt3142878
tt8746478
tt1610452
""
""
tt9090170
""
tt1587310
tt0979432
""
""
""
""
""
""
""
""
""
""
""
""
tt5555554
""
tt20969586
""
""
tt5472448
""
""
""
""
""
""
tt0319931
tt35453009
""
tt7019820
""
""
tt7909878
tt2123996
""
tt3801314
tt9359220
tt13821562
""
tt14208870
tt3731490
""
""
tt4158876
tt30412307
""
tt0806910
""
tt14926914
""
tt37392344
tt12735488
""
""
tt35522483
""
""
""
tt11140756
""
tt6051216
""
tt4786824
""
""
""
tt6836936
""
""
""
""
tt1086772
tt4118584
tt16492950
tt4651520
tt1378167
""
tt6288650
""
""
tt6362544
tt10676048
tt2848292
""
tt2130010
tt31434639
tt2016335
tt15128068
tt27688981
tt6527474
tt2334879
tt2925790
""
tt8712204
""
""
""
tt7078180
tt13898164
""
""
""
""
""
""
""
tt1442437
""
""
""
tt3568892
tt32764276
""
tt5830106
""
""
""
tt6672314
tt10792570
tt2040560
tt4257926
""
""
tt10945036
""
tt2607702
""
""
""
tt2302601
""
tt22008216
""
""
""
tt4129004
""
""
""
tt4146350
""
tt8466564
""
""
""
""
""
tt13223570
tt5916734
""
""
tt2145525
""
""
tt26678273
""
""
""
""
""
tt2487134
""
""
tt4535778
""
""
""
""
""
""
tt14298328
tt21264390
""
""
tt27526845
""
tt27561913
tt10060094
""
""
tt9024106
tt6758316
""
""
""
""
tt0227972
tt1299440
tt1266020
tt14664412
""
tt2885296
tt2175446
tt4800878
""
""
tt2582502
""
tt4120762
tt37790956
""
""
tt1600194
""
""
tt2245003
""
""
""
tt7221090
""
""
""
tt3155298
""
""
""
""
tt11242246
tt0307453
""
tt5880938
tt10375682
tt18236492
tt3792884
""
""
tt3974386
tt4432912
tt4737772
""
""
""
tt18974548
tt10476556
""
tt4114744
""
tt7182292
tt10687506
""
""
tt0403726
""
tt15262630
tt6133130
tt1808454
tt7255568
""
""
tt11847410
""
""
tt5541338
""
""
""
tt1830170
""
""
""
tt13781748
""
""
""
tt10037034
""
tt10014838
tt1759761
""
tt13146488
""
tt6483304
tt33365041
""
tt12397680
tt3038708
""
""
tt11318044
""
tt14561712
""
""
""
""
""
tt6663582
""
""
tt10720352
""
tt21028636
""
""
""
""
""
""
""
""
tt5207116
tt7305590
tt3282244
tt3066242
""
""
tt5343488
""
tt6047482
""
tt7374554
""
""
""
tt9352556
tt13521006
""
tt13029044
""
""
tt5545018
tt2800240
tt1621994
""
""
""
""
""
""
""
tt8388390
""
""
tt1925451
tt5758778
""
""
tt2072230
""
""
tt11871246
""
""
""
tt8366590
""
""
tt2171454
""
""
tt14909918
tt14681678
""
""
""
tt2411218
tt7979580
""
tt5861158
""
tt2461520
""
tt27956426
tt3606930
tt0437745
tt2203793
""
""
""
""
""
""
""
""
""
""
""
""
""
""
tt2283362
tt6470924
tt13142562
""
""
""
tt5093906
""
""
tt6283838
""
""
""
tt9162826
tt2211121
""
tt2359267
tt1941684
tt4655480
tt2395427
""
tt3262342
""
""
tt5033998
""
""
tt13496386
tt8980128
""
tt14438882
tt3877200
tt3177800
tt1637574
tt5208216
""
""
tt2025899
""
tt38111477
tt1751634
tt3746886
tt32478667
tt35682577
tt34482468
""
""
""
""
""
tt38683583
""
""
tt4592410
""
tt12358208
""
tt21254336
tt31810018
tt10515864
""
""
tt2202569
""
""
""
""
""
""
tt9362178
""
""
""
tt4604612
""
""
""
""
tt7476714
""
""
""
tt8502122
""
tt36071583
tt7043070
""
""
""
""
tt3865722
""
tt2234507
tt3155298
""
tt30274401
""
tt10682234
tt7766104
""
tt13607498
tt11308454
tt4712076
""
""
tt6487642
""
tt4197504
tt4074928
""
""
tt5365760
tt2237318
""
tt1745960
""
tt5707802
""
""
""
tt4274788
""
""
""
tt5071412
""
tt6025806
""
tt38405580
""
""
""
tt6218024
""
""
""
tt1616195
""
tt2248931
""
""
tt2359427
tt12794086
""
tt3652862
tt7061320
""
tt8096832
tt5761766
""
tt0305472
""
""
""
tt11847410
tt1132205
tt2254037
""
""
""
tt30443155
tt5301060
tt3642982
""
tt3328442
tt2923316
""
tt1590125
tt37304552
tt37598856
tt13056008
""
tt8813290
tt1245492
tt26757444
tt3553442
""
tt14596630
""
""
tt3310362
tt2262459
""
tt8361028
tt3147984
tt2223990
""
""
tt9077540
tt2261841
""
tt10584790
""
""
""
""
""
""
tt5051390
tt2321321
tt11050886
tt5034212
tt20449626
""
""
tt10518176
tt5146782
""
tt1047540
""
""
tt7644766
""
""
tt2261409
""
""
tt23867462
""
tt8772296
""
tt21651560
tt9059350
""
tt3196418
""
tt13865142
""
tt14957578
""
""
""
tt22298142
tt7556122
""
""
""
""
""
""
""
""
tt10193752
""
tt10982034
tt2741602
""
tt10929050
tt2805096
""
""
""
tt5562808
tt4952054
""
tt35682577
""
tt6827298
""
""
""
tt15567346
""
""
tt2699840
""
""
tt1951265
""
tt6932976
tt2113820
tt11570620
""
""
tt7596520
tt2285559
tt3622334
""
""
""
tt26895360
""
tt3855774
""
""
""
tt1844624
tt7049682
tt13868840
""
""
""
""
""
tt2290277
""
""
""
""
""
""
tt36290176
""
""
""
""
""
tt1587310
tt17491088
""
tt12546872
""
""
""
""
""
tt2638048
""
""
tt3165632
tt2075108
""
tt5016504
""
tt5610554
tt0203259
""
tt2271059
tt2766804
""
""
""
tt1261052
""
""
""
tt1724597
tt1996620
tt15521050
""
""
""
""
""
tt2261391
""
""
tt0264519
tt0903624
tt11024580
tt5051400
tt2172554
tt6241244
tt2222130
""
tt5582876
tt3548668
""
tt1780441
""
""
tt3561236
""
""
tt2379713
""
""
tt6451388
tt8212592
tt2962726
tt2306721
""
""
""
tt7924922
tt8364368
tt5093026
tt2717860
tt2647586
""
tt6539992
tt15399970
tt4513316
""
""
""
""
""
""
""
""
""
""
tt3734580
tt18232164
""
tt9737876
""
tt2713180
""
tt3359350
""
""
tt7938588
""
tt7701016
""
""
tt6697582
""
""
tt9266204
tt4320098
tt36271386
""
""
tt31023207
""
""
tt11165358
tt1891892
""
""
""
tt2136740
tt1580704
tt5649108
""
tt5941352
""
""
""
""
tt13098722
tt37961622
""
tt2328611
""
tt35075622
""
""
tt1809398
""
""
tt14463484
tt3808342
tt8772296
""
tt0187393
tt3244762
""
tt5208688
tt15552142
tt1219827
""
tt1598778
""
""
""
""
tt19814740
""
""
""
tt26730391
tt10049610
tt2916806
tt8139156
tt3164256
""
""
tt14349440
""
""
tt19813424
tt0944947
tt8399288
tt35295194
tt5628684
""
""
tt19722198
""
tt4438688
tt32605679
""
""
""
""
""
""
tt5221306
tt2534660
""
""
""
""
""
tt8690728
tt6642264
""
""
tt13064558
""
tt1826940
""
""
tt4522400
""
tt1220628
""
""
tt13818368
tt0241383
tt0452046
tt2766254
""
tt2631678
tt15778152
tt7160372
tt2672238
""
tt11032638
""
""
""
""
""
tt15028214
""
tt3565486
""
tt11376010
tt8066940
tt2380303
""
""
""
""
""
tt1568853
""
tt31122777
tt1442437
""
tt2608028
tt13218176
tt5913176
""
tt31131398
""
""
tt13814704
""
""
tt1921179
tt12893852
""
""
tt2782214
tt14675490
tt5844488
""
""
tt5538290
""
""
""
""
""
tt1211956
tt1081935
""
""
""
tt5171438
""
tt0084271
tt35097551
""
""
tt13320622
tt2364611
""
tt11540284
""
tt20221784
""
tt11867144
tt4154756
""
tt4773100
""
tt3481544
tt3403918
""
tt6850736
""
tt2527338
""
""
tt4574334
""
tt36014335
tt2051831
""
tt1724525
""
""
tt0094514
""
""
tt0094481
""
tt2761354
""
""
""
tt2368885
""
""
tt2333579
""
tt22173666
tt10756390
""
""
""
tt8822398
tt10682266
tt12075318
tt15006566
tt0806910
""
tt1292566
tt12801262
""
tt9024430
tt3878978
tt27196815
""
tt4118584
""
tt13964562
tt13616310
""
""
tt2230051
tt5033322
""
""
tt6810962
tt23829446
""
""
tt27930707
""
tt31358552
tt1345836
""
""
""
""
tt2531344
tt7441658
""
""
""
tt1131728
""
""
""
""
""
""
""
tt14091818
""
tt5110942
tt32636172
""
""
""
""
""
""
tt28153533
tt3702652
tt20719618
""
""
""
""
tt17505240
""
tt2385151
""
tt3467308
tt1343092
tt2463670
""
tt2181298
""
tt0222511
tt12284466
""
tt6580564
""
tt6394270
tt11252248
""
""
tt2741602
""
tt4667888
tt4975690
""
""
""
tt7379428
""
tt1226240
""
tt4471388
""
""
""
""
""
tt9664108
""
""
tt12422902
""
""
""
""
""
""
tt15450344
tt11639952
tt31974160
""
""
""
tt1821681
""
""
tt4085590
""
""
""
""
tt7649694
""
""
""
tt13562602
tt8174616
tt8983230
tt2387395
tt5068924
tt27350551
""
""
""
tt11236060
""
tt2709314
""
""
""
""
""
tt1669694
""
""
""
""
tt13742846
tt5240732
tt2291979
""
tt14315584
""
""
""
tt1844624
tt9507372
""
tt10333426
tt1567432
""
tt2355150
""
""
""
tt21823606
""
""
tt2333784
tt2908446
""
tt10994218
tt7221388
tt0446029
""
tt37391068
""
""
""
""
tt3262342
tt27198235
tt3026822
tt19630504
""
""
tt10954652
""
tt5087824
tt4427886
tt2399406
""
tt2402245
""
tt3560084
tt8303474
""
""
""
""
tt9580086
tt6452574
""
""
""
tt0455612
tt9561862
""
""
tt1224387
tt3004746
""
""
""
""
tt4338276
""
""
""
""
""
""
tt10050740
""
""
""
""
""
tt5512432
tt4878326
tt7187044
""
tt3305370
""
""
""
tt14270702
tt5976178
tt4434398
""
tt2414196
""
tt5712554
tt2334879
tt1694423
""
tt0944947
""
tt4452630
""
""
""
tt1436559
tt2339890
""
tt37955866
""
tt1706620
tt1234721
""
""
""
tt10880444
""
tt1630029
tt2712612
""
""
""
tt0865556
tt5692148
""
""
tt33502004
tt6270358
""
""
""
""
""
tt5465748
tt0241383
""
""
""
""
tt8856090
tt20247118
tt9179974
""
""
""
tt5110420
""
""
""
""
""
""
""
tt3808342
""
tt4513678
""
tt7812718
""
tt2802850
tt3528118
""
tt3136064
""
tt6717892
tt23805744
tt5137338
""
tt4570050
tt3920750
""
tt22093634
tt5323988
""
""
""
""
tt0852863
""
tt18226470
tt35069892
tt3647354
tt33682338
""
""
""
""
""
tt10308554
""
""
""
tt5525846
tt22175098
""
tt32485941
tt15895490
tt9764000
tt3338074
""
""
tt10452036
""
""
tt3371366
""
tt9855188
""
""
tt2235811
tt9466298
""
""
""
tt21371218
tt0783640
""
""
tt1578258
tt3043298
tt16288838
tt2985678
""
tt2204868
tt6436726
tt10834038
tt3243872
tt8525980
""
""
tt3132500
tt14946802
""
tt7725756
""
""
""
""
tt2861424
tt11761176
tt2207772
""
""
tt0438052
tt9362722
tt30442574
tt0327597
""
""
""
tt1714915
""
""
""
tt13445762
""
tt11222962
""
""
""
""
""
tt5651338
tt2790302
""
tt2847714
""
""
tt2235695
""
""
""
tt2797624
""
""
tt7802246
""
""
tt7752032
tt38769949
tt6346952
tt32544588
tt12443322
tt6528290
""
tt10365870
tt4684364
tt34471143
tt5541058
""
""
tt2518638
""
""
""
tt4574334
tt6189022
""
""
tt1981115
tt1703186
""
""
""
tt2244495
""
tt8652728
""
""
tt2661116
""
""
""
""
tt5950044
""
""
""
""
tt4662396
""
""
tt6095002
tt29961317
tt20358386
""
tt8772296
tt2112124
""
tt12092624
""
tt5358330
tt2758880
tt21830902
tt1628841
""
""
tt6485304
tt5435106
""
tt2556952
tt3086582
tt18249154
""
""
tt0851577
tt6479178
""
""
""
tt0844441
tt8657548
""
""
tt7395114
""
tt0896893
""
tt15331716
""
""
tt30472557
tt5619332
""
tt1951266
tt13610562
tt6289242
tt2243790
""
""
""
tt23806182
""
""
tt5722298
tt11928588
""
""
""
""
""
tt12478096
""
""
""
""
tt7014356
tt4716666
""
tt2250294
tt4524030
tt13699124
tt14954498
""
""
""
""
tt2147319
tt0348914
tt37008404
tt3170624
tt14208870
tt27846061
tt9809284
tt2894010
tt8633062
""
""
""
tt6806448
tt2717162
""
""
""
""
tt14406178
tt8829578
""
""
tt3888520
""
""
tt2377752
""
tt3278810
""
""
tt3851412
""
tt2256248
""
tt13515772
tt3443274
""
tt5435008
""
""
""
tt4288182
""
""
""
""
""
""
""
""
""
tt22079858
""
tt10314450
""
""
tt27540595
tt32474294
tt0247082
""
tt9322884
""
""
tt8846176
tt5327032
""
tt1454461
""
""
""
tt6476396
""
""
tt13623608
tt18501768
""
""
""
""
""
""
""
tt3741700
tt9620292
""
""
""
tt3250026
tt5328350
""
tt3358658
""
tt3833900
""
tt5459316
""
tt2182972
""
""
""
""
""
""
""
""
tt22442086
""
""
""
""
""
tt10011172
tt12735488
tt2635730
tt27665778
""
""
""
tt1409483
""
""
""
""
tt10306656
tt23777752
tt1821156
""
tt2293080
""
""
tt11861230
""
""
tt2579866
""
""
tt36733355
tt5841966
tt0266134
""
tt5132086
tt4537896
""
""
tt1844624
""
tt10640346
tt6173990
tt5315212
tt3596176
""
tt5835034
""
tt14370182
""
""
tt1408253
""
tt3503454
""
tt14403244
""
""
tt8142288
""
""
""
""
""
""
tt0359774
""
tt2308678
tt7613088
""
tt6127004
tt32139068
tt0997317
tt15891388
""
tt4803466
tt37594028
""
tt5302918
""
""
tt21933234
""
""
tt6302466
tt2015381
tt2392137
""
tt9471660
""
tt2343793
""
""
""
tt2315834
""
tt5226984
""
""
tt3799896
""
""
tt24950660
""
tt13584464
""
tt2319182
""
""
tt24445144
""
""
tt6229862
""
tt3359720
""
tt1289401
""
""
""
""
""
""
""
tt1843230
""
""
""
tt4943218
tt2674358
""
tt3595298
""
""
""
""
tt4659710
tt6817414
tt13274116
tt3385516
tt27858066
tt3244466
tt38777174
""
tt4534156
tt0377079
""
tt6717892
""
tt3014312
tt2234155
tt38587180
tt4445154
""
tt4170780
tt9071808
tt6279576
tt5603356
tt4678148
""
""
tt2333682
""
tt1911600
""
tt26537536
""
tt14107334
tt3319356
tt15730996
""
tt1810683
""
""
""
tt31995690
""
tt2396589
tt37519127
""
""
""
tt2661044
""
tt2960790
tt14449470
tt8521718
""
""
""
tt4181172
""
""
tt1464335
""
""
""
""
tt5586300
tt13696452
""
tt1389072
""
tt6058136
""
tt5084206
""
""
""
""
tt20228422
""
""
""
""
""
tt9354842
tt16283758
""
tt14371890
tt5845758
""
""
tt8337290
tt5636732
""
""
""
""
""
""
""
""
tt7296368
tt11235772
""
tt16429140
tt6446238
tt7688186
tt2573372
tt3025936
tt3589404
""
""
""
""
tt2441268
""
tt7957694
tt27530512
""
tt8116330
""
""
""
tt5634990
""
tt5376308
tt36070041
tt10831980
""
tt2330934
tt11686526
""
""
tt6432466
""
tt26757444
tt5827228
tt1937390
""
tt3031204
tt6688832
tt27629735
tt4189442
tt3903826
""
tt15262756
tt7120112
tt7643622
tt5934922
tt15210070
""
""
tt2473206
tt2291352
tt7620278
tt6064882
""
""
""
""
""
tt2374450
tt7960322
""
""
tt3685236
tt14442054
""
""
""
""
tt13259794
tt22751450
""
""
""
tt7197558
""
""
""
tt8106534
tt0189456
tt4518234
""
""
tt0123366
""
tt36018313
tt16424316
""
tt4092516
tt3587882
""
tt14664162
tt8598690
""
""
""
""
tt36365037
""
""
tt11833388
""
""
""
""
""
tt26737310
""
""
""
""
tt2378470
tt21293078
tt4326444
""
tt35051064
""
""
""
""
""
""
""
tt10165060
tt6261136
tt8031778
tt3442994
""
""
""
tt23475032
tt6462958
""
tt3743042
""
""
tt32558992
tt6132720
""
tt3066242
""
""
tt37938221
""
tt9803682
tt3489360
tt5144432
""
""
""
tt0247094
""
""
""
""
""
tt1798603
""
tt6966604
""
""
""
""
""
tt2550156
""
tt6412478
""
""
""
tt22445726
tt3215752
tt3453008
""
""
""
""
""
""
tt22170036
""
""
""
tt13039034
""
tt6679794
""
tt3333130
""
tt11268742
""
""
tt8555064
tt10151854
tt2515030
tt6166320
""
""
""
""
""
tt7827024
""
tt5707802
""
tt4955642
tt32573118
""
tt27997975
tt1216851
""
""
""
""
tt6598238
tt2714046
""
tt10449052
""
""
""
tt10765706
tt39389859
""
tt2054804
tt2667442
tt21200858
tt11611064
""
tt9737326
tt4843254
""
""
""
tt7420532
""
tt1336608
""
tt9675214
tt14416180
""
tt7657566
""
""
tt8110232
""
""
tt13085822
""
tt21200858
""
tt1663202
""
tt7320858
tt21308698
""
""
tt4856962
tt7116148
tt3697828
""
""
tt2953050
""
tt26676489
""
tt16300138
""
""
tt5867314
tt1865718
""
tt22741760
""
""
""
""
tt2379276
tt1486192
""
tt15281704
tt2425966
tt17044594
tt4419684
tt4653374
""
""
tt15783520
""
""
tt26670955
tt13391710
tt6259476
tt36283918
tt5462420
""
tt10365998
""
""
""
tt6133466
tt5715066
tt23871968
""
""
tt2700194
tt8672856
""
tt4807400
""
tt14955106
tt6865690
""
tt28075881
tt14109724
tt3449734
tt0460649
""
tt2013293
""
tt4160686
tt9376612
tt4061080
""
tt5344382
""
tt11685912
tt6796028
""
""
tt11044858
tt10796212
""
""
tt1482459
""
""
tt5624916
""
tt6021370
tt3722324
""
""
""
tt5810030
""
""
""
tt14774234
tt5924572
tt2436328
""
tt2314824
tt2279922
tt2445020
""
tt2442502
tt31450289
""
tt4590390
tt5905610
""
tt9855094
""
tt23297112
tt2932110
tt4687108
tt14849834
""
tt1535109
tt23297112
tt14834542
tt27719673
""
tt2223950
""
tt7334874
""
""
tt5503686
tt2729090
""
""
tt2450254
tt1981128
""
""
""
""
""
""
tt3703418
""
tt11990578
""
tt2908446
""
tt5668850
""
tt3550444
""
""
tt22331688
""
tt3154666
tt7836106
""
tt5351044
""
tt7461406
""
""
""
""
""
tt14488886
tt2759192
""
tt2741098
""
""
tt5059866
""
tt9347730
tt4859164
""
tt11899030
tt9076422
tt2869950
tt2509922
""
""
""
tt21438726
tt2245117
""
""
""
""
""
""
tt10314462
tt5431082
tt11646832
""
tt6994156
""
tt14641788
tt1514753
tt37435968
tt2349440
tt13701650
""
tt11876478
""
""
""
""
""
tt9805504
tt2937898
""
""
""
""
tt2476582
""
""
""
tt3394222
""
tt8277678
""
""
""
""
""
tt8380776
""
""
tt1719785
""
""
""
tt1853643
tt13504784
tt6716346
tt3626476
""
""
""
""
""
""
tt13605284
tt1418572
tt5251778
""
""
tt8377564
""
""
""
tt8110988
""
tt4824302
""
""
tt25434854
""
tt0984000
tt21940010
tt4529948
tt4941240
""
tt0903624
tt8865546
""
""
""
tt7683324
""
tt5769236
""
tt8319644
tt11761176
""
""
""
tt3332064
tt34206385
""
tt1921043
""
""
""
""
""
""
tt1405406
tt2758950
""
tt2974918
""
""
""
""
""
tt7537024
tt7487358
tt7126948
tt12540080
tt31438328
""
""
""
""
""
tt6095472
tt28328290
tt1453405
tt3289712
tt28256288
""
tt3325310
""
tt4276624
""
""
tt13232552
tt23638614
""
""
""
""
""
tt10579952
""
tt12439466
""
""
""
""
""
tt34319345
""
""
""
""
tt3920820
""
""
tt2342499
""
tt7392212
""
""
""
""
""
""
""
""
tt1315350
tt1480684
tt7555400
""
""
tt5368542
tt10231312
tt5113044
""
""
tt4354880
""
""
""
tt4494382
""
""
tt2217859
""
tt6256484
""
""
tt5971474
""
""
tt8420188
""
tt4106306
""
""
tt4788734
""
tt2316873
""
""
""
tt10275534
""
""
tt8290476
tt4811752
""
""
""
tt2643622
""
""
""
""
tt3478896
""
tt1442437
""
tt2342462
""
""
""
""
""
tt20421006
""
""
tt8050740
tt2884402
tt2234701
""
tt26218056
tt2551448
""
tt11178502
tt35657158
""
""
""
""
tt11058078
""
""
""
""
""
""
tt10497826
""
tt1309379
tt12530128
tt28428635
tt3199006
""
""
""
tt1839578
""
tt6927492
tt9063026
""
""
""
""
""
""
""
tt23788802
""
""
tt3402236
tt2908526
""
""
tt4446472
""
""
tt4714782
""
""
""
""
""
""
tt2513688
""
tt1976000
""
tt14810626
""
""
tt4881154
""
tt4338098
""
""
tt5153514
""
""
""
tt6111130
tt5737536
tt4779572
""
tt2977106
""
""
""
tt3079380
""
""
""
""
""
""
tt35933035
""
tt6732058
tt5810860
""
""
tt0139803
""
""
tt4742596
""
tt2838568
""
tt15392282
""
tt6924650
tt3837246
tt6864046
tt3569782
""
tt6647254
""
tt11525290
""
""
""
""
tt6621102
""
""
tt14129388
""
tt0058796
tt14187988
""
""
tt3317234
""
""
""
""
tt4443988
tt7933764
""
""
""
""
""
tt11442076
tt2457980
tt4131206
""
""
""
""
tt8472964
""
tt32779904
tt38411401
""
tt10857164
tt9197626
tt3872958
tt6280584
""
tt21742176
""
""
""
""
""
tt11444414
""
""
tt12757438
tt27218960
tt5813014
tt2649938
""
""
""
tt3903852
tt6923462
""
""
tt10801534
tt14502344
tt4876886
""
""
tt2056800
""
""
tt2563764
tt3327536
tt13996424
tt3078296
""
tt33049767
""
""
tt2520856
""
tt10394778
""
tt2106651
""
""
tt33492074
tt1815862
""
tt2582282
""
""
""
""
tt8418296
""
tt3165206
tt13989486
""
tt11737520
tt2474128
""
""
""
""
""
tt27148214
tt31101921
""
""
""
""
""
""
""
""
tt10952384
tt6387512
""
""
""
""
""
""
""
""
""
tt3218450
tt3826188
tt22310626
""
""
tt6048332
""
tt0436992
""
tt26545355
""
""
tt8767908
""
""
tt1786209
tt4608516
""
""
""
""
tt3617936
tt34936402
""
""
""
""
""
""
tt5143246
""
tt2965944
""
""
""
""
""
""
tt7661056
tt4661500
""
""
tt1439629
""
""
""
tt13238304
tt13714610
""
""
tt6964748
""
tt3868418
""
""
tt14731254
tt25384182
tt6467266
tt7988412
tt14916746
tt34721650
tt2611764
""
""
""
""
tt7949212
""
""
""
""
""
tt35528069
""
tt2534634
""
""
tt5834204
tt3508112
tt2234701
""
""
""
""
""
tt31998448
""
""
""
""
tt1395104
tt15266522
""
""
""
""
tt2190324
""
tt3643452
tt4800624
""
""
""
""
""
tt6906292
tt1572996
tt4270492
""
""
tt12869464
tt0864835
tt12219470
tt7115030
""
tt28290233
""
""
""
tt6631194
tt11433956
""
""
tt2627662
""
""
""
""
""
tt8246106
tt33043057
""
tt7390586
""
tt1691916
""
""
tt10320050
""
""
""
tt19321794
""
tt4193122
""
""
""
""
tt3892074
tt4873118
""
""
""
""
tt1083452
""
tt1840309
""
tt12474116
tt5122092
""
""
tt15510654
""
""
tt4959548
""
tt6086192
""
""
""
tt5037914
tt3164958
""
tt13799944
""
tt21933110
tt2378830
tt7365066
""
tt4192982
""
tt5129818
""
tt5968394
""
""
tt5095654
""
tt3343670
""
tt9620292
tt0498122
tt2372162
tt7251550
tt37740808
""
tt2497942
tt7390588
""
tt2267998
""
tt2651724
""
""
""
""
tt0416854
tt1601141
""
tt21963650
tt14371878
tt3790612
""
tt3187682
tt1795096
tt32887283
tt26674253
""
tt2788432
""
""
""
tt5758778
""
""
tt4507428
""
tt11455260
""
tt2557490
""
""
""
tt13639222
""
""
tt7053188
tt2667708
""
tt7120662
""
""
""
tt4454114
""
""
""
""
""
tt4916630
""
""
""
""
tt2583296
""
""
""
tt20753468
""
tt14174168
tt0058796
tt2671106
tt7365306
""
tt7908792
""
""
""
""
tt10855768
""
tt5238904
""
""
tt30334625
tt11280740
""
""
""
tt29281370
""
""
""
""
""
tt0831821
""
tt38705611
tt6352534
tt10298810
tt8105234
""
tt4651448
tt6132488
tt8096832
""
tt10682266
tt9434968
tt4866030
tt3506548
""
""
""
tt6141714
""
tt5033998
tt33071426
tt13201818
""
""
tt10011172
""
""
tt4758646
""
tt5140878
""
""
tt0203259
tt5159204
tt0880477
tt33293169
tt33298765
""
tt8996306
""
""
tt2025899
""
""
""
tt9422974
""
""
""
tt9174600
""
tt3004746
""
""
""
""
""
""
""
""
""
""
""
""
""
""
""
""
tt7440274
""
tt4231466
""
tt4816922
""
tt10384106
""
tt6450804
""
""
""
tt7413464
""
""
""
""
""
tt6850670
tt6862236
tt15801594
""
""
""
tt15495150
""
tt32602949
""
""
""
""
tt4947608
""
tt2017561
tt1405406
tt10872600
tt2017561
tt2751678
""
""
tt1924435
""
tt14663694
tt9358106
tt11636880
tt6316900
tt0117367
""
tt6111130
""
""
tt4057998
""
""
tt14230458
tt5420210
tt3757664
""
""
tt6156654
""
tt3497820
tt3980718
""
tt3234110
""
""
""
""
tt6396050
""
tt8268838
""
""
""
""
""
tt10462338
""
""
""
""
""
tt31492163
tt5879686
""
""
tt13131350
""
tt1877010
""
tt3683144
""
tt27210792
tt6860562
""
tt10584608
""
""
""
""
""
""
tt18259086
""
""
""
tt33022559
tt6806448
""
tt9434996
""
tt30257765
tt3656256
tt4465572
""
tt8892064
tt2763796
""
""
""
tt3605276
tt19891306
tt8381724
""
tt2109248
""
""
tt8526070
""
tt1951264
tt0472954
tt3768426
tt4846340
""
tt4317870
""
tt2749094
tt5663230
tt6146586
tt11712058
tt2677336
tt7329656
tt2849030
tt14550302
""
""
tt2869898
tt13495314
""
""
""
""
""
tt4794832
""
tt10204706
""
tt0368530
""
""
tt9039142
tt38637303
""
tt6656238
""
tt3206918
""
tt7880412
""
tt3323600
tt33247023
""
tt5672286
""
tt28235998
tt23489634
tt14898794
""
tt7068946
tt30760223
""
tt4221964
""
tt14779804
tt4824308
tt2490326
""
tt26658301
""
tt8149054
tt21110654
""
tt14805128
""
""
""
""
""
""
""
tt18561380
""
""
""
""
""
""
""
""
""
tt5619234
tt4284184
""
""
""
""
""
""
""
tt7845932
""
""
tt8373206
""
""
tt2538128
tt0096697
tt2777848
""
""
""
""
tt11794642
""
tt5691552
""
""
""
""
""
tt12735488
""
""
""
tt0445138
tt10313176
""
""
""
""
tt4419196
tt9603082
tt9179430
tt12393472
""
""
""
""
tt10834220
""
""
""
tt1956620
tt7390094
tt13456318
""
""
tt13056026
""
""
tt5467814
""
""
tt0053494
tt5822564
""
tt8896762
""
tt7401588
""
""
tt7401588
""
tt11560828
tt36144161
tt2473682
tt36153493
""
tt5960762
""
""
tt3960394
""
""
""
""
""
""
""
""
""
""
tt10462682
""
tt24659372
tt7410922
""
""
""
tt4786282
""
""
""
""
""
""
tt2281309
tt8912384
tt35708159
tt2239822
""
tt6512178
""
""
tt3095080
tt1292566
tt5363912
tt9646546
""
""
tt6711730
""
tt5786012
tt6521876
tt8267362
""
""
""
""
""
""
""
""
tt7385806
""
""
tt11652888
tt7882106
tt4411504
""
""
""
tt14641788
tt11879016
tt21966020
""
""
tt2826068
""
""
tt8435344
tt12590712
""
tt22258682
tt9480656
tt5736690
tt3411430
""
tt11097240
tt9812614
tt16733944
tt30766908
""
""
""
tt14550642
""
""
""
tt7137290
""
tt3420958
tt13997292
tt12459520
""
tt21066182
""
tt11737520
tt7049682
""
tt14108464
tt3967856
""
tt3132422
tt1322930
""
tt3677466
""
""
""
""
""
""
tt3521164
""
""
tt3302930
tt3794354
tt3588492
tt5135560
tt7095476
""
""
""
tt38628148
""
""
""
""
""
""
tt7923118
""
""
""
""
""
tt5025550
""
""
tt2847854
tt1870479
""
""
tt0948470
""
tt2322932
tt5568280
""
""
tt2799270
""
""
tt9184820
""
tt7335184
tt5024912
""
""
""
""
tt3109202
""
""
""
tt28509566
""
tt5034838
""
""
""
tt2692344
""
tt3683580
""
tt4558396
""
""
""
""
tt10381102
""
""
""
""
tt31449991
tt17062324
tt20969586
""
""
tt5935704
tt6692354
""
tt5843792
""
""
tt5455714
tt4488724
tt13878800
""
tt2402207
""
""
""
""
tt16061632
""
""
""
""
""
""
tt3140100
tt6881372
tt10732104
tt5652038
""
""
""
tt0182576
tt0227972
tt2152112
""
""
""
""
tt10514926
tt6780044
""
""
""
""
""
""
""
""
""
tt1637574
tt3132628
tt22397870
tt13710416
tt6802308
tt0123338
tt4708914
""
""
""
""
""
""
""
tt6814432
""
""
""
tt8697870
tt2071507
tt2473510
""
""
""
""
""
""
tt3229058
""
tt6341354
""
tt10698680
tt2913076
tt2261227
tt12448470
tt8588570
tt1617661
tt11902024
tt2712502
""
""
tt3385332
tt13091634
""
tt33548538
tt31969600
tt11428682
""
""
tt8242084
tt3520008
""
tt2908370
""
""
""
tt5719748
""
""
tt3090880
tt1606378
""
tt9784708
""
""
tt3902894
""
""
tt2341762
""
tt35748025
""
""
""
tt3672906
tt2913854
""
""
""
tt5300154
""
tt27653911
""
tt2922774
tt2372162
tt6120468
""
tt4574912
tt3921076
""
""
tt4493220
""
""
""
tt5808318
""
""
tt10168670
""
""
tt1629747
tt9260446
""
tt38074081
tt7741824
tt9653220
tt6872436
""
""
""
""
""
tt7241926
""
tt20419538
tt8231242
tt11903004
tt36118602
""
tt24315604
tt1019690
tt3876648
""
""
""
tt0491175
tt5461382
""
tt32267726
""
tt3469244
""
tt22007882
tt3613462
""
""
tt8398386
tt6205872
""
tt4406456
""
tt3676370
tt3082898
tt2261391
tt15067832
""
""
""
""
tt0098911
tt4378456
tt6148376
""
tt5072852
tt0329830
""
""
tt6105098
""
""
""
""
tt1548850
tt4981826
tt5323662
""
""
tt5212768
tt21276958
tt2990792
tt3032574
tt2949874
""
tt4928350
""
""
tt6144672
""
""
""
tt4015642
tt10510280
""
""
""
tt3280250
""
""
tt6084548
""
""
tt4370596
""
tt5117670
tt6777642
""
tt32563325
""
""
tt16153004
tt4481266
tt26697087
tt3514798
tt2951064
""
""
""
""
tt33049767
""
tt7562112
tt10028196
""
""
tt8517242
""
tt13747668
""
tt2306299
""
tt4476106
tt3901628
""
""
tt14418222
""
""
tt17008960
tt4897452
tt3078602
""
tt2374870
""
tt8753438
""
tt9581768
tt4920274
tt25811740
""
""
""
tt11794642
""
""
tt1234721
""
""
""
""
""
tt1029211
""
""
""
tt0364845
tt3531824
""
tt11530452
tt3845868
tt9894606
""
""
""
tt1462059
tt1877832
tt15812856
tt3480822
tt9208876
""
""
tt5420020
""
tt3915760
tt9075824
tt8851764
tt20918600
tt2966392
tt5256044
""
tt6682368
""
""
tt5640558
tt3881768
""
""
tt5927796
tt15808044
""
tt10696896
""
""
""
""
""
tt0094514
""
""
""
""
""
tt27957740
""
""
""
tt9055008
""
""
""
tt0308842
tt11536262
""
""
""
tt3188994
tt10944516
tt7664786
""
""
""
""
""
tt7174764
""
""
tt13911628
""
""
""
""
""
""
tt7699198
""
""
tt7393756
""
""
tt7686464
""
tt28535715
""
""
tt9253284
tt14531842
tt18073328
""
""
""
""
""
tt7368554
tt8461224
""
""
tt2570694
tt22818490
tt1748264
""
""
""
""
tt9686790
""
tt6691556
""
tt21867434
""
""
""
""
""
tt1837703
""
tt8714904
""
""
tt0844441
""
""
tt4154796
""
tt3438352
tt4286012
""
""
""
tt1502397
tt5808802
tt3777256
tt7296992
""
""
""
tt2356777
tt4662386
""
""
""
tt15441266
tt6182908
""
""
tt4838334
tt15262616
""
tt0487189
""
tt14348424
""
""
""
tt6938428
""
""
tt0372784
tt3011954
""
""
""
tt16912318
""
tt11257430
""
""
""
""
""
""
tt0325980
""
""
tt31349844
tt27817389
""
tt7778680
""
tt7631568
""
tt3024680
""
""
tt8041270
""
tt9641242
tt0338013
""
tt27713897
""
tt7949218
""
""
tt12923784
tt3477172
tt7395114
""
tt2836364
""
tt27767715
""
tt9049560
""
""
tt12860512
tt4844106
""
tt22226256
""
""
tt31443265
tt3026658
tt10098620
""
""
""
tt12593682
tt20672952
""
tt18073328
""
""
""
tt4549796
tt27561721
""
""
""
tt4074374
tt13981050
""
""
""
tt10676052
""
""
""
""
""
tt5479080
""
tt14354100
tt2503944
tt5541338
""
""
""
tt2404696
tt3044680
tt5299492
""
tt4116284
tt2527336
tt4814980
""
tt10613832
""
tt3067704
tt22069414
tt9671828
""
""
""
tt12439466
""
""
""
tt15360916
tt33298051
""
tt8128276
""
tt21209876
""
""
tt1267295
tt12014980
""
""
tt27329109
tt2468804
tt9725830
""
tt15192638
""
""
tt5848272
tt37751111
""
tt12539024
tt0306856
tt12676852
tt7807324
""
""
tt28741830
""
tt5512872
""
""
""
""
""
""
""
""
""
""
""
tt5379450
tt1413495
tt13292336
tt0107474
""
""
""
tt2882232
tt24133138
tt8734944
""
tt5431342
tt24169886
tt17500936
tt7608248
""
tt18783984
""
tt27922706
""
""
""
tt6574480
""
tt36339931
""
tt3471010
""
""
""
tt0345140
tt7863198
""
""
""
tt20899884
""
tt29010833
""
tt12204302
""
""
""
tt3595266
""
""
""
""
""
""
""
tt7008682
tt13764996
""
""
tt2786956
tt5534588
""
""
tt11499292
tt37529347
""
""
""
""
tt8119844
""
""
""
""
tt4444438
tt9690832
""
""
""
""
tt3228088
""
tt2511906
""
""
""
""
tt16409108
""
tt1418888
""
""
tt12798834
""
""
tt3092158
""
""
tt32134218
""
""
tt22507774
tt8222346
tt30089813
tt30275493
""
tt14403246
""
""
""
""
tt6444314
tt3044680
""
""
tt6984230
""
tt22095854
""
""
tt18566780
tt3239618
""
""
tt8521718
""
tt8517272
tt32317227
tt11896074
tt17602714
""
tt10438134
""
tt3101130
tt10332854
""
""
""
tt7460806
tt26008888
tt1333634
tt11260832
tt31512072
""
tt14298658
""
""
""
tt17527702
""
tt10577706
""
""
""
tt5226436
""
tt9153270
tt3305388
tt8422000
""
""
tt4272720
""
""
""
tt7738450
tt12299608
tt3824360
""
""
""
""
tt0364845
tt2431438
""
tt7284204
tt1291150
""
tt8115582
""
""
tt7336572
tt34030342
""
""
""
""
tt4437216
tt31176520
""
""
""
""
tt10087990
""
tt10950796
tt6535880
tt7435316
tt4971344
""
""
""
tt3810602
tt6942048
""
tt8579674
tt3553442
""
""
""
tt9187526
""
""
""
""
""
""
""
""
""
tt3476080
""
""
tt8110330
tt2304933
""
""
tt3126984
tt8064302
""
""
""
tt7013672
""
tt11132692
tt5171438
""
""
""
""
tt6476554
""
""
""
tt7101788
tt26219792
tt22098258
""
""
""
""
""
""
tt9500372
""
""
tt2184295
""
tt13479414
tt16925428
tt16310892
tt4651824
tt4741542
tt15977292
tt7985576
""
""
""
""
""
""
""
tt39051451
tt4520364
tt7414406
""
""
tt2649554
""
tt14850418
tt0482987
""
""
""
tt2910814
""
""
tt5235880
""
""
""
tt9356320
""
tt12899130
""
""
""
""
""
""
""
tt8384516
""
""
tt8146754
tt5601802
tt5101204
tt6062774
tt3228706
""
tt4072326
""
tt7634968
tt2659240
""
""
""
tt5881406
""
""
""
""
tt4841640
tt1800241
""
tt1790954
""
""
tt5164432
""
tt1851040
tt8749198
""
""
""
tt4975920
""
""
""
tt30143510
""
""
""
tt6111130
tt5655222
tt8714904
tt1378167
""
""
""
tt9298602
""
""
tt8557462
""
""
""
tt0206512
tt13931682
tt1608290
""
""
""
""
tt3859272
tt3171082
tt12651512
""
""
""
""
""
tt1442437
""
tt10687032
""
tt12573454
tt12680684
tt2481498
""
tt7976098
""
tt18073066
""
""
""
tt38117143
""
tt11111268
""
""
""
""
tt6048922
tt5254610
tt10451852
tt4343858
tt34385689
tt7599942
tt36885605
tt5877156
tt8075260
""
tt11585486
""
tt34624545
tt10303870
tt2436516
tt3461658
""
tt3337194
""
tt15470222
""
""
""
tt13661118
""
""
""
""
""
tt7414406
""
tt8543390
""
""
""
""
""
""
""
tt15673502
""
""
tt15225944
tt2204800
tt9077530
""
""
""
tt5912926
tt15744298
""
""
""
tt20757810
""
tt4614584
""
""
tt11524128
""
""
""
tt5971210
tt7383144
tt4593060
tt36021638
tt7675204
""
""
""
""
""
""
""
""
""
""
""
""
tt21211434
tt7767422
tt6277000
""
tt5340736
tt7831550
tt9260636
""
tt10121762
""
""
""
""
tt3332064
""
tt6652330
""
""
tt7798646
""
tt3599618
""
tt8855592
""
tt1003010
tt0165042
""
""
""
""
""
tt3001638
""
""
tt26760483
""
""
""
""
""
""
""
""
tt5621544
""
""
""
""
tt1659619
""
""
tt7975322
""
""
""
""
""
""
""
tt35430837
""
""
""
tt6116060
""
""
""
tt7254808
""
""
""
""
""
""
""
tt20202792
""
""
tt10324164
tt9407558
""
""
""
""
""
""
""
""
""
""
""
tt2931908
""
""
""
""
""
""
tt23150202
tt30835482
""
""
""
""
""
""
""
""
""
tt13726244
""
tt7772588
""
""
tt7949218
""
tt17513554
""
""
""
""
tt6964748
tt3970004
""
""
tt1781827
""
""
""
""
""
tt3506798
""
""
""
tt3420504
""
tt6853528
""
""
""
tt7689906
tt5266668
""
""
tt5330934
""
""
""
""
""
""
tt10895588
tt27371236
tt13194870
tt12900700
tt8905948
""
tt2140379
""
""
""
tt30955673
tt11057302
""
""
""
""
""
""
""
tt9675786
tt12729084
""
""
""
""
""
""
tt2712740
""
""
tt11285856
""
""
""
""
tt1018501
tt3781616
tt7240478
tt6442686
""
""
tt6321708
""
tt6268790
tt6304046
tt32389845
""
""
tt3777674
tt3426858
tt1844624
tt1488589
""
tt4426746
tt0159876
""
""
""
""
tt0845088
""
""
""
""
tt7830014
tt12496552
""
""
""
""
""
""
""
""
""
""
""
tt6836936
tt30870455
""
""
""
tt13494284
tt14513804
tt3276894
""
""
tt6015936
""
""
tt3461252
tt3332772
tt10773194
""
tt4136774
tt9099680
""
tt1755606
""
tt27047448
tt8773746
""
""
tt18174424
""
tt3281548
""
""
""
""
""
tt5369484
tt4958464
""
tt13753786
tt36370492
""
""
tt4718304
""
tt14723070
""
tt3121722
""
""
tt6437846
""
""
""
""
""
tt2049116
""
tt3243862
""
""
""
""
tt28105646
""
tt5827228
""
""
""
""
tt1856080
""
""
tt3228904
tt3489184
""
tt7434894
""
tt3747542
""
""
""
""
""
""
""
""
tt5468766
tt7375536
tt36844343
""
""
tt12985010
tt6924042
tt4565380
""
tt3531040
""
tt10061256
""
""
""
tt36856220
tt8908024
tt1335975
""
tt3741700
tt28667904
tt8910408
tt3152288
""
tt5843876
""
tt26766308
""
""
""
""
tt1600194
tt23833224
""
""
tt27440055
tt3308106
""
tt5343192
tt31721096
""
tt19886278
""
""
""
""
""
""
tt16238462
tt8354414
tt3484354
tt6878934
tt32544828
tt8110652
""
""
""
tt1590193
tt11750226
""
tt14271652
""
tt3622592
tt7401588
tt13327038
""
tt5985952
tt27995114
""
tt7631058
""
""
tt5876388
tt22754212
tt8235442
tt5700672
tt7757506
""
""
""
""
""
tt10441822
tt3920596
tt1345836
""
tt11051710
tt21336930
""
""
tt2359405
""
""
""
""
""
""
""
""
""
""
tt3432650
tt4898282
tt2107861
tt35314383
""
""
tt16117576
tt2175587
""
tt6802400
tt14227048
tt2891574
tt29959521
""
""
""
tt6906292
""
tt1262426
tt3331868
tt3781836
""
""
""
""
""
tt11928410
tt12457334
""
""
""
""
""
""
tt5979406
tt6782862
""
tt7094780
""
""
""
""
tt4129004
""
""
tt2543472
""
tt5083802
tt9112182
tt30737893
""
""
tt5814534
tt2385173
""
""
""
""
tt6462806
tt3696782
""
tt8427538
""
""
""
""
""
""
tt12485218
""
""
""
""
""
""
""
""
tt2023674
""
""
""
""
""
tt7643900
tt3748528
""
""
""
""
""
tt3985626
tt3360316
tt0229912
""
""
""
tt3452382
""
""
tt6819368
tt1453405
tt5352894
""
""
tt8523116
""
""
""
""
tt8778040
""
tt9855028
tt5896934
""
tt9140554
tt34754697
""
""
""
""
""
""
tt4225450
""
""
tt4511834
""
""
""
tt1019690
tt9893250
""
tt2752758
tt15326246
""
tt11260832
tt11242218
tt3905764
""
""
tt3241822
tt2981746
""
tt5580036
""
""
""
tt4174918
""
tt1846589
tt1823719
tt31012986
""
""
""
tt9740606
tt3592794
""
""
""
tt2283748
""
tt14508836
tt6846126
tt38579505
""
""
""
""
tt11455814
tt3859602
""
tt8221738
""
""
tt9598922
""
tt6874622
tt26597666
tt10223460
tt6622316
""
""
""
""
""
""
tt4780766
tt5275318
""
tt4940454
tt6735852
tt7341406
tt8663516
tt4777008
tt0905590
tt3668426
""
""
""
""
tt3653886
""
""
tt29135946
""
""
""
tt3684178
""
tt6035808
tt12616480
""
tt1921179
tt3350354
""
tt1809353
""
""
""
tt3403976
""
tt1909015
tt11363620
""
""
""
tt11081050
tt14810626
tt16532836
tt15289678
tt24486036
""
tt2794684
""
tt13927994
tt31015291
""
""
tt31038752
""
""
""
""
""
""
""
tt9484998
""
""
""
tt1973692
tt3142872
""
""
""
tt11737520
""
""
""
tt5804504
""
""
""
""
tt3997544
""
tt12160826
tt9411972
tt39401649
""
tt34770550
tt1430587
tt2094766
""
tt21245840
tt4950110
""
""
tt9658388
""
""
""
tt6760730
tt0178142
""
""
""
""
""
""
tt2874692
tt9048998
""
tt6620266
""
""
""
tt5355514
""
""
""
tt2122313
""
tt0444985
""
tt10329042
""
""
tt6599482
""
tt32960515
tt31795979
tt10011342
tt5921576
tt10168462
tt6908536
""
""
tt2374721
""
""
""
tt1308728
""
""
""
tt5690810
tt6652708
""
""
tt6654108
tt28692620
""
tt10132540
""
tt8680902
""
tt11854694
""
tt14961048
""
""
tt11815244
""
""
tt8381724
""
""
tt34424694
tt11443276
""
""
""
tt6008042
""
tt1442437
tt14260836
""
tt8382264
tt4515194
""
tt32598550
""
""
tt5989974
tt2358925
""
tt4604856
""
tt3735246
tt16311594
""
""
""
""
""
""
""
tt6130902
""
tt7542314
tt3861658
""
tt3291150
tt10809946
tt3591254
""
tt7090330
""
""
""
tt32152229
tt12682868
""
""
""
""
""
tt29180190
""
""
tt5994638
""
tt8840088
""
""
tt18393814
tt9779516
""
tt4985818
""
""
""
""
""
tt14456760
tt12443322
tt12104122
""
tt6423362
""
""
tt11388278
""
""
""
""
tt5013056
""
""
tt18333088
""
tt1663225
""
""
""
tt3971110
""
""
tt7908522
tt10628170
tt0826215
""
""
""
""
""
tt3463878
tt1234721
tt9783730
tt6226232
tt2253708
tt15106604
""
""
""
tt3475706
""
""
""
""
""
""
""
""
""
""
""
""
tt19037414
tt12974438
tt0770521
tt11102190
""
tt9856664
""
tt32085997
tt5220868
tt7349888
""
""
tt2741602
tt30333077
tt6079772
tt35317209
tt6045954
tt32501530
tt10483610
""
""
tt3890052
tt13927994
""
""
""
""
""
""
tt1047540
tt9077192
tt1304568
""
""
""
""
""
tt4465564
tt6251024
""
""
""
""
tt7349950
tt27705675
""
tt3492732
""
tt32298494
""
""
""
""
""
""
tt0370228
tt8983318
tt8637438
""
""
""
""
""
""
tt3221268
tt21959868
""
""
""
tt7370936
""
""
tt3580074
tt0452046
tt31842126
""
tt35486465
""
""
tt18249282
tt11226212
""
""
tt15352666
""
""
tt5523004
tt10233448
tt8178634
tt6164342
""
tt6649170
""
""
tt2172954
""
""
tt2425852
""
""
tt20864128
tt1816518
""
tt9297754
tt5639976
tt26934017
""
tt11161258
""
tt33098735
""
tt5612148
""
""
""
""
""
""
tt6475714
tt3752302
""
tt12225230
""
""
""
tt1270797
""
tt9354944
""
tt4679210
tt0241383
""
tt2372162
tt3721936
tt2893490
tt15114768
""
tt31080659
tt8986182
tt8050740
""
tt10451852
tt15313404
""
""
""
tt30876843
""
tt5037902
tt14948916
""
""
tt13876312
""
tt8739152
""
""
""
""
""
tt5956374
""
""
tt32778097
""
""
""
""
tt30215084
""
""
""
tt9046782
tt10300346
""
""
""
""
""
""
tt27353927
""
tt15462282
tt7182572
tt6356990
tt3659388
""
""
""
""
""
""
""
tt9082556
""
tt5433140
""
""
""
""
""
""
""
""
""
""
tt15181326
tt9531810
tt3541820
""
tt15354726
tt7461200
tt1942818
""
tt17024450
""
""
tt4456428
""
tt18753152
""
""
tt3544416
""
""
""
""
tt7325762
tt6885002
tt3596174
tt20415104
""
""
""
tt2190946
""
""
""
tt6038350
""
""
tt36590232
tt6607458
""
""
""
tt16162676
""
tt27688981
""
tt1094229
""
""
tt21338936
""
""
""
tt0944947
""
tt3380090
""
""
""
""
""
""
""
""
""
""
""
""
""
""
""
""
""
""
tt3896198
""
""
tt6923520
""
""
tt11701050
""
""
""
tt12248574
tt5152612
""
""
tt5707802
""
tt9731242
tt10451852
tt4834608
""
tt7487358
""
""
""
""
""
""
tt10160804
""
tt14993250
tt7211506
""
""
""
""
""
tt9059350
""
tt4283282
""
""
""
tt14146702
tt4068576
tt3579282
""
""
""
tt15398776
tt9783424
""
tt5805284
""
""
""
tt11832046
tt1637644
""
""
""
""
tt27165187
tt14202334
tt11800888
""
tt8020008
""
tt21259782
""
tt2122313
""
tt3059954
""
""
tt13581280
tt4519400
tt1973047
""
tt4524056
tt5133998
tt1190634
tt13111078
""
tt12059016
""
""
""
tt2427502
tt2398241
""
""
""
""
""
""
tt5709520
""
tt3702706
tt13388018
""
""
""
tt21237296
""
tt1365519
""
tt5737536
""
""
tt33332385
tt8790086
tt1528854
""
""
""
tt4668790
""
""
tt4016454
""
""
""
tt8059152
tt8059152
tt7624932
""
tt7083526
""
""
tt14428598
""
tt6416550
""
tt8385474
tt10732048
""
""
tt7210448
tt7788056
""
tt20502488
""
""
tt10268496
""
tt3663134
tt6450804
""
""
tt21328106
tt0460627
tt21328106
tt21958366
""
""
tt3863552
tt7639372
tt4551318
tt4434004
""
""
""
tt11382382
""
""
""
""
""
""
""
""
""
tt2397255
""
tt32194961
tt9799568
tt4897180
tt3518372
tt11743610
tt6361292
tt2777882
""
""
tt13873466
""
tt12747748
""
""
tt8367184
tt9026524
tt14039086
""
""
""
tt9115530
tt8152022
""
""
""
tt6254016
tt2582500
""
""
""
""
tt28081829
""
""
tt4428728
""
tt1430587
tt6214624
""
tt10068916
""
tt5692138
tt4275964
tt3638566
tt27953039
""
""
""
""
tt7975818
""
""
""
""
tt1856010
""
""
""
""
""
""
""
""
""
""
""
tt5037636
tt3648114
""
""
tt8521778
tt3649804
""
tt37074554
tt8905948
""
tt6722802
tt3560084
tt18560154
""
""
""
tt4057998
tt7165904
tt1842530
tt6035708
tt37403546
tt27430145
tt6483832
""
""
""
""
tt4818334
""
""
""
tt6064978
""
""
""
tt3416536
""
""
""
""
tt28142095
""
""
tt8747460
tt1979376
tt4118584
tt15380222
tt13175646
""
""
tt29383412
tt4901120
""
""
""
""
tt5433368
""
""
""
tt1985949
tt33712612
tt3665488
""
tt8559708
tt8510324
""
""
tt4765284
""
""
""
""
tt17492344
""
""
""
""
""
""
""
""
""
""
tt5001718
tt16085592
""
""
""
""
""
tt9114372
""
tt8983166
""
""
tt8080418
""
""
tt14249408
""
""
tt32992639
tt32982396
""
""
""
""
tt15771916
tt33916228
""
tt5266456
""
tt10415560
tt2072230
""
tt12758600
""
""
""
tt6763664
tt21741266
tt3596174
""
tt28265358
tt20317272
""
""
""
tt4922804
""
""
""
""
""
""
tt1345836
""
""
""
tt4508902
""
""
tt2737304
""
""
""
""
""
tt5017712
tt0428117
""
""
""
""
""
""
""
""
""
""
""
""
tt1878349
tt7660850
tt7948972
tt5574078
""
""
""
""
""
tt33046197
""
tt13007592
tt7146812
tt3704844
""
""
""
""
tt10155150
tt11068326
""
tt17348078
tt5787832
""
tt30343583
""
tt6212478
""
tt11905720
""
tt3706550
tt1620549
""
tt35238164
""
tt3707892
tt6993176
""
tt3660850
tt8483028
tt20912374
""
tt4457566
""
tt9032346
""
""
tt6018642
tt4667888
""
""
""
tt27834140
tt9337598
""
""
tt10038594
tt3517870
tt6209442
""
tt15366276
tt3731684
""
tt12199544
tt4902964
""
""
tt7524442
""
""
tt9420648
tt30819177
tt7555294
tt2996916
""
""
tt10217480
""
tt13138700
""
""
""
tt4930220
""
tt33267857
""
""
""
tt4733624
tt29129894
tt8579674
""
""
tt1986905
""
tt0329824
""
""
tt5095030
""
""
""
""
""
""
""
""
""
tt5568740
""
""
tt4059392
""
tt2647544
tt3739748
""
tt5692740
""
""
""
""
""
""
""
""
tt32368725
""
""
tt4831910
""
tt7955072
""
""
""
""
""
tt3097204
""
""
""
""
tt4368072
tt4093826
""
""
""
""
""
""
tt13986904
tt2452244
tt8875366
""
tt4912412
tt5641980
tt3804088
tt1392190
tt38706626
""
""
""
""
tt15229674
""
tt6286146
tt2358412
""
""
tt7866928
tt3680438
""
""
tt5706242
tt6261554
""
tt34060771
""
""
""
tt22474382
tt5806558
tt20516590
tt2076298
tt4075564
tt8623904
tt37724614
tt4845734
""
""
tt2245386
tt2948160
""
tt13269656
""
tt4452886
tt8115900
""
tt1606375
""
tt10945328
""
tt11041332
""
tt0460681
tt4224584
""
tt3500724
tt21877004
tt10741542
tt0072562
""
""
""
tt34743170
""
tt5588074
tt3784246
""
""
""
""
tt5303516
tt20201910
""
""
tt4818494
""
""
""
""
""
tt4914472
""
tt8060326
""
tt12829958
tt2845786
tt7584702
tt30472557
tt2974350
tt34614490
""
""
""
""
tt9124428
""
""
""
tt6263850
tt13358190
tt6997002
tt9135854
""
tt3279124
tt9684910
tt6537238
tt10207478
""
tt3839576
tt3598030
tt15444046
tt4574682
tt14298328
tt6772950
""
tt0320244
""
""
tt1361469
""
""
""
tt10936328
""
tt9140554
tt2131698
""
""
""
tt1844624
""
""
tt4209788
""
""
tt2308682
""
tt4317858
tt8009622
""
tt6412162
""
""
""
tt0149534
tt6146836
""
""
tt4370596
""
tt0960140
""
tt0835962
""
""
""
""
""
""
tt3497810
tt2361509
""
tt2462682
tt21050220
""
""
""
tt3981388
tt6656238
tt2248665
tt5877196
""
""
""
tt14209916
""
""
""
tt6551842
""
""
tt5456546
tt9749130
""
""
tt11859542
tt4441532
""
""
""
tt4896684
""
""
""
tt4714782
""
tt2420124
tt5866930
""
tt4594834
""
tt4384086
tt0207934
""
""
""
""
""
tt10223460
""
""
""
tt28466971
""
""
tt5090568
tt2543796
tt5811138
tt2746812
""
""
""
tt12147292
""
""
tt3826378
""
""
tt36501204
tt5920744
tt29225176
tt0804484
""
""
""
tt10192930
tt9435000
tt6522458
""
tt3007572
""
""
""
""
""
""
""
""
tt13452446
""
""
tt28373016
tt3831406
""
tt10062556
""
""
""
""
tt23572848
""
""
""
""
tt26235062
tt21047286
""
""
tt34764835
tt1826590
tt11821948
""
""
tt2585160
""
""
tt3838282
""
""
""
""
""
""
""
tt3841424
tt3841424
""
""
""
""
""
tt1659619
""
""
tt2488496
tt4625960
tt3542188
""
""
""
""
""
""
""
""
tt6389692
tt24464438
tt1386697
tt5071412
tt3207438
""
""
""
""
""
tt8889818
""
tt9354842
""
""
""
""
""
""
""
""
""
tt4133060
""
""
""
""
""
""
""
""
""
""
tt19723342
""
""
""
""
""
""
""
tt13016388
""
""
""
tt23476414
tt3842996
""
""
""
""
""
tt22248376
tt15471568
""
""
""
""
tt6674310
""
""
""
""
tt0837156
tt12571544
tt30890532
tt7551218
""
""
tt8426906
tt1571234
""
""
""
tt1502397
""
tt3083016
""
tt20214908
""
""
tt3777918
tt13580564
tt7550014
tt1461067
""
""
""
tt4776494
tt27126333
tt5024912
""
tt5592146
""
""
""
""
tt5006498
""
""
""
tt7998228
""
""
""
""
tt6334354
""
""
""
tt6581450
""
""
tt0044298
""
tt27744786
""
tt19891866
""
""
""
tt6693154
tt0206512
""
""
""
""
""
""
tt3359350
tt4716466
tt8690730
""
""
""
""
""
""
tt38342322
""
""
tt22325698
tt15506990
tt12749596
""
tt9425798
""
""
tt11570730
""
""
""
tt1856010
""
""
""
""
tt14668630
tt5594652
tt5707802
tt0816539
""
""
""
""
tt11097716
""
tt10295212
tt13851958
tt7018644
""
tt7897330
""
""
""
""
""
""
""
tt10515852
""
""
""
""
""
""
""
""
""
tt5339234
""
tt7288490
""
""
tt12607910
tt7334528
tt8888322
""
""
tt4329336
tt4566758
""
tt13751694
tt2234701
tt3838992
""
""
tt5363918
""
""
""
""
tt9737688
tt15018030
""
""
""
""
""
tt31474235
""
""
tt11349196
""
""
""
tt4635276
tt5876844
tt4572514
""
""
tt2431438
tt27725750
""
""
""
""
""
""
tt11229002
""
""
""
tt5802404
""
tt3854186
""
""
""
""
""
""
tt8466044
""
""
tt5462720
tt4367326
""
tt5144630
tt13194882
""
tt5813120
""
""
""
""
tt11873630
tt5838282
tt9018736
tt28800663
tt6208374
tt13584464
""
tt27954448
""
tt11098236
""
""
tt0107107
""
""
""
""
""
""
tt10516352
""
""
""
""
tt4320258
""
tt14356076
""
""
""
""
tt4940520
tt17076046
""
""
tt18673702
""
""
""
""
""
tt4073314
""
""
""
tt7549996
""
""
tt13347046
""
tt5493944
""
tt4630562
tt3970806
""
""
tt8063826
""
tt1935859
""
tt29346295
""
""
tt8580280
""
tt0493430
""
tt9146062
""
tt1109624
""
""
""
""
""
""
""
""
""
""
tt11205780
""
""
tt10241796
""
""
tt6211976
tt10965790
""
""
""
""
""
""
tt21943776
tt6470478
""
""
""
""
tt0421463
""
""
""
tt7949604
tt2256055
""
""
tt32284154
""
""
""
tt14169960
tt5681456
""
""
""
""
tt11358390
""
tt8589122
tt8286284
tt2924336
tt2575684
""
""
""
tt4622092
tt15132136
""
""
""
""
""
""
""
tt5665954
tt10946316
""
""
tt2334429
tt2334429
tt2334429
""
""
tt6237612
tt2417568
""
tt12262202
""
""
tt6874488
tt8295472
""
""
tt38351252
""
""
""
""
""
tt13514366
""
""
""
""
tt24948454
tt3989646
""
tt4022394
""
tt4521178
""
""
""
""
""
""
""
""
""
""
""
tt7235466
tt12261776
""
tt6923740
tt27611762
""
""
tt15683952
tt5518168
tt7668518
""
""
tt8159630
""
""
""
""
tt4036218
""
tt38524974
tt4262980
""
tt8106534
tt32365174
""
""
tt2103188
""
""
""
""
""
tt11998558
""
""
""
tt7172702
""
tt5918926
""
""
""
""
""
""
""
tt14403178
""
tt4505168
tt9386294
""
""
""
""
""
""
""
""
tt1711525
""
""
tt11316986
""
""
tt31120703
""
""
""
""
""
""
""
tt12580982
tt11121786
tt2071645
tt32306905
""
""
""
tt8129006
tt8825268
""
tt0806905
""
tt7236034
tt8785372
""
tt1514831
tt11172974
""
tt35698856
tt3488436
""
tt13186604
tt14592980
""
""
tt12701270
tt5478730
""
""
tt22987342
""
tt3487356
""
""
tt10864168
tt10975992
tt3617204
""
""
tt4073666
tt5446680
tt10676012
tt2239822
""
tt8021824
""
""
""
""
tt4337072
""
""
""
""
tt8509942
tt6098544
""
""
""
""
tt4172430
tt11235772
""
""
tt39105882
""
""
tt11395368
""
tt10845588
tt1595859
""
""
""
""
""
tt5715874
""
""
""
""
tt28075857
""
""
tt38907682
tt0240291
""
tt11784676
""
tt4655480
tt6780940
tt2906216
""
tt18248118
""
""
""
""
tt7942796
""
tt11156986
""
""
""
tt5086326
""
tt21882820
tt7632298
tt7137906
tt15318912
""
""
""
""
""
""
""
tt4109338
""
""
tt13565644
tt2404233
tt8169642
""
""
""
tt13815372
""
tt5028822
tt11230864
""
tt21906238
tt5137338
""
tt29878631
""
""
""
""
""
""
tt3108852
""
tt8285922
""
""
""
""
""
""
""
""
""
""
""
""
tt13793230
""
""
tt6157190
tt5203892
""
tt4125844
tt30406928
""
tt34886821
""
tt13238346
tt19407770
""
tt4635276
tt9010236
tt14575172
tt5782414
""
""
""
tt8220006
""
""
tt5814060
""
tt8937498
tt7334528
tt6791096
""
""
tt7333896
tt16913068
""
""
""
tt5087824
""
tt0210418
""
""
""
""
""
""
""
""
""
tt5259806
""
""
""
""
tt15134202
""
""
""
""
tt10622790
""
tt28476980
tt14472132
""
""
""
""
tt7593060
tt8687684
""
tt3165612
tt9464038
""
""
""
""
""
""
""
""
""
tt14476236
""
""
""
""
tt4772668
""
""
""
tt4960534
""
""
tt4427800
""
""
tt6688906
""
""
tt6005644
tt7767422
tt28104004
""
""
""
tt1936532
""
tt5624310
""
tt21229938
tt1709991
""
tt15310458
tt5293982
tt4913556
tt3826828
""
""
""
tt4154034
""
""
""
""
""
tt4481066
tt5708420
tt1856010
""
""
""
""
""
""
""
""
""
""
""
""
""
""
""
""
""
tt31394147
tt4158594
tt10195654
""
""
tt1071880
""
""
""
""
""
""
""
""
tt11846996
tt5276004
""
tt6603254
tt6727598
""
""
tt1740683
""
""
tt15887272
tt5593838
tt6718730
tt33714084
tt13592218
""
""
""
""
""
""
""
""
""
""
tt12646646
tt6128262
""
tt15432892
tt8042500
""
tt7985704
""
tt15654262
""
""
""
""
""
tt2583014
tt4188082
""
""
""
""
""
""
tt7431994
tt5303602
""
""
""
""
""
tt9383882
tt3682448
""
""
""
""
""
""
""
tt11563598
tt8019044
""
tt31102181
tt33452974
""
""
""
""
""
tt0384743
""
tt6019218
""
""
""
""
""
tt9724628
tt5736972
tt12979628
""
""
""
""
""
tt5052832
tt17543592
tt10160804
tt0166924
tt6599378
""
""
tt10482370
tt5524028
""
tt1353056
""
""
""
tt31315591
tt4225040
""
""
""
""
""
tt3908868
""
""
tt12331342
tt13661204
""
""
""
""
""
""
""
tt33549478
""
tt2527336
""
""
""
""
""
tt10612644
""
""
""
""
""
""
""
""
""
tt1951265
""
tt4967094
""
tt3076658
tt8354062
""
""
""
""
tt32367444
""
tt34423941
""
""
""
""
tt5547294
""
""
""
tt30146242
""
tt31065214
tt5581736
tt4052882
""
""
tt14205026
""
""
tt6413366
""
""
""
tt4244778
tt14939384
""
tt34386272
""
""
tt3501584
tt0139803
""
""
tt3109858
tt1839337
""
""
""
""
tt3975368
""
""
""
tt6192988
""
""
""
""
""
tt12729104
tt12972134
tt3900614
tt10954600
""
tt13779536
""
""
""
tt6000680
""
""
""
""
""
""
""
tt6284564
tt34161718
tt31433814
""
""
tt4756452
tt5078204
""
tt4594834
tt29925747
tt29718579
tt5465294
""
tt10132320
""
""
""
tt4287320
""
""
""
""
""
tt4687276
""
""
tt16300138
""
tt4278944
""
tt5454552
""
""
tt10244774
tt1796960
tt2224026
""
tt15441160
""
""
""
tt12926494
tt5360150
""
""
tt6876488
tt1266036
tt2170687
tt0413573
""
""
""
tt4903242
tt17543824
""
tt5600444
""
""
tt3645318
""
""
""
""
tt5062938
""
""
""
""
""
""
""
""
""
""
""
""
""
tt2794380
""
""
""
""
""
tt19245164
tt9071818
""
""
tt12145076
tt5903926
tt9174580
tt14270848
tt3200980
tt1086761
tt4302726
""
""
""
""
""
tt4357170
tt0988824
""
""
""
""
tt6942048
tt6802308
tt33830770
tt21346350
tt10241782
tt6920358
""
""
""
""
""
tt6077296
tt3990908
""
""
tt1552211
tt23472806
""
tt6487482
""
""
tt13024974
""
""
""
""
""
tt3735246
tt38607251
""
tt4328672
""
""
""
""
tt7950716
tt9567458
tt11952084
tt33368593
tt30478370
tt6219624
tt25729104
""
tt1687471
""
""
tt7725596
tt39195695
""
tt8145202
tt0072562
""
""
""
tt10752004
""
tt28648248
""
""
""
tt31315003
tt8654236
""
""
tt1126618
""
""
""
""
""
tt13660418
""
tt6896956
""
tt3335192
""
""
tt8266310
tt30056296
tt10940380
""
""
tt3170900
""
tt7907922
""
tt0321019
""
""
""
""
""
""
""
""
tt10783432
""
tt1343867
""
""
""
""
""
tt7131622
""
""
""
""
""
tt4368838
""
""
""
tt6467266
""
""
tt14647404
tt5947148
tt19503218
""
tt13924484
""
tt30959036
""
tt0476735
""
tt2963564
""
""
tt8152616
""
""
tt13210838
tt30989683
""
tt8856090
""
""
""
tt19120210
""
""
tt21108774
""
tt19719710
""
""
tt2193021
""
""
tt29271622
""
""
""
tt5180504
""
""
tt7771836
""
""
""
""
tt6704776
tt4706558
tt11522532
tt9114286
""
""
""
""
""
""
""
tt6528280
""
""
""
""
tt23461948
""
tt38128726
tt13437466
tt5460226
tt0072562
tt10916228
tt34726335
tt3477480
""
""
""
""
tt2771200
""
""
tt9354842
""
""
tt13640696
tt14394296
""
""
""
tt4474454
""
tt16420408
tt5483634
""
tt0103434
""
""
tt32203874
""
tt6870618
tt3597912
tt1704637
""
""
tt10186846
""
tt17508798
""
""
tt4955894
tt12810074
""
""
tt4423382
""
""
""
tt22778808
tt1764360
""
""
tt5979406
""
tt3859310
""
""
""
""
tt5294550
""
""
""
""
""
""
""
tt2935622
""
tt11043632
tt11859542
""
""
tt10334438
""
""
""
""
""
""
""
""
tt3905852
""
""
""
tt6225842
""
tt6656238
""
""
tt6371588
tt20233212
""
""
tt39197812
""
tt24132110
""
tt5274666
""
""
""
tt20672534
""
""
""
""
""
""
tt15523010
tt7434688
""
""
""
""
""
""
""
""
""
""
""
tt8680902
""
tt27114092
""
tt6254994
tt16491324
tt0106602
""
""
""
""
""
""
""
tt1131728
""
""
""
""
tt21378854
""
""
tt12735488
""
""
""
tt12433198
tt13097308
tt4236770
""
""
""
tt29866973
""
tt11873484
""
""
""
""
tt4088802
""
tt4471036
tt4288182
""
tt12829958
tt22022452
tt4648786
""
tt5834204
""
tt9114512
tt4469018
""
tt5086798
""
""
""
""
tt5867558
""
""
tt3674910
""
""
tt10975586
""
tt8372778
""
""
""
tt8510332
tt5015220
tt28692271
tt0800175
""
""
tt14976184
""
""
tt0169446
""
""
""
""
""
tt11165716
tt10621254
tt7083526
""
""
""
""
tt5764282
""
""
""
""
tt11050544
""
""
""
""
""
tt8309088
""
""
""
tt11425418
""
tt32066200
""
tt4515190
""
tt7342028
tt1674553
""
""
""
""
""
tt4523246
tt0416853
""
""
""
tt7531040
""
""
tt33022038
tt4549258
tt21219294
""
""
""
tt6856242
tt30772743
""
tt6680880
tt2738058
""
""
""
""
""
""
""
tt14486722
tt4686146
tt2313112
""
tt4532832
""
tt38043775
tt4549616
tt6060444
""
tt8205508
""
tt12392496
""
""
tt1911658
tt5041118
""
tt20561198
tt6916362
""
tt15380388
""
""
""
""
tt2262227
""
""
""
tt26765889
""
tt5003304
tt2049403
tt6791350
""
""
tt16427938
""
tt5338104
tt29995494
tt8902990
tt5509866
""
tt7709376
tt0072562
tt4697290
""
tt2990140
""
""
tt10427800
tt0168366
""
""
tt6110504
""
tt13207736
tt0455275
""
tt4552384
""
""
""
""
tt19407674
""
""
""
""
""
tt10498460
""
""
""
""
tt1312171
tt18747980
""
""
""
tt8416494
""
tt37515210
tt6798316
tt4478366
""
""
tt30317026
""
""
tt6264938
""
""
""
tt4424208
""
tt27553327
""
tt4819470
tt15531596
tt5828974
""
""
tt4612922
""
""
""
tt8996414
""
""
""
""
""
""
""
""
tt7335796
""
tt4767274
""
tt26237514
""
""
tt4578160
tt4556206
""
""
""
tt19723774
""
""
""
""
""
tt14267660
tt13884528
tt6334386
""
tt4589628
""
""
""
tt0988818
""
tt10405370
""
""
""
""
""
""
""
""
tt31656746
""
tt6628394
""
""
""
tt0264235
""
""
tt7441658
""
""
tt3741346
""
""
""
""
""
""
""
""
tt39386189
""
tt16444020
tt5814534
tt5467814
""
""
tt21056886
tt13848804
""
tt16030222
""
""
""
""
""
""
""
tt7150248
tt1667889
""
""
""
tt13715448
""
""
tt15654696
""
tt5651762
tt7431594
""
tt12851224
""
tt7134908
tt11081050
tt12619818
tt2632424
tt8367814
tt27497165
""
tt7212726
""
""
""
tt38262412
tt11023738
""
""
tt19844632
tt38624845
tt7714566
""
""
tt8740976
""
tt5262792
""
""
""
""
""
tt4981636
tt4619620
tt6513656
""
""
""
""
""
""
tt19500164
""
tt8436026
""
""
""
""
""
tt8530566
""
tt6241186
tt22006822
""
""
tt4580904
tt6422680
tt15100676
""
""
tt3783958
""
""
""
""
tt7725422
tt8365002
""
""
""
tt14129748
""
tt6850820
""
tt8662550
""
""
""
""
tt1378167
""
""
""
""
""
""
tt13016388
tt7009662
tt1370439
""
tt5775220
tt0097756
""
""
""
""
tt13058290
""
tt29079156
""
""
tt0956282
tt10838050
tt5486088
""
""
tt12065184
""
""
""
""
""
""
""
""
""
""
""
tt9742936
""
tt6432466
tt4616258
""
""
tt10004368
""
""
tt4800624
tt2869898
tt18377798
""
""
""
tt11411852
tt3150586
tt4657400
tt12525600
tt11450050
""
""
tt35889744
tt4462334
""
""
tt4659196
""
""
""
""
tt1966566
""
""
tt4663168
""
""
""
""
""
tt15464188
""
""
tt12286272
""
""
""
""
tt8422718
tt3467900
""
tt2741602
""
""
""
""
tt6944076
""
""
""
tt21191806
tt4676636
""
""
tt6842242
""
""
""
""
tt4715838
""
""
""
""
""
""
""
tt1226837
""
tt15564722
""
""
""
""
""
""
tt1442437
""
""
tt17221124
tt8743180
""
""
tt4686686
""
""
""
""
tt15034148
""
""
""
tt5639146
tt1844624
""
""
tt3127698
tt6942048
tt12618098
""
""
tt32627592
tt14831458
tt11260832
tt8484586
tt2359704
""
""
tt1596342
tt32223398
tt7395114
""
""
tt0105415
""
""
""
tt29133881
""
""
tt5297596
""
tt6509266
""
""
""
""
""
tt38857102
""
tt5843850
tt10523424
""
tt32887013
""
tt7491982
""
tt11447470
tt10611608
""
""
""
""
""
""
""
""
""
""
""
""
tt2527338
tt27195023
tt15287974
tt12206352
tt13058110
tt6315538
""
tt28076317
tt34798869
""
tt5845942
""
tt4255264
tt35705521
""
tt9214684
""
""
""
""
""
tt5208134
tt10324172
tt28083456
tt4591680
""
""
""
""
""
""
""
""
tt30252595
tt8398968
tt24165762
""
tt8649352
""
""
""
""
tt34467643
tt6648468
tt7787542
tt8309500
""
""
tt10521092
""
""
""
tt6734886
""
""
tt9701670
""
""
""
tt12306692
""
""
""
""
""
tt6487642
""
""
tt1826940
tt8096334
""
""
tt32844060
""
""
""
tt6235650
""
""
""
tt1773579
tt6077848
tt1378167
""
tt6710826
""
tt10834120
""
""
tt13143964
tt2632424
""
""
""
""
""
""
tt11639062
""
""
""
""
""
""
tt6086242
""
""
""
tt3427252
tt16183464
""
""
tt31519778
""
""
tt13068068
""
""
tt2199711
""
""
""
tt14326062
""
""
""
tt5606664
""
""
""
""
""
""
tt6045840
""
""
""
""
tt2179136
""
""
""
tt6916362
tt8090616
""
""
""
""
""
tt4925420
""
""
tt10767760
""
""
tt4799616
tt7455076
""
""
""
tt9472662
tt11041332
""
""
tt2390630
""
""
tt4806102
tt5532520
tt10972912
tt0185819
tt7070818
tt8134470
""
""
""
""
tt5884052
tt7203052
""
""
tt16117658
""
""
""
""
""
""
tt6910500
""
tt5638308
""
""
""
""
""
""
""
tt8595184
""
""
tt1298649
""
""
""
tt16578852
tt0168596
""
""
tt26217234
tt4824190
""
""
tt4180560
tt7896952
""
""
tt5751948
""
""
""
""
""
tt7263678
""
tt1586680
tt26678995
""
""
tt5710716
tt13189690
tt5842616
tt7212754
""
tt26783625
""
""
tt16763552
""
tt10011246
""
""
""
""
tt36759024
""
""
""
""
""
""
tt4842264
tt5731616
""
""
tt4154756
tt5815136
tt0864835
tt14502728
tt2741602
""
tt6230488
""
""
tt4846952
tt28541528
tt12143740
""
tt5598106
""
""
""
""
tt13464012
""
""
""
""
""
""
""
""
""
tt19394258
""
""
""
""
""
""
""
tt38044662
""
""
tt2411248
""
tt4925850
tt4950110
""
""
tt13116708
""
tt37838533
""
tt3606320
""
""
tt22081368
""
""
tt14445502
""
""
""
""
tt7860320
tt7084536
tt4686238
tt5273624
""
tt1601141
""
tt4770836
tt0108147
""
""
tt5965282
""
""
""
tt10040162
tt8933454
""
""
""
tt14814006
""
""
""
""
""
tt6665808
tt6285890
""
""
""
""
tt34923573
""
""
""
""
tt10838180
tt0413573
tt0106181
tt11691620
""
""
tt4717208
""
""
""
tt5584506
tt9487624
""
""
tt3749900
""
""
tt5001718
tt21741266
""
""
""
""
""
tt11426542
tt6462806
""
""
tt4902066
tt5175378
""
""
tt21806332
""
""
tt8672682
""
""
""
tt5803530
""
""
""
tt3702706
""
tt6315640
""
tt7422258
""
tt9471962
""
""
tt7897330
""
""
""
tt9811118
""
tt12008624
""
tt2723810
tt2139881
tt30031253
""
""
""
""
""
""
tt2359704
tt1361336
""
""
tt2328418
""
tt7394842
""
""
""
""
tt2393813
""
tt3281548
""
""
""
""
""
""
tt3291150
""
""
""
tt13539470
""
tt6360034
tt9561862
tt5028002
""
""
tt31557623
""
""
tt27331527
""
""
""
tt6166392
tt14639548
""
""
""
tt24529122
""
tt6705360
""
tt4244726
""
tt28290501
""
tt7194894
tt32268156
""
""
""
""
tt12262700
tt5704912
tt33034887
tt6693950
""
tt38779493
""
""
tt7567250
tt29510641
""
""
""
""
tt6338506
tt36068204
""
tt11621710
""
""
tt6194940
""
""
""
""
tt13941108
""
""
""
""
""
""
tt36350690
""
tt21157352
""
""
tt9054192
""
tt9642820
tt9146058
""
""
""
tt30458232
tt0106179
""
""
tt33075482
tt0426645
tt23334616
""
tt5836706
tt11301886
tt0313038
""
tt5565844
""
tt15424742
""
""
tt28861945
""
tt6788248
""
""
tt2231461
""
""
""
tt5532888
""
tt0247094
tt7202990
tt3647998
""
""
""
""
""
tt16478146
""
""
""
tt4895668
""
tt15732890
""
""
tt8022978
tt2979920
""
""
""
""
""
""
""
""
""
""
tt6264938
tt9179430
tt5023306
""
""
""
tt9534540
""
""
""
""
""
tt8032422
tt14177024
tt15035246
""
tt3799232
tt21335866
tt5905352
""
""
""
""
tt6128130
""
""
tt5588190
""
""
""
tt5664636
""
""
tt7027278
tt4532446
tt12607910
tt14719806
""
""
""
""
""
""
""
""
""
""
""
""
""
tt6932970
""
""
tt5019294
""
""
""
""
""
tt22001304
""
""
""
""
""
""
""
tt5607782
""
""
""
tt15428798
""
tt1856010
""
tt37283937
""
""
""
""
""
""
""
""
""
tt12746424
""
""
tt4276618
""
""
tt9210452
""
""
tt3215824
""
tt9765572
tt2387559
tt18083578
""
tt4273800
tt7879820
""
""
""
""
""
""
tt6463272
""
""
""
tt13363456
tt32376165
tt8755226
tt5368542
""
""
tt5910344
""
""
""
""
""
tt5433138
tt8945942
tt28089784
tt27735327
""
tt21094562
""
tt15386584
""
tt8858104
""
tt28856462
tt5502766
""
""
tt12193804
""
tt5863126
""
""
tt9442842
""
""
""
""
""
tt36396374
""
""
tt10550884
""
tt23638846
tt30461072
""
""
""
""
tt3967248
""
tt12762460
tt5066556
tt3831962
""
tt9506474
tt7631606
tt9522300
""
""
tt28336217
tt5624440
tt14362112
""
tt10306246
tt8510488
tt5165344
tt5662550
tt7725596
""
""
""
tt8354062
""
""
""
""
""
""
""
""
tt8075496
""
""
""
""
""
""
""
tt5315212
""
tt19394770
tt4935418
""
""
tt5090546
""
tt11762114
tt8068900
tt4364202
""
""
""
""
tt8815976
tt8962124
""
tt9702034
tt5962290
""
""
tt14051976
tt14016786
""
tt22091076
""
tt12719600
""
tt13795610
tt6295828
""
tt5591976
""
""
""
""
""
tt5849156
tt11016338
tt15326988
tt2126357
""
""
""
""
""
""
""
""
tt7012618
""
""
tt7319068
""
tt6932970
""
""
""
tt4864850
""
""
""
tt10037836
""
""
""
tt10192566
tt2608224
tt3673034
""
tt11856896
""
""
tt0920448
""
""
tt11389652
""
""
""
""
""
""
""
tt11455718
""
""
""
tt27033071
tt13897634
""
""
tt6595902
""
""
""
tt14396202
""
""
tt28456826
""
tt5131554
""
tt9337518
tt29135362
tt5132642
tt5132846
tt13189988
""
""
""
tt27199722
tt1790809
""
tt9741498
tt5522310
""
""
""
tt5749630
""
""
tt29485149
""
""
""
""
""
tt10838180
""
tt6993084
tt14500910
tt5144568
tt6352540
""
""
""
""
""
tt1637574
""
""
""
""
""
""
""
""
tt6207984
tt4354880
""
tt5420376
""
""
""
""
""
tt6250918
tt5909810
tt5332156
""
""
tt5014882
tt5300948
""
tt5152910
""
tt20258240
tt15458502
""
""
""
""
""
""
""
""
""
tt1837492
""
""
""
""
tt22474854
""
tt5158952
""
tt27726262
""
tt14839616
""
""
""
tt10166602
tt6032704
tt37317285
tt15018224
""
tt5512872
""
""
tt28452537
""
tt5125894
tt10223460
tt20767660
tt23728826
""
tt32757028
""
""
tt39050154
""
""
tt10648342
tt7099354
""
""
""
""
""
""
tt15380630
""
tt1846589
tt4781568
""
""
""
tt29516027
""
""
tt8580036
""
""
tt7945066
tt2861424
""
""
""
""
""
tt6852424
tt20228406
tt7304814
""
""
tt9055242
""
""
tt6019424
tt5187346
tt5212824
tt11032544
""
""
""
""
""
tt0898266
""
tt10927032
""
tt7255488
""
""
""
""
tt1837492
""
""
tt17542524
""
tt6539420
""
""
tt3754704
""
tt5198084
""
""
""
""
""
""
""
tt10887344
tt7632112
""
""
""
""
""
""
""
""
""
""
""
""
""
tt5882970
""
tt8493766
tt3749900
""
tt27550567
""
""
""
""
""
""
tt5210932
""
tt5433138
tt7933022
""
""
""
""
""
tt23752842
tt22091862
""
""
tt14714486
tt9675716
tt5218294
""
tt5686132
""
""
tt4500522
tt6704972
""
""
tt11958674
""
""
tt7940044
""
""
""
""
""
""
tt4955642
""
tt13180808
""
tt29245027
""
""
""
""
""
""
tt15170164
""
tt27694284
tt8273578
tt13677552
""
""
tt38353663
tt4612950
""
""
""
""
""
""
""
""
""
tt1625572
""
tt7243342
tt7632078
""
""
""
""
""
""
""
tt4354880
""
tt31249241
""
""
""
tt6059108
tt15128358
""
""
""
tt5189828
""
tt3381610
tt3581920
""
""
""
""
""
""
""
""
""
""
""
""
""
tt11685264
""
""
tt5260002
""
""
""
""
""
tt6926116
""
""
tt8201502
tt27796339
tt7693316
tt7016318
""
tt4430136
""
tt6258232
""
""
tt7618604
""
""
""
""
""
""
tt26733635
""
""
""
tt2370230
""
tt12735488
""
""
""
tt2199711
""
""
""
tt11488598
tt5281018
tt7018644
tt8165118
""
tt21977920
""
""
""
""
tt5799982
""
tt6220116
""
""
tt10543680
""
""
""
tt11738930
""
""
""
""
tt11242246
""
tt8811474
""
""
tt7433714
""
""
""
""
""
tt3645318
""
tt0877352
""
tt9059350
""
""
""
tt3969578
""
""
""
""
""
tt15422224
tt11854694
""
""
""
""
""
""
tt6111130
tt7283930
""
""
""
""
""
tt17889368
""
""
tt3339966
tt10207090
""
tt10813940
""
tt0313038
tt2334429
tt14864222
tt7026672
tt11645366
""
""
tt37404601
tt1586680
tt8391152
""
""
""
""
""
tt10804418
tt5721852
tt7102854
tt7073686
tt5041810
tt3759298
""
""
""
tt3952746
tt28793125
tt6832358
""
tt18831074
""
""
""
""
""
""
""
tt8179402
""
tt8426650
""
tt6051216
""
""
""
""
""
tt0415940
""
""
""
""
""
""
tt8368408
""
""
""
tt4183692
""
""
""
tt11220806
""
tt5295774
tt13423846
""
""
""
""
tt8042452
""
tt6704886
""
tt3758542
""
""
""
""
tt21235248
tt13327038
tt0287198
tt23061806
""
""
tt10516352
""
""
""
""
tt13649510
""
""
""
""
tt13248062
""
""
""
""
""
tt0258552
tt0911896
""
tt17632862
tt12590266
tt2112124
""
""
""
tt14847006
tt8777134
tt19397296
""
""
tt10893378
tt5354408
""
tt10276470
tt7177590
tt5479924
""
""
""
tt1727388
""
""
tt3581652
""
tt12786834
""
""
""
tt3830514
tt13701404
""
""
tt8663620
""
tt8968490
""
tt36754289
""
""
""
tt14670606
""
""
""
tt7382730
""
""
tt4499428
""
""
""
""
tt15029776
tt16250658
""
tt3181776
""
""
""
tt26458038
""
""
tt29549403
tt6971054
""
tt30827829
tt11909510
""
tt10533360
""
""
tt2085059
""
tt5419452
tt4568328
""
""
""
""
tt9664108
""
tt1996264
""
""
""
tt37537061
""
tt14636200
""
""
""
""
tt5000074
tt5489984
""
tt6350252
tt28234370
tt5033124
""
tt7177890
tt9297010
tt4253442
tt28151891
tt33309591
tt28035842
""
""
""
""
tt5727360
tt8350360
tt35590638
""
""
tt18253682
tt6202822
""
""
""
""
""
""
""
""
""
tt6329790
tt4495098
""
""
""
tt10741542
tt21936328
tt8681148
tt0100049
tt8873996
tt14253846
""
""
tt22081314
""
tt13242432
""
""
tt16366836
tt3612618
""
tt5419450
""
""
""
""
""
tt7771654
""
""
tt12887536
""
""
tt9041586
""
""
""
tt38263098
tt11815682
tt1856010
""
""
""
""
""
tt9731222
tt11187918
""
""
tt2238032
""
""
""
""
""
""
""
""
tt3741834
""
""
tt5471268
""
""
""
tt9777790
tt7354440
""
""
tt4718770
""
""
tt8080118
""
""
""
""
tt6853114
tt37598365
tt9072642
""
""
tt38118362
""
""
""
tt1464335
""
""
tt39238641
""
tt10841904
""
tt13091910
""
""
tt15327014
""
""
""
""
""
""
""
""
""
""
""
""
""
""
tt1235187
tt4550098
""
""
tt13675832
""
""
""
""
""
tt16491560
""
tt3949660
""
""
""
""
tt1293847
tt1856101
""
tt9553116
tt4579982
""
""
""
""
tt8382318
tt2571140
""
tt12097768
tt14857882
""
""
""
tt21742206
""
""
""
""
""
tt2372251
""
""
""
""
""
""
tt3230854
tt16366836
tt9287790
""
""
""
""
""
tt0981227
""
""
tt6839778
""
""
""
""
""
""
""
""
""
""
""
tt13561086
tt11400902
tt37336118
""
""
""
""
""
tt33096650
tt8291806
""
""
""
tt35791394
tt6155172
tt3104988
""
""
""
""
tt6644792
""
""
""
tt5559586
""
""
""
""
""
""
""
""
""
tt15654328
""
tt2261391
""
""
""
tt8139924
""
tt6184724
tt10661640
""
""
""
""
tt17076046
""
""
""
""
tt28055749
tt12323660
tt5794458
""
tt34622962
""
""
""
""
""
""
tt7713246
tt5886862
""
""
""
tt4353270
""
""
""
tt30808146
""
""
tt12970438
""
tt6450804
tt0208196
""
""
""
""
""
""
""
tt7771836
""
tt21206964
""
""
""
""
""
""
tt18069358
""
tt3155342
""
""
tt2380207
""
""
tt5576848
tt1736021
tt16749566
tt21943342
tt8894180
""
tt2283336
""
""
""
""
""
""
""
""
""
tt8119014
tt12850216
""
""
""
""
tt0364816
""
tt5613690
""
""
tt5589868
""
""
""
tt19853750
""
tt10616984
""
""
""
tt7747472
tt5594456
""
""
""
tt3904068
tt7134156
""
""
""
""
""
tt15256160
""
""
""
""
""
""
tt1860213
""
tt5603924
""
""
""
""
tt10069398
""
tt7712606
""
tt10119478
""
""
""
""
""
tt30253036
tt9817298
""
""
tt26314792
""
""
""
""
""
""
""
tt6348318
""
""
""
""
""
tt1502397
tt6733968
""
""
""
tt31710990
""
""
""
tt1280567
""
""
tt5619376
""
""
""
""
""
tt8503508
""
""
""
""
""
""
""
tt4062740
tt6236572
tt31956116
""
tt6174222
tt11145118
tt6898698
tt11663406
""
tt26591110
""
""
tt5456452
tt1637725
tt12315870
tt7133086
tt16433356
""
""
""
tt3920596
tt39046093
""
""
tt8310474
""
""
""
""
""
""
tt0083144
""
""
""
tt10895598
""
tt26678938
tt10366514
""
""
""
""
tt36159340
tt4574334
""
""
""
tt15349110
tt37304826
tt12452366
tt5541070
""
""
tt21741266
""
""
tt3526304
tt2372222
tt9866112
tt6791096
""
""
""
""
tt12193120
tt32282525
""
""
""
""
tt5861772
""
""
""
""
""
""
tt30460964
""
""
tt27625604
""
""
""
""
""
""
""
tt15568842
""
""
""
tt12923632
""
""
""
tt15485298
tt10333426
tt5870312
""
""
""
""
tt10448912
tt9109072
""
""
tt3300542
tt10170218
""
""
""
""
""
""
tt5738280
""
tt8491744
tt1129398
""
""
""
""
""
""
""
""
tt8179944
tt16350094
""
tt15399372
""
tt5678286
""
""
tt9004396
""
""
""
tt7689906
""
""
""
tt24870072
""
tt22172958
""
""
""
""
""
""
""
""
""
""
""
""
""
""
""
""
""
""
""
""
""
tt19770576
""
""
""
""
""
tt6506264
""
tt15515800
tt2431438
""
""
""
""
""
""
""
""
tt8316568
""
""
""
""
""
""
tt16491560
tt7149894
tt9839552
""
tt10192406
tt10951894
""
""
tt9537386
tt9224216
tt35927235
""
tt7777690
""
""
""
""
""
tt10131298
tt5734572
tt13398686
""
""
""
tt37495011
""
""
tt12262202
""
tt32246014
""
tt15410398
tt5871080
tt23768070
tt5615072
tt7726340
tt8569514
tt4463894
""
""
""
tt7587890
""
tt5779280
tt3765326
tt10218112
tt7208564
""
tt6092590
""
""
tt4777008
""
tt13675832
""
tt37594827
tt8308496
""
tt9165438
""
tt8222408
""
""
tt6859762
""
tt9639470
""
""
tt1241317
tt7035150
""
""
tt8585878
""
""
""
""
tt5651068
""
""
tt10290292
""
tt5739966
""
""
""
""
""
tt8555756
""
""
""
tt6281164
""
""
tt6095754
""
""
tt9820352
""
""
""
tt3089630
tt0826215
""
""
""
""
tt5827228
""
""
""
""
""
""
""
""
""
tt3617204
tt11773308
""
""
tt6415214
""
""
""
tt1008108
tt8332922
""
""
""
tt9243804
""
tt11952226
tt15745226
tt34568344
""
""
""
tt1682886
""
tt13905778
""
""
tt7611326
""
""
""
""
""
tt6694024
tt0103855
""
tt9816810
tt13807666
tt22806544
tt1092198
""
""
tt34095569
tt4154756
tt6905696
""
""
""
""
""
""
tt10872600
""
""
""
""
""
""
""
""
""
""
tt32188193
""
""
""
tt10954984
""
tt15740902
""
""
""
tt22374974
""
""
""
""
""
tt9648806
""
""
""
""
tt32293987
""
""
""
tt12637874
""
""
tt3715392
tt7198878
tt7241078
""
tt7943182
""
""
""
tt37242294
tt8304386
tt36988150
""
tt7529770
""
""
""
tt7631058
tt10431294
""
""
tt35700689
tt33496221
""
""
""
tt6329890
""
tt6059762
""
""
""
""
""
tt14182142
""
""
tt20255070
""
""
""
""
""
""
tt5810804
""
""
""
""
""
tt2234155
tt11063512
""
tt8458736
tt8235052
""
""
tt6255154
""
""
""
tt5906014
""
""
tt11474916
tt5824522
""
""
""
tt6928356
tt11096628
tt31613802
""
""
tt0386946
""
""
tt4158110
""
""
""
tt11748436
tt27389694
""
""
""
""
""
""
""
""
""
""
""
tt7661046
""
""
""
""
""
tt9795876
""
""
tt0413573
""
tt10473306
""
""
""
""
""
""
tt5837382
""
""
""
tt18259906
""
tt5180504
tt3359350
tt16987390
tt13286652
""
""
tt10073114
tt10073114
""
""
""
""
""
""
tt5164196
""
""
""
""
tt26658104
tt26446278
""
""
tt6076018
""
""
tt35396529
tt10888594
tt34440854
""
tt4081630
""
""
tt5851654
""
tt5425502
""
tt5302918
""
""
tt6621422
""
tt30700501
""
""
""
""
tt10661848
tt8436026
tt12439466
""
""
""
tt5864096
""
""
""
""
""
tt1489887
""
""
""
""
""
tt11696342
""
tt6744044
""
""
tt3152202
""
""
""
""
""
tt37027797
tt7926138
""
""
tt7401812
""
""
""
""
tt2374684
""
""
""
""
tt11847842
tt31324596
""
tt36070642
""
""
""
""
""
""
""
""
tt12980526
tt3487356
""
""
tt6298000
tt9425078
""
""
tt11570120
""
""
""
""
tt12886536
tt8041270
""
""
""
""
""
""
tt29957512
""
tt8146766
tt22031442
""
""
""
""
""
tt10093120
""
""
tt5890038
""
""
""
""
""
""
tt10550590
""
""
""
tt5653268
tt5017408
tt33021784
tt6828222
tt4574334
""
""
tt3410408
tt10944596
tt23476890
""
tt0970462
""
""
tt7942806
tt5908406
tt22394800
""
tt10516352
""
tt12146730
tt12003946
tt15475330
tt5460480
tt27213758
tt10698680
""
""
tt7055820
""
""
""
""
""
""
tt1361336
""
tt3649804
tt5862644
tt7671070
""
""
""
tt15599988
""
""
""
""
""
""
tt4669788
""
tt1691917
""
tt6051216
""
tt33992066
tt6045840
tt14520748
""
""
""
""
""
""
""
""
""
""
""
tt10895664
""
""
""
""
""
tt7951448
""
""
""
""
""
tt16294598
""
""
""
""
""
tt9030940
tt35003897
tt25383726
tt8085790
tt4118584
""
""
""
tt17066634
""
tt7397604
""
tt7472896
""
""
tt17528670
""
""
tt11032988
""
tt4354880
tt22496012
tt10333564
tt10862060
""
""
tt5197544
tt5530968
""
""
tt8526824
tt18283374
tt24165132
tt10539214
""
""
""
""
tt7431594
tt10975574
""
tt13575378
""
tt13540294
""
""
""
""
""
tt12306692
tt8264566
""
tt7526234
""
""
""
""
tt3385524
tt30761836
tt7587890
tt12719846
""
""
""
""
""
""
""
""
tt8400584
""
tt2303687
""
""
tt5955558
""
tt3813258
tt19883220
""
tt0430163
""
""
""
""
""
""
tt8219062
""
""
""
""
""
""
tt34374012
""
""
tt0475784
tt7562112
tt7317404
tt7872144
""
""
tt10240424
""
""
tt13393536
tt37989327
""
""
""
tt8080322
""
""
tt11637974
""
tt5065290
tt0314577
tt6902676
tt4998632
""
""
tt14456714
""
tt7172020
tt4824056
""
tt2039625
""
tt21295124
""
tt7143482
""
tt7125774
tt11126994
""
""
""
""
""
""
tt4922674
tt5664196
""
""
tt5918926
tt6182426
""
tt9397112
""
tt34993669
""
""
""
""
""
""
""
""
""
""
""
""
tt7116148
tt10925930
""
""
""
tt8671762
tt24225856
""
""
tt6004844
tt7375466
tt2912216
""
""
tt6441546
""
tt14859224
""
""
tt5963132
""
""
""
tt8830300
""
tt6408604
""
""
""
tt4341582
tt29624338
tt5177088
tt4158110
tt8510382
tt10645298
""
""
tt6020164
""
""
""
tt0168596
""
tt14635562
""
""
tt14613094
""
""
""
""
""
""
tt6162808
""
""
""
tt10062292
tt11708670
""
tt6021094
""
""
""
""
""
tt6027938
""
tt15669216
tt6781836
tt8483950
""
""
tt6031826
tt6032264
""
""
""
""
tt8590896
""
tt5502766
""
""
""
tt5931390
""
""
tt4158110
tt6548228
""
""
""
tt8858104
""
""
tt1626578
""
""
""
""
tt0472954
""
""
tt7188978
tt6109166
""
""
tt6076162
""
tt11616036
tt16156418
""
tt26757444
""
""
""
""
""
""
tt11152168
""
""
tt10756728
""
""
""
""
tt6054298
tt4560436
tt5519340
""
tt4871120
tt18311104
tt11488460
""
tt11281876
""
""
""
tt0313038
""
tt37660515
""
tt14109994
tt24070754
""
""
tt26773573
tt27458741
""
tt4921208
""
""
""
""
tt32615114
tt0305056
tt5688868
""
tt8852374
""
""
""
tt10731256
""
""
""
""
""
""
""
""
""
tt17074280
""
""
""
tt10838006
""
""
""
""
""
""
""
""
""
""
""
""
tt18092672
""
""
tt9013146
""
""
tt8991740
tt5614844
""
tt9603212
tt8130382
""
tt11456054
""
tt9561862
tt8416292
""
tt7978632
""
""
""
""
tt13016388
tt10482370
""
""
""
tt15085064
""
""
""
""
tt6095804
""
""
""
""
""
""
""
""
""
""
""
""
""
""
""
""
""
""
""
""
tt6386522
""
tt5674262
""
""
tt9472282
""
tt3892730
""
tt7520352
""
""
tt6105412
tt7079558
tt7752126
tt11879016
""
tt6314152
tt12380856
""
""
tt3776826
tt8994216
""
tt8610968
""
""
tt1677720
tt5108870
tt2426288
""
""
""
tt11488800
tt21201446
""
tt11372428
""
""
""
tt19798166
tt6359956
""
tt15422240
""
tt7061200
""
tt6288878
tt34992378
""
tt8295372
""
""
""
""
""
tt30461250
""
tt5584082
""
""
""
""
""
""
""
""
tt9733108
tt6987888
""
""
tt27009795
""
tt8847712
tt8987818
""
""
tt21235248
""
""
""
""
""
""
""
tt0384708
""
tt30048543
""
tt8466564
""
""
""
""
""
""
""
tt13502894
tt5830254
""
""
""
tt6259744
tt34127940
tt5746930
""
""
""
""
""
""
""
""
""
""
tt6544056
tt7033192
""
""
""
""
tt5736238
tt8962130
""
""
""
tt11091696
tt6064882
""
""
tt6067752
tt15521820
""
""
""
""
""
tt7049542
""
""
tt10451852
""
""
""
""
tt21211166
tt32432333
""
tt11306926
tt21629288
""
""
""
""
""
""
""
""
""
""
tt17372734
""
""
""
tt9795570
""
tt15426872
""
tt22441388
tt38491634
""
tt1985949
""
""
tt32150893
""
tt2139881
""
""
""
tt6723522
""
""
""
""
""
""
""
""
""
tt6352934
""
tt9140560
""
""
""
tt8593810
tt6199616
""
""
tt33366348
tt6892206
""
""
tt6553350
""
""
tt5270810
""
""
tt12305386
""
tt7879820
""
""
""
""
""
""
""
""
""
tt8622160
""
""
""
""
""
""
""
""
""
""
""
""
""
""
""
""
""
""
""
""
tt8310474
""
""
tt2301547
tt0367684
tt19766790
tt7039716
""
tt6231476
""
""
""
""
""
tt34460234
tt8548866
""
tt35322775
tt32642706
""
""
""
""
""
""
tt31805321
""
""
""
tt7265702
tt38952728
""
tt31101772
tt9109202
""
tt11697844
""
""
tt9054692
""
""
tt4178986
""
""
tt27079457
""
""
""
""
""
""
tt6580214
tt3016748
""
""
tt10093086
""
tt13199724
tt6242010
""
tt26489373
""
""
tt15128068
""
""
""
tt28301898
tt15258156
""
""
tt11657334
tt0300872
""
tt27496775
""
""
tt7494252
""
""
""
""
tt5580266
tt6107548
tt6208148
tt8553804
tt8310674
""
""
tt6016012
""
""
""
""
tt6905686
""
""
""
tt6318158
tt6265394
""
""
tt13131350
""
tt9113406
""
tt11384300
""
""
""
tt6799512
tt10236164
""
""
""
""
""
tt21975436
""
tt15411160
""
""
""
""
tt18375720
tt33039724
""
""
tt9894424
""
tt5502766
""
""
""
""
""
""
tt6889848
""
""
""
""
tt1331277
""
""
tt10732794
tt6898324
""
""
""
tt19079130
tt8135494
""
""
""
tt4320258
""
""
""
tt0044298
""
""
""
tt7267436
""
""
""
tt11981568
""
""
""
""
tt8546768
tt6298258
""
""
tt3799232
""
""
tt7558652
""
tt11607304
""
""
tt12174458
""
""
tt8176312
tt6964748
""
""
""
""
""
""
""
""
tt14998550
""
""
""
""
""
tt15893750
""
tt29609600
""
""
""
""
""
tt7958782
""
""
""
""
""
""
tt15289042
""
tt2560140
""
""
""
""
""
""
""
""
""
tt3750942
""
""
tt2737304
""
tt10340366
tt4145054
tt8865546
""
""
tt10126136
tt3295542
tt3286560
tt10235670
""
tt9179230
""
""
""
tt6345232
""
""
""
""
tt14188996
tt9227180
""
""
tt30308957
""
""
tt2137241
""
tt1680044
""
""
""
""
""
""
""
tt8646234
""
tt9603212
""
""
""
""
""
""
""
tt4467262
""
""
tt0903624
tt36468125
""
""
""
""
tt12695436
""
""
tt11946492
""
""
""
tt10662310
tt6862970
""
""
tt5057054
""
""
tt20216510
""
tt8707922
""
tt14132588
""
""
tt7654936
""
""
""
tt7138426
tt3246874
""
""
tt7227034
""
""
""
""
""
tt20870860
""
""
""
tt6506264
""
tt22049410
tt37330938
tt3904068
""
""
""
tt10696784
""
tt19401408
tt7836106
tt31433159
tt39397413
tt11023368
tt9663764
""
""
""
""
""
""
tt28743902
""
""
tt6571050
""
""
tt11615500
""
""
tt13583090
""
""
""
""
""
""
""
""
""
""
tt3799232
tt22816158
""
tt24017292
""
""
""
""
""
""
tt18553948
""
""
""
tt4264964
""
""
""
tt28309980
""
""
""
""
""
""
""
tt18353064
tt6966044
""
tt5972406
""
""
tt12693046
""
tt15096368
""
tt9695722
""
tt28876088
tt10709114
tt21866806
""
""
""
tt14609140
""
""
""
""
""
tt5127592
""
""
""
""
""
""
tt9686194
tt14319068
""
""
""
tt26749347
""
""
""
""
""
""
""
""
""
""
tt9165438
""
tt3121722
""
""
""
""
""
""
""
""
tt6805938
tt7631986
""
""
""
""
""
""
""
""
""
""
""
tt0386946
tt22541836
""
""
""
""
tt5093026
""
""
tt31064044
""
""
""
""
""
tt6461844
tt15576504
tt10940404
""
tt22022452
tt8582400
""
""
tt21928528
""
""
""
tt4457678
tt4343334
""
""
""
""
""
""
""
""
""
tt8063472
""
""
""
tt2157421
tt11866324
""
""
""
""
""
tt6333054
""
""
""
""
""
""
tt14261112
""
""
""
tt36387059
tt28054906
tt24169886
""
tt1038110
tt12332324
""
""
tt0066296
tt9290986
tt6481134
""
tt21368190
""
tt14346400
tt9162296
tt5939914
""
tt6146586
tt8180546
""
tt3281548
""
tt7645430
""
tt6496924
""
""
tt22041854
""
""
""
""
tt10449052
""
tt4441348
""
tt1520211
""
tt31541381
""
""
""
""
""
tt10050772
""
""
""
tt36064406
""
""
""
""
tt1520211
tt10398890
tt7319672
""
""
tt30758889
""
tt21199612
""
tt5788792
""
""
""
""
tt14619796
tt8387348
""
tt6328648
""
""
""
""
""
""
""
tt12836848
""
tt38638875
""
""
""
tt10077034
tt6052530
tt31226272
tt10050772
""
tt9204142
tt15020050
""
""
""
""
tt39306399
tt1684562
""
""
""
tt12299608
""
""
tt26933824
""
tt9742936
""
""
""
""
""
tt21411140
""
""
tt0759364
""
""
""
""
""
""
tt32149276
tt7497272
""
tt10994174
tt14695770
""
tt9799516
""
tt6859344
""
""
""
""
""
""
tt3150586
tt11876490
""
""
tt2387408
tt37497125
""
""
""
""
""
tt2375567
""
""
""
""
""
tt0475784
""
""
tt7541170
tt4655480
""
tt32632513
""
tt8998768
tt15389850
""
tt16259814
""
""
""
tt19064770
""
tt3741700
tt13047468
""
""
tt8095034
""
tt7017450
""
""
""
""
tt18115446
tt21288672
tt8697870
""
""
tt14960610
""
""
tt7182756
""
""
""
""
""
""
tt15552018
""
""
""
""
""
""
tt14927356
tt6153974
""
""
""
tt21339770
""
""
""
""
tt8447386
""
""
tt35321198
tt13883526
""
""
""
tt14145426
""
""
tt9783268
tt7445976
""
""
""
""
""
""
""
""
tt4559006
""
""
""
tt9898210
""
tt8772296
""
""
tt28702300
tt5837976
tt6281238
""
""
""
""
""
tt10919380
tt1826590
tt24060892
""
""
tt28521438
tt14596642
tt14051372
""
""
""
""
tt10308686
tt1468557
tt21830902
""
""
tt8596744
""
""
tt27436132
tt10288566
""
""
""
""
""
tt7024480
tt3107288
tt13032716
""
""
""
""
""
""
tt32631952
""
""
""
tt8498728
""
""
tt14643040
""
""
""
tt3704428
""
""
""
""
""
""
tt10961892
tt14389676
""
""
""
""
""
""
tt6613812
""
""
tt3560084
tt9179912
""
""
""
""
""
""
""
tt4015642
tt12100224
""
""
""
""
""
""
""
""
""
tt4139124
tt3829266
""
""
""
""
""
""
tt6693748
""
tt3477480
""
""
""
tt8478064
""
""
""
tt13045486
tt38801672
tt14905284
tt5770530
""
""
""
""
tt25274490
""
""
""
tt6834916
""
tt31014115
""
""
""
tt6716816
tt0397125
tt9856290
""
""
tt6719264
""
""
""
tt39555444
""
""
tt6289394
""
""
tt7131480
""
""
""
""
tt10140028
tt2618616
""
tt7924700
tt22037984
""
""
""
""
tt13450470
""
""
""
""
tt6739248
tt22866358
""
tt8194064
""
""
""
""
""
""
tt5545398
""
tt9362722
tt0306325
""
tt9184094
tt4935372
""
""
""
""
""
tt13982470
tt14642508
""
""
""
""
""
tt6226232
""
""
tt12412888
tt14354100
""
""
tt7023236
""
""
""
""
""
""
""
""
tt7717456
tt13292092
""
""
""
""
""
tt12373754
""
""
""
""
""
""
tt9214832
tt26655359
""
""
""
tt10704730
""
""
""
""
tt8482464
tt6334354
""
""
tt4509430
tt6788832
""
tt23779402
""
""
""
""
tt6769964
tt7767422
""
""
""
tt15325408
""
tt7246908
""
""
tt6470768
""
""
tt10612922
""
""
tt7768784
""
""
""
""
tt12738144
""
""
tt11043632
tt7639502
tt7233840
tt37593964
""
""
""
""
""
""
tt6284414
""
tt3766354
""
tt0423652
""
""
""
""
""
""
""
""
tt6315584
""
""
tt9114286
""
tt6827282
""
""
tt15528294
tt14728010
""
""
tt2403776
""
""
tt29137778
""
""
""
""
tt32158498
""
tt0072562
tt29267836
""
""
tt9218128
tt5723282
""
""
""
""
tt6904086
""
tt14706852
""
""
tt6845748
""
""
""
""
""
""
""
tt6851440
tt2011836
""
tt33007927
""
tt9308346
tt30446814
""
""
""
""
""
tt10350922
""
""
""
tt3958022
""
""
""
tt38363554
""
""
""
""
tt10436284
tt20315818
""
""
tt16442314
""
""
""
tt6866186
""
""
""
""
tt7162096
""
""
""
tt15281650
""
""
""
""
""
tt9281116
""
""
""
tt14815774
""
""
tt29467982
tt13186482
tt29605719
tt16027944
""
tt13369336
tt7224362
tt11898696
tt12743774
""
""
tt22173666
tt13357520
""
""
""
""
tt7626484
tt13287846
tt12943844
""
""
""
""
""
""
""
""
""
""
""
""
""
""
tt12607910
tt14307536
tt30333368
""
tt6904782
tt22079858
""
""
""
tt20096840
""
tt14190918
""
""
""
tt14203920
""
""
""
""
""
tt12979628
tt7834092
""
tt8242058
tt6491190
tt9224104
""
""
""
""
tt1828327
tt10298810
tt27543632
tt23333098
""
""
tt14689620
tt8820294
tt8790086
""
""
tt10433634
""
tt5480832
""
tt10857160
tt1950186
""
""
""
""
""
""
tt7936224
""
""
""
""
tt3109858
tt39396125
""
""
tt32252772
""
""
tt9037222
""
""
""
""
tt15554526
tt3566726
tt9585482
tt37285492
""
""
""
""
""
""
tt8852522
""
""
tt10341784
tt14739092
""
""
""
""
tt13718450
""
""
""
""
""
tt14847006
tt6020406
""
""
tt5906392
""
""
""
tt7936692
tt13794470
""
""
""
""
""
""
tt6987950
""
""
""
""
""
""
""
tt7259974
""
""
""
tt6303866
""
""
""
tt7060666
tt6794972
""
""
tt9054306
""
tt13315156
""
""
""
tt9729898
""
""
tt5002394
tt8433680
""
""
""
tt7370220
""
""
tt1517268
tt7682048
""
""
tt5390504
""
""
""
""
""
tt21371228
""
""
""
tt28500290
""
""
tt4532038
""
""
""
""
""
""
""
""
""
""
""
""
""
""
""
""
""
""
""
""
""
""
tt0072562
""
""
""
""
""
tt7458752
""
""
""
tt0058796
""
""
""
""
""
""
tt2225226
""
""
""
""
""
""
tt13443470
tt1885102
""
""
""
""
""
""
""
""
tt7107518
""
""
""
""
tt0108255
""
""
tt9686596
tt6953076
""
""
tt36458100
""
tt28013856
tt12827276
tt6704972
""
tt4648786
tt8816412
""
""
tt38799684
""
""
""
""
""
""
""
""
""
""
""
""
tt15092772
""
""
""
""
""
""
""
""
""
""
tt12143990
""
""
tt9451990
tt22203026
tt16450074
""
""
""
""
""
""
""
""
""
""
""
""
tt7112148
""
""
""
""
""
tt23143950
""
""
""
""
""
""
""
""
""
""
""
""
""
""
tt7637304
""
""
""
""
tt8015000
tt11845728
""
""
tt9460598
""
tt23866132
""
tt8976710
""
""
""
""
""
""
""
""
""
""
tt22168504
""
tt22868204
""
""
""
""
""
tt9335498
tt7603598
""
tt28688488
tt7559180
tt14948432
tt2891574
tt8883922
tt13784584
""
tt16495074
""
""
""
tt7153034
""
""
""
""
tt33053440
""
tt0940642
tt7736544
tt12669868
""
tt0072562
""
""
""
tt8595500
tt1821156
""
tt2891574
""
""
""
tt9731222
tt22806544
tt11203872
tt8682738
""
""
""
""
""
tt7598716
""
tt9764386
""
tt11291274
""
""
""
""
""
""
""
tt16289290
tt26342673
""
""
tt18286666
""
""
tt7221644
""
tt2397461
""
""
tt37762784
""
tt15342244
""
""
""
tt8019354
tt13317508
tt21239132
""
""
tt0804484
tt2372162
""
""
""
""
""
""
""
""
""
tt22043542
""
tt15506296
""
""
""
""
""
""
""
""
tt16227948
tt8744608
""
tt6729080
tt8228824
""
""
""
tt24517760
tt6132648
""
tt8778064
""
""
""
""
tt6656238
""
""
tt8078866
""
""
""
""
tt24580748
""
tt7255610
tt2390341
""
""
""
tt8937510
""
""
tt5764096
tt7965802
tt33335470
tt12736014
""
""
""
""
tt7258068
tt22488888
tt12753326
""
tt6342474
""
""
""
""
""
tt27047448
tt10157468
tt8772296
""
""
tt13080832
""
tt8822048
""
tt8545652
""
""
tt7255464
tt17513352
""
""
tt14295864
""
""
""
""
""
tt0800175
""
""
""
""
tt8459142
tt0826215
""
""
""
""
tt7630228
tt15547882
""
""
tt27676369
""
""
tt1630029
""
tt5024912
""
""
""
""
""
tt11182810
""
""
""
""
""
""
""
""
""
""
""
""
""
""
""
""
tt11271956
tt14169960
""
""
""
""
tt20869502
""
""
tt2229129
tt0828345
""
""
tt37731738
tt13751958
""
""
""
tt3609456
""
""
""
""
tt7016936
""
tt10687220
""
""
""
""
tt9335498
""
""
tt10715446
""
""
""
""
""
tt1934673
""
""
""
""
""
""
""
""
""
""
tt2708480
""
tt14166666
""
tt0451279
tt6343314
""
""
""
""
""
tt13334402
""
""
""
tt13186482
""
""
tt5282006
tt7359570
""
""
""
""
""
""
""
tt7365234
""
""
""
""
tt35595687
tt8928236
""
""
""
""
""
""
""
tt11233960
""
tt10834220
tt12736362
tt14174506
tt21374868
tt12412134
""
""
tt1905877
tt17494630
tt1340094
""
""
tt37904683
tt15411600
tt7390102
tt7386340
""
tt32423384
""
""
""
""
tt7901244
tt24049342
""
""
""
""
""
tt11011882
""
""
tt31391611
""
""
""
tt8447162
""
""
""
""
""
tt22094334
""
""
""
tt13368748
""
tt30007502
""
""
""
""
""
tt5611414
""
""
tt3799232
""
""
tt15177212
tt9313588
""
tt5910280
tt10129872
tt9619832
""
tt6144174
tt6176812
""
""
""
tt4900148
""
""
tt7369974
tt10919380
tt7435744
""
tt1323923
""
tt8520954
""
tt9045462
""
""
""
tt33363428
""
""
""
""
""
tt33165027
tt29685384
tt15822680
tt0273982
tt13151692
""
""
tt6311972
tt14571464
""
""
""
tt6229652
""
""
tt15282148
tt1355644
""
""
""
tt13727606
""
""
tt10446722
""
""
""
""
""
""
""
""
tt1999935
tt13357946
""
""
""
""
tt28792979
""
""
""
tt10160804
tt7832104
""
""
""
""
""
""
""
tt0088580
""
""
""
""
""
tt7468076
tt37921093
""
""
""
tt10574236
""
""
""
""
""
""
tt7517224
tt8240250
""
""
""
""
""
tt7481988
""
""
""
""
tt7368004
""
""
""
tt8614558
""
tt4123430
tt33095448
""
tt7528518
""
tt9359220
""
""
tt10304114
""
""
""
""
""
tt1830379
""
""
""
""
tt5696066
""
tt2261227
""
""
tt29380987
""
""
tt8396128
""
tt10482804
""
""
tt6494622
""
""
""
""
""
""
""
""
""
""
tt27922706
""
""
""
""
""
tt21874630
tt0318224
""
""
""
""
""
tt30255287
tt7226940
tt9114388
""
""
""
""
""
""
""
tt0144724
""
""
""
""
tt10199830
""
""
""
tt33293169
""
""
""
tt5537228
""
tt9263762
""
""
tt37673479
""
""
""
""
""
""
""
tt23149780
tt0206512
""
""
tt33382299
tt1312221
tt18338676
""
tt7594472
tt31039377
tt38276367
""
""
""
tt6501450
tt9731598
tt4601732
""
""
""
tt6139732
""
""
tt8080122
""
""
tt4242844
""
""
tt7851832
tt28457473
tt1411598
tt11722074
tt1378167
""
""
""
""
""
tt27839495
""
""
tt7742336
tt17663992
tt8400320
tt37801648
""
""
""
""
tt19364768
""
""
tt14583784
""
""
""
tt5753856
tt34720776
""
""
""
tt14328836
""
tt7636886
tt8755302
tt7725596
tt37544725
""
""
tt12472252
""
""
""
tt8510382
""
""
""
tt31227161
""
""
tt1837576
""
tt7660670
""
""
""
tt8548870
""
tt1043090
tt7879820
""
""
""
""
tt9850498
""
""
""
""
""
tt15290198
tt9452594
tt22489436
""
""
""
tt7668286
""
""
""
""
""
""
""
""
tt13528564
""
""
""
""
""
""
tt7685502
""
""
""
""
""
tt14527610
""
tt21222434
""
""
tt2708480
tt30745453
""
""
""
tt9673626
""
""
""
tt14134062
tt0439389
tt9217858
""
""
""
""
""
""
""
""
tt21817600
""
""
""
""
""
tt4129428
""
""
""
""
""
""
""
""
tt9652752
""
""
""
""
tt9718652
tt11279288
""
""
tt18224926
""
""
""
""
""
""
""
""
""
""
""
""
""
""
""
""
""
tt35660088
""
""
tt7765910
""
""
""
tt8006010
tt7078658
""
""
""
""
""
""
""
""
tt27543968
tt9602716
""
""
""
""
""
tt0367110
tt7745068
""
""
""
""
tt11519740
""
""
""
""
tt10394738
""
""
""
""
""
""
""
""
""
tt1343092
""
""
tt7761716
""
""
tt2419374
""
""
""
""
""
""
tt26752667
""
""
""
tt0382491
""
""
""
tt33291829
""
tt7689950
""
""
tt7777974
tt6767728
tt25811262
""
""
""
""
tt8085248
""
tt38947163
tt30973613
tt13524276
""
""
""
""
tt8769298
""
tt5328792
""
""
""
""
""
tt27982433
""
""
tt19894774
tt12632198
tt9317972
""
""
""
""
tt6722802
""
""
""
tt23793436
tt15483404
tt32230556
tt18699118
""
""
""
""
tt15842056
""
""
""
""
""
tt7180734
""
tt7740496
""
""
tt26229612
""
""
tt15665202
""
tt14741058
tt5433138
tt23804708
""
""
""
""
""
""
tt7836044
""
""
""
""
""
""
tt6111574
tt9357050
tt18748418
""
""
tt21308450
""
tt13238346
""
""
""
""
""
""
""
""
tt0806910
""
""
""
""
""
""
""
""
""
""
tt22506048
""
""
""
tt15654036
""
tt38599498
tt15678754
""
tt10580092
tt10172266
""
""
""
""
""
tt32133392
tt16985384
tt13622982
tt26423839
""
""
""
tt29057201
""
tt13603966
""
tt10369484
""
""
""
tt10525828
""
""
""
""
""
""
""
tt16030542
""
""
""
tt0860886
""
tt5432650
""
""
""
""
""
tt0930022
tt34877077
""
""
tt30827668
""
""
""
tt17055532
tt7968344
tt19847976
""
""
""
""
tt0072562
""
""
tt2261391
tt13623126
tt10937372
tt8332658
""
""
tt6369662
tt12802728
""
""
""
tt7936234
""
tt11212198
""
""
tt5359570
tt8401528
""
tt12164342
""
""
tt32447547
tt13490106
""
tt26345280
""
tt36093910
tt22050310
""
""
tt8124170
""
""
tt4358230
""
tt28220712
tt10872988
""
""
""
""
""
""
""
tt32827440
""
""
""
""
""
""
""
""
""
tt1807860
""
""
""
""
""
""
tt18546516
tt29028845
""
""
""
""
""
""
""
tt23052950
tt2946308
tt0365847
""
tt1885311
""
""
""
""
""
""
tt11966998
""
tt14218830
""
""
""
""
tt9736540
""
""
""
""
tt26670487
tt27989067
""
""
""
tt2649128
tt1332000
tt8483530
""
""
""
""
""
""
""
""
""
""
""
""
tt16244496
""
""
""
tt8014476
tt11213372
""
tt6462806
""
""
tt13918776
""
tt4909506
""
""
""
tt7422790
""
tt28228754
""
tt13858416
""
tt11866610
""
""
tt12694046
tt1226837
""
tt8360266
""
""
tt5303668
""
tt3960240
""
""
""
""
tt7817662
tt14097180
""
""
tt11290944
""
tt7804018
""
""
tt36389624
""
tt27705913
""
""
""
""
""
""
""
""
tt30268646
""
""
tt5295838
""
""
""
""
""
tt11382688
""
tt8000646
""
tt11883966
""
""
""
tt8059632
""
""
""
""
""
""
tt6316466
tt15468788
""
""
""
tt3263520
""
""
""
""
tt8071202
""
""
tt8080652
""
tt6088922
""
""
""
""
""
""
""
""
""
tt28949447
""
tt5033998
""
""
tt14181280
""
""
""
""
""
tt8060624
""
""
""
""
tt10860558
tt9579786
tt0781891
""
""
tt11525644
""
""
""
""
""
""
""
""
""
""
tt8976082
""
tt6521194
""
""
""
""
""
""
""
""
""
""
""
""
""
""
""
tt7713068
""
""
""
""
tt6932244
""
""
""
""
tt8727110
tt29278830
""
""
""
""
""
tt39105882
""
tt13675644
tt23865942
""
tt12466076
tt8166514
tt3596174
""
tt2166214
""
""
tt8144912
""
""
""
""
""
""
""
""
tt21200858
""
""
""
""
tt0499383
""
tt11999966
""
""
""
""
tt0372729
tt1831688
""
""
""
""
""
""
""
tt7218732
tt4912412
""
tt5049938
tt0306325
""
""
""
""
""
""
""
""
""
""
""
""
tt9288826
""
tt9624716
""
tt8907084
tt6608720
tt2992482
tt4733620
""
""
""
""
""
""
""
""
""
tt14773380
tt26670363
""
""
tt26491762
tt7226940
tt6802400
""
""
tt8286008
tt15309632
""
""
tt36313222
""
""
""
""
""
""
""
""
""
""
tt8269248
tt9198364
""
""
""
""
""
tt5052460
""
""
""
tt6462806
""
""
tt28115920
tt37159131
tt10341190
tt11723332
""
tt13839466
tt8619476
""
""
""
""
tt27591984
tt3150586
tt9425798
tt15534798
""
""
tt13053222
""
""
""
tt8809612
tt6423362
""
""
tt3683702
tt21060022
""
tt15067832
tt11051886
""
""
""
tt10410398
tt11460976
""
""
""
""
""
""
""
""
tt8269126
""
""
""
tt4827558
tt7558652
tt12377954
""
""
tt3281548
tt2544148
tt9609274
""
tt0298674
""
""
tt7465992
""
""
""
""
""
""
""
""
""
tt19847976
""
""
""
""
""
tt13976876
""
""
tt23638728
""
tt34764835
""
""
""
tt29079682
""
""
""
""
""
tt38689255
""
""
""
tt12725100
tt26670480
""
""
tt33481705
""
tt1836037
""
""
""
""
tt14832244
""
""
tt22740250
tt10613570
""
""
tt8220332
tt2189461
tt18347622
tt36150990
""
tt13610562
""
tt6718170
tt10366206
""
tt11317090
""
tt34909701
""
tt12747694
tt8666022
""
""
""
tt14369952
""
""
""
""
tt10608516
""
""
""
""
""
tt8365196
""
tt8228656
""
""
""
""
""
tt20414642
tt10948170
""
tt10689840
tt5834426
tt8466156
tt9308652
""
tt4302956
""
""
tt8269552
""
""
""
tt36971104
""
""
""
""
""
""
""
tt38639577
tt7942736
tt21191806
""
""
""
""
""
""
""
""
""
""
tt28080017
""
""
""
""
""
tt11067904
""
""
tt8368408
""
""
""
""
""
""
""
tt9861122
""
""
""
""
tt10168670
tt9418878
""
""
""
""
""
""
tt1131746
""
""
""
""
""
""
""
""
tt32318857
""
""
""
""
""
""
""
""
""
""
tt31519456
tt14619456
tt12860504
tt13783360
tt39378813
""
""
""
""
""
tt6950650
""
""
""
tt30445556
""
""
""
""
""
""
""
""
""
""
tt6345486
""
""
""
""
tt3679060
tt2820852
""
""
""
""
""
""
tt0072562
tt8772296
tt7357020
""
tt4359330
tt0364845
""
""
""
""
tt6132720
tt1182884
tt32036507
tt6384920
""
""
""
""
tt29781397
""
tt8518310
""
""
""
tt8869978
tt27423738
""
tt22869490
""
""
tt11976956
""
tt9395474
""
tt14909354
""
tt5012876
""
""
""
""
""
""
""
""
tt8045936
""
""
tt14232442
""
""
""
""
""
""
""
""
tt8547430
""
""
""
""
tt5678218
""
""
""
tt10050740
""
""
""
""
""
""
""
""
""
""
""
""
""
""
tt8701710
""
tt1825683
""
tt3359350
""
""
""
""
""
""
tt30215084
""
""
""
""
tt15435820
""
""
""
tt6317762
""
""
""
""
""
""
""
tt14581096
tt7335184
tt12448030
""
tt4698584
tt37443755
""
tt38948420
tt8028142
tt32452610
tt15459220
""
tt3554046
tt11909878
""
""
""
""
""
""
""
""
tt20596750
tt12482456
""
""
""
tt20519180
""
""
tt11097374
""
""
tt6131208
tt27524391
""
""
""
""
""
""
tt10183686
""
""
""
tt14449470
tt11015886
""
tt9355244
tt14889106
""
tt1488698
tt10761694
""
""
""
tt19724076
""
""
""
""
""
tt24076146
tt8317568
""
tt33059406
""
""
""
""
""
""
""
""
tt10758372
tt2077823
""
""
""
tt13846352
tt26284214
tt9024562
""
""
""
tt10816418
""
tt10233884
""
""
""
tt16476010
tt5093026
""
""
""
tt10289108
tt4593060
""
""
""
""
""
""
tt13979810
""
""
tt33184695
""
""
tt11007006
tt3554046
""
""
""
tt0294140
""
""
""
""
""
""
""
tt11782108
""
""
""
""
""
""
""
""
""
