week,category,weekly_rank,show_title,season_title,runtime,weekly_views,imdb_tconst
2023-12-17,Films (English),1,Leave the World Behind,,2.3667,44900000.0,tt12747748
2023-12-17,Films (English),2,Chicken Run: Dawn of the Nugget,,1.7,11900000.0,tt8337264
2023-12-17,Films (English),3,Leo,,1.7833,9400000.0,tt15654328
2023-12-17,Films (English),4,Family Switch,,1.7667,9400000.0,tt14227048
2023-12-17,Films (English),5,The Super Mario Bros. Movie,,1.5333,8900000.0,tt6718170
2023-12-17,Films (English),6,Underwater,,1.5833,5800000.0,tt5774060
2023-12-17,Films (English),7,Old,,1.8,5600000.0,tt10954652
2023-12-17,Films (English),8,Christmas as Usual,,1.4833,4800000.0,tt23790418
2023-12-17,Films (English),10,Holiday in the Vineyards,,1.7833,3900000.0,tt27195023
2023-12-17,Films (Non-English),1,Blood Vessel,,1.9833,4400000.0,tt8009938
2023-12-17,Films (Non-English),2,Stolen Vacation,,1.5333,2100000.0,tt12303550
2023-12-17,Films (Non-English),3,Dhak Dhak,,2.2833,1600000.0,tt27330026
2023-12-17,Films (Non-English),4,The Archies,,2.4,1300000.0,tt15979666
2023-12-17,Films (Non-English),6,Familia,,1.7667,1000000.0,tt0116274
2023-12-17,Films (Non-English),7,NAGA,,1.8833,1000000.0,tt28554013
2023-12-17,Films (Non-English),8,Nowhere,,1.8167,1000000.0,tt15789472
2023-12-17,Films (Non-English),9,Women on the Edge,,1.5833,900000.0,tt2065946
2023-12-17,Films (Non-English),10,Japan,,2.5667,900000.0,tt23474462
2023-12-17,TV (English),1,My Life With the Walter Boys,My Life With the Walter Boys: Season 1,7.6167,12800000.0,tt8323628
2023-12-17,TV (English),2,The Crown,The Crown: Season 6,8.75,5800000.0,tt4786824
2023-12-17,TV (English),3,Obliterated,Obliterated: Season 1,6.8333,5200000.0,tt11097240
2023-12-17,TV (English),4,World War II: From the Frontlines,World War II: From the Frontlines: Season 1,4.85,4400000.0,tt28756878
2023-12-17,TV (English),5,Squid Game: The Challenge,Squid Game: The Challenge: Season 1,8.1667,3000000.0,tt28104766
2023-12-17,TV (English),6,Car Masters: Rust to Riches,Car Masters: Rust to Riches: Season 5,5.3,2400000.0,tt8893550
2023-12-17,TV (English),7,Bad Surgeon: Love Under the Knife,Bad Surgeon: Love Under the Knife: Season 1,2.6667,2300000.0,tt28197236
2023-12-17,TV (English),8,CoComelon Lane,CoComelon Lane: Season 1,3.9167,2000000.0,tt15040002
2023-12-17,TV (English),9,Young Sheldon,Young Sheldon: Season 1,7.2167,1600000.0,tt6226232
2023-12-17,TV (English),10,School Spirits,School Spirits: Season 1,6.2,1400000.0,tt21057450
2023-12-17,TV (Non-English),1,Yu Yu Hakusho,Yu Yu Hakusho: Season 1,4.1833,7700000.0,tt0185133
2023-12-17,TV (Non-English),2,My Demon,My Demon: Season 1,0.0,4200000.0,tt29569035
2023-12-17,TV (Non-English),3,Blood Coast,Blood Coast: Season 1,5.2833,3800000.0,tt28129282
2023-12-17,TV (Non-English),5,High Tides,High Tides: Season 1,5.7667,3300000.0,tt21093806
2023-12-17,TV (Non-English),6,True Beauty,,20.0167,3200000.0,tt13274038
2023-12-17,TV (Non-English),7,A Nearly Normal Family,A Nearly Normal Family: Limited Series,4.5333,2700000.0,tt22780536
2023-12-17,TV (Non-English),8,If I Were Luísa Sonza,If I Were Luísa Sonza: Season 1,1.85,2200000.0,tt28995977
2023-12-17,TV (Non-English),9,Dubai Bling,Dubai Bling: Season 2,6.4833,1900000.0,tt22071840
2023-12-10,Films (English),1,Leave the World Behind,,2.3667,41700000.0,tt12747748
2023-12-10,Films (English),2,Family Switch,,1.7667,18600000.0,tt14227048
2023-12-10,Films (English),3,Leo,,1.7833,14200000.0,tt15654328
2023-12-10,Films (English),4,The Super Mario Bros. Movie,,1.5333,13200000.0,tt6718170
2023-12-10,Films (English),6,Nobody,,1.5333,6900000.0,tt7888964
2023-12-10,Films (English),7,Christmas as Usual,,1.4833,6700000.0,tt23790418
2023-12-10,Films (English),8,The Fast and the Furious,,1.7667,6300000.0,tt0232500
2023-12-10,Films (English),9,The Fate of the Furious,,2.2667,6000000.0,tt4630562
2023-12-10,Films (Non-English),1,Mission Raniganj: The Great Bharat Rescue,,2.25,2500000.0,tt21262240
2023-12-10,Films (Non-English),2,Stolen Vacation,,1.5333,2500000.0,tt12303550
2023-12-10,Films (Non-English),3,The Archies,,2.4,2200000.0,tt15979666
2023-12-10,Films (Non-English),4,Women on the Edge,,1.5833,1900000.0,tt2065946
2023-12-10,Films (Non-English),6,Last Call for Istanbul,,1.5167,1800000.0,tt23334616
2023-12-10,Films (Non-English),7,Thank You for Coming,,1.9667,1500000.0,tt23036080
2023-12-10,Films (Non-English),8,Concrete Utopia,,2.1667,1400000.0,tt13086266
2023-12-10,Films (Non-English),9,Hard Days,,1.9667,1300000.0,tt26594589
2023-12-10,Films (Non-English),10,Blood Vessel,,1.9833,1200000.0,tt8009938
2023-12-10,TV (English),1,Obliterated,Obliterated: Season 1,6.8333,9000000.0,tt11097240
2023-12-10,TV (English),2,My Life With the Walter Boys,My Life With the Walter Boys: Season 1,7.6167,7500000.0,tt8323628
2023-12-10,TV (English),3,Squid Game: The Challenge,Squid Game: The Challenge: Season 1,8.1667,6600000.0,tt28104766
2023-12-10,TV (English),4,Bad Surgeon: Love Under the Knife,Bad Surgeon: Love Under the Knife: Season 1,2.6667,5000000.0,tt28197236
2023-12-10,TV (English),5,World War II: From the Frontlines,World War II: From the Frontlines: Season 1,4.85,4200000.0,tt28756878
2023-12-10,TV (English),6,The Crown,The Crown: Season 6,3.3167,2500000.0,tt4786824
2023-12-10,TV (English),7,CoComelon Lane,CoComelon Lane: Season 1,3.9167,2400000.0,tt15040002
2023-12-10,TV (English),8,Virgin River,Virgin River: Season 5,9.2667,2200000.0,tt9077530
2023-12-10,TV (English),9,Young Sheldon,Young Sheldon: Season 1,7.2167,1900000.0,tt6226232
2023-12-10,TV (English),10,Young Sheldon,Young Sheldon: Season 2,7.1667,1400000.0,tt6226232
2023-12-10,TV (Non-English),1,Blood Coast,Blood Coast: Season 1,5.2833,5600000.0,tt28129282
2023-12-10,TV (Non-English),2,A Nearly Normal Family,A Nearly Normal Family: Limited Series,4.5333,5400000.0,tt22780536
2023-12-10,TV (Non-English),3,My Demon,My Demon: Season 1,0.0,4900000.0,tt29569035
2023-12-10,TV (Non-English),4,Sweet Home,Sweet Home: Season 2,9.5167,3900000.0,tt11612120
2023-12-10,TV (Non-English),6,Criminal Code,Criminal Code: Season 1,7.7667,2000000.0,tt22459586
2023-12-10,TV (Non-English),7,Sweet Home,Sweet Home: Season 1,8.6,1900000.0,tt11612120
2023-12-10,TV (Non-English),8,Castaway Diva,Castaway Diva: Limited Series,0.0,1200000.0,tt28348835
2023-12-10,TV (Non-English),9,I Hate Christmas,I Hate Christmas: Season 2,3.3,1100000.0,tt23556972
2023-12-10,TV (Non-English),10,High Tides,High Tides: Season 1,5.7667,1100000.0,tt21093806
2023-12-03,Films (English),1,Leo,,1.7833,23600000.0,tt15654328
2023-12-03,Films (English),2,Family Switch,,1.7667,22200000.0,tt14227048
2023-12-03,Films (English),3,Best. Christmas. Ever!,,1.3667,7000000.0,tt7038762
2023-12-03,Films (English),5,Sonic the Hedgehog 2,,2.0667,4000000.0,tt12412888
2023-12-03,Films (English),6,The Silencing,,1.5667,3700000.0,tt7149730
2023-12-03,Films (English),7,The Killer,,2.0,3600000.0,tt1136617
2023-12-03,Films (English),9,The Super Mario Bros. Movie,,1.5333,3100000.0,tt6718170
2023-12-03,Films (English),10,The Christmas Chronicles,,1.75,3000000.0,tt2990140
2023-12-03,Films (Non-English),1,Last Call for Istanbul,,1.5167,8800000.0,tt23334616
2023-12-03,Films (Non-English),2,Crime Diaries: The Celebrity Stylist,,1.1833,3500000.0,tt29692772
2023-12-03,Films (Non-English),5,Mission Raniganj: The Great Bharat Rescue,,2.25,2400000.0,tt21262240
2023-12-03,Films (Non-English),6,Elena Knows,,1.6833,2400000.0,tt28081899
2023-12-03,Films (Non-English),7,All-Time High,,1.7167,2000000.0,tt27921620
2023-12-03,Films (Non-English),8,Believer 2,,1.9333,1800000.0,tt26258204
2023-12-03,Films (Non-English),9,Women on the Edge,,1.5833,1700000.0,tt2065946
2023-12-03,TV (English),1,Squid Game: The Challenge,Squid Game: The Challenge: Season 1,7.4333,11400000.0,tt28104766
2023-12-03,TV (English),2,Bad Surgeon: Love Under the Knife,Bad Surgeon: Love Under the Knife: Season 1,2.6667,7400000.0,tt28197236
2023-12-03,TV (English),3,Obliterated,Obliterated: Season 1,6.8333,7000000.0,tt11097240
2023-12-03,TV (English),4,The Crown,The Crown: Season 6,3.3167,3900000.0,tt4786824
2023-12-03,TV (English),5,CoComelon Lane,CoComelon Lane: Season 1,3.9167,2800000.0,tt15040002
2023-12-03,TV (English),6,Virgin River,Virgin River: Season 5,9.2667,2700000.0,tt9077530
2023-12-03,TV (English),7,Young Sheldon,Young Sheldon: Season 1,7.2167,2700000.0,tt6226232
2023-12-03,TV (English),8,All the Light We Cannot See,All the Light We Cannot See: Limited Series,3.8333,2000000.0,tt15320362
2023-12-03,TV (English),9,Young Sheldon,Young Sheldon: Season 2,7.1667,1700000.0,tt6226232
2023-12-03,TV (English),10,First Wives Club,First Wives Club: Season 1,3.9833,1500000.0,tt7546362
2023-12-03,TV (Non-English),1,A Nearly Normal Family,A Nearly Normal Family: Limited Series,4.5333,10500000.0,tt22780536
2023-12-03,TV (Non-English),2,My Demon,My Demon: Season 1,0.0,5400000.0,tt29569035
2023-12-03,TV (Non-English),3,Criminal Code,Criminal Code: Season 1,7.7667,3500000.0,tt22459586
2023-12-03,TV (Non-English),4,Sweet Home,Sweet Home: Season 2,9.5167,2500000.0,tt11612120
2023-12-03,TV (Non-English),6,Nothing to See Here,Nothing to See Here: Season 1,3.3833,1900000.0,tt27787856
2023-12-03,TV (Non-English),7,Squid Game,Squid Game: Season 1,8.3167,1500000.0,tt10919420
2023-12-03,TV (Non-English),8,Castaway Diva,Castaway Diva: Limited Series,0.0,1400000.0,tt28348835
2023-12-03,TV (Non-English),9,Replacing Chef Chico,Replacing Chef Chico: Season 1,4.5333,1300000.0,tt27055592
2023-12-03,TV (Non-English),10,Strong Girl Nam-soon,Strong Girl Nam-soon: Limited Series,16.95,1200000.0,tt29225198
2023-11-26,Films (English),1,Leo,,1.7833,34600000.0,tt15654328
2023-11-26,Films (English),2,Best. Christmas. Ever!,,1.3667,13300000.0,tt7038762
2023-11-26,Films (English),3,The Killer,,2.0,8800000.0,tt1136617
2023-11-26,Films (English),4,See You on Venus,,1.5833,7100000.0,tt14960612
2023-11-26,Films (English),5,Jules,,1.45,4600000.0,tt15428940
2023-11-26,Films (English),6,Triple Frontier,,2.1,3600000.0,tt1488606
2023-11-26,Films (English),7,The Christmas Chronicles,,1.75,3400000.0,tt2990140
2023-11-26,Films (English),9,Lone Survivor,,2.0167,2700000.0,tt1091191
2023-11-26,Films (English),10,Falling for Christmas,,1.5833,2700000.0,tt14715170
2023-11-26,Films (Non-English),1,Last Call for Istanbul,,1.5167,10700000.0,tt23334616
2023-11-26,Films (Non-English),2,Believer 2,,1.9333,6400000.0,tt26258204
2023-11-26,Films (Non-English),3,All-Time High,,1.7167,5100000.0,tt27921620
2023-11-26,Films (Non-English),4,Crime Diaries: The Celebrity Stylist,,1.1833,4200000.0,tt29692772
2023-11-26,Films (Non-English),5,Sukhee,,2.3,2300000.0,tt18266472
2023-11-26,Films (Non-English),7,Wingwomen,,1.9333,1900000.0,tt21638298
2023-11-26,Films (Non-English),9,Elena Knows,,1.6833,1600000.0,tt28081899
2023-11-26,Films (Non-English),10,The Queenstown Kings,,2.2833,1600000.0,tt21448346
2023-11-26,TV (English),1,Squid Game: The Challenge,Squid Game: The Challenge: Season 1,4.2667,20100000.0,tt28104766
2023-11-26,TV (English),2,The Crown,The Crown: Season 6,3.3167,8800000.0,tt4786824
2023-11-26,TV (English),3,CoComelon Lane,CoComelon Lane: Season 1,3.9167,3400000.0,tt15040002
2023-11-26,TV (English),4,All the Light We Cannot See,All the Light We Cannot See: Limited Series,3.8333,3300000.0,tt15320362
2023-11-26,TV (English),6,Young Sheldon,Young Sheldon: Season 1,7.2167,2100000.0,tt6226232
2023-11-26,TV (English),7,Scott Pilgrim Takes Off,Scott Pilgrim Takes Off: Season 1,3.6833,2000000.0,tt16969708
2023-11-26,TV (English),8,First Wives Club,First Wives Club: Season 1,3.9833,1700000.0,tt7546362
2023-11-26,TV (English),9,Escaping Twin Flames,Escaping Twin Flames: Season 1,2.9167,1600000.0,tt29388212
2023-11-26,TV (Non-English),1,A Nearly Normal Family,A Nearly Normal Family: Limited Series,4.5333,6400000.0,tt22780536
2023-11-26,TV (Non-English),2,Criminal Code,Criminal Code: Season 1,7.7667,5300000.0,tt22459586
2023-11-26,TV (Non-English),4,My Demon,My Demon: Season 1,2.2,3000000.0,tt29569035
2023-11-26,TV (Non-English),5,Nothing to See Here,Nothing to See Here: Season 1,3.3833,2400000.0,tt27787856
2023-11-26,TV (Non-English),6,Squid Game,Squid Game: Season 1,8.3167,1600000.0,tt10919420
2023-11-26,TV (Non-English),7,Castaway Diva,Castaway Diva: Limited Series,0.0,1600000.0,tt28348835
2023-11-26,TV (Non-English),8,Strong Girl Nam-soon,Strong Girl Nam-soon: Limited Series,0.0,1500000.0,tt29225198
2023-11-26,TV (Non-English),9,Holy Family,Holy Family: Season 2,5.3833,1400000.0,tt15576994
2023-11-26,TV (Non-English),10,Suburræterna,Suburræterna: Season 1,6.0333,1200000.0,tt28019928
2023-11-19,Films (English),1,The Killer,,2.0,22300000.0,tt1136617
2023-11-19,Films (English),2,Best. Christmas. Ever!,,1.3667,16300000.0,tt7038762
2023-11-19,Films (English),3,Monster Hunter,,1.7167,6100000.0,tt6475714
2023-11-19,Films (English),4,Locked In,,1.6167,5100000.0,tt24870072
2023-11-19,Films (English),5,F9: The Fast Saga,,2.3833,4300000.0,tt5433138
2023-11-19,Films (English),6,Lone Survivor,,2.0167,4000000.0,tt1091191
2023-11-19,Films (English),7,Cold Pursuit,,1.9667,3000000.0,tt5719748
2023-11-19,Films (English),8,Paw Patrol: The Movie,,1.4333,2700000.0,tt11832046
2023-11-19,Films (English),9,Pain Hustlers,,2.0833,2600000.0,tt15257160
2023-11-19,Films (English),10,See You on Venus,,1.5833,2500000.0,tt14960612
2023-11-19,Films (Non-English),1,Believer 2,,1.9333,5600000.0,tt26258204
2023-11-19,Films (Non-English),2,Wingwomen,,1.9333,4600000.0,tt21638298
2023-11-19,Films (Non-English),3,All-Time High,,1.7167,2700000.0,tt27921620
2023-11-19,Films (Non-English),4,Summer Vacation,,1.6667,2200000.0,tt1091844
2023-11-19,Films (Non-English),6,Burning Betrayal,,1.65,1900000.0,tt26787296
2023-11-19,Films (Non-English),7,In Love and Deep Water,,2.1167,1500000.0,tt21211474
2023-11-19,Films (Non-English),8,Nowhere,,1.8167,1400000.0,tt15789472
2023-11-19,Films (Non-English),9,The Claus Family 3,,1.2167,1400000.0,tt19072084
2023-11-19,Films (Non-English),10,Forgotten Love,,2.3333,1000000.0,tt26596953
2023-11-19,TV (English),1,The Crown,The Crown: Season 6,3.3167,11100000.0,tt4786824
2023-11-19,TV (English),3,All the Light We Cannot See,All the Light We Cannot See: Limited Series,3.8333,5700000.0,tt15320362
2023-11-19,TV (English),4,How to Become a Mob Boss,How to Become a Mob Boss: Season 1,3.0333,3900000.0,tt29541632
2023-11-19,TV (English),5,Escaping Twin Flames,Escaping Twin Flames: Season 1,2.9167,3200000.0,tt29388212
2023-11-19,TV (English),6,Selling Sunset,Selling Sunset: Season 7,7.7667,2400000.0,tt9817298
2023-11-19,TV (English),7,Robbie Williams,Robbie Williams: Limited Series,3.3333,2200000.0,tt28210840
2023-11-19,TV (English),8,Unicorn Academy,Unicorn Academy: Chapter 1,4.6333,2100000.0,tt27423738
2023-11-19,TV (English),9,Life on Our Planet,Life on Our Planet: Season 1,6.9333,2000000.0,tt23181388
2023-11-19,TV (English),10,BLUE EYE SAMURAI,BLUE EYE SAMURAI: Season 1,6.35,1900000.0,tt13309742
2023-11-19,TV (Non-English),1,Criminal Code,Criminal Code: Season 1,7.7667,6500000.0,tt22459586
2023-11-19,TV (Non-English),2,Suburræterna,Suburræterna: Season 1,6.0333,2600000.0,tt28019928
2023-11-19,TV (Non-English),4,The Tailor,The Tailor: Season 3,5.0833,2000000.0,tt15473010
2023-11-19,TV (Non-English),5,Castaway Diva,Castaway Diva: Limited Series,0.0,2000000.0,tt28348835
2023-11-19,TV (Non-English),6,Daily Dose of Sunshine,Daily Dose of Sunshine: Season 1,12.95,1800000.0,tt26258202
2023-11-19,TV (Non-English),7,Strong Girl Nam-soon,Strong Girl Nam-soon: Limited Series,0.0,1600000.0,tt29225198
2023-11-19,TV (Non-English),9,Lupin,Lupin: Part 3,5.5167,1500000.0,tt2531336
2023-11-19,TV (Non-English),10,Cigarette Girl,Cigarette Girl: Season 1,5.4167,1500000.0,tt21279114
2023-11-12,Films (English),1,The Killer,,2.0,27900000.0,tt1136617
2023-11-12,Films (English),2,Locked In,,1.6167,13200000.0,tt24870072
2023-11-12,Films (English),3,F9: The Fast Saga,,2.3833,10400000.0,tt5433138
2023-11-12,Films (English),4,Sly,,1.6,5900000.0,tt28254460
2023-11-12,Films (English),5,NYAD,,2.0167,5800000.0,tt5302918
2023-11-12,Films (English),6,Pain Hustlers,,2.0833,5100000.0,tt15257160
2023-11-12,Films (English),7,Spider-Man: Across the Spider-Verse,,2.3333,4400000.0,tt9362722
2023-11-12,Films (English),8,Deep Fear,,1.4167,4300000.0,tt14865406
2023-11-12,Films (English),9,13 Hours: The Secret Soldiers of Benghazi,,2.4,4100000.0,tt4172430
2023-11-12,Films (English),10,Cold Pursuit,,1.9667,3400000.0,tt5719748
2023-11-12,Films (Non-English),1,Wingwomen,,1.9333,11600000.0,tt21638298
2023-11-12,Films (Non-English),2,Summer Vacation,,1.6667,5400000.0,tt1091844
2023-11-12,Films (Non-English),4,The Claus Family 3,,1.2167,2800000.0,tt19072084
2023-11-12,Films (Non-English),5,Burning Betrayal,,1.65,2600000.0,tt26787296
2023-11-12,Films (Non-English),6,Nowhere,,1.8167,1600000.0,tt15789472
2023-11-12,Films (Non-English),7,Sister Death,,1.5167,1300000.0,tt19175696
2023-11-12,Films (Non-English),8,Ransomed,,2.2,1300000.0,tt27795356
2023-11-12,Films (Non-English),9,Irugapatru,,2.55,1200000.0,tt16103606
2023-11-12,Films (Non-English),10,Forgotten Love,,2.3333,1200000.0,tt26596953
2023-11-12,TV (English),1,All the Light We Cannot See,All the Light We Cannot See: Limited Series,3.8333,10100000.0,tt15320362
2023-11-12,TV (English),2,Selling Sunset,Selling Sunset: Season 7,6.4333,4700000.0,tt9817298
2023-11-12,TV (English),3,Escaping Twin Flames,Escaping Twin Flames: Season 1,2.9167,4100000.0,tt29388212
2023-11-12,TV (English),4,Robbie Williams,Robbie Williams: Limited Series,3.3333,3900000.0,tt28210840
2023-11-12,TV (English),5,Unicorn Academy,Unicorn Academy: Chapter 1,4.6333,3300000.0,tt27423738
2023-11-12,TV (English),6,BLUE EYE SAMURAI,BLUE EYE SAMURAI: Season 1,6.35,2900000.0,tt13309742
2023-11-12,TV (English),7,Till Murder Do Us Part: Soering vs. Haysom,Till Murder Do Us Part: Soering vs. Haysom: Limited Series,3.2167,2800000.0,tt28466971
2023-11-12,TV (English),8,Life on Our Planet,Life on Our Planet: Season 1,6.9333,2700000.0,tt23181388
2023-11-12,TV (English),9,Bodies,Bodies: Limited Series,7.6333,2600000.0,tt18347622
2023-11-12,TV (English),10,Beckham,Beckham: Limited Series,4.75,1700000.0,tt14524712
2023-11-12,TV (Non-English),1,The Tailor,The Tailor: Season 3,5.0833,4400000.0,tt15473010
2023-11-12,TV (Non-English),3,Ferry: The Series,Ferry: The Series: The Series,6.1,3100000.0,tt28466970
2023-11-12,TV (Non-English),4,Daily Dose of Sunshine,Daily Dose of Sunshine: Season 1,12.95,2800000.0,tt26258202
2023-11-12,TV (Non-English),5,Lupin,Lupin: Part 3,5.5167,2000000.0,tt2531336
2023-11-12,TV (Non-English),6,Castaway Diva,Castaway Diva: Limited Series,0.0,1900000.0,tt28348835
2023-11-12,TV (Non-English),7,Strong Girl Nam-soon,Strong Girl Nam-soon: Limited Series,0.0,1900000.0,tt29225198
2023-11-12,TV (Non-English),8,Pact of Silence,Pact of Silence: Season 1,12.0333,1800000.0,tt29195231
2023-11-12,TV (Non-English),9,Attack on Titan,Attack on Titan: The Final Season Part 3,0.0,1700000.0,tt2560140
2023-11-12,TV (Non-English),10,Cigarette Girl,Cigarette Girl: Season 1,5.4167,1600000.0,tt21279114
2023-11-05,Films (English),1,Locked In,,1.6167,17800000.0,tt24870072
2023-11-05,Films (English),2,Pain Hustlers,,2.0833,15200000.0,tt15257160
2023-11-05,Films (English),3,Cold Pursuit,,1.9667,8800000.0,tt5719748
2023-11-05,Films (English),4,Spider-Man: Across the Spider-Verse,,2.3333,8600000.0,tt9362722
2023-11-05,Films (English),5,Old Dads,,1.7333,5000000.0,tt18394190
2023-11-05,Films (English),6,NYAD,,2.0167,4700000.0,tt5302918
2023-11-05,Films (English),7,Sly,,1.6,4700000.0,tt28254460
2023-11-05,Films (English),9,Minions,,1.5167,4400000.0,tt2293640
2023-11-05,Films (English),10,Herself,,1.6167,4100000.0,tt9902160
2023-11-05,Films (Non-English),1,Wingwomen,,1.9333,18500000.0,tt21638298
2023-11-05,Films (Non-English),2,Burning Betrayal,,1.65,6500000.0,tt26787296
2023-11-05,Films (Non-English),3,Sister Death,,1.5167,6100000.0,tt19175696
2023-11-05,Films (Non-English),5,Nowhere,,1.8167,2000000.0,tt15789472
2023-11-05,Films (Non-English),6,Forgotten Love,,2.3333,1700000.0,tt26596953
2023-11-05,Films (Non-English),7,A Deadly Invitation,,1.55,1400000.0,tt13022120
2023-11-05,Films (Non-English),8,Hatching,,1.5167,1300000.0,tt12519030
2023-11-05,Films (Non-English),9,The Takedown,,2.0167,1300000.0,tt13822738
2023-11-05,Films (Non-English),10,Ballerina,,1.5667,1300000.0,tt2261287
2023-11-05,TV (English),1,All the Light We Cannot See,All the Light We Cannot See: Limited Series,3.8333,9800000.0,tt15320362
2023-11-05,TV (English),2,Till Murder Do Us Part: Soering vs. Haysom,Till Murder Do Us Part: Soering vs. Haysom: Limited Series,3.2167,4700000.0,tt28466971
2023-11-05,TV (English),3,Bodies,Bodies: Limited Series,7.6333,4300000.0,tt18347622
2023-11-05,TV (English),4,Life on Our Planet,Life on Our Planet: Season 1,6.9333,4300000.0,tt23181388
2023-11-05,TV (English),5,Unicorn Academy,Unicorn Academy: Chapter 1,4.6333,3300000.0,tt27423738
2023-11-05,TV (English),6,Get Gotti,Get Gotti: Season 1,2.5333,3200000.0,tt29333646
2023-11-05,TV (English),7,The Fall of the House of Usher,The Fall of the House of Usher: Limited Series,8.2833,2800000.0,tt15567174
2023-11-05,TV (English),8,Selling Sunset,Selling Sunset: Season 7,6.4333,2800000.0,tt9817298
2023-11-05,TV (English),9,Beckham,Beckham: Limited Series,4.75,2700000.0,tt14524712
2023-11-05,TV (English),10,Mysteries of the Faith,Mysteries of the Faith: Season 1,2.8167,2300000.0,tt29416049
2023-11-05,TV (Non-English),1,Lupin,Lupin: Part 3,5.5167,3300000.0,tt2531336
2023-11-05,TV (Non-English),2,Pact of Silence,Pact of Silence: Season 1,12.0333,2800000.0,tt29195231
2023-11-05,TV (Non-English),3,Elite,Elite: Season 7,7.0333,2600000.0,tt7134908
2023-11-05,TV (Non-English),4,Strong Girl Nam-soon,Strong Girl Nam-soon: Limited Series,0.0,2300000.0,tt29225198
2023-11-05,TV (Non-English),5,Doona!,Doona!: Season 1,7.0,2100000.0,tt24245988
2023-11-05,TV (Non-English),6,The Tailor,The Tailor: Season 3,5.0833,2000000.0,tt15473010
2023-11-05,TV (Non-English),7,Onimusha,Onimusha: Season 1,3.7167,1800000.0,tt22301234
2023-11-05,TV (Non-English),8,Ferry: The Series,Ferry: The Series: The Series,6.1,1700000.0,tt28466970
2023-11-05,TV (Non-English),9,Castaway Diva,Castaway Diva: Limited Series,4.8333,1600000.0,tt28348835
2023-11-05,TV (Non-English),10,Lupin,Lupin: Part 1,3.9833,1500000.0,tt2531336
2023-10-29,Films (English),1,Old Dads,,1.7333,16300000.0,tt18394190
2023-10-29,Films (English),2,Pain Hustlers,,2.0833,14100000.0,tt15257160
2023-10-29,Films (English),3,No Hard Feelings,,1.7333,13100000.0,tt15671028
2023-10-29,Films (English),4,Cold Pursuit,,1.9667,6700000.0,tt5719748
2023-10-29,Films (English),5,Alvin and the Chipmunks: Chipwrecked,,1.45,3900000.0,tt1615918
2023-10-29,Films (English),7,Reptile,,2.2667,3500000.0,tt13274016
2023-10-29,Films (English),8,Minions,,1.5167,3000000.0,tt2293640
2023-10-29,Films (English),9,Hotel Transylvania 2,,1.5,2800000.0,tt2510894
2023-10-29,Films (English),10,Alvin and the Chipmunks: The Squeakquel,,1.4833,2600000.0,tt1231580
2023-10-29,Films (Non-English),1,Burning Betrayal,,1.65,14700000.0,tt26787296
2023-10-29,Films (Non-English),2,Sister Death,,1.5167,6200000.0,tt19175696
2023-10-29,Films (Non-English),3,The Quake,,1.7167,3600000.0,tt6523720
2023-10-29,Films (Non-English),4,Dream Girl 2,,2.1167,3000000.0,tt22086334
2023-10-29,Films (Non-English),5,Heaven in Hell,,2.0,2900000.0,tt21249656
2023-10-29,Films (Non-English),6,The Burning Sea,,1.7667,2800000.0,tt12753120
2023-10-29,Films (Non-English),7,Nowhere,,1.8167,2500000.0,tt15789472
2023-10-29,Films (Non-English),8,Crypto Boy,,1.7167,2200000.0,tt24785544
2023-10-29,Films (Non-English),9,Forgotten Love,,2.3333,2100000.0,tt26596953
2023-10-29,Films (Non-English),10,Ballerina,,1.5667,2000000.0,tt2261287
2023-10-29,TV (English),1,Bodies,Bodies: Limited Series,7.6333,7700000.0,tt18347622
2023-10-29,TV (English),2,Get Gotti,Get Gotti: Season 1,2.5333,7300000.0,tt29333646
2023-10-29,TV (English),3,Life on Our Planet,Life on Our Planet: Season 1,6.9333,5500000.0,tt23181388
2023-10-29,TV (English),4,The Fall of the House of Usher,The Fall of the House of Usher: Limited Series,8.2833,4200000.0,tt15567174
2023-10-29,TV (English),5,Beckham,Beckham: Limited Series,4.75,4000000.0,tt14524712
2023-10-29,TV (English),6,Big Mouth,Big Mouth: Season 7,4.65,2700000.0,tt6524350
2023-10-29,TV (English),7,I Woke Up A Vampire,I Woke Up A Vampire: Season 1,3.5167,2400000.0,tt27591984
2023-10-29,TV (English),8,Sex Education,Sex Education: Season 4,8.1,1700000.0,tt7767422
2023-10-29,TV (English),9,Surviving Paradise,Surviving Paradise: Season 1,6.65,1300000.0,tt27849953
2023-10-29,TV (English),10,CoComelon,CoComelon: Season 8,1.0667,1300000.0,tt12427840
2023-10-29,TV (Non-English),1,Elite,Elite: Season 7,7.0333,5300000.0,tt7134908
2023-10-29,TV (Non-English),2,Lupin,Lupin: Part 3,5.5167,4700000.0,tt2531336
2023-10-29,TV (Non-English),3,Doona!,Doona!: Season 1,7.0,4500000.0,tt24245988
2023-10-29,TV (Non-English),4,Pact of Silence,Pact of Silence: Season 1,12.0333,3800000.0,tt29195231
2023-10-29,TV (Non-English),5,Strong Girl Nam-soon,Strong Girl Nam-soon: Limited Series,0.0,2700000.0,tt29225198
2023-10-29,TV (Non-English),6,Lupin,Lupin: Part 1,3.9833,2000000.0,tt2531336
2023-10-29,TV (Non-English),7,Lupin,Lupin: Part 2,3.7833,2000000.0,tt2531336
2023-10-29,TV (Non-English),8,Creature,Creature: Limited Series,6.2167,1900000.0,tt17553374
2023-10-29,TV (Non-English),9,Kaala Paani,Kaala Paani: Season 1,7.25,1500000.0,tt19072562
2023-10-22,Films (English),1,Old Dads,,1.7333,13300000.0,tt18394190
2023-10-22,Films (English),2,The Devil on Trial,,1.3667,8000000.0,tt28810493
2023-10-22,Films (English),3,Gemini Man,,1.95,7300000.0,tt1025100
2023-10-22,Films (English),4,Reptile,,2.2667,7000000.0,tt13274016
2023-10-22,Films (English),5,Long Shot,,2.0833,4200000.0,tt2139881
2023-10-22,Films (English),6,Fair Play,,1.9167,3800000.0,tt16304446
2023-10-22,Films (English),7,No Hard Feelings,,1.7333,3800000.0,tt15671028
2023-10-22,Films (English),8,Tammy,,1.6,3800000.0,tt2103254
2023-10-22,Films (English),9,Spy Kids,,1.4667,3700000.0,tt0227538
2023-10-22,Films (English),10,Scary Movie,,1.4667,3700000.0,tt0175142
2023-10-22,Films (Non-English),1,The Conference,,1.6667,6500000.0,tt26547864
2023-10-22,Films (Non-English),2,Nowhere,,1.8167,5000000.0,tt15789472
2023-10-22,Films (Non-English),3,Ballerina,,1.5667,4200000.0,tt2261287
2023-10-22,Films (Non-English),4,The Quake,,1.7167,3700000.0,tt6523720
2023-10-22,Films (Non-English),5,Forgotten Love,,2.3333,3600000.0,tt26596953
2023-10-22,Films (Non-English),7,Heaven in Hell,,2.0,2600000.0,tt21249656
2023-10-22,Films (Non-English),8,Dream Girl 2,,2.1167,2200000.0,tt22086334
2023-10-22,Films (Non-English),9,A Deadly Invitation,,1.55,1500000.0,tt13022120
2023-10-22,Films (Non-English),10,OMG 2,,2.5833,1400000.0,tt15732324
2023-10-22,TV (English),1,The Fall of the House of Usher,The Fall of the House of Usher: Limited Series,8.2833,7900000.0,tt15567174
2023-10-22,TV (English),2,Beckham,Beckham: Limited Series,4.75,6900000.0,tt14524712
2023-10-22,TV (English),3,Bodies,Bodies: Limited Series,7.6333,5500000.0,tt18347622
2023-10-22,TV (English),4,I Woke Up A Vampire,I Woke Up A Vampire: Season 1,3.5167,3400000.0,tt27591984
2023-10-22,TV (English),5,Sex Education,Sex Education: Season 4,8.1,2600000.0,tt7767422
2023-10-22,TV (English),6,Love Is Blind,Love Is Blind: Season 5,11.0667,1800000.0,tt11704040
2023-10-22,TV (English),7,Big Mouth,Big Mouth: Season 7,4.65,1600000.0,tt6524350
2023-10-22,TV (English),8,ONE PIECE,ONE PIECE: Season 1,7.5667,1400000.0,tt0388629
2023-10-22,TV (English),9,CoComelon,CoComelon: Season 8,1.0667,1300000.0,tt12427840
2023-10-22,TV (English),10,CoComelon,CoComelon: Season 1,2.9667,1200000.0,tt12427840
2023-10-22,TV (Non-English),1,Lupin,Lupin: Part 3,5.5167,7700000.0,tt2531336
2023-10-22,TV (Non-English),2,Pact of Silence,Pact of Silence: Season 1,12.0333,5700000.0,tt29195231
2023-10-22,TV (Non-English),3,Strong Girl Nam-soon,Strong Girl Nam-soon: Limited Series,0.0,3600000.0,tt29225198
2023-10-22,TV (Non-English),4,Lupin,Lupin: Part 1,3.9833,3200000.0,tt2531336
2023-10-22,TV (Non-English),5,Lupin,Lupin: Part 2,3.7833,3000000.0,tt2531336
2023-10-22,TV (Non-English),6,Elite,Elite: Season 7,7.0333,3000000.0,tt7134908
2023-10-22,TV (Non-English),7,Doona!,Doona!: Season 1,7.0,2800000.0,tt24245988
2023-10-22,TV (Non-English),8,Stranded with my Mother-in-Law,Stranded with my Mother-in-Law: Season 1,7.0333,1600000.0,tt27494436
2023-10-22,TV (Non-English),9,Kaala Paani,Kaala Paani: Season 1,7.25,1600000.0,tt19072562
2023-10-22,TV (Non-English),10,Creature,Creature: Limited Series,6.2167,1400000.0,tt17553374
2023-10-15,Films (English),1,Reptile,,2.2667,14200000.0,tt13274016
2023-10-15,Films (English),2,Fair Play,,1.9167,14000000.0,tt16304446
2023-10-15,Films (English),3,Gemini Man,,1.95,5300000.0,tt1025100
2023-10-15,Films (English),4,American Made,,1.9167,4900000.0,tt3532216
2023-10-15,Films (English),5,Mean Girls,,1.6167,3900000.0,tt0377092
2023-10-15,Films (English),6,Ma,,1.65,3500000.0,tt7958736
2023-10-15,Films (English),7,Casper,,1.6667,3200000.0,tt0112642
2023-10-15,Films (English),8,Tyson's Run,,1.7167,3100000.0,tt3580748
2023-10-15,Films (English),9,The Lost City,,1.8667,3100000.0,tt13320622
2023-10-15,Films (English),10,Get Out,,1.7333,3100000.0,tt5052448
2023-10-15,Films (Non-English),1,Ballerina,,1.5667,14700000.0,tt2261287
2023-10-15,Films (Non-English),2,Nowhere,,1.8167,13200000.0,tt15789472
2023-10-15,Films (Non-English),3,The Conference,,1.6667,7600000.0,tt26547864
2023-10-15,Films (Non-English),4,Forgotten Love,,2.3333,6800000.0,tt26596953
2023-10-15,Films (Non-English),5,OMG 2,,2.5833,4500000.0,tt15732324
2023-10-15,Films (Non-English),6,Khufiya,,2.65,3300000.0,tt15433600
2023-10-15,Films (Non-English),7,A Deadly Invitation,,1.55,2600000.0,tt13022120
2023-10-15,Films (Non-English),9,Overhaul,,1.6667,1700000.0,tt16427938
2023-10-15,Films (Non-English),10,Keys to the Heart,,1.7167,1600000.0,tt6985200
2023-10-15,TV (English),1,Beckham,Beckham: Limited Series,4.75,11600000.0,tt14524712
2023-10-15,TV (English),2,The Fall of the House of Usher,The Fall of the House of Usher: Limited Series,8.2833,6300000.0,tt15567174
2023-10-15,TV (English),3,Sex Education,Sex Education: Season 4,8.1,4000000.0,tt7767422
2023-10-15,TV (English),4,Big Vape: The Rise and Fall of Juul,Big Vape: The Rise and Fall of Juul: Limited Series,3.15,3100000.0,tt14081634
2023-10-15,TV (English),5,Love Is Blind,Love Is Blind: Season 5,0.0,2600000.0,tt11704040
2023-10-15,TV (English),6,ONE PIECE,ONE PIECE: Season 1,7.5667,1900000.0,tt0388629
2023-10-15,TV (English),7,CoComelon,CoComelon: Season 8,1.0667,1400000.0,tt12427840
2023-10-15,TV (English),8,Virgin River,Virgin River: Season 5,7.65,1400000.0,tt9077530
2023-10-15,TV (English),9,Everything Now,Everything Now: Season 1,6.2167,1300000.0,tt16287480
2023-10-15,TV (English),10,The Great British Baking Show,The Great British Baking Show: Collection 11,3.35,1300000.0,tt1877368
2023-10-15,TV (Non-English),1,Lupin,Lupin: Part 3,5.5167,14100000.0,tt2531336
2023-10-15,TV (Non-English),2,Lupin,Lupin: Part 1,3.9833,4700000.0,tt2531336
2023-10-15,TV (Non-English),3,Strong Girl Nam-soon,Strong Girl Nam-soon: Limited Series,0.0,4400000.0,tt29225198
2023-10-15,TV (Non-English),4,Lupin,Lupin: Part 2,3.7833,4300000.0,tt2531336
2023-10-15,TV (Non-English),5,Pact of Silence,Pact of Silence: Season 1,12.0333,3600000.0,tt29195231
2023-10-15,TV (Non-English),6,Stranded with my Mother-in-Law,Stranded with my Mother-in-Law: Season 1,3.5333,1800000.0,tt27494436
2023-10-15,TV (Non-English),7,Dear Child,Dear Child: Limited Series,4.8167,1700000.0,tt20863760
2023-10-15,TV (Non-English),8,Destined with You,Destined with You: Limited Series,17.3,1700000.0,tt27974068
2023-10-15,TV (Non-English),9,SPY x FAMILY,SPY x FAMILY: Season 2,0.7833,1500000.0,tt13706018
2023-10-15,TV (Non-English),10,DI4RIES,DI4RIES: Season 2,3.5833,1300000.0,tt20449034
2023-10-08,Films (English),1,Reptile,,2.2667,19900000.0,tt13274016
2023-10-08,Films (English),2,Fair Play,,1.9167,12600000.0,tt16304446
2023-10-08,Films (English),3,Love is in the Air,,1.4833,7200000.0,tt2298384
2023-10-08,Films (English),4,Life of a King,,1.6833,6300000.0,tt2708254
2023-10-08,Films (English),5,Infinite,,1.7667,4900000.0,tt6654210
2023-10-08,Films (English),6,Mean Girls,,1.6167,4500000.0,tt0377092
2023-10-08,Films (English),7,Spy Kids: Armageddon,,1.6333,4300000.0,tt13978520
2023-10-08,Films (English),8,Last Vegas,,1.75,4100000.0,tt1204975
2023-10-08,Films (English),9,Identity Thief,,1.85,3900000.0,tt2024432
2023-10-08,Films (English),10,The Black Book,,2.0667,3700000.0,tt24083908
2023-10-08,Films (Non-English),1,Nowhere,,1.8167,29900000.0,tt15789472
2023-10-08,Films (Non-English),2,Forgotten Love,,2.3333,10500000.0,tt26596953
2023-10-08,Films (Non-English),3,Ballerina,,1.5667,10100000.0,tt2261287
2023-10-08,Films (Non-English),4,Overhaul,,1.6667,5000000.0,tt16427938
2023-10-08,Films (Non-English),5,Khufiya,,2.65,5000000.0,tt15433600
2023-10-08,Films (Non-English),6,"Ice Cold: Murder, Coffee and Jessica Wongso",,1.4333,2700000.0,tt28840429
2023-10-08,Films (Non-English),7,OMG 2,,2.5833,2400000.0,tt15732324
2023-10-08,Films (Non-English),8,Street Flow 2,,1.6333,2100000.0,tt27045321
2023-10-08,Films (Non-English),9,Jaane Jaan,,2.3167,1900000.0,tt15748830
2023-10-08,Films (Non-English),10,A Deadly Invitation,,1.55,1700000.0,tt13022120
2023-10-08,TV (English),1,Beckham,Beckham: Limited Series,4.75,12400000.0,tt14524712
2023-10-08,TV (English),2,Sex Education,Sex Education: Season 4,8.1,6600000.0,tt7767422
2023-10-08,TV (English),3,Love Is Blind,Love Is Blind: Season 5,8.7667,3700000.0,tt11704040
2023-10-08,TV (English),4,ONE PIECE,ONE PIECE: Season 1,7.5667,2500000.0,tt0388629
2023-10-08,TV (English),5,Encounters,Encounters: Season 1,3.3833,2000000.0,tt28692332
2023-10-08,TV (English),6,Virgin River,Virgin River: Season 5,7.65,2000000.0,tt9077530
2023-10-08,TV (English),7,Castlevania: Nocturne,Castlevania: Nocturne: Season 1,3.7,1800000.0,tt14833612
2023-10-08,TV (English),8,Murdaugh Murders: A Southern Scandal,Murdaugh Murders: A Southern Scandal: Season 2,1.7833,1800000.0,tt26340238
2023-10-08,TV (English),9,Who Killed Jill Dando?,Who Killed Jill Dando?: Season 1,2.3167,1600000.0,tt26445771
2023-10-08,TV (English),10,The Great British Baking Show,The Great British Baking Show: Collection 11,2.2333,1600000.0,tt1877368
2023-10-08,TV (Non-English),1,Lupin,Lupin: Part 3,5.5167,11600000.0,tt2531336
2023-10-08,TV (Non-English),2,Lupin,Lupin: Part 1,3.9833,3500000.0,tt2531336
2023-10-08,TV (Non-English),3,Dear Child,Dear Child: Limited Series,4.8167,3000000.0,tt20863760
2023-10-08,TV (Non-English),4,Lupin,Lupin: Part 2,3.7833,2700000.0,tt2531336
2023-10-08,TV (Non-English),5,Strong Girl Nam-soon,Strong Girl Nam-soon: Limited Series,0.0,1600000.0,tt29225198
2023-10-08,TV (Non-English),6,The Devil's Plan,The Devil's Plan: Season 1,9.7833,1500000.0,tt27995115
2023-10-08,TV (Non-English),7,Destined with You,Destined with You: Limited Series,15.2,1500000.0,tt27974068
2023-10-08,TV (Non-English),8,Burning Body,Burning Body: Limited Series,6.5667,1300000.0,tt22073352
2023-10-08,TV (Non-English),9,Song of the Bandits,Song of the Bandits: Season 1,8.6333,1000000.0,tt21627436
2023-10-08,TV (Non-English),10,Thursday's Widows,Thursday's Widows: Limited Series,4.4667,1000000.0,tt27787857
2023-10-01,Films (English),1,Reptile,,2.2667,17700000.0,tt13274016
2023-10-01,Films (English),2,Love is in the Air,,1.4833,11700000.0,tt2298384
2023-10-01,Films (English),3,The Black Book,,2.0667,11200000.0,tt24083908
2023-10-01,Films (English),4,Spy Kids: Armageddon,,1.6333,9000000.0,tt13978520
2023-10-01,Films (English),5,The Croods: A New Age,,1.5833,8900000.0,tt2850386
2023-10-01,Films (English),6,Love at First Sight,,1.5167,7500000.0,tt2183014
2023-10-01,Films (English),7,Accused,,1.4667,3300000.0,tt1800338
2023-10-01,Films (English),8,The Machine,,1.8667,3100000.0,tt2317225
2023-10-01,Films (English),9,In Time,,1.8167,3000000.0,tt1637688
2023-10-01,Films (English),10,Force of Nature,,1.65,2700000.0,tt10308928
2023-10-01,Films (Non-English),1,Nowhere,,1.8167,23800000.0,tt15789472
2023-10-01,Films (Non-English),2,Forgotten Love,,2.3333,11900000.0,tt26596953
2023-10-01,Films (Non-English),3,Overhaul,,1.6667,8500000.0,tt16427938
2023-10-01,Films (Non-English),4,Jaane Jaan,,2.3167,6400000.0,tt15748830
2023-10-01,Films (Non-English),5,Street Flow 2,,1.6333,4000000.0,tt27045321
2023-10-01,Films (Non-English),6,"Ice Cold: Murder, Coffee and Jessica Wongso",,1.4333,2100000.0,tt28840429
2023-10-01,Films (Non-English),7,Gandeevadhari Arjuna,,2.25,1700000.0,tt26234970
2023-10-01,Films (Non-English),8,Do Not Disturb,,1.9167,1400000.0,tt23049270
2023-10-01,Films (Non-English),9,Ehrengard: The Art of Seduction,,1.5833,1300000.0,tt27727074
2023-10-01,Films (Non-English),10,Once Upon a Crime,,1.7833,1200000.0,tt15944018
2023-10-01,TV (English),1,Sex Education,Sex Education: Season 4,8.1,13400000.0,tt7767422
2023-10-01,TV (English),2,Who Killed Jill Dando?,Who Killed Jill Dando?: Season 1,2.3167,5500000.0,tt26445771
2023-10-01,TV (English),3,Love Is Blind,Love Is Blind: Season 5,6.7833,5300000.0,tt11704040
2023-10-01,TV (English),4,Murdaugh Murders: A Southern Scandal,Murdaugh Murders: A Southern Scandal: Season 2,1.7833,4500000.0,tt26340238
2023-10-01,TV (English),5,Encounters,Encounters: Season 1,3.3833,4400000.0,tt28692332
2023-10-01,TV (English),6,ONE PIECE,ONE PIECE: Season 1,7.5667,3800000.0,tt0388629
2023-10-01,TV (English),7,Virgin River,Virgin River: Season 5,7.65,3000000.0,tt9077530
2023-10-01,TV (English),8,Castlevania: Nocturne,Castlevania: Nocturne: Season 1,3.7,2600000.0,tt14833612
2023-10-01,TV (English),9,Sex Education,Sex Education: Season 1,6.7167,1900000.0,tt7767422
2023-10-01,TV (English),10,The Pacific,,8.9,1700000.0,tt0374463
2023-10-01,TV (Non-English),1,Dear Child,Dear Child: Limited Series,4.8167,5300000.0,tt20863760
2023-10-01,TV (Non-English),2,Song of the Bandits,Song of the Bandits: Season 1,8.6333,2600000.0,tt21627436
2023-10-01,TV (Non-English),3,The Devil's Plan,The Devil's Plan: Season 1,4.4333,2300000.0,tt27995115
2023-10-01,TV (Non-English),4,Burning Body,Burning Body: Limited Series,6.5667,2200000.0,tt22073352
2023-10-01,TV (Non-English),5,KENGAN ASHURA,KENGAN ASHURA: Season 2,5.0667,1900000.0,tt9058134
2023-10-01,TV (Non-English),6,Thursday's Widows,Thursday's Widows: Limited Series,4.4667,1800000.0,tt27787857
2023-10-01,TV (Non-English),7,Destined with You,Destined with You: Limited Series,13.05,1500000.0,tt27974068
2023-10-01,TV (Non-English),8,A Time Called You,A Time Called You: Limited Series,12.1833,1000000.0,tt21627438
2023-10-01,TV (Non-English),9,Behind Your Touch,Behind Your Touch: Limited Series,0.0,900000.0,tt26314390
2023-10-01,TV (Non-English),10,Class Act,Class Act: Season 1,6.3167,800000.0,tt27921612
2023-09-24,Films (English),1,Love at First Sight,,1.5167,15200000.0,tt2183014
2023-09-24,Films (English),2,Spy Kids: Armageddon,,1.6333,6700000.0,tt13978520
2023-09-24,Films (English),3,In Time,,1.8167,5700000.0,tt1637688
2023-09-24,Films (English),4,The Black Book,,2.0667,5600000.0,tt24083908
2023-09-24,Films (English),5,The Croods: A New Age,,1.5833,5500000.0,tt2850386
2023-09-24,Films (English),6,The Wolf of Wall Street,,3.0,3200000.0,tt0993846
2023-09-24,Films (English),7,The Deep House,,1.3667,2900000.0,tt11686490
2023-09-24,Films (English),8,Crawl,,1.45,2900000.0,tt8364368
2023-09-24,Films (English),9,Mother's Day,,1.9667,2600000.0,tt4824302
2023-09-24,Films (English),10,You Are So Not Invited to My Bat Mitzvah,,1.7333,2500000.0,tt21276878
2023-09-24,Films (Non-English),1,Jaane Jaan,,2.3167,8100000.0,tt15748830
2023-09-24,Films (Non-English),2,Ehrengard: The Art of Seduction,,1.5833,3800000.0,tt27727074
2023-09-24,Films (Non-English),3,Once Upon a Crime,,1.7833,3500000.0,tt15944018
2023-09-24,Films (Non-English),4,Rosa Peral's Tapes,,1.35,2000000.0,tt28687398
2023-09-24,Films (Non-English),5,Freestyle,,1.4667,1800000.0,tt28366647
2023-09-24,Films (Non-English),6,El Conde,,1.85,1400000.0,tt21113540
2023-09-24,Films (Non-English),7,How To Deal With a Heartbreak,,1.7,1100000.0,tt28765467
2023-09-24,Films (Non-English),9,Bhola Shankar,,2.6167,900000.0,tt8499724
2023-09-24,Films (Non-English),10,The Great Seduction,,1.6,800000.0,tt14542504
2023-09-24,TV (English),1,Sex Education,Sex Education: Season 4,8.1,12000000.0,tt7767422
2023-09-24,TV (English),2,Murdaugh Murders: A Southern Scandal,Murdaugh Murders: A Southern Scandal: Season 2,1.7833,7600000.0,tt26340238
2023-09-24,TV (English),3,ONE PIECE,ONE PIECE: Season 1,7.5667,6200000.0,tt0388629
2023-09-24,TV (English),4,Virgin River,Virgin River: Season 5,7.65,4900000.0,tt9077530
2023-09-24,TV (English),6,Surviving Summer,Surviving Summer: Season 2,3.8167,3400000.0,tt13925166
2023-09-24,TV (English),7,Love Is Blind,Love Is Blind: Season 5,3.9167,3000000.0,tt11704040
2023-09-24,TV (English),9,The Pacific,,8.9,2400000.0,tt0374463
2023-09-24,TV (English),10,Murdaugh Murders: A Southern Scandal,Murdaugh Murders: A Southern Scandal: Season 1,2.3833,2400000.0,tt26340238
2023-09-24,TV (Non-English),1,Dear Child,Dear Child: Limited Series,4.8167,10400000.0,tt20863760
2023-09-24,TV (Non-English),2,Burning Body,Burning Body: Limited Series,6.5667,3700000.0,tt22073352
2023-09-24,TV (Non-English),3,Thursday's Widows,Thursday's Widows: Limited Series,4.4667,3700000.0,tt27787857
2023-09-24,TV (Non-English),4,KENGAN ASHURA,KENGAN ASHURA: Season 2,5.0667,2300000.0,tt9058134
2023-09-24,TV (Non-English),5,Destined with You,Destined with You: Limited Series,10.95,1700000.0,tt27974068
2023-09-24,TV (Non-English),6,Song of the Bandits,Song of the Bandits: Season 1,8.6333,1700000.0,tt21627436
2023-09-24,TV (Non-English),7,A Time Called You,A Time Called You: Limited Series,12.1833,1600000.0,tt21627438
2023-09-24,TV (Non-English),8,Class Act,Class Act: Season 1,6.3167,1500000.0,tt27921612
2023-09-24,TV (Non-English),9,Ragnarok,Ragnarok: Season 3,4.4,1200000.0,tt9251798
2023-09-24,TV (Non-English),10,Infamy,Infamy: Season 1,6.35,1100000.0,tt28658091
2023-09-17,Films (English),1,Love at First Sight,,1.5167,14100000.0,tt2183014
2023-09-17,Films (English),2,You Are So Not Invited to My Bat Mitzvah,,1.7333,4300000.0,tt21276878
2023-09-17,Films (English),3,Woody Woodpecker,,1.5167,3500000.0,tt2114504
2023-09-17,Films (English),5,Fifty Shades Freed,,1.75,3400000.0,tt4477536
2023-09-17,Films (English),6,The Croods,,1.6333,3200000.0,tt0481499
2023-09-17,Films (English),7,All My Life,,1.5333,3000000.0,tt8305852
2023-09-17,Films (English),8,Leatherface,,1.4667,2900000.0,tt2620590
2023-09-17,Films (English),9,The Boss Baby,,1.6333,2800000.0,tt3874544
2023-09-17,Films (English),10,Jack Reacher: Never Go Back,,1.9667,2600000.0,tt3393786
2023-09-17,Films (Non-English),1,Once Upon a Crime,,1.7833,5400000.0,tt15944018
2023-09-17,Films (Non-English),2,Ehrengard: The Art of Seduction,,1.5833,4300000.0,tt27727074
2023-09-17,Films (Non-English),3,Rosa Peral's Tapes,,1.35,4000000.0,tt28687398
2023-09-17,Films (Non-English),4,Freestyle,,1.4667,1800000.0,tt28366647
2023-09-17,Films (Non-English),5,A Day and a Half,,1.6,1600000.0,tt20414642
2023-09-17,Films (Non-English),6,The Great Seduction,,1.6,1300000.0,tt14542504
2023-09-17,Films (Non-English),7,El Conde,,1.85,1200000.0,tt21113540
2023-09-17,Films (Non-English),9,Happy Ending,,1.55,900000.0,tt3017412
2023-09-17,Films (Non-English),10,Bhola Shankar,,2.6167,900000.0,tt8499724
2023-09-17,TV (English),1,ONE PIECE,ONE PIECE: Season 1,7.5667,10000000.0,tt0388629
2023-09-17,TV (English),2,Virgin River,Virgin River: Season 5,7.65,9600000.0,tt9077530
2023-09-17,TV (English),3,Who is Erin Carter?,Who is Erin Carter?: Limited Series,5.7167,3800000.0,tt18075020
2023-09-17,TV (English),4,Top Boy,Top Boy: Season 3,5.0833,3700000.0,tt1830379
2023-09-17,TV (English),5,Selling The OC,Selling The OC: Season 2,4.6333,2700000.0,tt15907000
2023-09-17,TV (English),6,Spy Ops,Spy Ops: Season 1,6.0333,2600000.0,tt28637385
2023-09-17,TV (English),7,Surviving Summer,Surviving Summer: Season 2,3.8167,2100000.0,tt13925166
2023-09-17,TV (English),10,Predators,Predators: Season 1,3.75,1700000.0,tt17405750
2023-09-17,TV (Non-English),1,Dear Child,Dear Child: Limited Series,4.8167,15400000.0,tt20863760
2023-09-17,TV (Non-English),2,Burning Body,Burning Body: Limited Series,6.5667,6700000.0,tt22073352
2023-09-17,TV (Non-English),3,Thursday's Widows,Thursday's Widows: Limited Series,4.4667,3500000.0,tt27787857
2023-09-17,TV (Non-English),4,A Time Called You,A Time Called You: Limited Series,12.1833,3000000.0,tt21627438
2023-09-17,TV (Non-English),5,Destined with You,Destined with You: Limited Series,8.9167,2000000.0,tt27974068
2023-09-17,TV (Non-English),6,Ragnarok,Ragnarok: Season 3,4.4,1800000.0,tt9251798
2023-09-17,TV (Non-English),7,Gangs of Oslo,Gangs of Oslo: Season 1,4.8333,1600000.0,tt24364150
2023-09-17,TV (Non-English),8,Class Act,Class Act: Season 1,6.3167,1400000.0,tt27921612
2023-09-17,TV (Non-English),9,Infamy,Infamy: Season 1,6.35,1200000.0,tt28658091
2023-09-17,TV (Non-English),10,Reporting for Duty,Reporting for Duty: Season 1,3.7833,1200000.0,tt24578052
2023-09-10,Films (English),1,You Are So Not Invited to My Bat Mitzvah,,1.7333,8800000.0,tt21276878
2023-09-10,Films (English),2,Choose Love,,1.2833,7000000.0,tt19267924
2023-09-10,Films (English),3,The Croods,,1.6333,4200000.0,tt0481499
2023-09-10,Films (English),5,The Boss Baby,,1.6333,3900000.0,tt3874544
2023-09-10,Films (English),6,Snitch,,1.7833,3900000.0,tt0882977
2023-09-10,Films (English),7,Love Again,,1.7333,3800000.0,tt10276482
2023-09-10,Films (English),8,Jack Reacher: Never Go Back,,1.9667,3800000.0,tt3393786
2023-09-10,Films (English),9,Heart of Stone,,2.1,3500000.0,tt13603966
2023-09-10,Films (English),10,Jack Reacher,,2.1667,3500000.0,tt0790724
2023-09-10,Films (Non-English),1,A Day and a Half,,1.6,6500000.0,tt20414642
2023-09-10,Films (Non-English),2,The Great Seduction,,1.6,3600000.0,tt14542504
2023-09-10,Films (Non-English),3,Happy Ending,,1.55,3400000.0,tt3017412
2023-09-10,Films (Non-English),4,Rosa Peral's Tapes,,1.35,1500000.0,tt28687398
2023-09-10,Films (Non-English),5,Friday Night Plan,,1.8167,1300000.0,tt28568397
2023-09-10,Films (Non-English),6,Killer Book Club,,1.4833,900000.0,tt18260564
2023-09-10,Films (Non-English),7,Dragon,,1.9167,800000.0,tt1718199
2023-09-10,Films (Non-English),8,What If,,1.8667,800000.0,tt1486834
2023-09-10,Films (Non-English),9,Paradise,,1.9833,700000.0,tt21308888
2023-09-10,TV (English),1,ONE PIECE,ONE PIECE: Season 1,7.5667,19300000.0,tt0388629
2023-09-10,TV (English),2,Virgin River,Virgin River: Season 5,7.65,9000000.0,tt9077530
2023-09-10,TV (English),3,Who is Erin Carter?,Who is Erin Carter?: Limited Series,5.7167,7100000.0,tt18075020
2023-09-10,TV (English),4,Top Boy,Top Boy: Season 3,5.0833,5600000.0,tt1830379
2023-09-10,TV (English),5,Live to 100: Secrets of the Blue Zones,Live to 100: Secrets of the Blue Zones: Limited Series,2.65,3100000.0,tt28523129
2023-09-10,TV (English),7,Predators,Predators: Season 1,3.75,2900000.0,tt17405750
2023-09-10,TV (English),8,Disenchantment,Disenchantment: Part 5,4.6833,2200000.0,tt5363918
2023-09-10,TV (English),9,Painkiller,Painkiller: Limited Series,4.9833,2000000.0,tt11816814
2023-09-10,TV (English),10,Spy Ops,Spy Ops: Season 1,6.0333,1900000.0,tt28637385
2023-09-10,TV (Non-English),1,Dear Child,Dear Child: Limited Series,4.8167,10200000.0,tt20863760
2023-09-10,TV (Non-English),2,Burning Body,Burning Body: Limited Series,6.5667,4100000.0,tt22073352
2023-09-10,TV (Non-English),3,Ragnarok,Ragnarok: Season 3,4.4,3100000.0,tt9251798
2023-09-10,TV (Non-English),4,Destined with You,Destined with You: Limited Series,6.75,2400000.0,tt27974068
2023-09-10,TV (Non-English),5,Mask Girl,Mask Girl: Limited Series,6.8833,1700000.0,tt26258200
2023-09-10,TV (Non-English),6,Ragnarok,Ragnarok: Season 2,4.9667,1500000.0,tt9251798
2023-09-10,TV (Non-English),7,A Time Called You,A Time Called You: Limited Series,12.1833,1400000.0,tt21627438
2023-09-10,TV (Non-English),9,Ragnarok,Ragnarok: Season 1,4.4833,1400000.0,tt9251798
2023-09-10,TV (Non-English),10,Miss Adrenaline: A Tale of Twins,Miss Adrenaline: A Tale of Twins: Season 1,20.3,1200000.0,tt28544336
2023-09-03,Films (English),1,You Are So Not Invited to My Bat Mitzvah,,1.7333,21900000.0,tt21276878
2023-09-03,Films (English),2,The Monkey King,,1.6167,6600000.0,tt8637498
2023-09-03,Films (English),3,Heart of Stone,,2.1,6500000.0,tt13603966
2023-09-03,Films (English),4,Choose Love,,1.2833,6500000.0,tt19267924
2023-09-03,Films (English),5,The Boss Baby,,1.6333,5200000.0,tt3874544
2023-09-03,Films (English),7,The Pope's Exorcist,,1.7333,3100000.0,tt13375076
2023-09-03,Films (English),8,Love Again,,1.7333,2900000.0,tt10276482
2023-09-03,Films (English),9,On the Line,,1.7333,2800000.0,tt14824590
2023-09-03,Films (English),10,Snitch,,1.7833,2300000.0,tt0882977
2023-09-03,Films (Non-English),1,The Great Seduction,,1.6,5400000.0,tt14542504
2023-09-03,Films (Non-English),2,Killer Book Club,,1.4833,5300000.0,tt18260564
2023-09-03,Films (Non-English),3,A Day and a Half,,1.6,4400000.0,tt20414642
2023-09-03,Films (Non-English),4,Squared Love Everlasting,,1.7,2400000.0,tt28496500
2023-09-03,Films (Non-English),5,Happy Ending,,1.55,2300000.0,tt3017412
2023-09-03,Films (Non-English),6,A Life Too Short: The Isabella Nardoni Case,,1.75,1300000.0,tt28552695
2023-09-03,Films (Non-English),7,Paradise,,1.9833,1000000.0,tt21308888
2023-09-03,Films (Non-English),9,Friday Night Plan,,1.8167,800000.0,tt28568397
2023-09-03,Films (Non-English),10,Dragon,,1.9167,800000.0,tt1718199
2023-09-03,TV (English),1,ONE PIECE,ONE PIECE: Season 1,7.5667,18500000.0,tt0388629
2023-09-03,TV (English),2,Who is Erin Carter?,Who is Erin Carter?: Limited Series,5.7167,15800000.0,tt18075020
2023-09-03,TV (English),3,Live to 100: Secrets of the Blue Zones,Live to 100: Secrets of the Blue Zones: Limited Series,2.65,5700000.0,tt28523129
2023-09-03,TV (English),4,Painkiller,Painkiller: Limited Series,4.9833,3400000.0,tt11816814
2023-09-03,TV (English),5,The Ultimatum: Marry or Move On,The Ultimatum: Marry or Move On: Season 2,7.3667,3100000.0,tt18396952
2023-09-03,TV (English),6,DEPP V HEARD,DEPP V HEARD: Limited Series,2.4333,2700000.0,tt27541298
2023-09-03,TV (English),8,CoComelon,CoComelon: Season 8,1.0667,1600000.0,tt12427840
2023-09-03,TV (English),9,Gabby's Dollhouse,Gabby's Dollhouse: Season 8,2.4333,1500000.0,tt9165438
2023-09-03,TV (English),10,Disenchantment,Disenchantment: Part 5,4.6833,1400000.0,tt5363918
2023-09-03,TV (Non-English),1,Ragnarok,Ragnarok: Season 3,4.4,6300000.0,tt9251798
2023-09-03,TV (Non-English),2,Mask Girl,Mask Girl: Limited Series,6.8833,3500000.0,tt26258200
2023-09-03,TV (Non-English),3,Destined with You,Destined with You: Limited Series,4.5333,2900000.0,tt27974068
2023-09-03,TV (Non-English),4,Ragnarok,Ragnarok: Season 2,4.9667,2700000.0,tt9251798
2023-09-03,TV (Non-English),5,Ragnarok,Ragnarok: Season 1,4.4833,2600000.0,tt9251798
2023-09-03,TV (Non-English),6,Baki Hanma,Baki Hanma: Season 2,11.5,2000000.0,tt13357140
2023-09-03,TV (Non-English),7,Behind Your Touch,Behind Your Touch: Limited Series,0.0,1400000.0,tt26314390
2023-09-03,TV (Non-English),8,King the Land,King the Land: Limited Series,19.0,1300000.0,tt26693803
2023-09-03,TV (Non-English),9,The Uncanny Counter,The Uncanny Counter: Season 2: Counter Punch,0.0,1300000.0,tt13273826
2023-09-03,TV (Non-English),10,My Happy Marriage,My Happy Marriage: Season 1,3.6333,1200000.0,tt19869172
2023-08-27,Films (English),1,The Monkey King,,1.6167,14400000.0,tt8637498
2023-08-27,Films (English),2,Heart of Stone,,2.1,13600000.0,tt13603966
2023-08-27,Films (English),3,You Are So Not Invited to My Bat Mitzvah,,1.7333,12300000.0,tt21276878
2023-08-27,Films (English),4,Street Kings,,1.8167,5700000.0,tt0421073
2023-08-27,Films (English),5,The Boss Baby,,1.6333,5500000.0,tt3874544
2023-08-27,Films (English),6,Jurassic World: Fallen Kingdom,,2.1333,4700000.0,tt4881806
2023-08-27,Films (English),7,The Pope's Exorcist,,1.7333,3800000.0,tt13375076
2023-08-27,Films (English),8,Half Brothers,,1.6,3700000.0,tt10515926
2023-08-27,Films (English),9,Madagascar,,1.4333,3300000.0,tt0351283
2023-08-27,Films (English),10,Dora and the Lost City of Gold,,1.7,2900000.0,tt7547410
2023-08-27,Films (Non-English),1,A Life Too Short: The Isabella Nardoni Case,,1.75,5300000.0,tt28552695
2023-08-27,Films (Non-English),2,Squared Love Everlasting,,1.7,5100000.0,tt28496500
2023-08-27,Films (Non-English),3,Killer Book Club,,1.4833,3900000.0,tt18260564
2023-08-27,Films (Non-English),4,10 Days of a Bad Man,,2.0667,3500000.0,tt24852002
2023-08-27,Films (Non-English),5,Paradise,,1.9833,1600000.0,tt21308888
2023-08-27,Films (Non-English),6,Xtreme,,1.8667,1300000.0,tt11658120
2023-08-27,Films (Non-English),7,Bro,,2.2,1000000.0,tt26675491
2023-08-27,Films (Non-English),8,Zom 100: Bucket List of the Dead,,2.15,900000.0,tt20672534
2023-08-27,Films (Non-English),9,Adipurush,,2.9667,900000.0,tt12915716
2023-08-27,Films (Non-English),10,Make Me Believe,,1.7333,800000.0,tt21257152
2023-08-27,TV (English),1,Who is Erin Carter?,Who is Erin Carter?: Limited Series,5.7167,13200000.0,tt18075020
2023-08-27,TV (English),2,DEPP V HEARD,DEPP V HEARD: Limited Series,2.4333,8300000.0,tt27541298
2023-08-27,TV (English),3,Painkiller,Painkiller: Limited Series,4.9833,5600000.0,tt11816814
2023-08-27,TV (English),5,The Ultimatum: Marry or Move On,The Ultimatum: Marry or Move On: Season 2,6.0167,3600000.0,tt18396952
2023-08-27,TV (English),6,At Home With The Furys,At Home With The Furys: Season 1,5.1167,3000000.0,tt21875120
2023-08-27,TV (English),7,Ballers,Ballers: Season 1,4.7,2200000.0,tt2891574
2023-08-27,TV (English),8,The Lincoln Lawyer,The Lincoln Lawyer: Season 2,8.1833,1900000.0,tt13833978
2023-08-27,TV (English),9,Gabby's Dollhouse,Gabby's Dollhouse: Season 8,2.4333,1800000.0,tt9165438
2023-08-27,TV (English),10,My Dad the Bounty Hunter,My Dad the Bounty Hunter: Season 2,4.3833,1700000.0,tt13433814
2023-08-27,TV (Non-English),1,Mask Girl,Mask Girl: Limited Series,6.8833,7400000.0,tt26258200
2023-08-27,TV (Non-English),2,Ragnarok,Ragnarok: Season 3,4.4,6500000.0,tt9251798
2023-08-27,TV (Non-English),3,The Chosen One,The Chosen One: Season 1,4.3167,4000000.0,tt1405354
2023-08-27,TV (Non-English),4,Destined with You,Destined with You: Limited Series,2.2833,3500000.0,tt27974068
2023-08-27,TV (Non-English),5,Baki Hanma,Baki Hanma: Season 2,11.5,2400000.0,tt13357140
2023-08-27,TV (Non-English),6,Ragnarok,Ragnarok: Season 1,4.4833,2200000.0,tt9251798
2023-08-27,TV (Non-English),7,Guns & Gulaabs,Guns & Gulaabs: Season 1,6.1833,2200000.0,tt17524566
2023-08-27,TV (Non-English),8,Ragnarok,Ragnarok: Season 2,4.9667,1800000.0,tt9251798
2023-08-27,TV (Non-English),9,Behind Your Touch,Behind Your Touch: Limited Series,0.0,1700000.0,tt26314390
2023-08-27,TV (Non-English),10,A Perfect Story,A Perfect Story: Limited Series,3.6667,1600000.0,tt23183618
2023-08-20,Films (English),1,Heart of Stone,,2.1,35200000.0,tt13603966
2023-08-20,Films (English),2,The Monkey King,,1.6167,8100000.0,tt8637498
2023-08-20,Films (English),3,The Pope's Exorcist,,1.7333,6000000.0,tt13375076
2023-08-20,Films (English),4,Half Brothers,,1.6,4600000.0,tt10515926
2023-08-20,Films (English),5,Hidden Strike,,1.7167,3500000.0,tt6879446
2023-08-20,Films (English),6,"Miraculous: Ladybug & Cat Noir, The Movie",,1.7,3500000.0,tt10364034
2023-08-20,Films (English),7,What Men Want,,1.95,3400000.0,tt7634968
2023-08-20,Films (English),8,Despicable Me 2,,1.6333,3400000.0,tt1690953
2023-08-20,Films (Non-English),1,A Life Too Short: The Isabella Nardoni Case,,1.75,5700000.0,tt28552695
2023-08-20,Films (Non-English),2,Paradise,,1.9833,3600000.0,tt21308888
2023-08-20,Films (Non-English),3,10 Days of a Bad Man,,2.0667,3100000.0,tt24852002
2023-08-20,Films (Non-English),4,Adipurush,,2.9667,2800000.0,tt12915716
2023-08-20,Films (Non-English),5,Zom 100: Bucket List of the Dead,,2.15,1900000.0,tt20672534
2023-08-20,Films (Non-English),6,Jagun Jagun,,2.25,1600000.0,tt28546464
2023-08-20,Films (Non-English),7,Marry My Dead Body,,2.1667,1500000.0,tt22742964
2023-08-20,Films (Non-English),8,Eye of the Storm,,1.9833,1500000.0,tt26686436
2023-08-20,Films (Non-English),9,Soulcatcher,,1.6667,1100000.0,tt28290233
2023-08-20,Films (Non-English),10,Xtreme,,1.8667,1100000.0,tt11658120
2023-08-20,TV (English),1,DEPP V HEARD,DEPP V HEARD: Limited Series,2.4333,16200000.0,tt27541298
2023-08-20,TV (English),2,Painkiller,Painkiller: Limited Series,4.9833,10900000.0,tt11816814
2023-08-20,TV (English),3,Ballers,Ballers: Season 1,4.7,3900000.0,tt2891574
2023-08-20,TV (English),4,At Home With The Furys,At Home With The Furys: Season 1,5.1167,3300000.0,tt21875120
2023-08-20,TV (English),5,The Lincoln Lawyer,The Lincoln Lawyer: Season 2,8.1833,2900000.0,tt13833978
2023-08-20,TV (English),6,Gabby's Dollhouse,Gabby's Dollhouse: Season 8,2.4333,2600000.0,tt9165438
2023-08-20,TV (English),7,The Witcher,The Witcher: Season 3,7.6,1900000.0,tt5180504
2023-08-20,TV (English),8,The Upshaws,The Upshaws: Part 4,2.6,1800000.0,tt10945036
2023-08-20,TV (English),9,Mech Cadets,Mech Cadets: Season 1,4.0,1800000.0,tt14690802
2023-08-20,TV (English),10,Heartstopper,Heartstopper: Season 2,4.7,1800000.0,tt10638036
2023-08-20,TV (Non-English),1,The Chosen One,The Chosen One: Season 1,4.3167,3100000.0,tt1405354
2023-08-20,TV (Non-English),2,Mask Girl,Mask Girl: Limited Series,6.8833,2800000.0,tt26258200
2023-08-20,TV (Non-English),3,A Perfect Story,A Perfect Story: Limited Series,3.6667,2700000.0,tt23183618
2023-08-20,TV (Non-English),4,Behind Your Touch,Behind Your Touch: Limited Series,0.0,2500000.0,tt26314390
2023-08-20,TV (Non-English),5,King the Land,King the Land: Limited Series,19.0,2000000.0,tt26693803
2023-08-20,TV (Non-English),6,My Happy Marriage,My Happy Marriage: Season 1,2.8333,2000000.0,tt19869172
2023-08-20,TV (Non-English),7,The Uncanny Counter,The Uncanny Counter: Season 2: Counter Punch,9.3,1400000.0,tt13273826
2023-08-20,TV (Non-English),8,Guns & Gulaabs,Guns & Gulaabs: Season 1,6.1833,1300000.0,tt17524566
2023-08-20,TV (Non-English),9,The Tailor,The Tailor: Season 2,5.3833,1300000.0,tt15473010
2023-08-20,TV (Non-English),10,Baki Hanma,Baki Hanma: Season 2,5.5333,1000000.0,tt13357140
2023-08-13,Films (English),1,Heart of Stone,,2.1,33100000.0,tt13603966
2023-08-13,Films (English),2,Hidden Strike,,1.7167,7700000.0,tt6879446
2023-08-13,Films (English),4,What Men Want,,1.95,5900000.0,tt7634968
2023-08-13,Films (English),5,"Miraculous: Ladybug & Cat Noir, The Movie",,1.7,5800000.0,tt10364034
2023-08-13,Films (English),6,Happiness for Beginners,,1.7667,5000000.0,tt15509244
2023-08-13,Films (English),7,Despicable Me 2,,1.6333,4800000.0,tt1690953
2023-08-13,Films (English),8,Shark Bait,,1.4167,4400000.0,tt12550376
2023-08-13,Films (English),9,Fatale,,1.7167,4100000.0,tt8829830
2023-08-13,Films (English),10,River Wild,,1.5167,3900000.0,tt21291992
2023-08-13,Films (Non-English),1,Paradise,,1.9833,7600000.0,tt21308888
2023-08-13,Films (Non-English),2,Zom 100: Bucket List of the Dead,,2.15,6200000.0,tt20672534
2023-08-13,Films (Non-English),3,Soulcatcher,,1.6667,4800000.0,tt28290233
2023-08-13,Films (Non-English),4,The Seven Deadly Sins: Grudge of Edinburgh Part 2,,0.9,3100000.0,tt25010142
2023-08-13,Films (Non-English),5,Jagun Jagun,,2.25,2100000.0,tt28546464
2023-08-13,Films (Non-English),6,Head to Head,,1.5833,1600000.0,tt28306747
2023-08-13,Films (Non-English),7,Marry My Dead Body,,2.1667,1600000.0,tt22742964
2023-08-13,Films (Non-English),8,Adipurush,,2.9667,1500000.0,tt12915716
2023-08-13,Films (Non-English),9,The Raid: Redemption,,1.6833,1200000.0,tt1899353
2023-08-13,Films (Non-English),10,Dream,,2.0833,1200000.0,tt1165253
2023-08-13,TV (English),1,Painkiller,Painkiller: Limited Series,4.9833,7200000.0,tt11816814
2023-08-13,TV (English),2,The Lincoln Lawyer,The Lincoln Lawyer: Season 2,8.1833,5200000.0,tt13833978
2023-08-13,TV (English),3,Gabby's Dollhouse,Gabby's Dollhouse: Season 8,2.4333,4100000.0,tt9165438
2023-08-13,TV (English),4,Heartstopper,Heartstopper: Season 2,4.7,4000000.0,tt10638036
2023-08-13,TV (English),5,Fatal Seduction,Fatal Seduction: Season 1,7.2,2800000.0,tt27951663
2023-08-13,TV (English),6,The Witcher,The Witcher: Season 3,7.6,2800000.0,tt5180504
2023-08-13,TV (English),7,Om Nom Stories,Om Nom Stories: Season 1,0.9833,2400000.0,tt4643420
2023-08-13,TV (English),8,The Lincoln Lawyer,The Lincoln Lawyer: Season 1,8.3167,2200000.0,tt13833978
2023-08-13,TV (English),9,Sweet Magnolias,Sweet Magnolias: Season 3,8.5833,1900000.0,tt9077540
2023-08-13,TV (English),10,Fisk,Fisk: Season 1,2.7167,1800000.0,tt13353168
2023-08-13,TV (Non-English),1,A Perfect Story,A Perfect Story: Limited Series,3.6667,4700000.0,tt23183618
2023-08-13,TV (Non-English),2,King the Land,King the Land: Limited Series,19.0,3200000.0,tt26693803
2023-08-13,TV (Non-English),3,My Happy Marriage,My Happy Marriage: Season 1,2.4333,2300000.0,tt19869172
2023-08-13,TV (Non-English),4,The Tailor,The Tailor: Season 2,5.3833,2100000.0,tt15473010
2023-08-13,TV (Non-English),5,Zombieverse,Zombieverse: Season 1,7.3833,1900000.0,tt26770113
2023-08-13,TV (Non-English),6,The Uncanny Counter,The Uncanny Counter: Season 2: Counter Punch,6.9667,1700000.0,tt13273826
2023-08-13,TV (Non-English),7,Baki Hanma,Baki Hanma: Season 2,5.5333,1500000.0,tt13357140
2023-08-13,TV (Non-English),8,The Last Hours of Mario Biondo,The Last Hours of Mario Biondo: Limited Series,2.15,1500000.0,tt28457132
2023-08-13,TV (Non-English),9,The Tailor,The Tailor: Season 1,4.75,1200000.0,tt15473010
2023-08-13,TV (Non-English),10,D.P.,D.P.: Season 2,5.3167,1100000.0,tt13024974
2023-08-06,Films (English),1,Hidden Strike,,1.7167,23600000.0,tt6879446
2023-08-06,Films (English),2,Happiness for Beginners,,1.7667,13100000.0,tt15509244
2023-08-06,Films (English),3,"Miraculous: Ladybug & Cat Noir, The Movie",,1.7,12500000.0,tt10364034
2023-08-06,Films (English),4,Poisoned: The Dirty Truth About Your Food,,1.4,5100000.0,tt27548083
2023-08-06,Films (English),5,Missing: The Lucie Blackman Case,,1.3667,5000000.0,tt19113292
2023-08-06,Films (English),6,Fatale,,1.7167,5000000.0,tt8829830
2023-08-06,Films (English),7,Shark Bait,,1.4167,3700000.0,tt12550376
2023-08-06,Films (English),8,They Cloned Tyrone,,2.0667,3600000.0,tt9873892
2023-08-06,Films (English),9,River Wild,,1.5167,3400000.0,tt21291992
2023-08-06,Films (Non-English),1,Paradise,,1.9833,15500000.0,tt21308888
2023-08-06,Films (Non-English),2,Soulcatcher,,1.6667,11600000.0,tt28290233
2023-08-06,Films (Non-English),3,Zom 100: Bucket List of the Dead,,2.15,6600000.0,tt20672534
2023-08-06,Films (Non-English),4,Dream,,2.0833,3000000.0,tt1165253
2023-08-06,Films (Non-English),5,The Lady of Silence: The Mataviejitas Murders,,1.85,2100000.0,tt27640680
2023-08-06,Films (Non-English),7,No Ritmo da Fé,,1.5333,1400000.0,tt28506156
2023-08-06,Films (Non-English),8,Big Nunu's Little Heist,,1.55,1200000.0,tt24062912
2023-08-06,Films (Non-English),9,The Murderer,,2.0167,1100000.0,tt22696230
2023-08-06,Films (Non-English),10,Head to Head,,1.5833,1000000.0,tt28306747
2023-08-06,TV (English),1,The Lincoln Lawyer,The Lincoln Lawyer: Season 2,8.1833,6700000.0,tt13833978
2023-08-06,TV (English),2,Heartstopper,Heartstopper: Season 2,4.7,6100000.0,tt10638036
2023-08-06,TV (English),3,The Witcher,The Witcher: Season 3,7.6,5400000.0,tt5180504
2023-08-06,TV (English),4,Sweet Magnolias,Sweet Magnolias: Season 3,8.5833,2900000.0,tt9077540
2023-08-06,TV (English),5,How to Become a Cult Leader,How to Become a Cult Leader: Season 1,3.2333,2300000.0,tt28253602
2023-08-06,TV (English),6,The Lincoln Lawyer,The Lincoln Lawyer: Season 1,8.3167,2100000.0,tt13833978
2023-08-06,TV (English),7,Fatal Seduction,Fatal Seduction: Season 1,7.2,1900000.0,tt27951663
2023-08-06,TV (English),8,Too Hot to Handle,Too Hot to Handle: Season 5,8.25,1900000.0,tt12004280
2023-08-06,TV (English),9,Om Nom Stories,Om Nom Stories: Season 1,0.9833,1700000.0,tt4643420
2023-08-06,TV (English),10,CoComelon,CoComelon: Season 8,1.0667,1600000.0,tt12427840
2023-08-06,TV (Non-English),1,A Perfect Story,A Perfect Story: Limited Series,3.6667,6800000.0,tt23183618
2023-08-06,TV (Non-English),2,The Tailor,The Tailor: Season 2,5.3833,4300000.0,tt15473010
2023-08-06,TV (Non-English),3,King the Land,King the Land: Limited Series,0.0,3600000.0,tt26693803
2023-08-06,TV (Non-English),4,Baki Hanma,Baki Hanma: Season 2,5.5333,3500000.0,tt13357140
2023-08-06,TV (Non-English),5,D.P.,D.P.: Season 2,5.3167,2900000.0,tt13024974
2023-08-06,TV (Non-English),6,My Happy Marriage,My Happy Marriage: Season 1,2.0167,2400000.0,tt19869172
2023-08-06,TV (Non-English),7,The Uncanny Counter,The Uncanny Counter: Season 2: Counter Punch,4.8,2200000.0,tt13273826
2023-08-06,TV (Non-English),8,The Tailor,The Tailor: Season 1,4.75,2000000.0,tt15473010
2023-08-06,TV (Non-English),9,Sintonia,Sintonia: Season 4,6.5667,1800000.0,tt8165086
2023-08-06,TV (Non-English),10,Zom 100: Bucket List of the Dead,Zom 100: Bucket List of the Dead: Season 1,1.6167,1500000.0,tt25811262
2023-07-30,Films (English),1,Hidden Strike,,1.7167,22000000.0,tt6879446
2023-07-30,Films (English),2,"Miraculous: Ladybug & Cat Noir, The Movie",,1.7,12200000.0,tt10364034
2023-07-30,Films (English),3,They Cloned Tyrone,,2.0667,11100000.0,tt9873892
2023-07-30,Films (English),4,Happiness for Beginners,,1.7667,9300000.0,tt15509244
2023-07-30,Films (English),5,Missing: The Lucie Blackman Case,,1.3667,7600000.0,tt19113292
2023-07-30,Films (English),6,The Out-Laws,,1.6167,5500000.0,tt11274492
2023-07-30,Films (English),7,Unknown: Cosmic Time Machine,,1.0833,5200000.0,tt27837488
2023-07-30,Films (English),8,Puss in Boots: The Last Wish,,1.7,4200000.0,tt3915174
2023-07-30,Films (English),9,The Deepest Breath,,1.8333,3500000.0,tt24132732
2023-07-30,Films (English),10,Extraction 2,,2.0667,2900000.0,tt12263384
2023-07-30,Films (Non-English),1,Paradise,,1.9833,8100000.0,tt21308888
2023-07-30,Films (Non-English),3,Dream,,2.0833,4800000.0,tt1165253
2023-07-30,Films (Non-English),4,The (Almost) Legends,,1.6167,2900000.0,tt21737024
2023-07-30,Films (Non-English),5,The Lady of Silence: The Mataviejitas Murders,,1.85,2100000.0,tt27640680
2023-07-30,Films (Non-English),6,Love Tactics 2,,1.65,1800000.0,tt21308698
2023-07-30,Films (Non-English),8,Kingdom,,2.2333,1500000.0,tt9099938
2023-07-30,Films (Non-English),10,Gold Brick,,1.6167,1100000.0,tt27987407
2023-07-30,TV (English),1,The Witcher,The Witcher: Season 3,7.6,7800000.0,tt5180504
2023-07-30,TV (English),2,Sweet Magnolias,Sweet Magnolias: Season 3,8.5833,5300000.0,tt9077540
2023-07-30,TV (English),3,Too Hot to Handle,Too Hot to Handle: Season 5,8.25,3200000.0,tt12004280
2023-07-30,TV (English),4,The Lincoln Lawyer,The Lincoln Lawyer: Season 2,4.2333,3000000.0,tt13833978
2023-07-30,TV (English),5,Survival of the Thickest,Survival of the Thickest: Season 1,3.6,2200000.0,tt17361756
2023-07-30,TV (English),7,Quarterback,Quarterback: Season 1,6.4333,1700000.0,tt26777035
2023-07-30,TV (English),8,Fatal Seduction,Fatal Seduction: Season 1,3.7667,1700000.0,tt27951663
2023-07-30,TV (English),10,CoComelon,CoComelon: Season 8,1.0667,1700000.0,tt12427840
2023-07-30,TV (Non-English),1,Sintonia,Sintonia: Season 4,6.5667,6400000.0,tt8165086
2023-07-30,TV (Non-English),2,Baki Hanma,Baki Hanma: Season 2,5.5333,6000000.0,tt13357140
2023-07-30,TV (Non-English),3,King the Land,King the Land: Limited Series,0.0,4000000.0,tt26693803
2023-07-30,TV (Non-English),4,A Perfect Story,A Perfect Story: Limited Series,3.6667,3200000.0,tt23183618
2023-07-30,TV (Non-English),5,D.P.,D.P.: Season 2,5.3167,2800000.0,tt13024974
2023-07-30,TV (Non-English),6,My Happy Marriage,My Happy Marriage: Season 1,1.6167,2700000.0,tt19869172
2023-07-30,TV (Non-English),7,The Tailor,The Tailor: Season 2,5.3833,2500000.0,tt15473010
2023-07-30,TV (Non-English),8,Burn the House Down,Burn the House Down: Season 1,6.45,2000000.0,tt21327000
2023-07-30,TV (Non-English),9,Zom 100: Bucket List of the Dead,Zom 100: Bucket List of the Dead: Season 1,1.2,1800000.0,tt25811262
2023-07-30,TV (Non-English),10,Jujutsu Kaisen,Jujutsu Kaisen: Season 2,1.6,1600000.0,tt12343534
2023-07-23,Films (English),1,The Out-Laws,,1.6167,12100000.0,tt11274492
2023-07-23,Films (English),2,Unknown: Cave of Bones,,1.5833,6500000.0,tt27837467
2023-07-23,Films (English),3,They Cloned Tyrone,,2.0667,6300000.0,tt9873892
2023-07-23,Films (English),4,Puss in Boots: The Last Wish,,1.7,6200000.0,tt3915174
2023-07-23,Films (English),5,The Deepest Breath,,1.8333,4600000.0,tt24132732
2023-07-23,Films (English),6,Ride Along,,1.65,4300000.0,tt1408253
2023-07-23,Films (English),7,Man on Fire,,2.4333,3900000.0,tt0328107
2023-07-23,Films (English),8,Extraction 2,,2.0667,3800000.0,tt12263384
2023-07-23,Films (English),9,Nimona,,1.7167,3400000.0,tt19500164
2023-07-23,Films (English),10,Captain Underpants: The First Epic Movie,,1.4833,3100000.0,tt2091256
2023-07-23,Films (Non-English),2,Love Tactics 2,,1.65,5200000.0,tt21308698
2023-07-23,Films (Non-English),3,Kingdom,,2.2333,3000000.0,tt9099938
2023-07-23,Films (Non-English),4,The (Almost) Legends,,1.6167,2800000.0,tt21737024
2023-07-23,Films (Non-English),5,Gold Brick,,1.6167,2700000.0,tt27987407
2023-07-23,Films (Non-English),6,Mr. Car and the Knights Templar,,1.85,2600000.0,tt27876411
2023-07-23,Films (Non-English),8,Luccas Neto em: O Meu Aniversário,,1.3,1500000.0,tt32188500
2023-07-23,Films (Non-English),9,Seasons,,1.8167,1300000.0,tt4283358
2023-07-23,Films (Non-English),10,Bear Man,,1.6167,1200000.0,tt26599543
2023-07-23,TV (English),1,Sweet Magnolias,Sweet Magnolias: Season 3,8.5833,4600000.0,tt9077540
2023-07-23,TV (English),2,The Lincoln Lawyer,The Lincoln Lawyer: Season 2,4.2333,4600000.0,tt13833978
2023-07-23,TV (English),3,The Witcher,The Witcher: Season 3,4.8167,4200000.0,tt5180504
2023-07-23,TV (English),4,Too Hot to Handle,Too Hot to Handle: Season 5,5.8667,4100000.0,tt12004280
2023-07-23,TV (English),5,Survival of the Thickest,Survival of the Thickest: Season 1,3.6,3800000.0,tt17361756
2023-07-23,TV (English),6,Fatal Seduction,Fatal Seduction: Season 1,3.7667,3200000.0,tt27951663
2023-07-23,TV (English),7,Quarterback,Quarterback: Season 1,6.4333,2900000.0,tt26777035
2023-07-23,TV (English),8,Suits,Suits: Season 1,0.0,2200000.0,tt1632701
2023-07-23,TV (English),9,The Lincoln Lawyer,The Lincoln Lawyer: Season 1,8.3167,2100000.0,tt13833978
2023-07-23,TV (English),10,Sonic Prime,Sonic Prime: Season 2,3.2333,2100000.0,tt13961348
2023-07-23,TV (Non-English),1,King the Land,King the Land: Limited Series,0.0,4700000.0,tt26693803
2023-07-23,TV (Non-English),2,Burn the House Down,Burn the House Down: Season 1,6.45,3500000.0,tt21327000
2023-07-23,TV (Non-English),3,Kohrra,Kohrra: Season 1,4.8333,2400000.0,tt27853283
2023-07-23,TV (Non-English),4,My Happy Marriage,My Happy Marriage: Season 1,1.2167,2100000.0,tt19869172
2023-07-23,TV (Non-English),5,Jujutsu Kaisen,Jujutsu Kaisen: Season 2,1.2,1800000.0,tt12343534
2023-07-23,TV (Non-English),6,Celebrity,Celebrity: Limited Series,8.9833,1800000.0,tt26315488
2023-07-23,TV (Non-English),7,Zom 100: Bucket List of the Dead,Zom 100: Bucket List of the Dead: Season 1,1.2,1600000.0,tt25811262
2023-07-23,TV (Non-English),8,See You in My 19th Life,See You in My 19th Life: Limited Series,12.3,1500000.0,tt27838483
2023-07-23,TV (Non-English),9,Record of Ragnarok,Record of Ragnarok: Season 2,6.2667,1500000.0,tt13676344
2023-07-23,TV (Non-English),10,The Surrogacy,The Surrogacy: Season 1,15.1667,1400000.0,tt27787160
2023-07-16,Films (English),1,The Out-Laws,,1.6167,28600000.0,tt11274492
2023-07-16,Films (English),2,65,,1.55,6800000.0,tt12261776
2023-07-16,Films (English),3,Puss in Boots: The Last Wish,,1.7,5500000.0,tt3915174
2023-07-16,Films (English),4,Extraction 2,,2.0667,5200000.0,tt12263384
2023-07-16,Films (English),5,Nimona,,1.7167,4700000.0,tt19500164
2023-07-16,Films (English),6,Sing,,1.8,3600000.0,tt3470600
2023-07-16,Films (English),7,The Tutor,,1.55,3200000.0,tt19637278
2023-07-16,Films (English),8,Paw Patrol: The Movie,,1.4333,3100000.0,tt11832046
2023-07-16,Films (English),9,Mafia Mamma,,1.6833,2800000.0,tt13923456
2023-07-16,Films (English),10,Unknown: Killer Robots,,1.1667,2700000.0,tt27837442
2023-07-16,Films (Non-English),2,Gold Brick,,1.6167,6200000.0,tt27987407
2023-07-16,Films (Non-English),3,Mr. Car and the Knights Templar,,1.85,4200000.0,tt27876411
2023-07-16,Films (Non-English),4,Love Tactics 2,,1.65,4100000.0,tt21308698
2023-07-16,Films (Non-English),5,Seasons,,1.8167,2800000.0,tt4283358
2023-07-16,Films (Non-English),6,Make Me Believe,,1.7333,1600000.0,tt21257152
2023-07-16,Films (Non-English),8,Lust Stories 2,,2.2167,1200000.0,tt27989067
2023-07-16,Films (Non-English),9,Rebound,,2.0333,1000000.0,tt0376108
2023-07-16,Films (Non-English),10,A Beautiful Life,,1.6667,800000.0,tt15282148
2023-07-16,TV (English),1,The Lincoln Lawyer,The Lincoln Lawyer: Season 2,4.2333,8300000.0,tt13833978
2023-07-16,TV (English),2,The Witcher,The Witcher: Season 3,4.8167,6700000.0,tt5180504
2023-07-16,TV (English),3,Fatal Seduction,Fatal Seduction: Season 1,3.7667,6600000.0,tt27951663
2023-07-16,TV (English),4,Survival of the Thickest,Survival of the Thickest: Season 1,3.6,3700000.0,tt17361756
2023-07-16,TV (English),5,The Lincoln Lawyer,The Lincoln Lawyer: Season 1,8.3167,3400000.0,tt13833978
2023-07-16,TV (English),6,Quarterback,Quarterback: Season 1,6.4333,3300000.0,tt26777035
2023-07-16,TV (English),7,Too Hot to Handle,Too Hot to Handle: Season 5,3.2333,2800000.0,tt12004280
2023-07-16,TV (English),8,Is It Cake?,"Is It Cake?: Is It Cake, Too?",5.8667,2600000.0,tt18314214
2023-07-16,TV (English),9,Hack My Home,Hack My Home: Season 1,4.55,2600000.0,tt27999986
2023-07-16,TV (English),10,Sonic Prime,Sonic Prime: Season 2,3.2333,2400000.0,tt13961348
2023-07-16,TV (Non-English),1,King the Land,King the Land: Limited Series,0.0,4600000.0,tt26693803
2023-07-16,TV (Non-English),2,Celebrity,Celebrity: Limited Series,8.9833,3300000.0,tt26315488
2023-07-16,TV (Non-English),3,Record of Ragnarok,Record of Ragnarok: Season 2,0.0,3000000.0,tt13676344
2023-07-16,TV (Non-English),4,Burn the House Down,Burn the House Down: Season 1,6.45,2600000.0,tt21327000
2023-07-16,TV (Non-English),5,Jujutsu Kaisen,Jujutsu Kaisen: Season 2,0.8,2400000.0,tt12343534
2023-07-16,TV (Non-English),6,My Happy Marriage,My Happy Marriage: Season 1,0.8167,2000000.0,tt19869172
2023-07-16,TV (Non-English),7,The Surrogacy,The Surrogacy: Season 1,15.1667,1700000.0,tt27787160
2023-07-16,TV (Non-English),8,See You in My 19th Life,See You in My 19th Life: Limited Series,10.2667,1700000.0,tt27838483
2023-07-16,TV (Non-English),9,Zom 100: Bucket List of the Dead,Zom 100: Bucket List of the Dead: Season 1,0.8,1600000.0,tt25811262
2023-07-16,TV (Non-English),10,Back to 15,Back to 15: Season 2,3.9,1400000.0,tt15301854
2023-07-09,Films (English),1,The Out-Laws,,1.6167,19600000.0,tt11274492
2023-07-09,Films (English),2,Extraction 2,,2.0667,8900000.0,tt12263384
2023-07-09,Films (English),3,Nimona,,1.7167,6700000.0,tt19500164
2023-07-09,Films (English),4,Run Rabbit Run,,1.6833,5900000.0,tt12547822
2023-07-09,Films (English),5,Unknown: The Lost Pyramid,,1.4,5600000.0,tt27837387
2023-07-09,Films (English),7,Old Henry,,1.65,4900000.0,tt12731980
2023-07-09,Films (English),8,WHAM!,,1.5333,4400000.0,tt27726927
2023-07-09,Films (English),9,Skyscraper,,1.7,4400000.0,tt5758778
2023-07-09,Films (English),10,Woody Woodpecker,,1.5167,4200000.0,tt2114504
2023-07-09,Films (Non-English),1,Make Me Believe,,1.7333,3800000.0,tt21257152
2023-07-09,Films (Non-English),2,Gold Brick,,1.6167,3400000.0,tt27987407
2023-07-09,Films (Non-English),3,Lust Stories 2,,2.2167,3000000.0,tt27989067
2023-07-09,Films (Non-English),5,Afwaah,,2.0333,1500000.0,tt15832148
2023-07-09,Films (Non-English),6,Seasons,,1.8167,1100000.0,tt4283358
2023-07-09,Films (Non-English),7,A Beautiful Life,,1.6667,1100000.0,tt15282148
2023-07-09,Films (Non-English),8,iNumber Number: Jozi Gold,,1.9,1100000.0,tt27728519
2023-07-09,Films (Non-English),9,Through My Window,,1.9,900000.0,tt14463484
2023-07-09,Films (Non-English),10,Faithfully Yours,,1.5833,900000.0,tt20119468
2023-07-09,TV (English),1,The Witcher,The Witcher: Season 3,4.8167,13800000.0,tt5180504
2023-07-09,TV (English),2,The Lincoln Lawyer,The Lincoln Lawyer: Season 2,4.2333,7400000.0,tt13833978
2023-07-09,TV (English),3,Fatal Seduction,Fatal Seduction: Season 1,3.7667,5100000.0,tt27951663
2023-07-09,TV (English),5,Is It Cake?,"Is It Cake?: Is It Cake, Too?",5.8667,4000000.0,tt18314214
2023-07-09,TV (English),6,Black Mirror,Black Mirror: Season 6,5.2,3200000.0,tt2085059
2023-07-09,TV (English),7,The Witcher,The Witcher: Season 1,8.0,2600000.0,tt5180504
2023-07-09,TV (English),8,The Witcher,The Witcher: Season 2,7.6833,2400000.0,tt5180504
2023-07-09,TV (English),9,The Lincoln Lawyer,The Lincoln Lawyer: Season 1,8.3167,2300000.0,tt13833978
2023-07-09,TV (English),10,Suits,Suits: Season 1,0.0,2300000.0,tt1632701
2023-07-09,TV (Non-English),1,Celebrity,Celebrity: Limited Series,8.9833,5600000.0,tt26315488
2023-07-09,TV (Non-English),2,King the Land,King the Land: Limited Series,0.0,3600000.0,tt26693803
2023-07-09,TV (Non-English),3,The Surrogacy,The Surrogacy: Season 1,15.1667,2200000.0,tt27787160
2023-07-09,TV (Non-English),4,See You in My 19th Life,See You in My 19th Life: Limited Series,8.1333,2000000.0,tt27838483
2023-07-09,TV (Non-English),5,Back to 15,Back to 15: Season 2,3.9,2000000.0,tt15301854
2023-07-09,TV (Non-English),6,Bloodhounds,Bloodhounds: Season 1,8.1333,1600000.0,tt26315487
2023-07-09,TV (Non-English),7,Fake Profile,Fake Profile: Season 1,6.3333,1500000.0,tt14494938
2023-07-09,TV (Non-English),8,Doom at Your Service,,17.1,1500000.0,tt13669128
2023-07-09,TV (Non-English),9,Sleeping Dog,Sleeping Dog: Limited Series,5.2,1400000.0,tt25375244
2023-07-09,TV (Non-English),10,DELETE,DELETE: Season 1,6.2333,1200000.0,tt2316306
2023-07-02,Films (English),1,Extraction 2,,2.0667,17500000.0,tt12263384
2023-07-02,Films (English),2,The Perfect Find,,1.6667,11000000.0,tt8400584
2023-07-02,Films (English),3,Run Rabbit Run,,1.6833,8400000.0,tt12547822
2023-07-02,Films (English),4,Extraction,,1.9667,6000000.0,tt8936646
2023-07-02,Films (English),5,Take Care of Maya,,1.7333,4600000.0,tt27542448
2023-07-02,Films (English),6,Paw Patrol: The Movie,,1.4333,4500000.0,tt11832046
2023-07-02,Films (English),8,Ghosts of the Abyss,,1.4667,3300000.0,tt0297144
2023-07-02,Films (English),9,Nimona,,1.7167,3200000.0,tt19500164
2023-07-02,Films (Non-English),2,Make Me Believe,,1.7333,9600000.0,tt21257152
2023-07-02,Films (Non-English),3,iNumber Number: Jozi Gold,,1.9,5000000.0,tt27728519
2023-07-02,Films (Non-English),4,Lust Stories 2,,2.2167,4200000.0,tt27989067
2023-07-02,Films (Non-English),5,Through My Window,,1.9,2600000.0,tt14463484
2023-07-02,Films (Non-English),6,King of Clones,,1.4333,2000000.0,tt27846314
2023-07-02,Films (Non-English),7,A Beautiful Life,,1.6667,1600000.0,tt15282148
2023-07-02,Films (Non-English),8,Black Clover: Sword of the Wizard King,,1.8833,1200000.0,tt22868844
2023-07-02,Films (Non-English),9,Afwaah,,2.0333,1100000.0,tt15832148
2023-07-02,Films (Non-English),10,You Do You,,1.6833,1100000.0,tt19121700
2023-07-02,TV (English),1,The Witcher,The Witcher: Season 3,4.8167,15200000.0,tt5180504
2023-07-02,TV (English),2,Black Mirror,Black Mirror: Season 6,5.2,5400000.0,tt2085059
2023-07-02,TV (English),3,Catching Killers,Catching Killers: Season 3,3.0667,4100000.0,tt15723914
2023-07-02,TV (English),4,Glamorous,Glamorous: Season 1,7.45,3500000.0,tt19503218
2023-07-02,TV (English),5,Our Planet,Our Planet: II,3.3833,2900000.0,tt9253866
2023-07-02,TV (English),6,Never Have I Ever,Never Have I Ever: Season 4,4.9167,2900000.0,tt10062292
2023-07-02,TV (English),7,Suits,Suits: Season 1,0.0,2900000.0,tt1632701
2023-07-02,TV (English),8,Muscles & Mayhem: An Unauthorized Story of American Gladiators,Muscles & Mayhem: An Unauthorized Story of American Gladiators: Limited Series,3.55,2800000.0,tt27851747
2023-07-02,TV (English),9,Titans,Titans: Season 4,9.95,2200000.0,tt1043813
2023-07-02,TV (English),10,The Witcher,The Witcher: Season 1,8.0,2200000.0,tt5180504
2023-07-02,TV (Non-English),1,King the Land,King the Land: Limited Series,0.0,4000000.0,tt26693803
2023-07-02,TV (Non-English),2,Sleeping Dog,Sleeping Dog: Limited Series,5.2,3800000.0,tt25375244
2023-07-02,TV (Non-English),3,The Surrogacy,The Surrogacy: Season 1,15.1667,3100000.0,tt27787160
2023-07-02,TV (Non-English),4,Bloodhounds,Bloodhounds: Season 1,8.1333,2600000.0,tt26315487
2023-07-02,TV (Non-English),5,See You in My 19th Life,See You in My 19th Life: Limited Series,6.0833,2300000.0,tt27838483
2023-07-02,TV (Non-English),6,Fake Profile,Fake Profile: Season 1,6.3333,2100000.0,tt14494938
2023-07-02,TV (Non-English),7,DELETE,DELETE: Season 1,6.2333,2000000.0,tt2316306
2023-07-02,TV (Non-English),8,Celebrity,Celebrity: Limited Series,8.9833,1900000.0,tt26315488
2023-07-02,TV (Non-English),9,Lies Hidden in my Garden,Lies Hidden in my Garden: Season 1,4.0667,1100000.0,tt27763346
2023-07-02,TV (Non-English),10,Let's Get Divorced,Let's Get Divorced: Season 1,9.3667,900000.0,tt15567320
2023-06-25,Films (English),1,Extraction 2,,2.0667,42200000.0,tt12263384
2023-06-25,Films (English),2,Extraction,,1.9667,13800000.0,tt8936646
2023-06-25,Films (English),3,Take Care of Maya,,1.7333,9200000.0,tt27542448
2023-06-25,Films (English),4,The Perfect Find,,1.6667,7000000.0,tt8400584
2023-06-25,Films (English),5,Paw Patrol: The Movie,,1.4333,6300000.0,tt11832046
2023-06-25,Films (English),6,The Mule,,1.7,5400000.0,tt7959026
2023-06-25,Films (English),7,What Happens in Vegas,,1.65,4600000.0,tt1033643
2023-06-25,Films (English),8,The Boss Baby,,1.6333,2800000.0,tt3874544
2023-06-25,Films (English),9,Get Out,,1.7333,2400000.0,tt5052448
2023-06-25,Films (English),10,47 Ronin,,2.0167,2300000.0,tt1335975
2023-06-25,Films (Non-English),2,Make Me Believe,,1.7333,6600000.0,tt21257152
2023-06-25,Films (Non-English),3,Black Clover: Sword of the Wizard King,,1.8833,4100000.0,tt22868844
2023-06-25,Films (Non-English),4,You Do You,,1.6833,2700000.0,tt19121700
2023-06-25,Films (Non-English),5,Through My Window,,1.9,2600000.0,tt14463484
2023-06-25,Films (Non-English),6,iNumber Number: Jozi Gold,,1.9,2100000.0,tt27728519
2023-06-25,Films (Non-English),7,A Beautiful Life,,1.6667,1900000.0,tt15282148
2023-06-25,Films (Non-English),8,The Wonder Weeks,,1.5167,1600000.0,tt22506746
2023-06-25,Films (Non-English),9,Tin & Tina,,2.0,1600000.0,tt7354440
2023-06-25,Films (Non-English),10,THE VILLAGE,,2.0167,1600000.0,tt0368447
2023-06-25,TV (English),1,Black Mirror,Black Mirror: Season 6,5.2,11600000.0,tt2085059
2023-06-25,TV (English),2,Never Have I Ever,Never Have I Ever: Season 4,4.9167,5000000.0,tt10062292
2023-06-25,TV (English),3,Our Planet,Our Planet: II,3.3833,4000000.0,tt9253866
2023-06-25,TV (English),4,Catching Killers,Catching Killers: Season 3,3.0667,3100000.0,tt15723914
2023-06-25,TV (English),5,Suits,Suits: Season 1,0.0,3000000.0,tt1632701
2023-06-25,TV (English),7,Arnold,Arnold: Limited Series,3.1833,2500000.0,tt27713897
2023-06-25,TV (English),8,Glamorous,Glamorous: Season 1,7.45,2300000.0,tt19503218
2023-06-25,TV (English),9,Black Mirror,Black Mirror: Season 1,2.6,2300000.0,tt2085059
2023-06-25,TV (English),10,FUBAR,FUBAR: Season 1,7.1333,2100000.0,tt13064902
2023-06-25,TV (Non-English),1,The Surrogacy,The Surrogacy: Season 1,15.1667,5300000.0,tt27787160
2023-06-25,TV (Non-English),2,King the Land,King the Land: Limited Series,0.0,4700000.0,tt26693803
2023-06-25,TV (Non-English),3,Bloodhounds,Bloodhounds: Season 1,8.1333,4600000.0,tt26315487
2023-06-25,TV (Non-English),4,Sleeping Dog,Sleeping Dog: Limited Series,5.2,4400000.0,tt25375244
2023-06-25,TV (Non-English),5,Fake Profile,Fake Profile: Season 1,6.3333,3300000.0,tt14494938
2023-06-25,TV (Non-English),6,See You in My 19th Life,See You in My 19th Life: Limited Series,4.05,1900000.0,tt27838483
2023-06-25,TV (Non-English),7,Demon Slayer: Kimetsu no Yaiba,Demon Slayer: Kimetsu no Yaiba: Swordsmith Village Arc,0.0,1300000.0,tt9335498
2023-06-25,TV (Non-English),8,Lies Hidden in my Garden,Lies Hidden in my Garden: Season 1,1.9333,1100000.0,tt27763346
2023-06-25,TV (Non-English),9,Valeria,Valeria: Season 3,5.3667,1000000.0,tt9731288
2023-06-25,TV (Non-English),10,Love Is Blind: Brazil,Love Is Blind: Brazil: Season 3,8.8333,1000000.0,tt15018224
2023-06-18,Films (English),1,Extraction 2,,2.0667,42800000.0,tt12263384
2023-06-18,Films (English),2,Extraction,,1.9667,9600000.0,tt8936646
2023-06-18,Films (English),3,Paw Patrol: The Movie,,1.4333,6600000.0,tt11832046
2023-06-18,Films (English),4,The Boss Baby,,1.6333,3600000.0,tt3874544
2023-06-18,Films (English),5,Assassin's Creed,,1.9167,2800000.0,tt2094766
2023-06-18,Films (English),6,The Mother,,1.95,2800000.0,tt6968614
2023-06-18,Films (English),7,The Angry Birds Movie,,1.6333,2600000.0,tt1985949
2023-06-18,Films (English),8,Abduction,,1.7667,2300000.0,tt1600195
2023-06-18,Films (English),9,Shooter,,2.0833,2300000.0,tt0822854
2023-06-18,Films (English),10,Prisoners,,2.55,2000000.0,tt1392214
2023-06-18,Films (Non-English),1,You Do You,,1.6833,8600000.0,tt19121700
2023-06-18,Films (Non-English),2,Black Clover: Sword of the Wizard King,,1.8833,6400000.0,tt22868844
2023-06-18,Films (Non-English),3,The Wonder Weeks,,1.5167,4100000.0,tt22506746
2023-06-18,Films (Non-English),4,A Beautiful Life,,1.6667,4000000.0,tt15282148
2023-06-18,Films (Non-English),5,Tin & Tina,,2.0,2300000.0,tt7354440
2023-06-18,Films (Non-English),6,Blood & Gold,,1.65,1600000.0,tt18073328
2023-06-18,Films (Non-English),7,Gumraah,,2.1167,1600000.0,tt11905536
2023-06-18,Films (Non-English),8,Faithfully Yours,,1.5833,1100000.0,tt20119468
2023-06-18,Films (Non-English),9,THE VILLAGE,,2.0167,1000000.0,tt0368447
2023-06-18,Films (Non-English),10,Mother's Day,,1.5833,1000000.0,tt4824302
2023-06-18,TV (English),1,Never Have I Ever,Never Have I Ever: Season 4,4.9167,11500000.0,tt10062292
2023-06-18,TV (English),2,Black Mirror,Black Mirror: Season 6,5.2,11300000.0,tt2085059
2023-06-18,TV (English),3,Arnold,Arnold: Limited Series,3.1833,5200000.0,tt27713897
2023-06-18,TV (English),4,Our Planet,Our Planet: II,3.3833,3500000.0,tt9253866
2023-06-18,TV (English),5,FUBAR,FUBAR: Season 1,7.1333,3400000.0,tt13064902
2023-06-18,TV (English),6,Tex Mex Motors,Tex Mex Motors: Season 1,4.8833,2800000.0,tt27738618
2023-06-18,TV (English),7,Manifest,Manifest: Season 4,15.5833,2800000.0,tt8421350
2023-06-18,TV (English),8,Never Have I Ever,Never Have I Ever: Season 1,4.5833,2600000.0,tt10062292
2023-06-18,TV (English),10,Never Have I Ever,Never Have I Ever: Season 3,4.7,2300000.0,tt10062292
2023-06-18,TV (Non-English),1,Bloodhounds,Bloodhounds: Season 1,8.1333,8100000.0,tt26315487
2023-06-18,TV (Non-English),2,Fake Profile,Fake Profile: Season 1,6.3333,5600000.0,tt14494938
2023-06-18,TV (Non-English),3,The Surrogacy,The Surrogacy: Season 1,15.1667,3800000.0,tt27787160
2023-06-18,TV (Non-English),4,THE DAYS,THE DAYS: Limited Series,7.35,1700000.0,tt22074484
2023-06-18,TV (Non-English),5,Valeria,Valeria: Season 3,5.3667,1600000.0,tt9731288
2023-06-18,TV (Non-English),6,Love Is Blind: Brazil,Love Is Blind: Brazil: Season 3,7.0667,1600000.0,tt15018224
2023-06-18,TV (Non-English),7,King the Land,King the Land: Limited Series,0.0,1600000.0,tt26693803
2023-06-18,TV (Non-English),8,Tour de France: Unchained,Tour de France: Unchained: Season 1,5.5667,1500000.0,tt19296314
2023-06-18,TV (Non-English),9,The Playing Card Killer,The Playing Card Killer: Limited Series,2.5167,1300000.0,tt27749701
2023-06-18,TV (Non-English),10,The Good Bad Mother,The Good Bad Mother: Limited Series,0.0,1200000.0,tt27042206
2023-06-11,Films (English),1,Prisoners,,,,tt1392214
2023-06-11,Films (English),2,Shooter,,,,tt0822854
2023-06-11,Films (English),3,Abduction,,,,tt1600195
2023-06-11,Films (English),4,The Mother,,,,tt6968614
2023-06-11,Films (English),5,The Boss Baby,,,,tt3874544
2023-06-11,Films (English),6,We're the Millers,,,,tt1723121
2023-06-11,Films (English),7,The Angry Birds Movie,,,,tt1985949
2023-06-11,Films (English),8,The Company Men,,,,tt1172991
2023-06-11,Films (English),9,Grown Ups 2,,,,tt2191701
2023-06-11,Films (English),10,The Choice,,,,tt3797868
2023-06-11,Films (Non-English),1,A Beautiful Life,,,,tt15282148
2023-06-11,Films (Non-English),2,You Do You,,,,tt19121700
2023-06-11,Films (Non-English),3,Tin & Tina,,,,tt7354440
2023-06-11,Films (Non-English),4,Gumraah,,,,tt11905536
2023-06-11,Films (Non-English),5,Blood & Gold,,,,tt18073328
2023-06-11,Films (Non-English),6,Rich in Love 2,,,,tt23144234
2023-06-11,Films (Non-English),7,Mixed by Erry,,,,tt16425284
2023-06-11,Films (Non-English),8,Where the Tracks End,,,,tt21735972
2023-06-11,Films (Non-English),9,Missed Connections,,,,tt5518902
2023-06-11,Films (Non-English),10,Mother's Day,,,,tt4824302
2023-06-11,TV (English),1,Manifest,Manifest: Season 4,,,tt8421350
2023-06-11,TV (English),2,Never Have I Ever,Never Have I Ever: Season 4,,,tt10062292
2023-06-11,TV (English),3,FUBAR,FUBAR: Season 1,,,tt13064902
2023-06-11,TV (English),4,Arnold,Arnold: Limited Series,,,tt27713897
2023-06-11,TV (English),5,Manifest,Manifest: Season 1,,,tt8421350
2023-06-11,TV (English),6,The Ultimatum: Queer Love,The Ultimatum: Queer Love: Season 1,,,tt22326484
2023-06-11,TV (English),7,Queen Charlotte: A Bridgerton Story,,,,tt14661396
2023-06-11,TV (English),8,"XO, Kitty","XO, Kitty: Season 1",,,tt14490706
2023-06-11,TV (English),9,All American,All American: Season 5,,,tt7414406
2023-06-11,TV (English),10,S.W.A.T.,S.W.A.T.: Season 1,,,tt6111130
2023-06-11,TV (Non-English),1,Fake Profile,Fake Profile: Season 1,,,tt14494938
2023-06-11,TV (Non-English),2,Bloodhounds,Bloodhounds: Season 1,,,tt26315487
2023-06-11,TV (Non-English),3,The Good Bad Mother,The Good Bad Mother: Limited Series,,,tt27042206
2023-06-11,TV (Non-English),4,Doctor Cha,Doctor Cha: Limited Series,,,tt27075857
2023-06-11,TV (Non-English),5,THE DAYS,THE DAYS: Limited Series,,,tt22074484
2023-06-11,TV (Non-English),6,Valeria,Valeria: Season 3,,,tt9731288
2023-06-11,TV (Non-English),7,Agency,Agency: Season 1,,,tt26253514
2023-06-11,TV (Non-English),8,La Reina del Sur,La Reina del Sur: Season 3,,,tt1704637
2023-06-11,TV (Non-English),9,Turn of the Tide,Turn of the Tide: Season 1,,,tt20268688
2023-06-11,TV (Non-English),10,Valeria,Valeria: Season 1,,,tt9731288
2023-06-04,Films (English),1,The Mother,,,,tt6968614
2023-06-04,Films (English),2,The Boss Baby,,,,tt3874544
2023-06-04,Films (English),3,Missing,,,,tt10855768
2023-06-04,Films (English),4,2 Hearts,,,,tt5616176
2023-06-04,Films (English),5,Shooter,,,,tt0822854
2023-06-04,Films (English),6,We're the Millers,,,,tt1723121
2023-06-04,Films (English),7,Dirty Grandpa,,,,tt1860213
2023-06-04,Films (English),8,To Leslie,,,,tt8129806
2023-06-04,Films (English),9,The Choice,,,,tt3797868
2023-06-04,Films (English),10,F9: The Fast Saga,,,,tt5433138
2023-06-04,Films (Non-English),1,Blood & Gold,,,,tt18073328
2023-06-04,Films (Non-English),2,Tin & Tina,,,,tt7354440
2023-06-04,Films (Non-English),3,A Beautiful Life,,,,tt15282148
2023-06-04,Films (Non-English),4,The Year I Started Masturbating,,,,tt15411160
2023-06-04,Films (Non-English),5,Mother's Day,,,,tt4824302
2023-06-04,Films (Non-English),6,Where the Tracks End,,,,tt21735972
2023-06-04,Films (Non-English),7,Hard Feelings,,,,tt20256412
2023-06-04,Films (Non-English),8,Rich in Love 2,,,,tt23144234
2023-06-04,Films (Non-English),9,Faithfully Yours,,,,tt20119468
2023-06-04,Films (Non-English),10,¡Que viva México!,,,,tt22185848
2023-06-04,TV (English),1,FUBAR,FUBAR: Season 1,,,tt13064902
2023-06-04,TV (English),2,Manifest,Manifest: Season 4,,,tt8421350
2023-06-04,TV (English),3,"XO, Kitty","XO, Kitty: Season 1",,,tt14490706
2023-06-04,TV (English),4,Queen Charlotte: A Bridgerton Story,,,,tt14661396
2023-06-04,TV (English),5,All American,All American: Season 5,,,tt7414406
2023-06-04,TV (English),6,S.W.A.T.,S.W.A.T.: Season 1,,,tt6111130
2023-06-04,TV (English),7,The Ultimatum: Queer Love,The Ultimatum: Queer Love: Season 1,,,tt22326484
2023-06-04,TV (English),9,Selling Sunset,Selling Sunset: Season 6,,,tt9817298
2023-06-04,TV (English),10,Firefly Lane,Firefly Lane: Season 2,,,tt9012876
2023-06-04,TV (Non-English),1,Fake Profile,Fake Profile: Season 1,,,tt14494938
2023-06-04,TV (Non-English),2,Doctor Cha,Doctor Cha: Limited Series,,,tt27075857
2023-06-04,TV (Non-English),3,The Good Bad Mother,The Good Bad Mother: Limited Series,,,tt27042206
2023-06-04,TV (Non-English),4,Muted,Muted: Limited Series,,,tt20477492
2023-06-04,TV (Non-English),5,THE DAYS,THE DAYS: Limited Series,,,tt22074484
2023-06-04,TV (Non-English),6,La Reina del Sur,La Reina del Sur: Season 3,,,tt1704637
2023-06-04,TV (Non-English),7,Turn of the Tide,Turn of the Tide: Season 1,,,tt20268688
2023-06-04,TV (Non-English),8,Valeria,Valeria: Season 3,,,tt9731288
2023-06-04,TV (Non-English),10,Agency,Agency: Season 1,,,tt26253514
2023-05-28,Films (English),1,The Mother,,,,tt6968614
2023-05-28,Films (English),2,2 Hearts,,,,tt5616176
2023-05-28,Films (English),3,Missing,,,,tt10855768
2023-05-28,Films (English),4,The Son,,,,tt14458442
2023-05-28,Films (English),5,The Great Wall,,,,tt2034800
2023-05-28,Films (English),6,Victim/Suspect,,,,tt24079788
2023-05-28,Films (English),7,Ted,,,,tt1637725
2023-05-28,Films (English),8,Anna Nicole Smith: You Don't Know Me,,,,tt16951452
2023-05-28,Films (English),9,The Boss Baby,,,,tt3874544
2023-05-28,Films (English),10,A Man Called Otto,,,,tt7405458
2023-05-28,Films (Non-English),1,Mother's Day,,,,tt4824302
2023-05-28,Films (Non-English),2,Blood & Gold,,,,tt18073328
2023-05-28,Films (Non-English),3,Tin & Tina,,,,tt7354440
2023-05-28,Films (Non-English),4,Faithfully Yours,,,,tt20119468
2023-05-28,Films (Non-English),5,Hard Feelings,,,,tt20256412
2023-05-28,Films (Non-English),6,¡Que viva México!,,,,tt22185848
2023-05-28,Films (Non-English),7,Where the Tracks End,,,,tt21735972
2023-05-28,Films (Non-English),9,The Year I Started Masturbating,,,,tt15411160
2023-05-28,TV (English),1,FUBAR,FUBAR: Season 1,,,tt13064902
2023-05-28,TV (English),2,"XO, Kitty","XO, Kitty: Season 1",,,tt14490706
2023-05-28,TV (English),3,Queen Charlotte: A Bridgerton Story,,,,tt14661396
2023-05-28,TV (English),4,Selling Sunset,Selling Sunset: Season 6,,,tt9817298
2023-05-28,TV (English),5,S.W.A.T.,S.W.A.T.: Season 1,,,tt6111130
2023-05-28,TV (English),6,All American,All American: Season 5,,,tt7414406
2023-05-28,TV (English),7,Firefly Lane,Firefly Lane: Season 2,,,tt9012876
2023-05-28,TV (English),8,Maid,Maid: Limited Series,,,tt11337908
2023-05-28,TV (English),9,The Night Agent,The Night Agent: Season 1,,,tt13918776
2023-05-28,TV (English),10,Bridgerton,Bridgerton: Season 2,,,tt8740790
2023-05-28,TV (Non-English),1,Muted,Muted: Limited Series,,,tt20477492
2023-05-28,TV (Non-English),2,Doctor Cha,Doctor Cha: Limited Series,,,tt27075857
2023-05-28,TV (Non-English),3,The Good Bad Mother,The Good Bad Mother: Limited Series,,,tt27042206
2023-05-28,TV (Non-English),4,La Reina del Sur,La Reina del Sur: Season 3,,,tt1704637
2023-05-28,TV (Non-English),5,Black Knight,Black Knight: Season 1,,,tt17013106
2023-05-28,TV (Non-English),7,The Marked Heart,The Marked Heart: Season 2,,,tt18974572
2023-05-28,TV (Non-English),8,Rhythm + Flow France,Rhythm + Flow France: Season 2,,,tt20192132
2023-05-28,TV (Non-English),9,The Marked Heart,The Marked Heart: Season 1,,,tt18974572
2023-05-28,TV (Non-English),10,Chiquititas,,,,tt0154063
2023-05-21,Films (English),1,The Mother,,,,tt6968614
2023-05-21,Films (English),2,Anna Nicole Smith: You Don't Know Me,,,,tt16951452
2023-05-21,Films (English),3,Ted,,,,tt1637725
2023-05-21,Films (English),4,A Man Called Otto,,,,tt7405458
2023-05-21,Films (English),5,Synchronic,,,,tt9016974
2023-05-21,Films (English),6,Missing,,,,tt10855768
2023-05-21,Films (English),7,Harry Potter and the Sorcerer's Stone,,,,tt0241527
2023-05-21,Films (English),8,The Croods,,,,tt0481499
2023-05-21,Films (English),9,UglyDolls,,,,tt1946502
2023-05-21,Films (English),10,The Healer,,,,tt4356480
2023-05-21,Films (Non-English),1,Faithfully Yours,,,,tt20119468
2023-05-21,Films (Non-English),2,¡Que viva México!,,,,tt22185848
2023-05-21,Films (Non-English),4,AKA,,,,tt27197387
2023-05-21,Films (Non-English),6,Royalteen: Princess Margrethe,,,,tt22488414
2023-05-21,Films (Non-English),8,Tu Jhoothi Main Makkaar,,,,tt8672856
2023-05-21,Films (Non-English),10,The Lulú Club,,,,tt23489688
2023-05-21,TV (English),1,Queen Charlotte: A Bridgerton Story,,,,tt14661396
2023-05-21,TV (English),2,"XO, Kitty","XO, Kitty: Season 1",,,tt14490706
2023-05-21,TV (English),3,Firefly Lane,Firefly Lane: Season 2,,,tt9012876
2023-05-21,TV (English),4,Selling Sunset,Selling Sunset: Season 6,,,tt9817298
2023-05-21,TV (English),5,McGREGOR FOREVER,McGREGOR FOREVER: Limited Series,,,tt27599123
2023-05-21,TV (English),6,Bridgerton,Bridgerton: Season 1,,,tt8740790
2023-05-21,TV (English),7,Bridgerton,Bridgerton: Season 2,,,tt8740790
2023-05-21,TV (English),8,The Night Agent,The Night Agent: Season 1,,,tt13918776
2023-05-21,TV (English),9,Sweet Tooth,Sweet Tooth: Season 2,,,tt12809988
2023-05-21,TV (English),10,Missing: Dead or Alive?,Missing: Dead or Alive?: Season 1,,,tt27612322
2023-05-21,TV (Non-English),1,Black Knight,Black Knight: Season 1,,,tt17013106
2023-05-21,TV (Non-English),2,Muted,Muted: Limited Series,,,tt20477492
2023-05-21,TV (Non-English),3,Doctor Cha,Doctor Cha: Limited Series,,,tt27075857
2023-05-21,TV (Non-English),4,The Good Bad Mother,The Good Bad Mother: Limited Series,,,tt27042206
2023-05-21,TV (Non-English),5,The Marked Heart,The Marked Heart: Season 2,,,tt18974572
2023-05-21,TV (Non-English),6,The Tailor,The Tailor: Season 1,,,tt15473010
2023-05-21,TV (Non-English),7,La Reina del Sur,La Reina del Sur: Season 3,,,tt1704637
2023-05-21,TV (Non-English),8,The Marked Heart,The Marked Heart: Season 1,,,tt18974572
2023-05-21,TV (Non-English),10,Welcome to Eden,Welcome to Eden: Season 2,,,tt13457822
2023-05-14,Films (English),1,The Mother,,,,tt6968614
2023-05-14,Films (English),2,A Man Called Otto,,,,tt7405458
2023-05-14,Films (English),3,The Croods,,,,tt0481499
2023-05-14,Films (English),4,The Deep End of the Ocean,,,,tt0120646
2023-05-14,Films (English),5,Synchronic,,,,tt9016974
2023-05-14,Films (English),6,Kung Fu Panda 3,,,,tt2267968
2023-05-14,Films (English),7,Wrong Place,,,,tt15837458
2023-05-14,Films (English),8,The Tournament,,,,tt0471041
2023-05-14,Films (English),9,Pitch Perfect,,,,tt1981677
2023-05-14,Films (English),10,Heat,,,,tt0113277
2023-05-14,Films (Non-English),1,¡Que viva México!,,,,tt22185848
2023-05-14,Films (Non-English),2,AKA,,,,tt27197387
2023-05-14,Films (Non-English),4,Tu Jhoothi Main Makkaar,,,,tt8672856
2023-05-14,Films (Non-English),5,Royalteen: Princess Margrethe,,,,tt22488414
2023-05-14,Films (Non-English),6,Hunger,,,,tt0986233
2023-05-14,Films (Non-English),7,Queens on the Run,,,,tt21736218
2023-05-14,Films (Non-English),8,You & Me & Me,,,,tt25406060
2023-05-14,Films (Non-English),9,All Quiet on the Western Front,,,,tt1016150
2023-05-14,Films (Non-English),10,Kill Boksoon,,,,tt16900880
2023-05-14,TV (English),1,Queen Charlotte: A Bridgerton Story,,,,tt14661396
2023-05-14,TV (English),2,Firefly Lane,Firefly Lane: Season 2,,,tt9012876
2023-05-14,TV (English),3,Sweet Tooth,Sweet Tooth: Season 2,,,tt12809988
2023-05-14,TV (English),4,Missing: Dead or Alive?,Missing: Dead or Alive?: Season 1,,,tt27612322
2023-05-14,TV (English),5,Bridgerton,Bridgerton: Season 1,,,tt8740790
2023-05-14,TV (English),6,The Night Agent,The Night Agent: Season 1,,,tt13918776
2023-05-14,TV (English),7,Queen Cleopatra,Queen Cleopatra: Limited Series,,,tt27528139
2023-05-14,TV (English),8,The Diplomat,The Diplomat: Season 1,,,tt17491088
2023-05-14,TV (English),9,Bridgerton,Bridgerton: Season 2,,,tt8740790
2023-05-14,TV (English),10,Sweet Tooth,Sweet Tooth: Season 1,,,tt12809988
2023-05-14,TV (Non-English),1,Black Knight,Black Knight: Season 1,,,tt17013106
2023-05-14,TV (Non-English),2,Doctor Cha,Doctor Cha: Limited Series,,,tt27075857
2023-05-14,TV (Non-English),3,The Tailor,The Tailor: Season 1,,,tt15473010
2023-05-14,TV (Non-English),4,The Marked Heart,The Marked Heart: Season 2,,,tt18974572
2023-05-14,TV (Non-English),5,The Good Bad Mother,The Good Bad Mother: Limited Series,,,tt27042206
2023-05-14,TV (Non-English),6,Sanctuary,Sanctuary: Season 1,,,tt0965394
2023-05-14,TV (Non-English),7,The Marked Heart,The Marked Heart: Season 1,,,tt18974572
2023-05-14,TV (Non-English),8,Welcome to Eden,Welcome to Eden: Season 2,,,tt13457822
2023-05-14,TV (Non-English),10,The Nurse,The Nurse: Limited Series,,,tt24948454
2023-05-07,Films (English),1,A Man Called Otto,,,,tt7405458
2023-05-07,Films (English),2,Pitch Perfect,,,,tt1981677
2023-05-07,Films (English),3,The Deep End of the Ocean,,,,tt0120646
2023-05-07,Films (English),4,Wrong Place,,,,tt15837458
2023-05-07,Films (English),5,The Dilemma,,,,tt1578275
2023-05-07,Films (English),6,The Croods,,,,tt0481499
2023-05-07,Films (English),7,The Tournament,,,,tt0471041
2023-05-07,Films (English),8,A Tourist's Guide to Love,,,,tt20115096
2023-05-07,Films (English),9,A Quiet Place Part II,,,,tt8332922
2023-05-07,Films (English),10,The Father,,,,tt10272386
2023-05-07,Films (Non-English),1,AKA,,,,tt27197387
2023-05-07,Films (Non-English),2,Tu Jhoothi Main Makkaar,,,,tt8672856
2023-05-07,Films (Non-English),3,Hunger,,,,tt0986233
2023-05-07,Films (Non-English),4,"Kiss, Kiss!",,,,tt12858434
2023-05-07,Films (Non-English),5,The Point Men,,,,tt21111120
2023-05-07,Films (Non-English),6,Black Crab,,,,tt6708668
2023-05-07,Films (Non-English),7,Chokehold,,,,tt18353064
2023-05-07,Films (Non-English),8,Queens on the Run,,,,tt21736218
2023-05-07,Films (Non-English),9,Kill Boksoon,,,,tt16900880
2023-05-07,Films (Non-English),10,Shehzada,,,,tt13130948
2023-05-07,TV (English),1,Queen Charlotte: A Bridgerton Story,,,,tt14661396
2023-05-07,TV (English),2,Sweet Tooth,Sweet Tooth: Season 2,,,tt12809988
2023-05-07,TV (English),3,Firefly Lane,Firefly Lane: Season 2,,,tt9012876
2023-05-07,TV (English),4,The Diplomat,The Diplomat: Season 1,,,tt17491088
2023-05-07,TV (English),5,The Night Agent,The Night Agent: Season 1,,,tt13918776
2023-05-07,TV (English),6,Sweet Tooth,Sweet Tooth: Season 1,,,tt12809988
2023-05-07,TV (English),7,Firefly Lane,Firefly Lane: Season 1,,,tt9012876
2023-05-07,TV (English),8,Workin' Moms,Workin' Moms: Season 7,,,tt6143796
2023-05-07,TV (English),9,BEEF,BEEF: Season 1,,,tt14403178
2023-05-07,TV (English),10,The Smurfs,The Smurfs: Season 1,,,tt0081933
2023-05-07,TV (Non-English),1,The Tailor,The Tailor: Season 1,,,tt15473010
2023-05-07,TV (Non-English),2,The Marked Heart,The Marked Heart: Season 2,,,tt18974572
2023-05-07,TV (Non-English),3,The Nurse,The Nurse: Limited Series,,,tt24948454
2023-05-07,TV (Non-English),4,Welcome to Eden,Welcome to Eden: Season 2,,,tt13457822
2023-05-07,TV (Non-English),5,The Marked Heart,The Marked Heart: Season 1,,,tt18974572
2023-05-07,TV (Non-English),6,Doctor Cha,Doctor Cha: Limited Series,,,tt27075857
2023-05-07,TV (Non-English),7,Queenmaker,Queenmaker: Season 1,,,tt26350158
2023-05-07,TV (Non-English),8,Rough Diamonds,Rough Diamonds: Season 1,,,tt15469192
2023-05-07,TV (Non-English),9,The Good Bad Mother,The Good Bad Mother: Limited Series,,,tt27042206
2023-05-07,TV (Non-English),10,Sanctuary,Sanctuary: Season 1,,,tt0965394
2023-04-30,Films (English),1,A Tourist's Guide to Love,,,,tt20115096
2023-04-30,Films (English),2,Whitney Houston: I Wanna Dance with Somebody,,,,tt12193804
2023-04-30,Films (English),3,The Last Kingdom: Seven Kings Must Die,,,,tt15767808
2023-04-30,Films (English),4,Let Him Go,,,,tt9340860
2023-04-30,Films (English),5,Murder Mystery 2,,,,tt15255288
2023-04-30,Films (English),6,Sing 2,,,,tt6467266
2023-04-30,Films (English),7,Chupa,,,,tt14923260
2023-04-30,Films (English),9,Time Trap,,,,tt4815122
2023-04-30,Films (English),10,Paw Patrol: The Movie,,,,tt11832046
2023-04-30,Films (Non-English),1,AKA,,,,tt27197387
2023-04-30,Films (Non-English),2,Chokehold,,,,tt18353064
2023-04-30,Films (Non-English),3,Hunger,,,,tt0986233
2023-04-30,Films (Non-English),4,"Kiss, Kiss!",,,,tt12858434
2023-04-30,Films (Non-English),5,One More Time,,,,tt3662066
2023-04-30,Films (Non-English),6,Dasara,,,,tt15440322
2023-04-30,Films (Non-English),7,Queens on the Run,,,,tt21736218
2023-04-30,Films (Non-English),8,Shehzada,,,,tt13130948
2023-04-30,Films (Non-English),9,Kill Boksoon,,,,tt16900880
2023-04-30,Films (Non-English),10,Phenomena,,,,tt0087909
2023-04-30,TV (English),1,The Diplomat,The Diplomat: Season 1,,,tt17491088
2023-04-30,TV (English),2,Sweet Tooth,Sweet Tooth: Season 2,,,tt12809988
2023-04-30,TV (English),3,Firefly Lane,Firefly Lane: Season 2,,,tt9012876
2023-04-30,TV (English),4,The Night Agent,The Night Agent: Season 1,,,tt13918776
2023-04-30,TV (English),5,BEEF,BEEF: Season 1,,,tt14403178
2023-04-30,TV (English),6,Sweet Tooth,Sweet Tooth: Season 1,,,tt12809988
2023-04-30,TV (English),7,Workin' Moms,Workin' Moms: Season 7,,,tt6143796
2023-04-30,TV (English),8,Better Call Saul,Better Call Saul: Season 6,,,tt3032476
2023-04-30,TV (English),9,Love Is Blind,Love Is Blind: Season 4,,,tt11704040
2023-04-30,TV (English),10,Indian Matchmaking,Indian Matchmaking: Season 3,,,tt12580168
2023-04-30,TV (Non-English),1,The Marked Heart,The Marked Heart: Season 2,,,tt18974572
2023-04-30,TV (Non-English),2,Welcome to Eden,Welcome to Eden: Season 2,,,tt13457822
2023-04-30,TV (Non-English),3,Rough Diamonds,Rough Diamonds: Season 1,,,tt15469192
2023-04-30,TV (Non-English),4,The Nurse,The Nurse: Limited Series,,,tt24948454
2023-04-30,TV (Non-English),5,The Marked Heart,The Marked Heart: Season 1,,,tt18974572
2023-04-30,TV (Non-English),6,Queenmaker,Queenmaker: Season 1,,,tt26350158
2023-04-30,TV (Non-English),7,Welcome to Eden,Welcome to Eden: Season 1,,,tt13457822
2023-04-30,TV (Non-English),8,Doctor Cha,Doctor Cha: Limited Series,,,tt27075857
2023-04-30,TV (Non-English),9,The Glory,The Glory: Season 1,,,tt21344706
2023-04-30,TV (Non-English),10,Love After Music,Love After Music: Season 1,,,tt18280522
2023-04-23,Films (English),1,The Last Kingdom: Seven Kings Must Die,,,,tt15767808
2023-04-23,Films (English),2,Let Him Go,,,,tt9340860
2023-04-23,Films (English),3,A Tourist's Guide to Love,,,,tt20115096
2023-04-23,Films (English),4,Murder Mystery 2,,,,tt15255288
2023-04-23,Films (English),5,Chupa,,,,tt14923260
2023-04-23,Films (English),6,The Snowman,,,,tt1758810
2023-04-23,Films (English),7,Whitney Houston: I Wanna Dance with Somebody,,,,tt12193804
2023-04-23,Films (English),8,Mighty Morphin Power Rangers: Once & Always,,,,tt23219684
2023-04-23,Films (English),9,F9: The Fast Saga,,,,tt5433138
2023-04-23,Films (Non-English),1,Queens on the Run,,,,tt21736218
2023-04-23,Films (Non-English),2,Hunger,,,,tt0986233
2023-04-23,Films (Non-English),3,Shehzada,,,,tt13130948
2023-04-23,Films (Non-English),4,Phenomena,,,,tt0087909
2023-04-23,Films (Non-English),5,Chokehold,,,,tt18353064
2023-04-23,Films (Non-English),6,One More Time,,,,tt3662066
2023-04-23,Films (Non-English),7,Kill Boksoon,,,,tt16900880
2023-04-23,Films (Non-English),10,All Quiet on the Western Front,,,,tt1016150
2023-04-23,TV (English),1,The Diplomat,The Diplomat: Season 1,,,tt17491088
2023-04-23,TV (English),2,The Night Agent,The Night Agent: Season 1,,,tt13918776
2023-04-23,TV (English),3,BEEF,BEEF: Season 1,,,tt14403178
2023-04-23,TV (English),4,Love Is Blind,Love Is Blind: Season 4,,,tt11704040
2023-04-23,TV (English),5,Florida Man,Florida Man: Limited Series,,,tt14509130
2023-04-23,TV (English),6,Obsession,Obsession: Limited Series,,,tt18831118
2023-04-23,TV (English),7,Better Call Saul,Better Call Saul: Season 6,,,tt3032476
2023-04-23,TV (English),8,How to Get Rich,How to Get Rich: Season 1,,,tt27206017
2023-04-23,TV (English),9,American Manhunt: The Boston Marathon Bombing,American Manhunt: The Boston Marathon Bombing: Limited Series,,,tt27142031
2023-04-23,TV (English),10,Wednesday,Wednesday: Season 1,,,tt13443470
2023-04-23,TV (Non-English),1,The Marked Heart,The Marked Heart: Season 2,,,tt18974572
2023-04-23,TV (Non-English),2,Queenmaker,Queenmaker: Season 1,,,tt26350158
2023-04-23,TV (Non-English),3,The Marked Heart,The Marked Heart: Season 1,,,tt18974572
2023-04-23,TV (Non-English),4,Welcome to Eden,Welcome to Eden: Season 2,,,tt13457822
2023-04-23,TV (Non-English),5,Rough Diamonds,Rough Diamonds: Season 1,,,tt15469192
2023-04-23,TV (Non-English),6,The Glory,The Glory: Season 1,,,tt21344706
2023-04-23,TV (Non-English),7,Welcome to Eden,Welcome to Eden: Season 1,,,tt13457822
2023-04-23,TV (Non-English),9,Alchemy of Souls,Alchemy of Souls: Part 1,,,tt20859920
2023-04-23,TV (Non-English),10,Chiquititas,,,,tt0154063
2023-04-16,Films (English),1,The Last Kingdom: Seven Kings Must Die,,,,tt15767808
2023-04-16,Films (English),2,Chupa,,,,tt14923260
2023-04-16,Films (English),3,Murder Mystery 2,,,,tt15255288
2023-04-16,Films (English),4,Trolls World Tour,,,,tt6587640
2023-04-16,Films (English),5,Noah,,,,tt1959490
2023-04-16,Films (English),6,The Last Stand,,,,tt1549920
2023-04-16,Films (English),7,Home,,,,tt2224026
2023-04-16,Films (English),8,Matilda,,,,tt0117008
2023-04-16,Films (English),9,Murder Mystery,,,,tt1618434
2023-04-16,Films (Non-English),1,Hunger,,,,tt0986233
2023-04-16,Films (Non-English),2,Queens on the Run,,,,tt21736218
2023-04-16,Films (Non-English),3,Kill Boksoon,,,,tt16900880
2023-04-16,Films (Non-English),4,Shehzada,,,,tt13130948
2023-04-16,Films (Non-English),5,Phenomena,,,,tt0087909
2023-04-16,Films (Non-English),6,Oh Belinda,,,,tt20567314
2023-04-16,Films (Non-English),7,Chor Nikal Ke Bhaga,,,,tt22297828
2023-04-16,Films (Non-English),8,La Parisienne,,,,tt5993456
2023-04-16,Films (Non-English),9,All Quiet on the Western Front,,,,tt1016150
2023-04-16,TV (English),1,The Night Agent,The Night Agent: Season 1,,,tt13918776
2023-04-16,TV (English),2,BEEF,BEEF: Season 1,,,tt14403178
2023-04-16,TV (English),3,Love Is Blind,Love Is Blind: Season 4,,,tt11704040
2023-04-16,TV (English),4,Obsession,Obsession: Limited Series,,,tt18831118
2023-04-16,TV (English),5,Florida Man,Florida Man: Limited Series,,,tt14509130
2023-04-16,TV (English),6,American Manhunt: The Boston Marathon Bombing,American Manhunt: The Boston Marathon Bombing: Limited Series,,,tt27142031
2023-04-16,TV (English),7,Transatlantic,Transatlantic: Limited Series,,,tt15441266
2023-04-16,TV (English),8,Designated Survivor,Designated Survivor: Season 1,,,tt5296406
2023-04-16,TV (English),9,Shadow and Bone,Shadow and Bone: Season 2,,,tt2403776
2023-04-16,TV (English),10,Wednesday,Wednesday: Season 1,,,tt13443470
2023-04-16,TV (Non-English),1,Queenmaker,Queenmaker: Season 1,,,tt26350158
2023-04-16,TV (Non-English),2,Thicker Than Water,Thicker Than Water: Season 1,,,tt3139330
2023-04-16,TV (Non-English),3,The Glory,The Glory: Season 1,,,tt21344706
2023-04-16,TV (Non-English),4,Divorce Attorney Shin,Divorce Attorney Shin: Limited Series,,,tt26225090
2023-04-16,TV (Non-English),5,Copycat Killer,Copycat Killer: Season 1,,,tt18382028
2023-04-16,TV (Non-English),6,Crash Course in Romance,Crash Course in Romance: Limited Series,,,tt24578016
2023-04-16,TV (Non-English),7,Who Were We Running From?,Who Were We Running From?: Limited Series,,,tt16163746
2023-04-16,TV (Non-English),9,Alchemy of Souls,Alchemy of Souls: Part 1,,,tt20859920
2023-04-16,TV (Non-English),10,Chiquititas,,,,tt0154063
2023-04-09,Films (English),1,Murder Mystery 2,,,,tt15255288
2023-04-09,Films (English),2,Chupa,,,,tt14923260
2023-04-09,Films (English),3,Murder Mystery,,,,tt1618434
2023-04-09,Films (English),4,Noah,,,,tt1959490
2023-04-09,Films (English),5,Home,,,,tt2224026
2023-04-09,Films (English),6,The Bourne Legacy,,,,tt1194173
2023-04-09,Films (English),7,Shark Tale,,,,tt0307453
2023-04-09,Films (English),8,Over the Hedge,,,,tt0327084
2023-04-09,Films (English),9,Luther: The Fallen Sun,,,,tt3155298
2023-04-09,Films (English),10,Matilda,,,,tt0117008
2023-04-09,Films (Non-English),1,Kill Boksoon,,,,tt16900880
2023-04-09,Films (Non-English),2,Hunger,,,,tt0986233
2023-04-09,Films (Non-English),4,Chor Nikal Ke Bhaga,,,,tt22297828
2023-04-09,Films (Non-English),5,Faraaz,,,,tt15175188
2023-04-09,Films (Non-English),6,Oh Belinda,,,,tt20567314
2023-04-09,Films (Non-English),7,All Quiet on the Western Front,,,,tt1016150
2023-04-09,Films (Non-English),8,Johnny,,,,tt15538570
2023-04-09,Films (Non-English),9,The Takedown,,,,tt13822738
2023-04-09,Films (Non-English),10,Switch,,,,tt0103016
2023-04-09,TV (English),1,The Night Agent,The Night Agent: Season 1,,,tt13918776
2023-04-09,TV (English),2,Love Is Blind,Love Is Blind: Season 4,,,tt11704040
2023-04-09,TV (English),3,BEEF,BEEF: Season 1,,,tt14403178
2023-04-09,TV (English),4,Unseen,Unseen: Season 1,,,tt26931883
2023-04-09,TV (English),5,The Blacklist,The Blacklist: Season 9,,,tt2741602
2023-04-09,TV (English),6,Shadow and Bone,Shadow and Bone: Season 2,,,tt2403776
2023-04-09,TV (English),7,Wellmania,Wellmania: Season 1,,,tt16402422
2023-04-09,TV (English),8,Transatlantic,Transatlantic: Limited Series,,,tt15441266
2023-04-09,TV (English),9,Designated Survivor,Designated Survivor: Season 1,,,tt5296406
2023-04-09,TV (English),10,You,You: Season 4,,,tt7335184
2023-04-09,TV (Non-English),1,The Glory,The Glory: Season 1,,,tt21344706
2023-04-09,TV (Non-English),2,Copycat Killer,Copycat Killer: Season 1,,,tt18382028
2023-04-09,TV (Non-English),3,War Sailor,War Sailor: Limited Series,,,tt26743607
2023-04-09,TV (Non-English),4,Who Were We Running From?,Who Were We Running From?: Limited Series,,,tt16163746
2023-04-09,TV (Non-English),5,Divorce Attorney Shin,Divorce Attorney Shin: Limited Series,,,tt26225090
2023-04-09,TV (Non-English),6,Crash Course in Romance,Crash Course in Romance: Limited Series,,,tt24578016
2023-04-09,TV (Non-English),7,Thicker Than Water,Thicker Than Water: Season 1,,,tt3139330
2023-04-09,TV (Non-English),8,I Am Georgina,I Am Georgina: Season 2,,,tt15494864
2023-04-09,TV (Non-English),9,From Me to You: Kimi ni Todoke,From Me to You: Kimi ni Todoke: Season 1,,,tt22001792
2023-04-02,Films (English),1,Murder Mystery 2,,,,tt15255288
2023-04-02,Films (English),2,Murder Mystery,,,,tt1618434
2023-04-02,Films (English),3,Luther: The Fallen Sun,,,,tt3155298
2023-04-02,Films (English),4,I See You,,,,tt6079516
2023-04-02,Films (English),5,The Magician's Elephant,,,,tt2560092
2023-04-02,Films (English),6,Minions: The Rise of Gru,,,,tt5113044
2023-04-02,Films (English),7,Hotel Transylvania 2,,,,tt2510894
2023-04-02,Films (English),8,Dragged Across Concrete,,,,tt6491178
2023-04-02,Films (English),9,Trolls,,,,tt1679335
2023-04-02,Films (English),10,The Bourne Legacy,,,,tt1194173
2023-04-02,Films (Non-English),1,Kill Boksoon,,,,tt16900880
2023-04-02,Films (Non-English),2,Chor Nikal Ke Bhaga,,,,tt22297828
2023-04-02,Films (Non-English),4,Johnny,,,,tt15538570
2023-04-02,Films (Non-English),5,Furies,,,,tt25260664
2023-04-02,Films (Non-English),6,All Quiet on the Western Front,,,,tt1016150
2023-04-02,Films (Non-English),7,Still Time,,,,tt15654800
2023-04-02,Films (Non-English),8,In His Shadow,,,,tt26763229
2023-04-02,Films (Non-English),9,Faraaz,,,,tt15175188
2023-04-02,Films (Non-English),10,Labyu With An Accent,,,,tt22170224
2023-04-02,TV (English),1,The Night Agent,The Night Agent: Season 1,,,tt13918776
2023-04-02,TV (English),2,Love Is Blind,Love Is Blind: Season 4,,,tt11704040
2023-04-02,TV (English),3,Shadow and Bone,Shadow and Bone: Season 2,,,tt2403776
2023-04-02,TV (English),4,Unseen,Unseen: Season 1,,,tt26931883
2023-04-02,TV (English),5,You,You: Season 4,,,tt7335184
2023-04-02,TV (English),7,Wellmania,Wellmania: Season 1,,,tt16402422
2023-04-02,TV (English),8,Wednesday,Wednesday: Season 1,,,tt13443470
2023-04-02,TV (English),9,Unstable,Unstable: Season 1,,,tt19394168
2023-04-02,TV (English),10,Outer Banks,Outer Banks: Season 3,,,tt10293938
2023-04-02,TV (Non-English),1,Who Were We Running From?,Who Were We Running From?: Limited Series,,,tt16163746
2023-04-02,TV (Non-English),2,The Glory,The Glory: Season 1,,,tt21344706
2023-04-02,TV (Non-English),3,I Am Georgina,I Am Georgina: Season 2,,,tt15494864
2023-04-02,TV (Non-English),4,Crash Course in Romance,Crash Course in Romance: Limited Series,,,tt24578016
2023-04-02,TV (Non-English),6,Invisible City,Invisible City: Season 2,,,tt8878862
2023-04-02,TV (Non-English),7,Divorce Attorney Shin,Divorce Attorney Shin: Limited Series,,,tt26225090
2023-04-02,TV (Non-English),8,Close to Home: Murder in the Coalfield,Close to Home: Murder in the Coalfield: Season 1,,,tt21955940
2023-04-02,TV (Non-English),9,Wrong Side of the Tracks,Wrong Side of the Tracks: Season 2,,,tt13980362
2023-04-02,TV (Non-English),10,From Me to You: Kimi ni Todoke,From Me to You: Kimi ni Todoke: Season 1,,,tt22001792
2023-03-26,Films (English),1,Luther: The Fallen Sun,,,,tt3155298
2023-03-26,Films (English),2,The Magician's Elephant,,,,tt2560092
2023-03-26,Films (English),3,I See You,,,,tt6079516
2023-03-26,Films (English),4,Dragged Across Concrete,,,,tt6491178
2023-03-26,Films (English),5,Money Shot: The Pornhub Story,,,,tt26739529
2023-03-26,Films (English),6,Murder Mystery,,,,tt1618434
2023-03-26,Films (English),7,Perfume: The Story of a Murderer,,,,tt0396171
2023-03-26,Films (English),8,Riddick,,,,tt1411250
2023-03-26,Films (English),9,Minions: The Rise of Gru,,,,tt5113044
2023-03-26,Films (English),10,We Have a Ghost,,,,tt7798604
2023-03-26,Films (Non-English),1,In His Shadow,,,,tt26763229
2023-03-26,Films (Non-English),2,Noise,,,,tt21326658
2023-03-26,Films (Non-English),3,Chor Nikal Ke Bhaga,,,,tt22297828
2023-03-26,Films (Non-English),4,Still Time,,,,tt15654800
2023-03-26,Films (Non-English),5,All Quiet on the Western Front,,,,tt1016150
2023-03-26,Films (Non-English),6,Johnny,,,,tt15538570
2023-03-26,Films (Non-English),7,Furies,,,,tt25260664
2023-03-26,Films (Non-English),9,City of God,,,,tt0317248
2023-03-26,Films (Non-English),10,Sky High,,,,tt0405325
2023-03-26,TV (English),1,The Night Agent,The Night Agent: Season 1,,,tt13918776
2023-03-26,TV (English),2,Shadow and Bone,Shadow and Bone: Season 2,,,tt2403776
2023-03-26,TV (English),3,You,You: Season 4,,,tt7335184
2023-03-26,TV (English),4,Love Is Blind,Love Is Blind: Season 4,,,tt11704040
2023-03-26,TV (English),5,Waco: American Apocalypse,Waco: American Apocalypse: Limited Series,,,tt26687196
2023-03-26,TV (English),6,Shadow and Bone,Shadow and Bone: Season 1,,,tt2403776
2023-03-26,TV (English),7,Outer Banks,Outer Banks: Season 3,,,tt10293938
2023-03-26,TV (English),8,Sex/Life,Sex/Life: Season 2,,,tt10839422
2023-03-26,TV (English),9,Wednesday,Wednesday: Season 1,,,tt13443470
2023-03-26,TV (English),10,MH370: The Plane That Disappeared,MH370: The Plane That Disappeared: Limited Series,,,tt26739535
2023-03-26,TV (Non-English),1,The Glory,The Glory: Season 1,,,tt21344706
2023-03-26,TV (Non-English),3,Who Were We Running From?,Who Were We Running From?: Limited Series,,,tt16163746
2023-03-26,TV (Non-English),4,I Am Georgina,I Am Georgina: Season 2,,,tt15494864
2023-03-26,TV (Non-English),5,Crash Course in Romance,Crash Course in Romance: Limited Series,,,tt24578016
2023-03-26,TV (Non-English),7,Wrong Side of the Tracks,Wrong Side of the Tracks: Season 2,,,tt13980362
2023-03-26,TV (Non-English),8,Close to Home: Murder in the Coalfield,Close to Home: Murder in the Coalfield: Season 1,,,tt21955940
2023-03-26,TV (Non-English),9,Invisible City,Invisible City: Season 2,,,tt8878862
2023-03-26,TV (Non-English),10,Mr. Queen,,,,tt13400006
2023-03-19,Films (English),1,Luther: The Fallen Sun,,,,tt3155298
2023-03-19,Films (English),2,Faraway,,,,tt18747542
2023-03-19,Films (English),3,The Magician's Elephant,,,,tt2560092
2023-03-19,Films (English),4,Money Shot: The Pornhub Story,,,,tt26739529
2023-03-19,Films (English),5,Dragged Across Concrete,,,,tt6491178
2023-03-19,Films (English),6,We Have a Ghost,,,,tt7798604
2023-03-19,Films (English),7,The Hunger Games: Catching Fire,,,,tt1951264
2023-03-19,Films (English),8,Turbo,,,,tt1860353
2023-03-19,Films (English),9,The Hunger Games,,,,tt1392170
2023-03-19,Films (English),10,Kick-Ass 2,,,,tt1650554
2023-03-19,Films (Non-English),1,Still Time,,,,tt15654800
2023-03-19,Films (Non-English),2,All Quiet on the Western Front,,,,tt1016150
2023-03-19,Films (Non-English),3,Noise,,,,tt21326658
2023-03-19,Films (Non-English),4,In His Shadow,,,,tt26763229
2023-03-19,Films (Non-English),5,Kuttey,,,,tt15281704
2023-03-19,Films (Non-English),6,Have a nice day!,,,,tt26739643
2023-03-19,Films (Non-English),9,Vaathi,,,,tt15427980
2023-03-19,Films (Non-English),10,Sir,,,,tt7142506
2023-03-19,TV (English),1,You,You: Season 4,,,tt7335184
2023-03-19,TV (English),2,Shadow and Bone,Shadow and Bone: Season 2,,,tt2403776
2023-03-19,TV (English),3,MH370: The Plane That Disappeared,MH370: The Plane That Disappeared: Limited Series,,,tt26739535
2023-03-19,TV (English),4,Outer Banks,Outer Banks: Season 3,,,tt10293938
2023-03-19,TV (English),5,Shadow and Bone,Shadow and Bone: Season 1,,,tt2403776
2023-03-19,TV (English),6,Outlast,Outlast: Season 1,,,tt26690964
2023-03-19,TV (English),7,Sex/Life,Sex/Life: Season 2,,,tt10839422
2023-03-19,TV (English),8,Wednesday,Wednesday: Season 1,,,tt13443470
2023-03-19,TV (English),9,Sex/Life,Sex/Life: Season 1,,,tt10839422
2023-03-19,TV (English),10,Perfect Match,Perfect Match: Season 1,,,tt23731242
2023-03-19,TV (Non-English),1,The Glory,The Glory: Season 1,,,tt21344706
2023-03-19,TV (Non-English),2,Wrong Side of the Tracks,Wrong Side of the Tracks: Season 2,,,tt13980362
2023-03-19,TV (Non-English),4,Rana Naidu,Rana Naidu: Season 1,,,tt15471900
2023-03-19,TV (Non-English),5,Crash Course in Romance,Crash Course in Romance: Limited Series,,,tt24578016
2023-03-19,TV (Non-English),6,Wrong Side of the Tracks,Wrong Side of the Tracks: Season 1,,,tt13980362
2023-03-19,TV (Non-English),7,Mr. Queen,,,,tt13400006
2023-03-19,TV (Non-English),8,In the Name of God: A Holy Betrayal,In the Name of God: A Holy Betrayal: Season 1,,,tt26340363
2023-03-19,TV (Non-English),9,Triptych,Triptych: Season 1,,,tt20565150
2023-03-12,Films (English),1,Luther: The Fallen Sun,,,,tt3155298
2023-03-12,Films (English),2,Faraway,,,,tt18747542
2023-03-12,Films (English),3,We Have a Ghost,,,,tt7798604
2023-03-12,Films (English),4,The Hunger Games,,,,tt1392170
2023-03-12,Films (English),5,Turbo,,,,tt1860353
2023-03-12,Films (English),6,The Hunger Games: Catching Fire,,,,tt1951264
2023-03-12,Films (English),7,Paw Patrol: The Movie,,,,tt11832046
2023-03-12,Films (English),8,This Is Where I Leave You,,,,tt1371150
2023-03-12,Films (English),9,World War Z,,,,tt0816711
2023-03-12,Films (English),10,Burlesque,,,,tt1126591
2023-03-12,Films (Non-English),2,10 Days of a Good Man,,,,tt23334464
2023-03-12,Films (Non-English),3,Tonight You're Sleeping with Me,,,,tt26548664
2023-03-12,Films (Non-English),4,All Quiet on the Western Front,,,,tt1016150
2023-03-12,Films (Non-English),5,Black Crab,,,,tt6708668
2023-03-12,Films (Non-English),6,Men of Plastic,,,,tt23157348
2023-03-12,Films (Non-English),7,Unlocked,,,,tt1734493
2023-03-12,Films (Non-English),8,Carandiru,,,,tt0293007
2023-03-12,Films (Non-English),9,Ibiza,,,,tt3685236
2023-03-12,Films (Non-English),10,Iratta,,,,tt25406500
2023-03-12,TV (English),1,You,You: Season 4,,,tt7335184
2023-03-12,TV (English),2,MH370: The Plane That Disappeared,MH370: The Plane That Disappeared: Limited Series,,,tt26739535
2023-03-12,TV (English),3,Sex/Life,Sex/Life: Season 2,,,tt10839422
2023-03-12,TV (English),4,Outer Banks,Outer Banks: Season 3,,,tt10293938
2023-03-12,TV (English),5,Sex/Life,Sex/Life: Season 1,,,tt10839422
2023-03-12,TV (English),6,Next in Fashion,Next in Fashion: Season 2,,,tt10394770
2023-03-12,TV (English),7,Perfect Match,Perfect Match: Season 1,,,tt23731242
2023-03-12,TV (English),9,Outer Banks,Outer Banks: Season 2,,,tt10293938
2023-03-12,TV (English),10,Outer Banks,Outer Banks: Season 1,,,tt10293938
2023-03-12,TV (Non-English),1,The Glory,The Glory: Season 1,,,tt21344706
2023-03-12,TV (Non-English),2,Wrong Side of the Tracks,Wrong Side of the Tracks: Season 2,,,tt13980362
2023-03-12,TV (Non-English),3,Wrong Side of the Tracks,Wrong Side of the Tracks: Season 1,,,tt13980362
2023-03-12,TV (Non-English),4,Crash Course in Romance,Crash Course in Romance: Limited Series,,,tt24578016
2023-03-12,TV (Non-English),5,In the Name of God: A Holy Betrayal,In the Name of God: A Holy Betrayal: Season 1,,,tt26340363
2023-03-12,TV (Non-English),6,Triptych,Triptych: Season 1,,,tt20565150
2023-03-12,TV (Non-English),7,Mr. Queen,,,,tt13400006
2023-03-12,TV (Non-English),8,Too Hot to Handle: Germany,Too Hot to Handle: Germany: Season 1,,,tt21092364
2023-03-12,TV (Non-English),9,La Reina del Sur,La Reina del Sur: Season 3,,,tt1704637
2023-03-12,TV (Non-English),10,Rana Naidu,Rana Naidu: Season 1,,,tt15471900
2023-03-05,Films (English),1,We Have a Ghost,,,,tt7798604
2023-03-05,Films (English),2,The Strays,,,,tt16437278
2023-03-05,Films (English),3,The Condemned,,,,tt0443473
2023-03-05,Films (English),4,R.I.P.D.,,,,tt0790736
2023-03-05,Films (English),5,Bad Boys for Life,,,,tt1502397
2023-03-05,Films (English),6,Your Place or Mine,,,,tt12823454
2023-03-05,Films (English),7,This Is Where I Leave You,,,,tt1371150
2023-03-05,Films (English),8,The Hunger Games,,,,tt1392170
2023-03-05,Films (English),10,Paw Patrol: The Movie,,,,tt11832046
2023-03-05,Films (Non-English),1,Tonight You're Sleeping with Me,,,,tt26548664
2023-03-05,Films (Non-English),3,Call Me Chihiro,,,,tt21825858
2023-03-05,Films (Non-English),4,Unlocked,,,,tt1734493
2023-03-05,Films (Non-English),5,Waltair Veerayya,,,,tt15281402
2023-03-05,Films (Non-English),6,10 Days of a Good Man,,,,tt23334464
2023-03-05,Films (Non-English),7,All Quiet on the Western Front,,,,tt1016150
2023-03-05,Films (Non-English),8,Black Crab,,,,tt6708668
2023-03-05,Films (Non-English),9,Carandiru,,,,tt0293007
2023-03-05,Films (Non-English),10,Viking Wolf,,,,tt13051810
2023-03-05,TV (English),1,Outer Banks,Outer Banks: Season 3,,,tt10293938
2023-03-05,TV (English),2,Sex/Life,Sex/Life: Season 2,,,tt10839422
2023-03-05,TV (English),3,Perfect Match,Perfect Match: Season 1,,,tt23731242
2023-03-05,TV (English),4,Outer Banks,Outer Banks: Season 1,,,tt10293938
2023-03-05,TV (English),5,Murdaugh Murders: A Southern Scandal,Murdaugh Murders: A Southern Scandal: Season 1,,,tt26340238
2023-03-05,TV (English),6,Outer Banks,Outer Banks: Season 2,,,tt10293938
2023-03-05,TV (English),7,Formula 1: Drive to Survive,Formula 1: Drive to Survive: Season 5,,,tt8289930
2023-03-05,TV (English),8,Sex/Life,Sex/Life: Season 1,,,tt10839422
2023-03-05,TV (English),9,Wednesday,Wednesday: Season 1,,,tt13443470
2023-03-05,TV (English),10,Next in Fashion,Next in Fashion: Season 2,,,tt10394770
2023-03-05,TV (Non-English),1,Triptych,Triptych: Season 1,,,tt20565150
2023-03-05,TV (Non-English),2,Wrong Side of the Tracks,Wrong Side of the Tracks: Season 2,,,tt13980362
2023-03-05,TV (Non-English),3,Crash Course in Romance,Crash Course in Romance: Limited Series,,,tt24578016
2023-03-05,TV (Non-English),4,Wrong Side of the Tracks,Wrong Side of the Tracks: Season 1,,,tt13980362
2023-03-05,TV (Non-English),5,Mr. Queen,,,,tt13400006
2023-03-05,TV (Non-English),6,Physical: 100,Physical: 100: Season 1,,,tt25274446
2023-03-05,TV (Non-English),7,Too Hot to Handle: Germany,Too Hot to Handle: Germany: Season 1,,,tt21092364
2023-03-05,TV (Non-English),8,La Reina del Sur,La Reina del Sur: Season 3,,,tt1704637
2023-03-05,TV (Non-English),9,Monique Olivier: Accessory to Evil,Monique Olivier: Accessory to Evil: Limited Series,,,tt26595396
2023-03-05,TV (Non-English),10,The Law According to Lidia Poët,The Law According to Lidia Poët: Season 1,,,tt15441160
2023-02-26,Films (English),1,We Have a Ghost,,,,tt7798604
2023-02-26,Films (English),2,The Strays,,,,tt16437278
2023-02-26,Films (English),3,Your Place or Mine,,,,tt12823454
2023-02-26,Films (English),4,Army of One,,,,tt4382824
2023-02-26,Films (English),5,The Woman King,,,,tt8093700
2023-02-26,Films (English),6,2 Guns,,,,tt1272878
2023-02-26,Films (English),7,Jurassic World,,,,tt0369610
2023-02-26,Films (English),8,Mission: Impossible - Fallout,,,,tt4912910
2023-02-26,Films (English),9,Minions: The Rise of Gru,,,,tt5113044
2023-02-26,Films (English),10,Bad Boys for Life,,,,tt1502397
2023-02-26,Films (Non-English),1,Unlocked,,,,tt1734493
2023-02-26,Films (Non-English),2,All Quiet on the Western Front,,,,tt1016150
2023-02-26,Films (Non-English),3,Call Me Chihiro,,,,tt21825858
2023-02-26,Films (Non-English),4,Cirkus,,,,tt11112808
2023-02-26,Films (Non-English),5,Squared Love All Over Again,,,,tt26369131
2023-02-26,Films (Non-English),6,All the Places,,,,tt12616964
2023-02-26,Films (Non-English),7,Re/Member,,,,tt21250176
2023-02-26,Films (Non-English),8,Elite Squad,,,,tt0861739
2023-02-26,Films (Non-English),9,An Inconvenient Love,,,,tt21801648
2023-02-26,Films (Non-English),10,The Last Mercenary,,,,tt12808182
2023-02-26,TV (English),1,Outer Banks,Outer Banks: Season 3,,,tt10293938
2023-02-26,TV (English),2,Murdaugh Murders: A Southern Scandal,Murdaugh Murders: A Southern Scandal: Season 1,,,tt26340238
2023-02-26,TV (English),3,Perfect Match,Perfect Match: Season 1,,,tt23731242
2023-02-26,TV (English),4,Outer Banks,Outer Banks: Season 1,,,tt10293938
2023-02-26,TV (English),5,You,You: Season 4,,,tt7335184
2023-02-26,TV (English),6,Formula 1: Drive to Survive,Formula 1: Drive to Survive: Season 5,,,tt8289930
2023-02-26,TV (English),7,Outer Banks,Outer Banks: Season 2,,,tt10293938
2023-02-26,TV (English),8,Red Rose,Red Rose: Season 1,,,tt19788500
2023-02-26,TV (English),9,Wednesday,Wednesday: Season 1,,,tt13443470
2023-02-26,TV (English),10,The Walking Dead,The Walking Dead: Season 11,,,tt1520211
2023-02-26,TV (Non-English),1,Triptych,Triptych: Season 1,,,tt20565150
2023-02-26,TV (Non-English),2,Physical: 100,Physical: 100: Season 1,,,tt25274446
2023-02-26,TV (Non-English),3,Mr. Queen,,,,tt13400006
2023-02-26,TV (Non-English),4,Crash Course in Romance,Crash Course in Romance: Limited Series,,,tt24578016
2023-02-26,TV (Non-English),5,The Law According to Lidia Poët,The Law According to Lidia Poët: Season 1,,,tt15441160
2023-02-26,TV (Non-English),6,Ganglands,Ganglands: Season 2,,,tt13278100
2023-02-26,TV (Non-English),7,Love to Hate You,Love to Hate You: Season 1,,,tt26229508
2023-02-26,TV (Non-English),8,Eva Lasting,Eva Lasting: Season 1,,,tt26346647
2023-02-26,TV (Non-English),9,Ganglands,Ganglands: Season 1,,,tt13278100
2023-02-26,TV (Non-English),10,La Reina del Sur,La Reina del Sur: Season 3,,,tt1704637
2023-02-19,Films (English),1,Your Place or Mine,,,,tt12823454
2023-02-19,Films (English),2,2 Guns,,,,tt1272878
2023-02-19,Films (English),3,The Woman King,,,,tt8093700
2023-02-19,Films (English),4,You People,,,,tt14826022
2023-02-19,Films (English),5,Minions: The Rise of Gru,,,,tt5113044
2023-02-19,Films (English),6,Mission: Impossible - Fallout,,,,tt4912910
2023-02-19,Films (English),7,47 Meters Down: Uncaged,,,,tt7329656
2023-02-19,Films (English),8,True Spirit,,,,tt2353868
2023-02-19,Films (English),9,Bloodshot,,,,tt1634106
2023-02-19,Films (English),10,Jurassic World,,,,tt0369610
2023-02-19,Films (Non-English),1,Squared Love All Over Again,,,,tt26369131
2023-02-19,Films (Non-English),2,All the Places,,,,tt12616964
2023-02-19,Films (Non-English),3,Unlocked,,,,tt1734493
2023-02-19,Films (Non-English),4,Re/Member,,,,tt21250176
2023-02-19,Films (Non-English),5,Cirkus,,,,tt11112808
2023-02-19,Films (Non-English),6,Viking Wolf,,,,tt13051810
2023-02-19,Films (Non-English),7,All Quiet on the Western Front,,,,tt1016150
2023-02-19,Films (Non-English),9,Infiesto,,,,tt15789492
2023-02-19,TV (English),1,You,You: Season 4,,,tt7335184
2023-02-19,TV (English),2,Perfect Match,Perfect Match: Season 1,,,tt23731242
2023-02-19,TV (English),3,You,You: Season 1,,,tt7335184
2023-02-19,TV (English),4,Red Rose,Red Rose: Season 1,,,tt19788500
2023-02-19,TV (English),5,Wednesday,Wednesday: Season 1,,,tt13443470
2023-02-19,TV (English),6,Ginny & Georgia,Ginny & Georgia: Season 2,,,tt10813940
2023-02-19,TV (English),7,Full Swing,Full Swing: Season 1,,,tt17050700
2023-02-19,TV (English),8,Love Is Blind,Love Is Blind: Season 3,,,tt11704040
2023-02-19,TV (English),9,You,You: Season 3,,,tt7335184
2023-02-19,TV (English),10,You,You: Season 2,,,tt7335184
2023-02-19,TV (Non-English),1,Physical: 100,Physical: 100: Season 1,,,tt25274446
2023-02-19,TV (Non-English),2,Love to Hate You,Love to Hate You: Season 1,,,tt26229508
2023-02-19,TV (Non-English),3,The Law According to Lidia Poët,The Law According to Lidia Poët: Season 1,,,tt15441160
2023-02-19,TV (Non-English),4,Crash Course in Romance,Crash Course in Romance: Limited Series,,,tt24578016
2023-02-19,TV (Non-English),5,Mr. Queen,,,,tt13400006
2023-02-19,TV (Non-English),6,In Love All Over Again,In Love All Over Again: Season 1,,,tt21206964
2023-02-19,TV (Non-English),7,True Beauty,,,,tt13274038
2023-02-19,TV (Non-English),8,La Reina del Sur,La Reina del Sur: Season 3,,,tt1704637
2023-02-19,TV (Non-English),9,Alchemy of Souls,Alchemy of Souls: Part 2,,,tt20859920
2023-02-19,TV (Non-English),10,Ganglands,Ganglands: Season 2,,,tt13278100
2023-02-12,Films (English),1,Your Place or Mine,,,,tt12823454
2023-02-12,Films (English),2,True Spirit,,,,tt2353868
2023-02-12,Films (English),3,You People,,,,tt14826022
2023-02-12,Films (English),4,Bloodshot,,,,tt1634106
2023-02-12,Films (English),5,Minions: The Rise of Gru,,,,tt5113044
2023-02-12,Films (English),6,"Lyle, Lyle, Crocodile",,,,tt14668630
2023-02-12,Films (English),7,"Pamela, a love story",,,,tt18376122
2023-02-12,Films (English),8,Sniper: Ultimate Kill,,,,tt6349302
2023-02-12,Films (English),9,Enough,,,,tt0278435
2023-02-12,Films (Non-English),1,Viking Wolf,,,,tt13051810
2023-02-12,Films (Non-English),2,Infiesto,,,,tt15789492
2023-02-12,Films (Non-English),3,Thunivu,,,,tt15163652
2023-02-12,Films (Non-English),5,All Quiet on the Western Front,,,,tt1016150
2023-02-12,Films (Non-English),6,Vadh,,,,tt10233718
2023-02-12,Films (Non-English),9,My Name Is Vendetta,,,,tt15229674
2023-02-12,Films (Non-English),10,Troll,,,,tt11116912
2023-02-12,TV (English),1,You,You: Season 4,,,tt7335184
2023-02-12,TV (English),2,Ginny & Georgia,Ginny & Georgia: Season 2,,,tt10813940
2023-02-12,TV (English),3,Wednesday,Wednesday: Season 1,,,tt13443470
2023-02-12,TV (English),4,You,You: Season 1,,,tt7335184
2023-02-12,TV (English),5,Ginny & Georgia,Ginny & Georgia: Season 1,,,tt10813940
2023-02-12,TV (English),6,New Amsterdam,New Amsterdam: Season 1,,,tt7817340
2023-02-12,TV (English),7,Lockwood & Co.,Lockwood & Co.: Season 1,,,tt13802576
2023-02-12,TV (English),8,Love Is Blind,Love Is Blind: Season 3,,,tt11704040
2023-02-12,TV (English),9,You,You: Season 3,,,tt7335184
2023-02-12,TV (English),10,New Amsterdam,New Amsterdam: Season 4,,,tt7817340
2023-02-12,TV (Non-English),1,Physical: 100,Physical: 100: Season 1,,,tt25274446
2023-02-12,TV (Non-English),2,Crash Course in Romance,Crash Course in Romance: Limited Series,,,tt24578016
2023-02-12,TV (Non-English),3,The Snow Girl,The Snow Girl: Season 1,,,tt15787870
2023-02-12,TV (Non-English),4,La Reina del Sur,La Reina del Sur: Season 3,,,tt1704637
2023-02-12,TV (Non-English),5,True Beauty,,,,tt13274038
2023-02-12,TV (Non-English),6,The Interest of Love,The Interest of Love: Limited Series,,,tt24224910
2023-02-12,TV (Non-English),7,Alchemy of Souls,Alchemy of Souls: Part 2,,,tt20859920
2023-02-12,TV (Non-English),8,Love to Hate You,Love to Hate You: Season 1,,,tt26229508
2023-02-12,TV (Non-English),9,Class,Class: Season 1,,,tt5079788
2023-02-05,Films (English),1,You People,,,,tt14826022
2023-02-05,Films (English),2,"Pamela, a love story",,,,tt18376122
2023-02-05,Films (English),3,Minions: The Rise of Gru,,,,tt5113044
2023-02-05,Films (English),5,True Spirit,,,,tt2353868
2023-02-05,Films (English),6,The Hurricane Heist,,,,tt5360952
2023-02-05,Films (English),7,Bloodshot,,,,tt1634106
2023-02-05,Films (English),9,Flushed Away,,,,tt0424095
2023-02-05,Films (English),10,Inheritance,,,,tt7923220
2023-02-05,Films (Non-English),1,Viking Wolf,,,,tt13051810
2023-02-05,Films (Non-English),2,Infiesto,,,,tt15789492
2023-02-05,Films (Non-English),4,All Quiet on the Western Front,,,,tt1016150
2023-02-05,Films (Non-English),5,An Action Hero,,,,tt15600222
2023-02-05,Films (Non-English),6,The Price of Family,,,,tt21149522
2023-02-05,Films (Non-English),8,Mission Majnu,,,,tt13131232
2023-02-05,Films (Non-English),9,JUNG_E,,,,tt22352848
2023-02-05,Films (Non-English),10,Troll,,,,tt11116912
2023-02-05,TV (English),1,Lockwood & Co.,Lockwood & Co.: Season 1,,,tt13802576
2023-02-05,TV (English),2,Ginny & Georgia,Ginny & Georgia: Season 2,,,tt10813940
2023-02-05,TV (English),3,Wednesday,Wednesday: Season 1,,,tt13443470
2023-02-05,TV (English),4,Ginny & Georgia,Ginny & Georgia: Season 1,,,tt10813940
2023-02-05,TV (English),5,New Amsterdam,New Amsterdam: Season 1,,,tt7817340
2023-02-05,TV (English),6,Vikings: Valhalla,Vikings: Valhalla: Season 2,,,tt11311302
2023-02-05,TV (English),7,New Amsterdam,New Amsterdam: Season 2,,,tt7817340
2023-02-05,TV (English),8,That '90s Show,That '90s Show: Part 1,,,tt15591076
2023-02-05,TV (English),9,Freeridge,Freeridge: Season 1,,,tt15506958
2023-02-05,TV (English),10,New Amsterdam,New Amsterdam: Season 3,,,tt7817340
2023-02-05,TV (Non-English),1,The Snow Girl,The Snow Girl: Season 1,,,tt15787870
2023-02-05,TV (Non-English),2,Physical: 100,Physical: 100: Season 1,,,tt25274446
2023-02-05,TV (Non-English),3,La Reina del Sur,La Reina del Sur: Season 3,,,tt1704637
2023-02-05,TV (Non-English),4,Record of Ragnarok,Record of Ragnarok: Season 2,,,tt13676344
2023-02-05,TV (Non-English),5,Crash Course in Romance,Crash Course in Romance: Limited Series,,,tt24578016
2023-02-05,TV (Non-English),6,The Endless Night,The Endless Night: Limited Series,,,tt16427924
2023-02-05,TV (Non-English),7,Alchemy of Souls,Alchemy of Souls: Part 2,,,tt20859920
2023-02-05,TV (Non-English),8,Women at War,Women at War: Limited Series,,,tt14579330
2023-02-05,TV (Non-English),9,The Interest of Love,The Interest of Love: Limited Series,,,tt24224910
2023-02-05,TV (Non-English),10,Shahmaran,Shahmaran: Season 1,,,tt16913068
2023-01-29,Films (English),1,You People,,,,tt14826022
2023-01-29,Films (English),2,Inheritance,,,,tt7923220
2023-01-29,Films (English),4,Puss in Boots,,,,tt0448694
2023-01-29,Films (English),5,Devotion,,,,tt7693316
2023-01-29,Films (English),6,Dog Gone,,,,tt15334430
2023-01-29,Films (English),7,The Pale Blue Eye,,,,tt14138650
2023-01-29,Films (English),8,Sing,,,,tt3470600
2023-01-29,Films (English),10,Trolls,,,,tt1679335
2023-01-29,Films (Non-English),2,JUNG_E,,,,tt22352848
2023-01-29,Films (Non-English),3,Mission Majnu,,,,tt13131232
2023-01-29,Films (Non-English),4,All Quiet on the Western Front,,,,tt1016150
2023-01-29,Films (Non-English),5,The Price of Family,,,,tt21149522
2023-01-29,Films (Non-English),6,An Action Hero,,,,tt15600222
2023-01-29,Films (Non-English),7,Troll,,,,tt11116912
2023-01-29,Films (Non-English),8,Dhamaka,,,,tt13510660
2023-01-29,Films (Non-English),10,My Name Is Vendetta,,,,tt15229674
2023-01-29,TV (English),1,Ginny & Georgia,Ginny & Georgia: Season 2,,,tt10813940
2023-01-29,TV (English),2,Wednesday,Wednesday: Season 1,,,tt13443470
2023-01-29,TV (English),3,Ginny & Georgia,Ginny & Georgia: Season 1,,,tt10813940
2023-01-29,TV (English),4,That '90s Show,That '90s Show: Part 1,,,tt15591076
2023-01-29,TV (English),5,Vikings: Valhalla,Vikings: Valhalla: Season 2,,,tt11311302
2023-01-29,TV (English),6,Lockwood & Co.,Lockwood & Co.: Season 1,,,tt13802576
2023-01-29,TV (English),7,New Amsterdam,New Amsterdam: Season 1,,,tt7817340
2023-01-29,TV (English),8,Bling Empire: New York,Bling Empire: New York: Season 1,,,tt22481904
2023-01-29,TV (English),9,Bake Squad,Bake Squad: Season 2,,,tt15078760
2023-01-29,TV (English),10,Kaleidoscope,Kaleidoscope: Limited Series,,,tt15438246
2023-01-29,TV (Non-English),1,La Reina del Sur,La Reina del Sur: Season 3,,,tt1704637
2023-01-29,TV (Non-English),2,Shahmaran,Shahmaran: Season 1,,,tt16913068
2023-01-29,TV (Non-English),3,The Snow Girl,The Snow Girl: Season 1,,,tt15787870
2023-01-29,TV (Non-English),4,Women at War,Women at War: Limited Series,,,tt14579330
2023-01-29,TV (Non-English),5,Record of Ragnarok,Record of Ragnarok: Season 2,,,tt13676344
2023-01-29,TV (Non-English),6,The Endless Night,The Endless Night: Limited Series,,,tt16427924
2023-01-29,TV (Non-English),7,Physical: 100,Physical: 100: Season 1,,,tt25274446
2023-01-29,TV (Non-English),8,Fauda,Fauda: Season 4,,,tt4565380
2023-01-29,TV (Non-English),9,The Glory,The Glory: Season 1,,,tt21344706
2023-01-29,TV (Non-English),10,Alchemy of Souls,Alchemy of Souls: Part 1,,,tt20859920
2023-01-22,Films (English),1,Dog Gone,,,,tt15334430
2023-01-22,Films (English),2,The Pale Blue Eye,,,,tt14138650
2023-01-22,Films (English),4,The Hatchet Wielding Hitchhiker,,,,tt24509990
2023-01-22,Films (English),5,Sing,,,,tt3470600
2023-01-22,Films (English),7,Puss in Boots,,,,tt0448694
2023-01-22,Films (English),8,A Quiet Place Part II,,,,tt8332922
2023-01-22,Films (English),9,Trolls,,,,tt1679335
2023-01-22,Films (English),10,Disconnect: The Wedding Planner,,,,tt24640474
2023-01-22,Films (Non-English),1,JUNG_E,,,,tt22352848
2023-01-22,Films (Non-English),2,Mission Majnu,,,,tt13131232
2023-01-22,Films (Non-English),3,Noise,,,,tt21326658
2023-01-22,Films (Non-English),4,All Quiet on the Western Front,,,,tt1016150
2023-01-22,Films (Non-English),5,Troll,,,,tt11116912
2023-01-22,Films (Non-English),7,Kaapa,,,,tt15251536
2023-01-22,Films (Non-English),8,Lesson Plan,,,,tt23343786
2023-01-22,Films (Non-English),9,My Name Is Vendetta,,,,tt15229674
2023-01-22,Films (Non-English),10,Alkhallat+,,,,tt22497768
2023-01-22,TV (English),1,Ginny & Georgia,Ginny & Georgia: Season 2,,,tt10813940
2023-01-22,TV (English),2,Vikings: Valhalla,Vikings: Valhalla: Season 2,,,tt11311302
2023-01-22,TV (English),3,Wednesday,Wednesday: Season 1,,,tt13443470
2023-01-22,TV (English),4,Ginny & Georgia,Ginny & Georgia: Season 1,,,tt10813940
2023-01-22,TV (English),5,That '90s Show,That '90s Show: Part 1,,,tt15591076
2023-01-22,TV (English),6,Vikings: Valhalla,Vikings: Valhalla: Season 1,,,tt11311302
2023-01-22,TV (English),7,Kaleidoscope,Kaleidoscope: Limited Series,,,tt15438246
2023-01-22,TV (English),8,Emily in Paris,Emily in Paris: Season 3,,,tt8962124
2023-01-22,TV (English),9,New Amsterdam,New Amsterdam: Season 1,,,tt7817340
2023-01-22,TV (English),10,The Walking Dead,The Walking Dead: Season 11,,,tt1520211
2023-01-22,TV (Non-English),1,La Reina del Sur,La Reina del Sur: Season 3,,,tt1704637
2023-01-22,TV (Non-English),2,Women at War,Women at War: Limited Series,,,tt14579330
2023-01-22,TV (Non-English),3,The Glory,The Glory: Season 1,,,tt21344706
2023-01-22,TV (Non-English),4,Sky Rojo,Sky Rojo: Season 3,,,tt8690776
2023-01-22,TV (Non-English),5,Shahmaran,Shahmaran: Season 1,,,tt16913068
2023-01-22,TV (Non-English),6,Alice in Borderland,Alice in Borderland: Season 2,,,tt10795658
2023-01-22,TV (Non-English),7,Fauda,Fauda: Season 4,,,tt4565380
2023-01-22,TV (Non-English),8,Alchemy of Souls,Alchemy of Souls: Part 1,,,tt20859920
2023-01-22,TV (Non-English),9,Woman of the Dead,Woman of the Dead: Season 1,,,tt5569404
2023-01-22,TV (Non-English),10,Alpha Males,Alpha Males: Season 1,,,tt18482892
2023-01-15,Films (English),1,The Pale Blue Eye,,,,tt14138650
2023-01-15,Films (English),2,The Hatchet Wielding Hitchhiker,,,,tt24509990
2023-01-15,Films (English),4,Dog Gone,,,,tt15334430
2023-01-15,Films (English),5,Sing,,,,tt3470600
2023-01-15,Films (English),7,Jumanji: The Next Level,,,,tt7975244
2023-01-15,Films (English),8,Transformers: Dark of the Moon,,,,tt1399103
2023-01-15,Films (English),9,Colombiana,,,,tt1657507
2023-01-15,Films (English),10,Daddy Day Care,,,,tt0317303
2023-01-15,Films (Non-English),1,Noise,,,,tt21326658
2023-01-15,Films (Non-English),2,How I Became a Gangster,,,,tt10804178
2023-01-15,Films (Non-English),3,The Raid 2,,,,tt2265171
2023-01-15,Films (Non-English),4,The Kings of the World,,,,tt15399372
2023-01-15,Films (Non-English),5,Confidential Assignment 2: International,,,,tt21867370
2023-01-15,Films (Non-English),6,Thai Massage,,,,tt20838498
2023-01-15,Films (Non-English),7,"Farewell, Mr. Haffmann",,,,tt10545704
2023-01-15,Films (Non-English),8,Troll,,,,tt11116912
2023-01-15,Films (Non-English),9,All Quiet on the Western Front,,,,tt1016150
2023-01-15,TV (English),1,Ginny & Georgia,Ginny & Georgia: Season 2,,,tt10813940
2023-01-15,TV (English),2,Ginny & Georgia,Ginny & Georgia: Season 1,,,tt10813940
2023-01-15,TV (English),3,Wednesday,Wednesday: Season 1,,,tt13443470
2023-01-15,TV (English),4,Vikings: Valhalla,Vikings: Valhalla: Season 2,,,tt11311302
2023-01-15,TV (English),5,Kaleidoscope,Kaleidoscope: Limited Series,,,tt15438246
2023-01-15,TV (English),6,Vikings: Valhalla,Vikings: Valhalla: Season 1,,,tt11311302
2023-01-15,TV (English),7,Emily in Paris,Emily in Paris: Season 3,,,tt8962124
2023-01-15,TV (English),8,New Amsterdam,New Amsterdam: Season 1,,,tt7817340
2023-01-15,TV (English),9,The Walking Dead,The Walking Dead: Season 11,,,tt1520211
2023-01-15,TV (English),10,The Recruit,The Recruit: Season 1,,,tt16030542
2023-01-15,TV (Non-English),1,La Reina del Sur,La Reina del Sur: Season 3,,,tt1704637
2023-01-15,TV (Non-English),2,The Glory,The Glory: Season 1,,,tt21344706
2023-01-15,TV (Non-English),3,Woman of the Dead,Woman of the Dead: Season 1,,,tt5569404
2023-01-15,TV (Non-English),4,Alice in Borderland,Alice in Borderland: Season 2,,,tt10795658
2023-01-15,TV (Non-English),6,Alpha Males,Alpha Males: Season 1,,,tt18482892
2023-01-15,TV (Non-English),7,Alchemy of Souls,Alchemy of Souls: Part 2,,,tt20859920
2023-01-15,TV (Non-English),8,Sky Rojo,Sky Rojo: Season 3,,,tt8690776
2023-01-15,TV (Non-English),9,Lady Voyeur,Lady Voyeur: Limited Series,,,tt15525658
2023-01-15,TV (Non-English),10,Love Is Blind: Brazil,Love Is Blind: Brazil: Season 2,,,tt15018224
2023-01-08,Films (English),2,The Pale Blue Eye,,,,tt14138650
2023-01-08,Films (English),3,Jumanji: The Next Level,,,,tt7975244
2023-01-08,Films (English),5,White Noise,,,,tt0375210
2023-01-08,Films (English),6,Honest Thief,,,,tt1838556
2023-01-08,Films (English),7,Sing,,,,tt3470600
2023-01-08,Films (English),8,Knives Out,,,,tt8946378
2023-01-08,Films (English),10,Trolls,,,,tt1679335
2023-01-08,Films (Non-English),1,How I Became a Gangster,,,,tt10804178
2023-01-08,Films (Non-English),2,The Raid 2,,,,tt2265171
2023-01-08,Films (Non-English),3,Mili,,,,tt15257644
2023-01-08,Films (Non-English),4,The Kings of the World,,,,tt15399372
2023-01-08,Films (Non-English),5,Troll,,,,tt11116912
2023-01-08,Films (Non-English),6,Gatta Kusthi,,,,tt21617996
2023-01-08,Films (Non-English),7,God's Crooked Lines,,,,tt13229894
2023-01-08,Films (Non-English),8,Double XL,,,,tt15614274
2023-01-08,Films (Non-English),9,7 Women and a Murder,,,,tt15206378
2023-01-08,Films (Non-English),10,All Quiet on the Western Front,,,,tt1016150
2023-01-08,TV (English),1,Ginny & Georgia,Ginny & Georgia: Season 2,,,tt10813940
2023-01-08,TV (English),2,Kaleidoscope,Kaleidoscope: Limited Series,,,tt15438246
2023-01-08,TV (English),3,Wednesday,Wednesday: Season 1,,,tt13443470
2023-01-08,TV (English),4,Emily in Paris,Emily in Paris: Season 3,,,tt8962124
2023-01-08,TV (English),5,Ginny & Georgia,Ginny & Georgia: Season 1,,,tt10813940
2023-01-08,TV (English),6,The Recruit,The Recruit: Season 1,,,tt16030542
2023-01-08,TV (English),7,MADOFF: The Monster of Wall Street,MADOFF: The Monster of Wall Street: Limited Series,,,tt23732458
2023-01-08,TV (English),8,Treason,Treason: Limited Series,,,tt16450274
2023-01-08,TV (English),9,The Witcher: Blood Origin,The Witcher: Blood Origin: Limited Series,,,tt12785720
2023-01-08,TV (English),10,New Amsterdam,New Amsterdam: Season 1,,,tt7817340
2023-01-08,TV (Non-English),1,The Glory,The Glory: Season 1,,,tt21344706
2023-01-08,TV (Non-English),2,La Reina del Sur,La Reina del Sur: Season 3,,,tt1704637
2023-01-08,TV (Non-English),3,Alice in Borderland,Alice in Borderland: Season 2,,,tt10795658
2023-01-08,TV (Non-English),4,Lady Voyeur,Lady Voyeur: Limited Series,,,tt15525658
2023-01-08,TV (Non-English),5,Woman of the Dead,Woman of the Dead: Season 1,,,tt5569404
2023-01-08,TV (Non-English),6,Alchemy of Souls,Alchemy of Souls: Part 2,,,tt20859920
2023-01-08,TV (Non-English),7,Alice in Borderland,Alice in Borderland: Season 1,,,tt10795658
2023-01-08,TV (Non-English),8,Alpha Males,Alpha Males: Season 1,,,tt18482892
2023-01-08,TV (Non-English),10,Love Is Blind: Brazil,Love Is Blind: Brazil: Season 2,,,tt15018224
2023-01-01,Films (English),3,Knives Out,,,,tt8946378
2023-01-01,Films (English),4,White Noise,,,,tt0375210
2023-01-01,Films (English),5,The Invitation,,,,tt2400463
2023-01-01,Films (English),7,Trolls,,,,tt1679335
2023-01-01,Films (English),8,After Ever Happy,,,,tt13070038
2023-01-01,Films (English),9,How the Grinch Stole Christmas,,,,tt0170016
2023-01-01,Films (English),10,Bullet Train,,,,tt12593682
2023-01-01,Films (Non-English),1,7 Women and a Murder,,,,tt15206378
2023-01-01,Films (Non-English),2,Troll,,,,tt11116912
2023-01-01,Films (Non-English),3,A Not So Merry Christmas,,,,tt23808016
2023-01-01,Films (Non-English),4,God's Crooked Lines,,,,tt13229894
2023-01-01,Films (Non-English),5,The Big 4,,,,tt15528292
2023-01-01,Films (Non-English),6,Double XL,,,,tt15614274
2023-01-01,Films (Non-English),7,My Name Is Vendetta,,,,tt15229674
2023-01-01,Films (Non-English),8,Mili,,,,tt15257644
2023-01-01,Films (Non-English),9,All Quiet on the Western Front,,,,tt1016150
2023-01-01,TV (English),1,Wednesday,Wednesday: Season 1,,,tt13443470
2023-01-01,TV (English),2,Emily in Paris,Emily in Paris: Season 3,,,tt8962124
2023-01-01,TV (English),3,The Witcher: Blood Origin,The Witcher: Blood Origin: Limited Series,,,tt12785720
2023-01-01,TV (English),4,Treason,Treason: Limited Series,,,tt16450274
2023-01-01,TV (English),5,The Recruit,The Recruit: Season 1,,,tt16030542
2023-01-01,TV (English),6,Harry & Meghan,Harry & Meghan: Limited Series,,,tt23900194
2023-01-01,TV (English),7,Emily in Paris,Emily in Paris: Season 2,,,tt8962124
2023-01-01,TV (English),8,Emily in Paris,Emily in Paris: Season 1,,,tt8962124
2023-01-01,TV (English),9,Sonic Prime,Sonic Prime: Season 1,,,tt13961348
2023-01-01,TV (English),10,Firefly Lane,Firefly Lane: Season 2,,,tt9012876
2023-01-01,TV (Non-English),1,Alice in Borderland,Alice in Borderland: Season 2,,,tt10795658
2023-01-01,TV (Non-English),2,Alice in Borderland,Alice in Borderland: Season 1,,,tt10795658
2023-01-01,TV (Non-English),3,The Glory,The Glory: Season 1,,,tt21344706
2023-01-01,TV (Non-English),4,Daughter From Another Mother,Daughter From Another Mother: Season 3,,,tt11937732
2023-01-01,TV (Non-English),5,La Reina del Sur,La Reina del Sur: Season 3,,,tt1704637
2023-01-01,TV (Non-English),6,Alchemy of Souls,Alchemy of Souls: Part 2,,,tt20859920
2023-01-01,TV (Non-English),10,Reborn Rich,,,,tt18352538
2022-12-25,Films (English),2,The Volcano: Rescue from Whakaari,,,,tt21439528
2022-12-25,Films (English),4,How the Grinch Stole Christmas,,,,tt0170016
2022-12-25,Films (English),5,A Bad Moms Christmas,,,,tt6359956
2022-12-25,Films (English),6,I Believe in Santa,,,,tt23722792
2022-12-25,Films (English),7,The Christmas Chronicles,,,,tt2990140
2022-12-25,Films (English),8,Falling for Christmas,,,,tt14715170
2022-12-25,Films (English),9,Bullet Train,,,,tt12593682
2022-12-25,Films (English),10,The Christmas Chronicles: Part Two,,,,tt11057644
2022-12-25,Films (Non-English),1,The Big 4,,,,tt15528292
2022-12-25,Films (Non-English),2,A Not So Merry Christmas,,,,tt23808016
2022-12-25,Films (Non-English),3,Private Lesson,,,,tt23782662
2022-12-25,Films (Non-English),4,God's Crooked Lines,,,,tt13229894
2022-12-25,Films (Non-English),5,Troll,,,,tt11116912
2022-12-25,Films (Non-English),7,My Name Is Vendetta,,,,tt15229674
2022-12-25,Films (Non-English),8,The Seven Deadly Sins: Grudge of Edinburgh Part 1,,,,tt17677744
2022-12-25,Films (Non-English),9,Doctor G,,,,tt9054970
2022-12-25,TV (English),1,Wednesday,Wednesday: Season 1,,,tt13443470
2022-12-25,TV (English),2,Emily in Paris,Emily in Paris: Season 3,,,tt8962124
2022-12-25,TV (English),3,The Recruit,The Recruit: Season 1,,,tt16030542
2022-12-25,TV (English),4,Harry & Meghan,Harry & Meghan: Limited Series,,,tt23900194
2022-12-25,TV (English),5,Sonic Prime,Sonic Prime: Season 1,,,tt13961348
2022-12-25,TV (English),6,Too Hot to Handle,Too Hot to Handle: Season 4,,,tt12004280
2022-12-25,TV (English),7,The Witcher: Blood Origin,The Witcher: Blood Origin: Limited Series,,,tt12785720
2022-12-25,TV (English),8,I AM A KILLER,I AM A KILLER: Season 4,,,tt8300324
2022-12-25,TV (English),9,Firefly Lane,Firefly Lane: Season 2,,,tt9012876
2022-12-25,TV (English),10,Emily in Paris,Emily in Paris: Season 1,,,tt8962124
2022-12-25,TV (Non-English),1,Alice in Borderland,Alice in Borderland: Season 2,,,tt10795658
2022-12-25,TV (Non-English),2,Alice in Borderland,Alice in Borderland: Season 1,,,tt10795658
2022-12-25,TV (Non-English),3,Reborn Rich,,,,tt18352538
2022-12-25,TV (Non-English),5,Alchemy of Souls,Alchemy of Souls: Part 2,,,tt20859920
2022-12-25,TV (Non-English),7,A Storm for Christmas,A Storm for Christmas: Limited Series,,,tt15700830
2022-12-25,TV (Non-English),8,Alchemy of Souls,Alchemy of Souls: Part 1,,,tt20859920
2022-12-25,TV (Non-English),9,Blood Ties,Blood Ties: Season 1,,,tt0808013
2022-12-18,Films (English),2,I Believe in Santa,,,,tt23722792
2022-12-18,Films (English),3,Prisoners,,,,tt1392214
2022-12-18,Films (English),4,Bullet Train,,,,tt12593682
2022-12-18,Films (English),5,Lady Chatterley's Lover,,,,tt14369780
2022-12-18,Films (English),6,The Volcano: Rescue from Whakaari,,,,tt21439528
2022-12-18,Films (English),7,How the Grinch Stole Christmas,,,,tt0170016
2022-12-18,Films (English),8,Falling for Christmas,,,,tt14715170
2022-12-18,Films (English),9,Scrooge: A Christmas Carol,,,,tt20917338
2022-12-18,Films (English),10,The Noel Diary,,,,tt13007592
2022-12-18,Films (Non-English),1,God's Crooked Lines,,,,tt13229894
2022-12-18,Films (Non-English),2,The Big 4,,,,tt15528292
2022-12-18,Films (Non-English),3,Troll,,,,tt11116912
2022-12-18,Films (Non-English),4,Doctor G,,,,tt9054970
2022-12-18,Films (Non-English),5,My Name Is Vendetta,,,,tt15229674
2022-12-18,Films (Non-English),6,The Marriage App,,,,tt18688184
2022-12-18,Films (Non-English),7,Private Lesson,,,,tt23782662
2022-12-18,Films (Non-English),10,Delivery by Christmas,,,,tt19723342
2022-12-18,TV (English),1,Wednesday,Wednesday: Season 1,,,tt13443470
2022-12-18,TV (English),2,Harry & Meghan,Harry & Meghan: Limited Series,,,tt23900194
2022-12-18,TV (English),3,The Recruit,The Recruit: Season 1,,,tt16030542
2022-12-18,TV (English),4,Too Hot to Handle,Too Hot to Handle: Season 4,,,tt12004280
2022-12-18,TV (English),5,Sonic Prime,Sonic Prime: Season 1,,,tt13961348
2022-12-18,TV (English),6,Firefly Lane,Firefly Lane: Season 2,,,tt9012876
2022-12-18,TV (English),7,1899,1899: Season 1,,,tt9319668
2022-12-18,TV (English),8,The Crown,The Crown: Season 5,,,tt4786824
2022-12-18,TV (English),9,Don't Pick Up the Phone,Don't Pick Up the Phone: Limited Series,,,tt23826740
2022-12-18,TV (English),10,Firefly Lane,Firefly Lane: Season 1,,,tt9012876
2022-12-18,TV (Non-English),2,Money Heist: Korea - Joint Economic Area,Money Heist: Korea - Joint Economic Area: Season 1,,,tt13696452
2022-12-18,TV (Non-English),3,Reborn Rich,,,,tt18352538
2022-12-18,TV (Non-English),5,Alchemy of Souls,Alchemy of Souls: Part 1,,,tt20859920
2022-12-18,TV (Non-English),6,Alchemy of Souls,Alchemy of Souls: Part 2,,,tt20859920
2022-12-18,TV (Non-English),7,A Storm for Christmas,A Storm for Christmas: Limited Series,,,tt15700830
2022-12-18,TV (Non-English),8,Lookism,Lookism: Season 1,,,tt22297722
2022-12-18,TV (Non-English),9,I Hate Christmas,I Hate Christmas: Season 1,,,tt23556972
2022-12-18,TV (Non-English),10,Under the Queen's Umbrella,Under the Queen's Umbrella: Limited Series,,,tt22265394
2022-12-11,Films (English),1,Lady Chatterley's Lover,,,,tt14369780
2022-12-11,Films (English),3,Bullet Train,,,,tt12593682
2022-12-11,Films (English),4,Scrooge: A Christmas Carol,,,,tt20917338
2022-12-11,Films (English),5,The Swimmers,,,,tt8745676
2022-12-11,Films (English),6,The Noel Diary,,,,tt13007592
2022-12-11,Films (English),8,Slumberland,,,,tt13320662
2022-12-11,Films (English),10,Emily the Criminal,,,,tt15255876
2022-12-11,Films (Non-English),1,Troll,,,,tt11116912
2022-12-11,Films (Non-English),2,My Name Is Vendetta,,,,tt15229674
2022-12-11,Films (Non-English),3,God's Crooked Lines,,,,tt13229894
2022-12-11,Films (Non-English),4,Warriors of Future,,,,tt7375466
2022-12-11,Films (Non-English),5,A Man of Action,,,,tt12703292
2022-12-11,Films (Non-English),6,Christmas Full of Grace,,,,tt23556786
2022-12-11,Films (Non-English),7,Delivery by Christmas,,,,tt19723342
2022-12-11,Films (Non-English),8,The Marriage App,,,,tt18688184
2022-12-11,Films (Non-English),9,Goodbye,,,,tt14438964
2022-12-11,TV (English),1,Wednesday,Wednesday: Season 1,,,tt13443470
2022-12-11,TV (English),2,Harry & Meghan,Harry & Meghan: Limited Series,,,tt23900194
2022-12-11,TV (English),3,Firefly Lane,Firefly Lane: Season 2,,,tt9012876
2022-12-11,TV (English),4,1899,1899: Season 1,,,tt9319668
2022-12-11,TV (English),5,Firefly Lane,Firefly Lane: Season 1,,,tt9012876
2022-12-11,TV (English),6,Too Hot to Handle,Too Hot to Handle: Season 4,,,tt12004280
2022-12-11,TV (English),7,The Crown,The Crown: Season 5,,,tt4786824
2022-12-11,TV (English),8,Snack VS. Chef,Snack VS. Chef: Season 1,,,tt21840894
2022-12-11,TV (English),9,Dead to Me,Dead to Me: Season 3,,,tt8064302
2022-12-11,TV (English),10,Manifest,Manifest: Season 4,,,tt8421350
2022-12-11,TV (Non-English),3,Under the Queen's Umbrella,Under the Queen's Umbrella: Limited Series,,,tt22265394
2022-12-11,TV (Non-English),4,Reborn Rich,,,,tt18352538
2022-12-11,TV (Non-English),5,Elite,Elite: Season 6,,,tt7134908
2022-12-11,TV (Non-English),6,I Hate Christmas,I Hate Christmas: Season 1,,,tt23556972
2022-12-11,TV (Non-English),7,Money Heist: Korea - Joint Economic Area,Money Heist: Korea - Joint Economic Area: Season 1,,,tt13696452
2022-12-11,TV (Non-English),8,Hot Skull,Hot Skull: Season 1,,,tt11988676
2022-12-11,TV (Non-English),9,First Love,First Love: Season 1,,,tt15289042
2022-12-11,TV (Non-English),10,Lookism,Lookism: Season 1,,,tt22297722
2022-12-04,Films (English),1,The Noel Diary,,,,tt13007592
2022-12-04,Films (English),2,The Swimmers,,,,tt8745676
2022-12-04,Films (English),3,Lady Chatterley's Lover,,,,tt14369780
2022-12-04,Films (English),4,Slumberland,,,,tt13320662
2022-12-04,Films (English),5,Bullet Train,,,,tt12593682
2022-12-04,Films (English),6,Christmas on Mistletoe Farm,,,,tt20561114
2022-12-04,Films (English),7,Falling for Christmas,,,,tt14715170
2022-12-04,Films (English),9,Scrooge: A Christmas Carol,,,,tt20917338
2022-12-04,Films (English),10,Ghislaine Maxwell: Filthy Rich,,,,tt22892896
2022-12-04,Films (Non-English),1,Troll,,,,tt11116912
2022-12-04,Films (Non-English),2,My Name Is Vendetta,,,,tt15229674
2022-12-04,Films (Non-English),3,Christmas Full of Grace,,,,tt23556786
2022-12-04,Films (Non-English),4,Warriors of Future,,,,tt7375466
2022-12-04,Films (Non-English),5,Lesson Plan,,,,tt23343786
2022-12-04,Films (Non-English),7,A Man of Action,,,,tt12703292
2022-12-04,Films (Non-English),8,Who's a Good Boy?,,,,tt18082726
2022-12-04,Films (Non-English),9,Goodbye,,,,tt14438964
2022-12-04,TV (English),1,Wednesday,Wednesday: Season 1,,,tt13443470
2022-12-04,TV (English),2,1899,1899: Season 1,,,tt9319668
2022-12-04,TV (English),3,Firefly Lane,Firefly Lane: Season 2,,,tt9012876
2022-12-04,TV (English),4,The Crown,The Crown: Season 5,,,tt4786824
2022-12-04,TV (English),5,Crime Scene: The Texas Killing Fields,Crime Scene: The Texas Killing Fields: Limited Series,,,tt23553310
2022-12-04,TV (English),6,Dead to Me,Dead to Me: Season 3,,,tt8064302
2022-12-04,TV (English),7,Manifest,Manifest: Season 4,,,tt8421350
2022-12-04,TV (English),8,Blood & Water,Blood & Water: Season 3,,,tt9839146
2022-12-04,TV (English),9,Manifest,Manifest: Season 1,,,tt8421350
2022-12-04,TV (English),10,Little Angel,Little Angel: Volume 1,,,tt31624609
2022-12-04,TV (Non-English),3,Elite,Elite: Season 6,,,tt7134908
2022-12-04,TV (Non-English),4,Under the Queen's Umbrella,Under the Queen's Umbrella: Limited Series,,,tt22265394
2022-12-04,TV (Non-English),5,First Love,First Love: Season 1,,,tt15289042
2022-12-04,TV (Non-English),6,Reborn Rich,,,,tt18352538
2022-12-04,TV (Non-English),7,Khakee: The Bihar Chapter,Khakee: The Bihar Chapter: Season 1,,,tt23037654
2022-12-04,TV (Non-English),8,JoJo's Bizarre Adventure,JoJo's Bizarre Adventure: STONE OCEAN,,,tt2359704
2022-12-04,TV (Non-English),9,Chiquititas,,,,tt0154063
2022-12-04,TV (Non-English),10,Extraordinary Attorney Woo,Extraordinary Attorney Woo: Season 1,,,tt20869502
2022-11-27,Films (English),1,Slumberland,,,,tt13320662
2022-11-27,Films (English),2,The Noel Diary,,,,tt13007592
2022-11-27,Films (English),3,The Swimmers,,,,tt8745676
2022-11-27,Films (English),4,The Wonder,,,,tt9288822
2022-11-27,Films (English),5,Falling for Christmas,,,,tt14715170
2022-11-27,Films (English),6,Christmas with You,,,,tt15824322
2022-11-27,Films (English),7,Christmas on Mistletoe Farm,,,,tt20561114
2022-11-27,Films (English),8,Enola Holmes 2,,,,tt14641788
2022-11-27,Films (English),9,Where the Crawdads Sing,,,,tt9411972
2022-11-27,Films (English),10,Ghislaine Maxwell: Filthy Rich,,,,tt22892896
2022-11-27,Films (Non-English),1,Lesson Plan,,,,tt23343786
2022-11-27,Films (Non-English),3,All Quiet on the Western Front,,,,tt1016150
2022-11-27,Films (Non-English),7,Who's a Good Boy?,,,,tt18082726
2022-11-27,Films (Non-English),8,Off Track,,,,tt13316790
2022-11-27,Films (Non-English),9,Beyond the Universe,,,,tt16027944
2022-11-27,Films (Non-English),10,Lost Bullet,,,,tt10456740
2022-11-27,TV (English),1,Wednesday,Wednesday: Season 1,,,tt13443470
2022-11-27,TV (English),2,1899,1899: Season 1,,,tt9319668
2022-11-27,TV (English),3,The Crown,The Crown: Season 5,,,tt4786824
2022-11-27,TV (English),4,Dead to Me,Dead to Me: Season 3,,,tt8064302
2022-11-27,TV (English),5,Manifest,Manifest: Season 4,,,tt8421350
2022-11-27,TV (English),6,Manifest,Manifest: Season 1,,,tt8421350
2022-11-27,TV (English),7,"Pepsi, Where's My Jet?","Pepsi, Where's My Jet?: Limited Series",,,tt23022276
2022-11-27,TV (English),8,Manifest,Manifest: Season 3,,,tt8421350
2022-11-27,TV (English),9,Warrior Nun,Warrior Nun: Season 2,,,tt9059350
2022-11-27,TV (English),10,Dead to Me,Dead to Me: Season 1,,,tt8064302
2022-11-27,TV (Non-English),1,Elite,Elite: Season 6,,,tt7134908
2022-11-27,TV (Non-English),3,Under the Queen's Umbrella,Under the Queen's Umbrella: Limited Series,,,tt22265394
2022-11-27,TV (Non-English),4,Reborn Rich,,,,tt18352538
2022-11-27,TV (Non-English),5,Somebody,Somebody: Season 1,,,tt22479848
2022-11-27,TV (Non-English),7,Chiquititas,,,,tt0154063
2022-11-27,TV (Non-English),8,First Love,First Love: Season 1,,,tt15289042
2022-11-27,TV (Non-English),9,Khakee: The Bihar Chapter,Khakee: The Bihar Chapter: Season 1,,,tt23037654
2022-11-27,TV (Non-English),10,Café con aroma de mujer,Café con aroma de mujer: Season 1,,,tt14471346
2022-11-20,Films (English),1,Falling for Christmas,,,,tt14715170
2022-11-20,Films (English),2,Slumberland,,,,tt13320662
2022-11-20,Films (English),3,The Wonder,,,,tt9288822
2022-11-20,Films (English),4,Enola Holmes 2,,,,tt14641788
2022-11-20,Films (English),5,Where the Crawdads Sing,,,,tt9411972
2022-11-20,Films (English),6,Christmas with You,,,,tt15824322
2022-11-20,Films (English),8,The Good Nurse,,,,tt4273800
2022-11-20,Films (English),9,Enola Holmes,,,,tt7846844
2022-11-20,Films (English),10,I Am Vanessa Guillen,,,,tt22440764
2022-11-20,Films (Non-English),2,All Quiet on the Western Front,,,,tt1016150
2022-11-20,Films (Non-English),3,Lost Bullet,,,,tt10456740
2022-11-20,Films (Non-English),4,Beyond the Universe,,,,tt16027944
2022-11-20,Films (Non-English),5,"Monica, O My Darling",,,,tt15128068
2022-11-20,Films (Non-English),6,Racionais MC's: From the Streets of São Paulo,,,,tt22988228
2022-11-20,Films (Non-English),7,The Claus Family 2,,,,tt14384176
2022-11-20,Films (Non-English),8,Don't Leave,,,,tt18450548
2022-11-20,Films (Non-English),9,The Chalk Line,,,,tt12683756
2022-11-20,Films (Non-English),10,The Takeover,,,,tt18082758
2022-11-20,TV (English),1,The Crown,The Crown: Season 5,,,tt4786824
2022-11-20,TV (English),2,1899,1899: Season 1,,,tt9319668
2022-11-20,TV (English),3,Manifest,Manifest: Season 4,,,tt8421350
2022-11-20,TV (English),4,Dead to Me,Dead to Me: Season 3,,,tt8064302
2022-11-20,TV (English),5,Warrior Nun,Warrior Nun: Season 2,,,tt9059350
2022-11-20,TV (English),6,Manifest,Manifest: Season 1,,,tt8421350
2022-11-20,TV (English),7,Ancient Apocalypse,Ancient Apocalypse: Season 1,,,tt22807484
2022-11-20,TV (English),8,Warrior Nun,Warrior Nun: Season 1,,,tt9059350
2022-11-20,TV (English),9,From Scratch,From Scratch: Limited Series,,,tt11252254
2022-11-20,TV (English),10,Love Is Blind,Love Is Blind: Season 3,,,tt11704040
2022-11-20,TV (Non-English),2,Elite,Elite: Season 6,,,tt7134908
2022-11-20,TV (Non-English),3,Under the Queen's Umbrella,Under the Queen's Umbrella: Limited Series,,,tt22265394
2022-11-20,TV (Non-English),4,Little Women,Little Women: Limited Series,,,tt21828868
2022-11-20,TV (Non-English),5,Chiquititas,,,,tt0154063
2022-11-20,TV (Non-English),6,Café con aroma de mujer,Café con aroma de mujer: Season 1,,,tt14471346
2022-11-20,TV (Non-English),7,Extraordinary Attorney Woo,Extraordinary Attorney Woo: Season 1,,,tt20869502
2022-11-20,TV (Non-English),9,Love Never Lies: Destination Sardinia,Love Never Lies: Destination Sardinia: Season 1,,,tt22941150
2022-11-20,TV (Non-English),10,Dubai Bling,Dubai Bling: Season 1,,,tt22071840
2022-11-13,Films (English),1,Enola Holmes 2,,,,tt14641788
2022-11-13,Films (English),2,Falling for Christmas,,,,tt14715170
2022-11-13,Films (English),3,Enola Holmes,,,,tt7846844
2022-11-13,Films (English),4,Medieval,,,,tt8883486
2022-11-13,Films (English),5,The Good Nurse,,,,tt4273800
2022-11-13,Films (English),7,The Bad Guys,,,,tt8115900
2022-11-13,Films (English),8,Where the Crawdads Sing,,,,tt9411972
2022-11-13,Films (English),9,The School for Good and Evil,,,,tt2935622
2022-11-13,Films (English),10,Hotel Transylvania 2,,,,tt2510894
2022-11-13,Films (Non-English),2,All Quiet on the Western Front,,,,tt1016150
2022-11-13,Films (Non-English),3,Beyond the Universe,,,,tt16027944
2022-11-13,Films (Non-English),4,The Takeover,,,,tt18082758
2022-11-13,Films (Non-English),5,The Chalk Line,,,,tt12683756
2022-11-13,Films (Non-English),6,The Claus Family 2,,,,tt14384176
2022-11-13,Films (Non-English),7,Lost Bullet,,,,tt10456740
2022-11-13,Films (Non-English),8,"Monica, O My Darling",,,,tt15128068
2022-11-13,Films (Non-English),9,Don't Leave,,,,tt18450548
2022-11-13,Films (Non-English),10,20th Century Girl,,,,tt15340724
2022-11-13,TV (English),1,The Crown,The Crown: Season 5,,,tt4786824
2022-11-13,TV (English),2,Manifest,Manifest: Season 4,,,tt8421350
2022-11-13,TV (English),3,Love Is Blind,Love Is Blind: Season 3,,,tt11704040
2022-11-13,TV (English),4,Manifest,Manifest: Season 1,,,tt8421350
2022-11-13,TV (English),5,From Scratch,From Scratch: Limited Series,,,tt11252254
2022-11-13,TV (English),6,Warrior Nun,Warrior Nun: Season 2,,,tt9059350
2022-11-13,TV (English),7,Inside Man,Inside Man: Season 1,,,tt10948716
2022-11-13,TV (English),8,The Watcher,The Watcher: Season 1,,,tt14852808
2022-11-13,TV (English),9,Manifest,Manifest: Season 2,,,tt8421350
2022-11-13,TV (English),10,Guillermo del Toro's Cabinet of Curiosities,Guillermo del Toro's Cabinet of Curiosities: Season 1,,,tt8415836
2022-11-13,TV (Non-English),3,Under the Queen's Umbrella,Under the Queen's Umbrella: Limited Series,,,tt22265394
2022-11-13,TV (Non-English),4,Little Women,Little Women: Limited Series,,,tt21828868
2022-11-13,TV (Non-English),5,If Only,If Only: Season 1,,,tt14463608
2022-11-13,TV (Non-English),6,Dubai Bling,Dubai Bling: Season 1,,,tt22071840
2022-11-13,TV (Non-English),7,Chiquititas,,,,tt0154063
2022-11-13,TV (Non-English),8,Extraordinary Attorney Woo,Extraordinary Attorney Woo: Season 1,,,tt20869502
2022-11-13,TV (Non-English),9,Café con aroma de mujer,Café con aroma de mujer: Season 1,,,tt14471346
2022-11-13,TV (Non-English),10,Young Royals,Young Royals: Season 2,,,tt14664414
2022-11-06,Films (English),1,Enola Holmes 2,,,,tt14641788
2022-11-06,Films (English),2,The Good Nurse,,,,tt4273800
2022-11-06,Films (English),3,The School for Good and Evil,,,,tt2935622
2022-11-06,Films (English),4,War,,,,tt0499556
2022-11-06,Films (English),5,Wild Is the Wind,,,,tt22437050
2022-11-06,Films (English),6,The Bad Guys,,,,tt8115900
2022-11-06,Films (English),7,Hotel Transylvania 2,,,,tt2510894
2022-11-06,Films (English),8,Enola Holmes,,,,tt7846844
2022-11-06,Films (English),9,Oblivion,,,,tt1483013
2022-11-06,Films (English),10,The Curse of Bridge Hollow,,,,tt15289240
2022-11-06,Films (Non-English),1,All Quiet on the Western Front,,,,tt1016150
2022-11-06,Films (Non-English),2,The Takeover,,,,tt18082758
2022-11-06,Films (Non-English),3,Beyond the Universe,,,,tt16027944
2022-11-06,Films (Non-English),4,The Chalk Line,,,,tt12683756
2022-11-06,Films (Non-English),5,20th Century Girl,,,,tt15340724
2022-11-06,Films (Non-English),6,Hellhole,,,,tt19724142
2022-11-06,Films (Non-English),7,Lost Bullet,,,,tt10456740
2022-11-06,Films (Non-English),8,Robbing Mussolini,,,,tt14270848
2022-11-06,Films (Non-English),9,Someone Borrowed,,,,tt22091698
2022-11-06,Films (Non-English),10,The Ghost,,,,tt15309632
2022-11-06,TV (English),1,Manifest,Manifest: Season 4,,,tt8421350
2022-11-06,TV (English),2,Inside Man,Inside Man: Season 1,,,tt10948716
2022-11-06,TV (English),3,From Scratch,From Scratch: Limited Series,,,tt11252254
2022-11-06,TV (English),4,Love Is Blind,Love Is Blind: Season 3,,,tt11704040
2022-11-06,TV (English),5,Guillermo del Toro's Cabinet of Curiosities,Guillermo del Toro's Cabinet of Curiosities: Season 1,,,tt8415836
2022-11-06,TV (English),6,The Watcher,The Watcher: Season 1,,,tt14852808
2022-11-06,TV (English),9,Killer Sally,Killer Sally: Limited Series,,,tt22646714
2022-11-06,TV (English),10,Manifest,Manifest: Season 1,,,tt8421350
2022-11-06,TV (Non-English),2,Dubai Bling,Dubai Bling: Season 1,,,tt22071840
2022-11-06,TV (Non-English),3,Young Royals,Young Royals: Season 2,,,tt14664414
2022-11-06,TV (Non-English),4,If Only,If Only: Season 1,,,tt14463608
2022-11-06,TV (Non-English),5,Little Women,Little Women: Limited Series,,,tt21828868
2022-11-06,TV (Non-English),6,Under the Queen's Umbrella,Under the Queen's Umbrella: Limited Series,,,tt22265394
2022-11-06,TV (Non-English),7,Barbarians,Barbarians: II,,,tt9184986
2022-11-06,TV (Non-English),8,Once Upon a Small Town,Once Upon a Small Town: Limited Series,,,tt21875462
2022-11-06,TV (Non-English),9,Extraordinary Attorney Woo,Extraordinary Attorney Woo: Season 1,,,tt20869502
2022-11-06,TV (Non-English),10,Chiquititas,,,,tt0154063
2022-10-30,Films (English),1,The Good Nurse,,,,tt4273800
2022-10-30,Films (English),2,The School for Good and Evil,,,,tt2935622
2022-10-30,Films (English),3,The Stranger,,,,tt0038991
2022-10-30,Films (English),4,Wild Is the Wind,,,,tt22437050
2022-10-30,Films (English),5,The Curse of Bridge Hollow,,,,tt15289240
2022-10-30,Films (English),6,Luckiest Girl Alive,,,,tt4595186
2022-10-30,Films (English),7,Sing,,,,tt3470600
2022-10-30,Films (English),8,The Boss Baby,,,,tt3874544
2022-10-30,Films (English),9,Hubie Halloween,,,,tt10682266
2022-10-30,Films (English),10,Blade of the 47 Ronin,,,,tt12610794
2022-10-30,Films (Non-English),1,All Quiet on the Western Front,,,,tt1016150
2022-10-30,Films (Non-English),2,The Chalk Line,,,,tt12683756
2022-10-30,Films (Non-English),3,20th Century Girl,,,,tt15340724
2022-10-30,Films (Non-English),4,Beyond the Universe,,,,tt16027944
2022-10-30,Films (Non-English),5,Hellhole,,,,tt19724142
2022-10-30,Films (Non-English),6,Robbing Mussolini,,,,tt14270848
2022-10-30,Films (Non-English),7,Someone Borrowed,,,,tt22091698
2022-10-30,Films (Non-English),8,Lost Bullet,,,,tt10456740
2022-10-30,Films (Non-English),10,Laal Singh Chaddha,,,,tt10028196
2022-10-30,TV (English),1,From Scratch,From Scratch: Limited Series,,,tt11252254
2022-10-30,TV (English),2,The Watcher,The Watcher: Season 1,,,tt14852808
2022-10-30,TV (English),3,Guillermo del Toro's Cabinet of Curiosities,Guillermo del Toro's Cabinet of Curiosities: Season 1,,,tt8415836
2022-10-30,TV (English),4,Love Is Blind,Love Is Blind: Season 3,,,tt11704040
2022-10-30,TV (English),6,Unsolved Mysteries,Unsolved Mysteries: Volume 3,,,tt9642938
2022-10-30,TV (English),8,28 Days Haunted,28 Days Haunted: Season 1,,,tt22227040
2022-10-30,TV (English),9,Big Mouth,Big Mouth: Season 6,,,tt6524350
2022-10-30,TV (English),10,Little Angel,Little Angel: Volume 1,,,tt31624609
2022-10-30,TV (Non-English),2,Barbarians,Barbarians: II,,,tt9184986
2022-10-30,TV (Non-English),3,Dubai Bling,Dubai Bling: Season 1,,,tt22071840
2022-10-30,TV (Non-English),4,Little Women,Little Women: Limited Series,,,tt21828868
2022-10-30,TV (Non-English),5,Barbarians,,,,tt9184986
2022-10-30,TV (Non-English),6,Vatican Girl: The Disappearance of Emanuela Orlandi,Vatican Girl: The Disappearance of Emanuela Orlandi: Limited Series,,,tt22746676
2022-10-30,TV (Non-English),7,The Empress,The Empress: Season 1,,,tt13720112
2022-10-30,TV (Non-English),8,If Only,If Only: Season 1,,,tt14463608
2022-10-30,TV (Non-English),9,Extraordinary Attorney Woo,Extraordinary Attorney Woo: Season 1,,,tt20869502
2022-10-30,TV (Non-English),10,Under the Queen's Umbrella,Under the Queen's Umbrella: Limited Series,,,tt22265394
2022-10-23,Films (English),1,The School for Good and Evil,,,,tt2935622
2022-10-23,Films (English),2,The Curse of Bridge Hollow,,,,tt15289240
2022-10-23,Films (English),3,Luckiest Girl Alive,,,,tt4595186
2022-10-23,Films (English),4,The Stranger,,,,tt0038991
2022-10-23,Films (English),5,Blackout,,,,tt8363392
2022-10-23,Films (English),6,Black and Blue,,,,tt7390646
2022-10-23,Films (English),7,Sing,,,,tt3470600
2022-10-23,Films (English),8,Mr. Harrigan's Phone,,,,tt12908110
2022-10-23,Films (English),9,The Boss Baby,,,,tt3874544
2022-10-23,Films (English),10,Charlie's Angels,,,,tt0160127
2022-10-23,Films (Non-English),1,Someone Borrowed,,,,tt22091698
2022-10-23,Films (Non-English),2,20th Century Girl,,,,tt15340724
2022-10-23,Films (Non-English),3,Dobaaraa,,,,tt14042066
2022-10-23,Films (Non-English),4,Old People,,,,tt21933110
2022-10-23,Films (Non-English),5,Laal Singh Chaddha,,,,tt10028196
2022-10-23,Films (Non-English),6,Doll House,,,,tt22038236
2022-10-23,Films (Non-English),7,Forever Rich,,,,tt12748300
2022-10-23,Films (Non-English),8,Loving Adults,,,,tt14592948
2022-10-23,Films (Non-English),9,Blood Red Sky,,,,tt6402468
2022-10-23,Films (Non-English),10,Usogui,,,,tt5715464
2022-10-23,TV (English),1,The Watcher,The Watcher: Season 1,,,tt14852808
2022-10-23,TV (English),3,From Scratch,From Scratch: Limited Series,,,tt11252254
2022-10-23,TV (English),4,Love Is Blind,Love Is Blind: Season 3,,,tt11704040
2022-10-23,TV (English),5,The Midnight Club,The Midnight Club: Season 1,,,tt13444912
2022-10-23,TV (English),6,Unsolved Mysteries,Unsolved Mysteries: Volume 3,,,tt9642938
2022-10-23,TV (English),7,The Sinner,The Sinner: Season 4: Percy,,,tt6048596
2022-10-23,TV (English),8,28 Days Haunted,28 Days Haunted: Season 1,,,tt22227040
2022-10-23,TV (English),9,Dynasty,Dynasty: Season 5,,,tt6128300
2022-10-23,TV (English),10,Wild Croc Territory,Wild Croc Territory: Season 1,,,tt22085974
2022-10-23,TV (Non-English),2,Holy Family,Holy Family: Season 1,,,tt15576994
2022-10-23,TV (Non-English),3,Little Women,Little Women: Limited Series,,,tt21828868
2022-10-23,TV (Non-English),4,The Empress,The Empress: Season 1,,,tt13720112
2022-10-23,TV (Non-English),5,Barbarians,Barbarians: II,,,tt9184986
2022-10-23,TV (Non-English),6,Vatican Girl: The Disappearance of Emanuela Orlandi,Vatican Girl: The Disappearance of Emanuela Orlandi: Limited Series,,,tt22746676
2022-10-23,TV (Non-English),7,The Playlist,The Playlist: Limited Series,,,tt11564258
2022-10-23,TV (Non-English),8,Extraordinary Attorney Woo,Extraordinary Attorney Woo: Season 1,,,tt20869502
2022-10-23,TV (Non-English),9,High Water,High Water: Season 1,,,tt15096728
2022-10-23,TV (Non-English),10,Barbarians,,,,tt9184986
2022-10-16,Films (English),1,Luckiest Girl Alive,,,,tt4595186
2022-10-16,Films (English),2,The Curse of Bridge Hollow,,,,tt15289240
2022-10-16,Films (English),3,Blackout,,,,tt8363392
2022-10-16,Films (English),4,Mr. Harrigan's Phone,,,,tt12908110
2022-10-16,Films (English),5,Sing,,,,tt3470600
2022-10-16,Films (English),6,The Redeem Team,,,,tt21837726
2022-10-16,Films (English),7,The Boss Baby,,,,tt3874544
2022-10-16,Films (English),8,Running with the Devil,,,,tt5792656
2022-10-16,Films (English),9,Blonde,,,,tt1655389
2022-10-16,Films (English),10,Black and Blue,,,,tt7390646
2022-10-16,Films (Non-English),1,Someone Borrowed,,,,tt22091698
2022-10-16,Films (Non-English),2,Old People,,,,tt21933110
2022-10-16,Films (Non-English),3,Togo,,,,tt5116302
2022-10-16,Films (Non-English),4,Laal Singh Chaddha,,,,tt10028196
2022-10-16,Films (Non-English),5,Doll House,,,,tt22038236
2022-10-16,Films (Non-English),6,Jumping from High Places,,,,tt22071864
2022-10-16,Films (Non-English),8,Dobaaraa,,,,tt14042066
2022-10-16,Films (Non-English),9,Plan A Plan B,,,,tt15238986
2022-10-16,Films (Non-English),10,Usogui,,,,tt5715464
2022-10-16,TV (English),1,The Watcher,The Watcher: Season 1,,,tt14852808
2022-10-16,TV (English),3,The Midnight Club,The Midnight Club: Season 1,,,tt13444912
2022-10-16,TV (English),4,Conversations with a Killer: The Jeffrey Dahmer Tapes,Conversations with a Killer: The Jeffrey Dahmer Tapes: Limited Series,,,tt21946032
2022-10-16,TV (English),5,Dynasty,Dynasty: Season 5,,,tt6128300
2022-10-16,TV (English),6,Oddballs,Oddballs: Season 1,,,tt21107718
2022-10-16,TV (English),7,The Blacklist,The Blacklist: Season 9,,,tt2741602
2022-10-16,TV (English),8,Bling Empire,Bling Empire: Season 3,,,tt13660962
2022-10-16,TV (English),9,Fate: The Winx Saga,Fate: The Winx Saga: Season 2,,,tt8179402
2022-10-16,TV (English),10,The Mole,The Mole: Season 1,,,tt21822078
2022-10-16,TV (Non-English),1,High Water,High Water: Season 1,,,tt15096728
2022-10-16,TV (Non-English),2,The Empress,The Empress: Season 1,,,tt13720112
2022-10-16,TV (Non-English),3,Little Women,Little Women: Limited Series,,,tt21828868
2022-10-16,TV (Non-English),4,Extraordinary Attorney Woo,Extraordinary Attorney Woo: Season 1,,,tt20869502
2022-10-16,TV (Non-English),5,"El Rey, Vicente Fernández","El Rey, Vicente Fernández: Season 1",,,tt16442864
2022-10-16,TV (Non-English),6,Holy Family,Holy Family: Season 1,,,tt15576994
2022-10-16,TV (Non-English),7,Alchemy of Souls,Alchemy of Souls: Part 1,,,tt20859920
2022-10-16,TV (Non-English),8,Glitch,Glitch: Limited Series,,,tt4192782
2022-10-16,TV (Non-English),9,Young Lady and Gentleman,,,,tt15514606
2022-10-16,TV (Non-English),10,Chiquititas,,,,tt0154063
2022-10-09,Films (English),1,Luckiest Girl Alive,,,,tt4595186
2022-10-09,Films (English),2,Mr. Harrigan's Phone,,,,tt12908110
2022-10-09,Films (English),3,Last Seen Alive,,,,tt10242388
2022-10-09,Films (English),4,Blonde,,,,tt1655389
2022-10-09,Films (English),5,Lou,,,,tt5315210
2022-10-09,Films (English),6,The Boss Baby,,,,tt3874544
2022-10-09,Films (English),7,Sing,,,,tt3470600
2022-10-09,Films (English),8,Marauders,,,,tt3963816
2022-10-09,Films (English),9,The Redeem Team,,,,tt21837726
2022-10-09,Films (Non-English),2,Laal Singh Chaddha,,,,tt10028196
2022-10-09,Films (Non-English),3,Old People,,,,tt21933110
2022-10-09,Films (Non-English),4,Plan A Plan B,,,,tt15238986
2022-10-09,Films (Non-English),5,Togo,,,,tt5116302
2022-10-09,Films (Non-English),6,Jumping from High Places,,,,tt22071864
2022-10-09,Films (Non-English),7,ATHENA,,,,tt15445056
2022-10-09,Films (Non-English),9,Ranga Ranga Vaibhavanga,,,,tt15509564
2022-10-09,Films (Non-English),10,Saakini Daakini,,,,tt12874984
2022-10-09,TV (English),2,Conversations with a Killer: The Jeffrey Dahmer Tapes,Conversations with a Killer: The Jeffrey Dahmer Tapes: Limited Series,,,tt21946032
2022-10-09,TV (English),3,Dynasty,Dynasty: Season 5,,,tt6128300
2022-10-09,TV (English),4,The Midnight Club,The Midnight Club: Season 1,,,tt13444912
2022-10-09,TV (English),5,Bling Empire,Bling Empire: Season 3,,,tt13660962
2022-10-09,TV (English),6,Fate: The Winx Saga,Fate: The Winx Saga: Season 2,,,tt8179402
2022-10-09,TV (English),7,Cobra Kai,Cobra Kai: Season 5,,,tt7221388
2022-10-09,TV (English),8,Heartbreak High,Heartbreak High: Season 1,,,tt15054962
2022-10-09,TV (English),9,Stranger Things,Stranger Things 4,,,tt4574334
2022-10-09,TV (English),10,Conversations with a Killer: The John Wayne Gacy Tapes,Conversations with a Killer: The John Wayne Gacy Tapes: Limited Series,,,tt18970124
2022-10-09,TV (Non-English),1,The Empress,The Empress: Season 1,,,tt13720112
2022-10-09,TV (Non-English),2,High Water,High Water: Season 1,,,tt15096728
2022-10-09,TV (Non-English),3,Little Women,Little Women: Limited Series,,,tt21828868
2022-10-09,TV (Non-English),4,"El Rey, Vicente Fernández","El Rey, Vicente Fernández: Season 1",,,tt16442864
2022-10-09,TV (Non-English),5,Extraordinary Attorney Woo,Extraordinary Attorney Woo: Season 1,,,tt20869502
2022-10-09,TV (Non-English),6,Alchemy of Souls,Alchemy of Souls: Part 1,,,tt20859920
2022-10-09,TV (Non-English),7,Young Lady and Gentleman,,,,tt15514606
2022-10-09,TV (Non-English),8,Cyberpunk: Edgerunners,Cyberpunk: Edgerunners: Season 1,,,tt12590266
2022-10-09,TV (Non-English),9,Narco-Saints,Narco-Saints: Season 1,,,tt14518692
2022-10-09,TV (Non-English),10,Diary of a Gigolo,Diary of a Gigolo: Season 1,,,tt16481820
2022-10-02,Films (English),1,Lou,,,,tt5315210
2022-10-02,Films (English),2,Blonde,,,,tt1655389
2022-10-02,Films (English),3,Do Revenge,,,,tt13327038
2022-10-02,Films (English),4,A Jazzman's Blues,,,,tt14307536
2022-10-02,Films (English),6,Last Seen Alive,,,,tt10242388
2022-10-02,Films (English),7,Marauders,,,,tt3963816
2022-10-02,Films (English),8,Inheritance,,,,tt7923220
2022-10-02,Films (English),9,Father Stu,,,,tt14439896
2022-10-02,Films (English),10,Elysium,,,,tt1535108
2022-10-02,Films (Non-English),1,ATHENA,,,,tt15445056
2022-10-02,Films (Non-English),2,The Perfumier,,,,tt21916206
2022-10-02,Films (Non-English),4,Plan A Plan B,,,,tt15238986
2022-10-02,Films (Non-English),6,No Limit,,,,tt14995258
2022-10-02,Films (Non-English),7,El Jeremías,,,,tt4457020
2022-10-02,Films (Non-English),8,Loving Adults,,,,tt14592948
2022-10-02,Films (Non-English),9,Drifting Home,,,,tt15494038
2022-10-02,TV (English),2,Dynasty,Dynasty: Season 5,,,tt6128300
2022-10-02,TV (English),3,Fate: The Winx Saga,Fate: The Winx Saga: Season 2,,,tt8179402
2022-10-02,TV (English),4,Cobra Kai,Cobra Kai: Season 5,,,tt7221388
2022-10-02,TV (English),5,Heartbreak High,Heartbreak High: Season 1,,,tt15054962
2022-10-02,TV (English),6,The Crown,The Crown: Season 1,,,tt4786824
2022-10-02,TV (English),7,The Crown,The Crown: Season 2,,,tt4786824
2022-10-02,TV (English),8,Stranger Things,Stranger Things 4,,,tt4574334
2022-10-02,TV (English),9,Fate: The Winx Saga,Fate: The Winx Saga: Season 1,,,tt8179402
2022-10-02,TV (Non-English),1,The Empress,The Empress: Season 1,,,tt13720112
2022-10-02,TV (Non-English),2,Thai Cave Rescue,Thai Cave Rescue: Limited Series,,,tt8726102
2022-10-02,TV (Non-English),3,"El Rey, Vicente Fernández","El Rey, Vicente Fernández: Season 1",,,tt16442864
2022-10-02,TV (Non-English),4,Little Women,Little Women: Limited Series,,,tt21828868
2022-10-02,TV (Non-English),5,Extraordinary Attorney Woo,Extraordinary Attorney Woo: Season 1,,,tt20869502
2022-10-02,TV (Non-English),6,Narco-Saints,Narco-Saints: Season 1,,,tt14518692
2022-10-02,TV (Non-English),7,Cyberpunk: Edgerunners,Cyberpunk: Edgerunners: Season 1,,,tt12590266
2022-10-02,TV (Non-English),8,Alchemy of Souls,Alchemy of Souls: Part 1,,,tt20859920
2022-10-02,TV (Non-English),9,Young Lady and Gentleman,,,,tt15514606
2022-10-02,TV (Non-English),10,Diary of a Gigolo,Diary of a Gigolo: Season 1,,,tt16481820
2022-09-25,Films (English),1,Do Revenge,,,,tt13327038
2022-09-25,Films (English),2,Lou,,,,tt5315210
2022-09-25,Films (English),3,Father Stu,,,,tt14439896
2022-09-25,Films (English),4,I Used to Be Famous,,,,tt15807910
2022-09-25,Films (English),5,A Jazzman's Blues,,,,tt14307536
2022-09-25,Films (English),6,Me Time,,,,tt14309446
2022-09-25,Films (English),8,End of the Road,,,,tt13655328
2022-09-25,Films (English),9,This Is the End,,,,tt1245492
2022-09-25,Films (English),10,Dolittle,,,,tt6673612
2022-09-25,Films (Non-English),1,The Perfumier,,,,tt21916206
2022-09-25,Films (Non-English),2,ATHENA,,,,tt15445056
2022-09-25,Films (Non-English),3,No Limit,,,,tt14995258
2022-09-25,Films (Non-English),4,The Catholic School,,,,tt10345782
2022-09-25,Films (Non-English),5,Drifting Home,,,,tt15494038
2022-09-25,Films (Non-English),6,Mat Kilau,,,,tt11347146
2022-09-25,Films (Non-English),7,Loving Adults,,,,tt14592948
2022-09-25,Films (Non-English),8,El Jeremías,,,,tt4457020
2022-09-25,Films (Non-English),10,Broad Peak,,,,tt8983230
2022-09-25,TV (English),2,Fate: The Winx Saga,Fate: The Winx Saga: Season 2,,,tt8179402
2022-09-25,TV (English),3,Cobra Kai,Cobra Kai: Season 5,,,tt7221388
2022-09-25,TV (English),4,The Crown,The Crown: Season 1,,,tt4786824
2022-09-25,TV (English),5,Fate: The Winx Saga,Fate: The Winx Saga: Season 1,,,tt8179402
2022-09-25,TV (English),6,Heartbreak High,Heartbreak High: Season 1,,,tt15054962
2022-09-25,TV (English),7,The Crown,The Crown: Season 2,,,tt4786824
2022-09-25,TV (English),8,Dynasty,Dynasty: Season 5,,,tt6128300
2022-09-25,TV (English),9,The Imperfects,The Imperfects: Season 1,,,tt14502728
2022-09-25,TV (English),10,Sins of Our Mother,Sins of Our Mother: Limited Series,,,tt21867596
2022-09-25,TV (Non-English),1,"El Rey, Vicente Fernández","El Rey, Vicente Fernández: Season 1",,,tt16442864
2022-09-25,TV (Non-English),2,Narco-Saints,Narco-Saints: Season 1,,,tt14518692
2022-09-25,TV (Non-English),3,Diary of a Gigolo,Diary of a Gigolo: Season 1,,,tt16481820
2022-09-25,TV (Non-English),4,Extraordinary Attorney Woo,Extraordinary Attorney Woo: Season 1,,,tt20869502
2022-09-25,TV (Non-English),5,Little Women,Little Women: Limited Series,,,tt21828868
2022-09-25,TV (Non-English),6,Young Lady and Gentleman,,,,tt15514606
2022-09-25,TV (Non-English),7,Cyberpunk: Edgerunners,Cyberpunk: Edgerunners: Season 1,,,tt12590266
2022-09-25,TV (Non-English),8,Thai Cave Rescue,Thai Cave Rescue: Limited Series,,,tt8726102
2022-09-25,TV (Non-English),9,Santo,Santo: Season 1,,,tt14278524
2022-09-25,TV (Non-English),10,High Heat,High Heat: Season 1,,,tt17641200
2022-09-18,Films (English),1,End of the Road,,,,tt13655328
2022-09-18,Films (English),2,Do Revenge,,,,tt13327038
2022-09-18,Films (English),3,Love in the Villa,,,,tt15463032
2022-09-18,Films (English),4,Me Time,,,,tt14309446
2022-09-18,Films (English),5,Morbius,,,,tt5108870
2022-09-18,Films (English),6,I Came By,,,,tt15083184
2022-09-18,Films (English),7,Despicable Me 2,,,,tt1690953
2022-09-18,Films (English),8,The Invisible Man,,,,tt1051906
2022-09-18,Films (English),9,Dolittle,,,,tt6673612
2022-09-18,Films (English),10,This Is the End,,,,tt1245492
2022-09-18,Films (Non-English),1,No Limit,,,,tt14995258
2022-09-18,Films (Non-English),2,The Catholic School,,,,tt10345782
2022-09-18,Films (Non-English),3,Ek Villain Returns,,,,tt11947158
2022-09-18,Films (Non-English),4,Loving Adults,,,,tt14592948
2022-09-18,Films (Non-English),5,Mat Kilau,,,,tt11347146
2022-09-18,Films (Non-English),6,Broad Peak,,,,tt8983230
2022-09-18,Films (Non-English),7,Jogi,,,,tt21848358
2022-09-18,Films (Non-English),8,El Jeremías,,,,tt4457020
2022-09-18,Films (Non-English),9,Fenced In,,,,tt21742248
2022-09-18,Films (Non-English),10,Drifting Home,,,,tt15494038
2022-09-18,TV (English),1,Cobra Kai,Cobra Kai: Season 5,,,tt7221388
2022-09-18,TV (English),2,Fate: The Winx Saga,Fate: The Winx Saga: Season 2,,,tt8179402
2022-09-18,TV (English),3,The Crown,The Crown: Season 1,,,tt4786824
2022-09-18,TV (English),4,The Imperfects,The Imperfects: Season 1,,,tt14502728
2022-09-18,TV (English),5,Devil in Ohio,Devil in Ohio: Limited Series,,,tt15432016
2022-09-18,TV (English),6,Sins of Our Mother,Sins of Our Mother: Limited Series,,,tt21867596
2022-09-18,TV (English),7,The Crown,The Crown: Season 2,,,tt4786824
2022-09-18,TV (English),8,Love Is Blind,Love Is Blind: Season 2,,,tt11704040
2022-09-18,TV (English),9,Stranger Things,Stranger Things 4,,,tt4574334
2022-09-18,TV (English),10,The Sandman,The Sandman: Season 1,,,tt1751634
2022-09-18,TV (Non-English),1,Narco-Saints,Narco-Saints: Season 1,,,tt14518692
2022-09-18,TV (Non-English),2,Diary of a Gigolo,Diary of a Gigolo: Season 1,,,tt16481820
2022-09-18,TV (Non-English),3,"El Rey, Vicente Fernández","El Rey, Vicente Fernández: Season 1",,,tt16442864
2022-09-18,TV (Non-English),4,Extraordinary Attorney Woo,Extraordinary Attorney Woo: Season 1,,,tt20869502
2022-09-18,TV (Non-English),5,Young Lady and Gentleman,,,,tt15514606
2022-09-18,TV (Non-English),6,High Heat,High Heat: Season 1,,,tt17641200
2022-09-18,TV (Non-English),7,The Lørenskog Disappearance,The Lørenskog Disappearance: Limited Series,,,tt15264452
2022-09-18,TV (Non-English),8,Cyberpunk: Edgerunners,Cyberpunk: Edgerunners: Season 1,,,tt12590266
2022-09-18,TV (Non-English),9,Little Women,Little Women: Limited Series,,,tt21828868
2022-09-18,TV (Non-English),10,Alchemy of Souls,Alchemy of Souls: Part 1,,,tt20859920
2022-09-11,Films (English),1,End of the Road,,,,tt13655328
2022-09-11,Films (English),2,Love in the Villa,,,,tt15463032
2022-09-11,Films (English),3,I Came By,,,,tt15083184
2022-09-11,Films (English),4,Me Time,,,,tt14309446
2022-09-11,Films (English),5,Morbius,,,,tt5108870
2022-09-11,Films (English),6,White Chicks,,,,tt0381707
2022-09-11,Films (English),7,Despicable Me 2,,,,tt1690953
2022-09-11,Films (English),8,Hanna,,,,tt0993842
2022-09-11,Films (English),9,Triple 9,,,,tt1712261
2022-09-11,Films (English),10,Labor Day,,,,tt1967545
2022-09-11,Films (Non-English),1,No Limit,,,,tt14995258
2022-09-11,Films (Non-English),2,Loving Adults,,,,tt14592948
2022-09-11,Films (Non-English),3,Fenced In,,,,tt21742248
2022-09-11,Films (Non-English),4,Under Her Control,,,,tt15006754
2022-09-11,Films (Non-English),5,Ek Villain Returns,,,,tt11947158
2022-09-11,Films (Non-English),6,Seoul Vibe,,,,tt13611770
2022-09-11,Films (Non-English),7,HIT: The First Case,,,,tt13130760
2022-09-11,Films (Non-English),8,"For Better, for Worse",,,,tt0010137
2022-09-11,Films (Non-English),9,HollyBlood,,,,tt14210720
2022-09-11,Films (Non-English),10,The Festival of Troubadours,,,,tt15335282
2022-09-11,TV (English),1,Cobra Kai,Cobra Kai: Season 5,,,tt7221388
2022-09-11,TV (English),2,Devil in Ohio,Devil in Ohio: Limited Series,,,tt15432016
2022-09-11,TV (English),3,The Imperfects,The Imperfects: Season 1,,,tt14502728
2022-09-11,TV (English),4,Dated and Related,Dated and Related: Season 1,,,tt15292942
2022-09-11,TV (English),5,The Sandman,The Sandman: Season 1,,,tt1751634
2022-09-11,TV (English),6,Partner Track,Partner Track: Season 1,,,tt15390524
2022-09-11,TV (English),7,The Crown,The Crown: Season 1,,,tt4786824
2022-09-11,TV (English),8,Stranger Things,Stranger Things 4,,,tt4574334
2022-09-11,TV (English),9,Echoes,Echoes: Limited Series,,,tt14954498
2022-09-11,TV (English),10,Manifest,Manifest: Season 1,,,tt8421350
2022-09-11,TV (Non-English),1,Extraordinary Attorney Woo,Extraordinary Attorney Woo: Season 1,,,tt20869502
2022-09-11,TV (Non-English),2,Diary of a Gigolo,Diary of a Gigolo: Season 1,,,tt16481820
2022-09-11,TV (Non-English),3,High Heat,High Heat: Season 1,,,tt17641200
2022-09-11,TV (Non-English),4,Young Lady and Gentleman,,,,tt15514606
2022-09-11,TV (Non-English),5,Narco-Saints,Narco-Saints: Season 1,,,tt14518692
2022-09-11,TV (Non-English),6,Alchemy of Souls,Alchemy of Souls: Part 1,,,tt20859920
2022-09-11,TV (Non-English),7,Little Women,Little Women: Limited Series,,,tt21828868
2022-09-11,TV (Non-English),8,Pasión de Gavilanes,Pasión de Gavilanes: Season 2,,,tt0387763
2022-09-11,TV (Non-English),9,Entrapped,Entrapped: Season 1,,,tt21964626
2022-09-11,TV (Non-English),10,Family Secrets,Family Secrets: Season 1,,,tt12979628
2022-09-04,Films (English),1,Me Time,,,,tt14309446
2022-09-04,Films (English),2,Love in the Villa,,,,tt15463032
2022-09-04,Films (English),3,I Came By,,,,tt15083184
2022-09-04,Films (English),4,That's Amor,,,,tt21388556
2022-09-04,Films (English),5,Look Both Ways,,,,tt14298328
2022-09-04,Films (English),6,Day Shift,,,,tt13314558
2022-09-04,Films (English),7,The Next 365 Days,,,,tt21106646
2022-09-04,Films (English),8,Purple Hearts,,,,tt4614584
2022-09-04,Films (English),9,The Gray Man,,,,tt1649418
2022-09-04,Films (English),10,Collateral,,,,tt0369339
2022-09-04,Films (Non-English),1,Loving Adults,,,,tt14592948
2022-09-04,Films (Non-English),2,Under Her Control,,,,tt15006754
2022-09-04,Films (Non-English),3,Fenced In,,,,tt21742248
2022-09-04,Films (Non-English),4,Seoul Vibe,,,,tt13611770
2022-09-04,Films (Non-English),5,HIT: The First Case,,,,tt13130760
2022-09-04,Films (Non-English),6,The Figo Affair: The Transfer that Changed Football,,,,tt21836538
2022-09-04,Films (Non-English),7,School Life,,,,tt8783532
2022-09-04,Films (Non-English),8,Royalteen,,,,tt15022184
2022-09-04,Films (Non-English),9,Rise of the Legend,,,,tt3469592
2022-09-04,Films (Non-English),10,"Watch Out, We're Mad",,,,tt0069697
2022-09-04,TV (English),1,Echoes,Echoes: Limited Series,,,tt14954498
2022-09-04,TV (English),2,Devil in Ohio,Devil in Ohio: Limited Series,,,tt15432016
2022-09-04,TV (English),3,The Sandman,The Sandman: Season 1,,,tt1751634
2022-09-04,TV (English),4,Partner Track,Partner Track: Season 1,,,tt15390524
2022-09-04,TV (English),5,Stranger Things,Stranger Things 4,,,tt4574334
2022-09-04,TV (English),6,I AM A KILLER,I AM A KILLER: Season 3,,,tt8300324
2022-09-04,TV (English),7,Manifest,Manifest: Season 1,,,tt8421350
2022-09-04,TV (English),8,Never Have I Ever,Never Have I Ever: Season 3,,,tt10062292
2022-09-04,TV (English),9,Selling The OC,Selling The OC: Season 1,,,tt15907000
2022-09-04,TV (English),10,Manifest,Manifest: Season 3,,,tt8421350
2022-09-04,TV (Non-English),1,Extraordinary Attorney Woo,Extraordinary Attorney Woo: Season 1,,,tt20869502
2022-09-04,TV (Non-English),2,High Heat,High Heat: Season 1,,,tt17641200
2022-09-04,TV (Non-English),3,Alchemy of Souls,Alchemy of Souls: Part 1,,,tt20859920
2022-09-04,TV (Non-English),4,Young Lady and Gentleman,,,,tt15514606
2022-09-04,TV (Non-English),5,Kleo,Kleo: Season 1,,,tt15135104
2022-09-04,TV (Non-English),6,Pasión de Gavilanes,Pasión de Gavilanes: Season 2,,,tt0387763
2022-09-04,TV (Non-English),7,Family Secrets,Family Secrets: Season 1,,,tt12979628
2022-09-04,TV (Non-English),8,Ludik,Ludik: Season 1,,,tt21341988
2022-09-04,TV (Non-English),9,Under Fire,Under Fire: Season 1,,,tt11744280
2022-09-04,TV (Non-English),10,Another Self,Another Self: Season 1,,,tt14899624
2022-08-28,Films (English),1,Me Time,,,,tt14309446
2022-08-28,Films (English),2,Look Both Ways,,,,tt14298328
2022-08-28,Films (English),3,The Next 365 Days,,,,tt21106646
2022-08-28,Films (English),4,Day Shift,,,,tt13314558
2022-08-28,Films (English),5,Purple Hearts,,,,tt4614584
2022-08-28,Films (English),6,The Mummy,,,,tt0120616
2022-08-28,Films (English),7,Running with the Devil: The Wild World of John McAfee,,,,tt21379574
2022-08-28,Films (English),9,That's Amor,,,,tt21388556
2022-08-28,Films (English),10,The Great Wall,,,,tt2034800
2022-08-28,Films (Non-English),1,Loving Adults,,,,tt14592948
2022-08-28,Films (Non-English),2,Royalteen,,,,tt15022184
2022-08-28,Films (Non-English),4,Seoul Vibe,,,,tt13611770
2022-08-28,Films (Non-English),5,The Figo Affair: The Transfer that Changed Football,,,,tt21836538
2022-08-28,Films (Non-English),6,The Assistant,,,,tt9000224
2022-08-28,Films (Non-English),7,Blood Red Sky,,,,tt6402468
2022-08-28,Films (Non-English),8,Carter,,,,tt21237030
2022-08-28,Films (Non-English),9,Darlings,,,,tt14152140
2022-08-28,Films (Non-English),10,"Watch Out, We're Mad",,,,tt0069697
2022-08-28,TV (English),1,Echoes,Echoes: Limited Series,,,tt14954498
2022-08-28,TV (English),2,The Sandman,The Sandman: Season 1,,,tt1751634
2022-08-28,TV (English),3,Never Have I Ever,Never Have I Ever: Season 3,,,tt10062292
2022-08-28,TV (English),4,Stranger Things,Stranger Things 4,,,tt4574334
2022-08-28,TV (English),5,Manifest,Manifest: Season 1,,,tt8421350
2022-08-28,TV (English),6,Selling The OC,Selling The OC: Season 1,,,tt15907000
2022-08-28,TV (English),7,Partner Track,Partner Track: Season 1,,,tt15390524
2022-08-28,TV (English),8,Locke & Key,Locke & Key: Season 3,,,tt3007572
2022-08-28,TV (English),9,Virgin River,Virgin River: Season 4,,,tt9077530
2022-08-28,TV (Non-English),1,Extraordinary Attorney Woo,Extraordinary Attorney Woo: Season 1,,,tt20869502
2022-08-28,TV (Non-English),2,High Heat,High Heat: Season 1,,,tt17641200
2022-08-28,TV (Non-English),3,Alchemy of Souls,Alchemy of Souls: Part 1,,,tt20859920
2022-08-28,TV (Non-English),4,Kleo,Kleo: Season 1,,,tt15135104
2022-08-28,TV (Non-English),5,The Girl in the Mirror,The Girl in the Mirror: Season 1,,,tt13106334
2022-08-28,TV (Non-English),6,Pasión de Gavilanes,Pasión de Gavilanes: Season 2,,,tt0387763
2022-08-28,TV (Non-English),7,Another Self,Another Self: Season 1,,,tt14899624
2022-08-28,TV (Non-English),8,Young Lady and Gentleman,,,,tt15514606
2022-08-28,TV (Non-English),9,A Model Family,A Model Family: Season 1,,,tt21289712
2022-08-28,TV (Non-English),10,Pasión de Gavilanes,Pasión de Gavilanes: Season 1,,,tt0387763
2022-08-21,Films (English),1,Day Shift,,,,tt13314558
2022-08-21,Films (English),2,Look Both Ways,,,,tt14298328
2022-08-21,Films (English),3,The Next 365 Days,,,,tt21106646
2022-08-21,Films (English),4,Purple Hearts,,,,tt4614584
2022-08-21,Films (English),6,The Gray Man,,,,tt1649418
2022-08-21,Films (English),7,The Angry Birds Movie 2,,,,tt6095472
2022-08-21,Films (English),8,Uncharted,,,,tt1464335
2022-08-21,Films (English),9,The Sea Beast,,,,tt9288046
2022-08-21,Films (English),10,Inside the Mind of a Cat,,,,tt21340412
2022-08-21,Films (Non-English),1,Royalteen,,,,tt15022184
2022-08-21,Films (Non-English),3,Carter,,,,tt21237030
2022-08-21,Films (Non-English),5,Darlings,,,,tt14152140
2022-08-21,Films (Non-English),6,Blood Red Sky,,,,tt6402468
2022-08-21,Films (Non-English),7,Bank Robbers: The Last Great Heist,,,,tt21281774
2022-08-21,Films (Non-English),9,Nikamma,,,,tt10687220
2022-08-21,TV (English),1,The Sandman,The Sandman: Season 1,,,tt1751634
2022-08-21,TV (English),2,Never Have I Ever,Never Have I Ever: Season 3,,,tt10062292
2022-08-21,TV (English),3,Stranger Things,Stranger Things 4,,,tt4574334
2022-08-21,TV (English),4,Locke & Key,Locke & Key: Season 3,,,tt3007572
2022-08-21,TV (English),5,Echoes,Echoes: Limited Series,,,tt14954498
2022-08-21,TV (English),6,Manifest,Manifest: Season 1,,,tt8421350
2022-08-21,TV (English),7,Virgin River,Virgin River: Season 4,,,tt9077530
2022-08-21,TV (English),8,Never Have I Ever,Never Have I Ever: Season 1,,,tt10062292
2022-08-21,TV (English),9,Never Have I Ever,Never Have I Ever: Season 2,,,tt10062292
2022-08-21,TV (English),10,Manifest,Manifest: Season 2,,,tt8421350
2022-08-21,TV (Non-English),1,Extraordinary Attorney Woo,Extraordinary Attorney Woo: Season 1,,,tt20869502
2022-08-21,TV (Non-English),2,High Heat,High Heat: Season 1,,,tt17641200
2022-08-21,TV (Non-English),3,A Model Family,A Model Family: Season 1,,,tt21289712
2022-08-21,TV (Non-English),4,Pasión de Gavilanes,Pasión de Gavilanes: Season 2,,,tt0387763
2022-08-21,TV (Non-English),5,Alchemy of Souls,Alchemy of Souls: Part 1,,,tt20859920
2022-08-21,TV (Non-English),6,Another Self,Another Self: Season 1,,,tt14899624
2022-08-21,TV (Non-English),7,Pasión de Gavilanes,Pasión de Gavilanes: Season 1,,,tt0387763
2022-08-21,TV (Non-English),8,Alba,Alba: Season 1,,,tt12446242
2022-08-21,TV (Non-English),9,The Girl in the Mirror,The Girl in the Mirror: Season 1,,,tt13106334
2022-08-21,TV (Non-English),10,"Good Morning, Verônica","Good Morning, Verônica: Season 2",,,tt12987918
2022-08-14,Films (English),1,Day Shift,,,,tt13314558
2022-08-14,Films (English),2,Purple Hearts,,,,tt4614584
2022-08-14,Films (English),3,Uncharted,,,,tt1464335
2022-08-14,Films (English),4,The Gray Man,,,,tt1649418
2022-08-14,Films (English),5,Wedding Season,,,,tt11426572
2022-08-14,Films (English),6,The Sea Beast,,,,tt9288046
2022-08-14,Films (English),7,1917,,,,tt8579674
2022-08-14,Films (English),8,Flight,,,,tt1907668
2022-08-14,Films (English),9,The Informer,,,,tt1833116
2022-08-14,Films (English),10,Sing 2,,,,tt6467266
2022-08-14,Films (Non-English),1,Carter,,,,tt21237030
2022-08-14,Films (Non-English),2,Darlings,,,,tt14152140
2022-08-14,Films (Non-English),4,Bank Robbers: The Last Great Heist,,,,tt21281774
2022-08-14,Films (Non-English),6,Blood Red Sky,,,,tt6402468
2022-08-14,Films (Non-English),9,Heartsong,,,,tt21339860
2022-08-14,TV (English),1,The Sandman,The Sandman: Season 1,,,tt1751634
2022-08-14,TV (English),2,Never Have I Ever,Never Have I Ever: Season 3,,,tt10062292
2022-08-14,TV (English),3,Locke & Key,Locke & Key: Season 3,,,tt3007572
2022-08-14,TV (English),4,Stranger Things,Stranger Things 4,,,tt4574334
2022-08-14,TV (English),5,Virgin River,Virgin River: Season 4,,,tt9077530
2022-08-14,TV (English),6,Manifest,Manifest: Season 1,,,tt8421350
2022-08-14,TV (English),7,I Just Killed My Dad,I Just Killed My Dad: Limited Series,,,tt21315194
2022-08-14,TV (English),8,Keep Breathing,Keep Breathing: Limited Series,,,tt14117010
2022-08-14,TV (English),9,Manifest,Manifest: Season 2,,,tt8421350
2022-08-14,TV (English),10,Manifest,Manifest: Season 3,,,tt8421350
2022-08-14,TV (Non-English),1,Extraordinary Attorney Woo,Extraordinary Attorney Woo: Season 1,,,tt20869502
2022-08-14,TV (Non-English),2,Pasión de Gavilanes,Pasión de Gavilanes: Season 2,,,tt0387763
2022-08-14,TV (Non-English),3,Another Self,Another Self: Season 1,,,tt14899624
2022-08-14,TV (Non-English),4,Alchemy of Souls,Alchemy of Souls: Part 1,,,tt20859920
2022-08-14,TV (Non-English),5,"Good Morning, Verônica","Good Morning, Verônica: Season 2",,,tt12987918
2022-08-14,TV (Non-English),6,Alba,Alba: Season 1,,,tt12446242
2022-08-14,TV (Non-English),7,"Good Morning, Verônica","Good Morning, Verônica: Season 1",,,tt12987918
2022-08-14,TV (Non-English),8,Pasión de Gavilanes,Pasión de Gavilanes: Season 1,,,tt0387763
2022-08-14,TV (Non-English),9,A Model Family,A Model Family: Season 1,,,tt21289712
2022-08-14,TV (Non-English),10,Café con aroma de mujer,Café con aroma de mujer: Season 1,,,tt14471346
2022-08-07,Films (English),1,Purple Hearts,,,,tt4614584
2022-08-07,Films (English),2,The Gray Man,,,,tt1649418
2022-08-07,Films (English),3,Uncharted,,,,tt1464335
2022-08-07,Films (English),4,Wedding Season,,,,tt11426572
2022-08-07,Films (English),5,The Sea Beast,,,,tt9288046
2022-08-07,Films (English),6,Spider-Man: Far from Home,,,,tt6320628
2022-08-07,Films (English),7,The Age of Adaline,,,,tt1655441
2022-08-07,Films (English),8,Tower Heist,,,,tt0471042
2022-08-07,Films (English),10,Sing 2,,,,tt6467266
2022-08-07,Films (Non-English),1,Carter,,,,tt21237030
2022-08-07,Films (Non-English),4,Darlings,,,,tt14152140
2022-08-07,Films (Non-English),5,The Entitled,,,,tt1650535
2022-08-07,Films (Non-English),6,Too Old for Fairy Tales,,,,tt15575356
2022-08-07,Films (Non-English),7,Buba,,,,tt21195548
2022-08-07,Films (Non-English),8,Blood Red Sky,,,,tt6402468
2022-08-07,Films (Non-English),10,Incantation,,,,tt18968540
2022-08-07,TV (English),1,The Sandman,The Sandman: Season 1,,,tt1751634
2022-08-07,TV (English),2,Keep Breathing,Keep Breathing: Limited Series,,,tt14117010
2022-08-07,TV (English),3,Virgin River,Virgin River: Season 4,,,tt9077530
2022-08-07,TV (English),4,Stranger Things,Stranger Things 4,,,tt4574334
2022-08-07,TV (English),5,Manifest,Manifest: Season 1,,,tt8421350
2022-08-07,TV (English),6,Uncoupled,Uncoupled: Season 1,,,tt15466144
2022-08-07,TV (English),7,Manifest,Manifest: Season 2,,,tt8421350
2022-08-07,TV (English),9,Manifest,Manifest: Season 3,,,tt8421350
2022-08-07,TV (English),10,Stranger Things,Stranger Things 3,,,tt4574334
2022-08-07,TV (Non-English),1,Extraordinary Attorney Woo,Extraordinary Attorney Woo: Season 1,,,tt20869502
2022-08-07,TV (Non-English),2,Another Self,Another Self: Season 1,,,tt14899624
2022-08-07,TV (Non-English),3,Pasión de Gavilanes,Pasión de Gavilanes: Season 2,,,tt0387763
2022-08-07,TV (Non-English),4,Alchemy of Souls,Alchemy of Souls: Part 1,,,tt20859920
2022-08-07,TV (Non-English),5,Alba,Alba: Season 1,,,tt12446242
2022-08-07,TV (Non-English),6,"Good Morning, Verônica","Good Morning, Verônica: Season 2",,,tt12987918
2022-08-07,TV (Non-English),7,"Good Morning, Verônica","Good Morning, Verônica: Season 1",,,tt12987918
2022-08-07,TV (Non-English),8,Pasión de Gavilanes,Pasión de Gavilanes: Season 1,,,tt0387763
2022-08-07,TV (Non-English),9,Rebelde,Rebelde: Season 2,,,tt14153686
2022-08-07,TV (Non-English),10,Remarriage & Desires,Remarriage & Desires: Season 1,,,tt15268768
2022-07-31,Films (English),1,The Gray Man,,,,tt1649418
2022-07-31,Films (English),2,Purple Hearts,,,,tt4614584
2022-07-31,Films (English),3,The Sea Beast,,,,tt9288046
2022-07-31,Films (English),4,Persuasion,,,,tt13456318
2022-07-31,Films (English),5,Sing 2,,,,tt6467266
2022-07-31,Films (English),6,Spider-Man: Far from Home,,,,tt6320628
2022-07-31,Films (English),7,The Man from Toronto,,,,tt11671006
2022-07-31,Films (English),9,Line of Duty,,,,tt3541524
2022-07-31,Films (English),10,Red Notice,,,,tt7991608
2022-07-31,Films (Non-English),2,Too Old for Fairy Tales,,,,tt15575356
2022-07-31,Films (Non-English),3,Incantation,,,,tt18968540
2022-07-31,Films (Non-English),4,Major Grom: Plague Doctor,,,,tt7601480
2022-07-31,Films (Non-English),5,The Entitled,,,,tt1650535
2022-07-31,Films (Non-English),6,A Cut Above,,,,tt21265550
2022-07-31,Films (Non-English),8,Live is Life,,,,tt12923028
2022-07-31,Films (Non-English),10,Dangerous Liaisons,,,,tt0094947
2022-07-31,TV (English),1,Virgin River,Virgin River: Season 4,,,tt9077530
2022-07-31,TV (English),2,Stranger Things,Stranger Things 4,,,tt4574334
2022-07-31,TV (English),3,Keep Breathing,Keep Breathing: Limited Series,,,tt14117010
2022-07-31,TV (English),4,Manifest,Manifest: Season 1,,,tt8421350
2022-07-31,TV (English),5,Resident Evil,Resident Evil: Season 1,,,tt9660182
2022-07-31,TV (English),6,The Most Hated Man on the Internet,The Most Hated Man on the Internet: Limited Series,,,tt21098728
2022-07-31,TV (English),7,Manifest,Manifest: Season 2,,,tt8421350
2022-07-31,TV (English),8,Stranger Things,Stranger Things 3,,,tt4574334
2022-07-31,TV (English),9,Manifest,Manifest: Season 3,,,tt8421350
2022-07-31,TV (English),10,Stranger Things,Stranger Things 2,,,tt4574334
2022-07-31,TV (Non-English),1,Extraordinary Attorney Woo,Extraordinary Attorney Woo: Season 1,,,tt20869502
2022-07-31,TV (Non-English),2,Alba,Alba: Season 1,,,tt12446242
2022-07-31,TV (Non-English),3,Pasión de Gavilanes,Pasión de Gavilanes: Season 2,,,tt0387763
2022-07-31,TV (Non-English),4,Alchemy of Souls,Alchemy of Souls: Part 1,,,tt20859920
2022-07-31,TV (Non-English),5,Another Self,Another Self: Season 1,,,tt14899624
2022-07-31,TV (Non-English),6,Remarriage & Desires,Remarriage & Desires: Season 1,,,tt15268768
2022-07-31,TV (Non-English),7,Rebelde,Rebelde: Season 2,,,tt14153686
2022-07-31,TV (Non-English),8,Oh My Venus,Oh My Venus: Season 1,,,tt5189944
2022-07-31,TV (Non-English),9,Pasión de Gavilanes,Pasión de Gavilanes: Season 1,,,tt0387763
2022-07-31,TV (Non-English),10,Café con aroma de mujer,Café con aroma de mujer: Season 1,,,tt14471346
2022-07-24,Films (English),1,The Gray Man,,,,tt1649418
2022-07-24,Films (English),2,The Sea Beast,,,,tt9288046
2022-07-24,Films (English),3,Persuasion,,,,tt13456318
2022-07-24,Films (English),4,Clean,,,,tt10023022
2022-07-24,Films (English),5,Daughter of the Wolf,,,,tt7615052
2022-07-24,Films (English),6,Sing 2,,,,tt6467266
2022-07-24,Films (English),7,The Man from Toronto,,,,tt11671006
2022-07-24,Films (English),8,Girl in the Picture,,,,tt21059520
2022-07-24,Films (English),9,CHIPS,,,,tt0493405
2022-07-24,Films (English),10,12 Strong,,,,tt1413492
2022-07-24,Films (Non-English),1,Too Old for Fairy Tales,,,,tt15575356
2022-07-24,Films (Non-English),2,Live is Life,,,,tt12923028
2022-07-24,Films (Non-English),3,Incantation,,,,tt18968540
2022-07-24,Films (Non-English),4,Valley of the Dead,,,,tt10127708
2022-07-24,Films (Non-English),5,Dangerous Liaisons,,,,tt0094947
2022-07-24,Films (Non-English),6,Jaadugar,,,,tt13793230
2022-07-24,Films (Non-English),7,Under the Amalfi Sun,,,,tt15311262
2022-07-24,TV (English),1,Virgin River,Virgin River: Season 4,,,tt9077530
2022-07-24,TV (English),2,Stranger Things,Stranger Things 4,,,tt4574334
2022-07-24,TV (English),3,Resident Evil,Resident Evil: Season 1,,,tt9660182
2022-07-24,TV (English),4,Manifest,Manifest: Season 1,,,tt8421350
2022-07-24,TV (English),5,Stranger Things,Stranger Things 3,,,tt4574334
2022-07-24,TV (English),6,Stranger Things,Stranger Things 2,,,tt4574334
2022-07-24,TV (English),7,Manifest,Manifest: Season 2,,,tt8421350
2022-07-24,TV (English),8,Stranger Things,,,,tt4574334
2022-07-24,TV (English),9,Kung Fu Panda: The Dragon Knight,Kung Fu Panda: The Dragon Knight: Season 1,,,tt18783984
2022-07-24,TV (English),10,The Umbrella Academy,The Umbrella Academy: Season 3,,,tt1312171
2022-07-24,TV (Non-English),1,Alba,Alba: Season 1,,,tt12446242
2022-07-24,TV (Non-English),2,Extraordinary Attorney Woo,Extraordinary Attorney Woo: Season 1,,,tt20869502
2022-07-24,TV (Non-English),3,Remarriage & Desires,Remarriage & Desires: Season 1,,,tt15268768
2022-07-24,TV (Non-English),4,Pasión de Gavilanes,Pasión de Gavilanes: Season 2,,,tt0387763
2022-07-24,TV (Non-English),5,Alchemy of Souls,Alchemy of Souls: Part 1,,,tt20859920
2022-07-24,TV (Non-English),6,Backstreet Rookie,,,,tt12516712
2022-07-24,TV (Non-English),7,Café con aroma de mujer,Café con aroma de mujer: Season 1,,,tt14471346
2022-07-24,TV (Non-English),8,Sintonia,Sintonia: Season 3,,,tt8165086
2022-07-24,TV (Non-English),9,The Longest Night,The Longest Night: Season 1,,,tt14463552
2022-07-24,TV (Non-English),10,Oh My Venus,Oh My Venus: Season 1,,,tt5189944
2022-07-17,Films (English),1,The Sea Beast,,,,tt9288046
2022-07-17,Films (English),2,Persuasion,,,,tt13456318
2022-07-17,Films (English),3,Girl in the Picture,,,,tt21059520
2022-07-17,Films (English),4,The Man from Toronto,,,,tt11671006
2022-07-17,Films (English),5,Sing 2,,,,tt6467266
2022-07-17,Films (English),6,12 Strong,,,,tt1413492
2022-07-17,Films (English),7,Spider-Man: No Way Home,,,,tt10872600
2022-07-17,Films (English),8,CHIPS,,,,tt0493405
2022-07-17,Films (English),9,Hustle,,,,tt8009428
2022-07-17,Films (Non-English),1,Valley of the Dead,,,,tt10127708
2022-07-17,Films (Non-English),2,Dangerous Liaisons,,,,tt0094947
2022-07-17,Films (Non-English),3,Incantation,,,,tt18968540
2022-07-17,Films (Non-English),4,Under the Amalfi Sun,,,,tt15311262
2022-07-17,Films (Non-English),7,Jaadugar,,,,tt13793230
2022-07-17,TV (English),1,Stranger Things,Stranger Things 4,,,tt4574334
2022-07-17,TV (English),2,Resident Evil,Resident Evil: Season 1,,,tt9660182
2022-07-17,TV (English),3,Manifest,Manifest: Season 1,,,tt8421350
2022-07-17,TV (English),4,Stranger Things,Stranger Things 2,,,tt4574334
2022-07-17,TV (English),5,Stranger Things,Stranger Things 3,,,tt4574334
2022-07-17,TV (English),6,Stranger Things,,,,tt4574334
2022-07-17,TV (English),7,The Umbrella Academy,The Umbrella Academy: Season 3,,,tt1312171
2022-07-17,TV (English),8,Kung Fu Panda: The Dragon Knight,Kung Fu Panda: The Dragon Knight: Season 1,,,tt18783984
2022-07-17,TV (English),9,"Boo, Bitch","Boo, Bitch: Limited Series",,,tt14097144
2022-07-17,TV (English),10,Alone,Alone: Season 8,,,tt4803766
2022-07-17,TV (Non-English),1,Extraordinary Attorney Woo,Extraordinary Attorney Woo: Season 1,,,tt20869502
2022-07-17,TV (Non-English),2,The Longest Night,The Longest Night: Season 1,,,tt14463552
2022-07-17,TV (Non-English),3,Sintonia,Sintonia: Season 3,,,tt8165086
2022-07-17,TV (Non-English),4,Alba,Alba: Season 1,,,tt12446242
2022-07-17,TV (Non-English),5,Alchemy of Souls,Alchemy of Souls: Part 1,,,tt20859920
2022-07-17,TV (Non-English),6,Control Z,Control Z: Season 3,,,tt11937662
2022-07-17,TV (Non-English),7,Café con aroma de mujer,Café con aroma de mujer: Season 1,,,tt14471346
2022-07-17,TV (Non-English),8,Remarriage & Desires,Remarriage & Desires: Season 1,,,tt15268768
2022-07-17,TV (Non-English),9,She Would Never Know,,,,tt13446244
2022-07-17,TV (Non-English),10,Capitani,Capitani: Season 2,,,tt10483610
2022-07-10,Films (English),1,The Sea Beast,,,,tt9288046
2022-07-10,Films (English),2,Girl in the Picture,,,,tt21059520
2022-07-10,Films (English),3,The Man from Toronto,,,,tt11671006
2022-07-10,Films (English),4,Sing 2,,,,tt6467266
2022-07-10,Films (English),5,American Assassin,,,,tt1961175
2022-07-10,Films (English),6,Grand Isle,,,,tt8380776
2022-07-10,Films (English),8,Hustle,,,,tt8009428
2022-07-10,Films (English),9,Mean Girls,,,,tt0377092
2022-07-10,Films (English),10,The Dark Knight Rises,,,,tt1345836
2022-07-10,Films (Non-English),1,Dangerous Liaisons,,,,tt0094947
2022-07-10,Films (Non-English),3,Tadeo Jones 2: El secreto del Rey Midas,,,,tt3896102
2022-07-10,Films (Non-English),4,Incantation,,,,tt18968540
2022-07-10,Films (Non-English),7,Blasted,,,,tt14866710
2022-07-10,Films (Non-English),9,Operation Romeo,,,,tt18923048
2022-07-10,Films (Non-English),10,Bhool Bhulaiyaa 2,,,,tt6455162
2022-07-10,TV (English),1,Stranger Things,Stranger Things 4,,,tt4574334
2022-07-10,TV (English),2,Stranger Things,,,,tt4574334
2022-07-10,TV (English),3,The Umbrella Academy,The Umbrella Academy: Season 3,,,tt1312171
2022-07-10,TV (English),4,Stranger Things,Stranger Things 2,,,tt4574334
2022-07-10,TV (English),5,Stranger Things,Stranger Things 3,,,tt4574334
2022-07-10,TV (English),6,Manifest,Manifest: Season 1,,,tt8421350
2022-07-10,TV (English),7,The Umbrella Academy,The Umbrella Academy: Season 1,,,tt1312171
2022-07-10,TV (English),8,The Umbrella Academy,The Umbrella Academy: Season 2,,,tt1312171
2022-07-10,TV (English),9,Peaky Blinders,Peaky Blinders: Season 6,,,tt2442560
2022-07-10,TV (English),10,Alone,Alone: Season 8,,,tt4803766
2022-07-10,TV (Non-English),1,Extraordinary Attorney Woo,Extraordinary Attorney Woo: Season 1,,,tt20869502
2022-07-10,TV (Non-English),2,Control Z,Control Z: Season 3,,,tt11937662
2022-07-10,TV (Non-English),3,Money Heist: Korea - Joint Economic Area,Money Heist: Korea - Joint Economic Area: Season 1,,,tt13696452
2022-07-10,TV (Non-English),4,The Longest Night,The Longest Night: Season 1,,,tt14463552
2022-07-10,TV (Non-English),5,Alchemy of Souls,Alchemy of Souls: Part 1,,,tt20859920
2022-07-10,TV (Non-English),6,"Yo soy Betty, la fea","Yo soy Betty, la fea: Season 1",,,tt0233127
2022-07-10,TV (Non-English),7,Café con aroma de mujer,Café con aroma de mujer: Season 1,,,tt14471346
2022-07-10,TV (Non-English),9,Ghost Doctor,,,,tt16493854
2022-07-03,Films (English),1,The Man from Toronto,,,,tt11671006
2022-07-03,Films (English),2,Sing 2,,,,tt6467266
2022-07-03,Films (English),3,Love & Gelato,,,,tt15521050
2022-07-03,Films (English),4,Hustle,,,,tt8009428
2022-07-03,Films (English),5,Glamour Girls,,,,tt20604466
2022-07-03,Films (English),6,Homefront,,,,tt2312718
2022-07-03,Films (English),7,Spiderhead,,,,tt9783600
2022-07-03,Films (English),8,The Mist,,,,tt0884328
2022-07-03,Films (English),9,Chickenhare and the Hamster of Darkness,,,,tt12532368
2022-07-03,Films (English),10,Backtrace,,,,tt3588588
2022-07-03,Films (Non-English),1,Blasted,,,,tt14866710
2022-07-03,Films (Non-English),2,Anek,,,,tt13919802
2022-07-03,Films (Non-English),3,Bhool Bhulaiyaa 2,,,,tt6455162
2022-07-03,Films (Non-English),4,Doom of Love,,,,tt14369296
2022-07-03,Films (Non-English),5,Heart Parade,,,,tt20597408
2022-07-03,Films (Non-English),7,The Wrath of God,,,,tt15189534
2022-07-03,Films (Non-English),9,Tadeo Jones 2: El secreto del Rey Midas,,,,tt3896102
2022-07-03,Films (Non-English),10,Grudge,,,,tt13717980
2022-07-03,TV (English),1,Stranger Things,Stranger Things 4,,,tt4574334
2022-07-03,TV (English),2,The Umbrella Academy,The Umbrella Academy: Season 3,,,tt1312171
2022-07-03,TV (English),3,Stranger Things,,,,tt4574334
2022-07-03,TV (English),4,The Umbrella Academy,The Umbrella Academy: Season 1,,,tt1312171
2022-07-03,TV (English),5,Stranger Things,Stranger Things 3,,,tt4574334
2022-07-03,TV (English),6,Stranger Things,Stranger Things 2,,,tt4574334
2022-07-03,TV (English),7,Man Vs Bee,Man Vs Bee: Season 1,,,tt13640670
2022-07-03,TV (English),8,The Umbrella Academy,The Umbrella Academy: Season 2,,,tt1312171
2022-07-03,TV (English),9,Peaky Blinders,Peaky Blinders: Season 6,,,tt2442560
2022-07-03,TV (English),10,Snowflake Mountain,Snowflake Mountain: Season 1,,,tt15292870
2022-07-03,TV (Non-English),1,Money Heist: Korea - Joint Economic Area,Money Heist: Korea - Joint Economic Area: Season 1,,,tt13696452
2022-07-03,TV (Non-English),2,"Yo soy Betty, la fea","Yo soy Betty, la fea: Season 1",,,tt0233127
2022-07-03,TV (Non-English),3,Café con aroma de mujer,Café con aroma de mujer: Season 1,,,tt14471346
2022-07-03,TV (Non-English),4,Intimacy,Intimacy: Season 1,,,tt14463542
2022-07-03,TV (Non-English),5,Alchemy of Souls,Alchemy of Souls: Part 1,,,tt20859920
2022-07-03,TV (Non-English),6,Ghost Doctor,,,,tt16493854
2022-07-03,TV (Non-English),9,Money Heist,Money Heist: Part 1,,,tt6468322
2022-07-03,TV (Non-English),10,Queen,Queen: Season 1,,,tt11393148
2022-06-26,Films (English),1,The Man from Toronto,,,,tt11671006
2022-06-26,Films (English),2,Spiderhead,,,,tt9783600
2022-06-26,Films (English),3,Hustle,,,,tt8009428
2022-06-26,Films (English),4,Love & Gelato,,,,tt15521050
2022-06-26,Films (English),5,Sing 2,,,,tt6467266
2022-06-26,Films (English),6,Chickenhare and the Hamster of Darkness,,,,tt12532368
2022-06-26,Films (English),7,Collision,,,,tt1680123
2022-06-26,Films (English),8,The Mist,,,,tt0884328
2022-06-26,Films (English),9,Halftime,,,,tt19637852
2022-06-26,Films (English),10,It,,,,tt1396484
2022-06-26,Films (Non-English),1,Bhool Bhulaiyaa 2,,,,tt6455162
2022-06-26,Films (Non-English),2,Heart Parade,,,,tt20597408
2022-06-26,Films (Non-English),3,The Wrath of God,,,,tt15189534
2022-06-26,Films (Non-English),4,Centauro,,,,tt13479592
2022-06-26,Films (Non-English),5,Doom of Love,,,,tt14369296
2022-06-26,Films (Non-English),6,Loca por el trabajo,,,,tt7126758
2022-06-26,Films (Non-English),8,CBI 5: The Brain,,,,tt7311164
2022-06-26,Films (Non-English),9,In Our Prime,,,,tt12663772
2022-06-26,Films (Non-English),10,Through My Window,,,,tt14463484
2022-06-26,TV (English),1,The Umbrella Academy,The Umbrella Academy: Season 3,,,tt1312171
2022-06-26,TV (English),2,Stranger Things,Stranger Things 4,,,tt4574334
2022-06-26,TV (English),3,Stranger Things,Stranger Things 3,,,tt4574334
2022-06-26,TV (English),4,Stranger Things,Stranger Things 2,,,tt4574334
2022-06-26,TV (English),5,Peaky Blinders,Peaky Blinders: Season 6,,,tt2442560
2022-06-26,TV (English),6,Stranger Things,,,,tt4574334
2022-06-26,TV (English),7,The Umbrella Academy,The Umbrella Academy: Season 1,,,tt1312171
2022-06-26,TV (English),8,You Don't Know Me,You Don't Know Me: Season 1,,,tt12005828
2022-06-26,TV (English),9,First Kill,First Kill: Season 1,,,tt13315156
2022-06-26,TV (English),10,Man Vs Bee,Man Vs Bee: Season 1,,,tt13640670
2022-06-26,TV (Non-English),1,Money Heist: Korea - Joint Economic Area,Money Heist: Korea - Joint Economic Area: Season 1,,,tt13696452
2022-06-26,TV (Non-English),2,Intimacy,Intimacy: Season 1,,,tt14463542
2022-06-26,TV (Non-English),3,"Yo soy Betty, la fea","Yo soy Betty, la fea: Season 1",,,tt0233127
2022-06-26,TV (Non-English),5,Café con aroma de mujer,Café con aroma de mujer: Season 1,,,tt14471346
2022-06-26,TV (Non-English),6,The War Next-door,The War Next-door: Season 2,,,tt14821886
2022-06-26,TV (Non-English),7,She,She: Season 2,,,tt11905720
2022-06-26,TV (Non-English),8,Our Blues,Our Blues: Season 1,,,tt19115260
2022-06-26,TV (Non-English),9,SPRIGGAN,SPRIGGAN: Season 1,,,tt10011306
2022-06-26,TV (Non-English),10,Maldivas,Maldivas: Season 1,,,tt13561292
2022-06-19,Films (English),1,Hustle,,,,tt8009428
2022-06-19,Films (English),2,Spiderhead,,,,tt9783600
2022-06-19,Films (English),3,Chickenhare and the Hamster of Darkness,,,,tt12532368
2022-06-19,Films (English),4,Halftime,,,,tt19637852
2022-06-19,Films (English),5,Interceptor,,,,tt14174940
2022-06-19,Films (English),6,Collision,,,,tt1680123
2022-06-19,Films (English),7,Trees of Peace,,,,tt11316680
2022-06-19,Films (English),8,Sonic the Hedgehog,,,,tt3794354
2022-06-19,Films (English),9,A Perfect Pairing,,,,tt15215512
2022-06-19,Films (English),10,Senior Year,,,,tt5315212
2022-06-19,Films (Non-English),1,The Wrath of God,,,,tt15189534
2022-06-19,Films (Non-English),2,Centauro,,,,tt13479592
2022-06-19,Films (Non-English),3,Heart Parade,,,,tt20597408
2022-06-19,Films (Non-English),4,CBI 5: The Brain,,,,tt7311164
2022-06-19,Films (Non-English),5,Bhool Bhulaiyaa 2,,,,tt6455162
2022-06-19,Films (Non-English),6,Loca por el trabajo,,,,tt7126758
2022-06-19,Films (Non-English),8,Don,,,,tt0461936
2022-06-19,Films (Non-English),9,Ben & Jody,,,,tt13393058
2022-06-19,Films (Non-English),10,Belzebuth,,,,tt3662308
2022-06-19,TV (English),1,Stranger Things,Stranger Things 4,,,tt4574334
2022-06-19,TV (English),2,Peaky Blinders,Peaky Blinders: Season 6,,,tt2442560
2022-06-19,TV (English),3,First Kill,First Kill: Season 1,,,tt13315156
2022-06-19,TV (English),4,Stranger Things,Stranger Things 3,,,tt4574334
2022-06-19,TV (English),5,Stranger Things,Stranger Things 2,,,tt4574334
2022-06-19,TV (English),6,Stranger Things,,,,tt4574334
2022-06-19,TV (English),7,Keep Sweet: Pray and Obey,Keep Sweet: Pray and Obey: Limited Series,,,tt20560404
2022-06-19,TV (English),8,God's Favorite Idiot,God's Favorite Idiot: Season 1,,,tt13861620
2022-06-19,TV (English),9,The Lincoln Lawyer,The Lincoln Lawyer: Season 1,,,tt13833978
2022-06-19,TV (English),10,Peaky Blinders,Peaky Blinders: Season 1,,,tt2442560
2022-06-19,TV (Non-English),1,Intimacy,Intimacy: Season 1,,,tt14463542
2022-06-19,TV (Non-English),2,Our Blues,Our Blues: Season 1,,,tt19115260
2022-06-19,TV (Non-English),4,"Yo soy Betty, la fea","Yo soy Betty, la fea: Season 1",,,tt0233127
2022-06-19,TV (Non-English),5,Maldivas,Maldivas: Season 1,,,tt13561292
2022-06-19,TV (Non-English),6,Café con aroma de mujer,Café con aroma de mujer: Season 1,,,tt14471346
2022-06-19,TV (Non-English),7,Wrong Side of the Tracks,Wrong Side of the Tracks: Season 1,,,tt13980362
2022-06-19,TV (Non-English),8,The War Next-door,The War Next-door: Season 2,,,tt14821886
2022-06-19,TV (Non-English),9,As the Crow Flies,As the Crow Flies: Season 1,,,tt13323566
2022-06-19,TV (Non-English),10,Squid Game,Squid Game: Season 1,,,tt10919420
2022-06-12,Films (English),1,Hustle,,,,tt8009428
2022-06-12,Films (English),2,Interceptor,,,,tt14174940
2022-06-12,Films (English),3,Chickenhare and the Hamster of Darkness,,,,tt12532368
2022-06-12,Films (English),4,The Amazing Spider-Man,,,,tt0948470
2022-06-12,Films (English),5,Senior Year,,,,tt5315212
2022-06-12,Films (English),6,A Perfect Pairing,,,,tt15215512
2022-06-12,Films (English),7,Mission: Impossible - Ghost Protocol,,,,tt1229238
2022-06-12,Films (English),8,Rambo: Last Blood,,,,tt1206885
2022-06-12,Films (English),9,Deep Impact,,,,tt0120647
2022-06-12,Films (English),10,Sonic the Hedgehog,,,,tt3794354
2022-06-12,Films (Non-English),2,El paseo 6,,,,tt16636178
2022-06-12,Films (Non-English),3,Don,,,,tt0461936
2022-06-12,Films (Non-English),4,Toscana,,,,tt13276352
2022-06-12,Films (Non-English),5,The Takedown,,,,tt13822738
2022-06-12,Films (Non-English),6,Belzebuth,,,,tt3662308
2022-06-12,Films (Non-English),7,F*ck Love Too,,,,tt15432804
2022-06-12,Films (Non-English),8,The Perfect Family,,,,tt11924738
2022-06-12,Films (Non-English),9,Gladbeck: The Hostage Crisis,,,,tt20420316
2022-06-12,Films (Non-English),10,CBI 5: The Brain,,,,tt7311164
2022-06-12,TV (English),1,Stranger Things,Stranger Things 4,,,tt4574334
2022-06-12,TV (English),2,Stranger Things,Stranger Things 2,,,tt4574334
2022-06-12,TV (English),3,Stranger Things,,,,tt4574334
2022-06-12,TV (English),4,Stranger Things,Stranger Things 3,,,tt4574334
2022-06-12,TV (English),5,Peaky Blinders,Peaky Blinders: Season 6,,,tt2442560
2022-06-12,TV (English),6,Keep Sweet: Pray and Obey,Keep Sweet: Pray and Obey: Limited Series,,,tt20560404
2022-06-12,TV (English),7,First Kill,First Kill: Season 1,,,tt13315156
2022-06-12,TV (English),8,The Lincoln Lawyer,The Lincoln Lawyer: Season 1,,,tt13833978
2022-06-12,TV (English),9,All American,All American: Season 4,,,tt7414406
2022-06-12,TV (English),10,Surviving Summer,Surviving Summer: Season 1,,,tt13925166
2022-06-12,TV (Non-English),1,Wrong Side of the Tracks,Wrong Side of the Tracks: Season 1,,,tt13980362
2022-06-12,TV (Non-English),2,As the Crow Flies,As the Crow Flies: Season 1,,,tt13323566
2022-06-12,TV (Non-English),3,The Perfect Mother,The Perfect Mother: Season 1,,,tt15341198
2022-06-12,TV (Non-English),4,Intimacy,Intimacy: Season 1,,,tt14463542
2022-06-12,TV (Non-English),5,Our Blues,Our Blues: Season 1,,,tt19115260
2022-06-12,TV (Non-English),7,Two Summers,Two Summers: Season 1,,,tt13018574
2022-06-12,TV (Non-English),9,"Yo soy Betty, la fea","Yo soy Betty, la fea: Season 1",,,tt0233127
2022-06-12,TV (Non-English),10,Who Killed Sara?,Who Killed Sara?: Season 3,,,tt11937816
2022-06-05,Films (English),1,Interceptor,,,,tt14174940
2022-06-05,Films (English),2,A Perfect Pairing,,,,tt15215512
2022-06-05,Films (English),3,The Amazing Spider-Man,,,,tt0948470
2022-06-05,Films (English),4,Senior Year,,,,tt5315212
2022-06-05,Films (English),5,Memoirs of a Geisha,,,,tt0397535
2022-06-05,Films (English),6,The Outpost,,,,tt3833480
2022-06-05,Films (English),7,Disappearance at Clifton Hill,,,,tt5919756
2022-06-05,Films (English),8,Sonic the Hedgehog,,,,tt3794354
2022-06-05,Films (English),9,Jack Reacher,,,,tt0790724
2022-06-05,Films (Non-English),2,Toscana,,,,tt13276352
2022-06-05,Films (Non-English),3,F*ck Love Too,,,,tt15432804
2022-06-05,Films (Non-English),4,The Takedown,,,,tt13822738
2022-06-05,Films (Non-English),5,The Perfect Family,,,,tt11924738
2022-06-05,Films (Non-English),6,Gangubai Kathiawadi,,,,tt10083340
2022-06-05,Films (Non-English),8,Jana Gana Mana,,,,tt13391710
2022-06-05,Films (Non-English),9,Jersey,,,,tt8948790
2022-06-05,Films (Non-English),10,4 Kings,,,,tt5033342
2022-06-05,TV (English),1,Stranger Things,Stranger Things 4,,,tt4574334
2022-06-05,TV (English),2,Stranger Things,,,,tt4574334
2022-06-05,TV (English),3,Stranger Things,Stranger Things 2,,,tt4574334
2022-06-05,TV (English),4,Stranger Things,Stranger Things 3,,,tt4574334
2022-06-05,TV (English),5,The Lincoln Lawyer,The Lincoln Lawyer: Season 1,,,tt13833978
2022-06-05,TV (English),6,All American,All American: Season 4,,,tt7414406
2022-06-05,TV (English),7,Ozark,Ozark: Season 4,,,tt5071412
2022-06-05,TV (English),8,The Boss Baby: Back in the Crib,The Boss Baby: Back in the Crib: Season 1,,,tt19361940
2022-06-05,TV (English),9,Bridgerton,Bridgerton: Season 2,,,tt8740790
2022-06-05,TV (English),10,The Blacklist,The Blacklist: Season 8,,,tt2741602
2022-06-05,TV (Non-English),1,Wrong Side of the Tracks,Wrong Side of the Tracks: Season 1,,,tt13980362
2022-06-05,TV (Non-English),2,Who Killed Sara?,Who Killed Sara?: Season 3,,,tt11937816
2022-06-05,TV (Non-English),4,Our Blues,Our Blues: Season 1,,,tt19115260
2022-06-05,TV (Non-English),5,The Perfect Mother,The Perfect Mother: Season 1,,,tt15341198
2022-06-05,TV (Non-English),6,The Marked Heart,The Marked Heart: Season 1,,,tt18974572
2022-06-05,TV (Non-English),7,"Yo soy Betty, la fea","Yo soy Betty, la fea: Season 1",,,tt0233127
2022-06-05,TV (Non-English),8,Welcome to Eden,Welcome to Eden: Season 1,,,tt13457822
2022-06-05,TV (Non-English),9,SHAMAN KING,SHAMAN KING: Season 1,,,tt0367409
2022-06-05,TV (Non-English),10,Business Proposal,Business Proposal: Season 1,,,tt14819828
2022-05-29,Films (English),1,A Perfect Pairing,,,,tt15215512
2022-05-29,Films (English),2,Senior Year,,,,tt5315212
2022-05-29,Films (English),4,Dangerous,,,,tt3876910
2022-05-29,Films (English),5,Sonic the Hedgehog,,,,tt3794354
2022-05-29,Films (English),6,Top Gun,,,,tt0092099
2022-05-29,Films (English),8,Turbo,,,,tt1860353
2022-05-29,Films (English),9,Our Father,,,,tt19704638
2022-05-29,Films (English),10,Ben Is Back,,,,tt7545524
2022-05-29,Films (Non-English),2,F*ck Love Too,,,,tt15432804
2022-05-29,Films (Non-English),3,Toscana,,,,tt13276352
2022-05-29,Films (Non-English),4,The Takedown,,,,tt13822738
2022-05-29,Films (Non-English),5,Jersey,,,,tt8948790
2022-05-29,Films (Non-English),6,The Perfect Family,,,,tt11924738
2022-05-29,Films (Non-English),7,Gangubai Kathiawadi,,,,tt10083340
2022-05-29,Films (Non-English),8,Godspeed,,,,tt14766956
2022-05-29,Films (Non-English),10,Toolsidas Junior,,,,tt13623916
2022-05-29,TV (English),1,Stranger Things,Stranger Things 4,,,tt4574334
2022-05-29,TV (English),2,The Lincoln Lawyer,The Lincoln Lawyer: Season 1,,,tt13833978
2022-05-29,TV (English),3,Stranger Things,,,,tt4574334
2022-05-29,TV (English),4,Stranger Things,Stranger Things 3,,,tt4574334
2022-05-29,TV (English),5,Stranger Things,Stranger Things 2,,,tt4574334
2022-05-29,TV (English),6,Ozark,Ozark: Season 4,,,tt5071412
2022-05-29,TV (English),7,The Boss Baby: Back in the Crib,The Boss Baby: Back in the Crib: Season 1,,,tt19361940
2022-05-29,TV (English),8,"Love, Death & Robots","Love, Death & Robots: Volume 3",,,tt9561862
2022-05-29,TV (English),9,Bridgerton,Bridgerton: Season 2,,,tt8740790
2022-05-29,TV (English),10,The Circle,The Circle: Season 4,,,tt9581768
2022-05-29,TV (Non-English),1,Wrong Side of the Tracks,Wrong Side of the Tracks: Season 1,,,tt13980362
2022-05-29,TV (Non-English),2,Who Killed Sara?,Who Killed Sara?: Season 3,,,tt11937816
2022-05-29,TV (Non-English),3,Who Killed Sara?,Who Killed Sara?: Season 1,,,tt11937816
2022-05-29,TV (Non-English),4,Welcome to Eden,Welcome to Eden: Season 1,,,tt13457822
2022-05-29,TV (Non-English),6,The Marked Heart,The Marked Heart: Season 1,,,tt18974572
2022-05-29,TV (Non-English),7,Our Blues,Our Blues: Season 1,,,tt19115260
2022-05-29,TV (Non-English),8,Who Killed Sara?,Who Killed Sara?: Season 2,,,tt11937816
2022-05-29,TV (Non-English),9,Tomorrow,Tomorrow: Season 1,,,tt18926162
2022-05-29,TV (Non-English),10,Business Proposal,Business Proposal: Season 1,,,tt14819828
2022-05-22,Films (English),1,Senior Year,,,,tt5315212
2022-05-22,Films (English),2,A Perfect Pairing,,,,tt15215512
2022-05-22,Films (English),3,Dangerous,,,,tt3876910
2022-05-22,Films (English),4,Sonic the Hedgehog,,,,tt3794354
2022-05-22,Films (English),5,Our Father,,,,tt19704638
2022-05-22,Films (English),7,Marmaduke,,,,tt1392197
2022-05-22,Films (English),8,Operation Mincemeat,,,,tt1879016
2022-05-22,Films (English),9,365 Days: This Day,,,,tt12996154
2022-05-22,Films (English),10,Borrego,,,,tt12676006
2022-05-22,Films (Non-English),1,Toscana,,,,tt13276352
2022-05-22,Films (Non-English),2,The Perfect Family,,,,tt11924738
2022-05-22,Films (Non-English),3,The Takedown,,,,tt13822738
2022-05-22,Films (Non-English),4,Gangubai Kathiawadi,,,,tt10083340
2022-05-22,Films (Non-English),5,F*ck Love Too,,,,tt15432804
2022-05-22,Films (Non-English),7,Jersey,,,,tt8948790
2022-05-22,Films (Non-English),8,Cyber Hell: Exposing an Internet Horror,,,,tt19768508
2022-05-22,TV (English),1,The Lincoln Lawyer,The Lincoln Lawyer: Season 1,,,tt13833978
2022-05-22,TV (English),2,Ozark,Ozark: Season 4,,,tt5071412
2022-05-22,TV (English),3,The Boss Baby: Back in the Crib,The Boss Baby: Back in the Crib: Season 1,,,tt19361940
2022-05-22,TV (English),4,The Circle,The Circle: Season 4,,,tt9581768
2022-05-22,TV (English),5,Bling Empire,Bling Empire: Season 2,,,tt13660962
2022-05-22,TV (English),6,"Love, Death & Robots","Love, Death & Robots: Volume 3",,,tt9561862
2022-05-22,TV (English),7,Bridgerton,Bridgerton: Season 2,,,tt8740790
2022-05-22,TV (English),8,Workin' Moms,Workin' Moms: Season 6,,,tt6143796
2022-05-22,TV (English),9,Savage Beauty,Savage Beauty: Season 1,,,tt19671142
2022-05-22,TV (English),10,Stranger Things,,,,tt4574334
2022-05-22,TV (Non-English),1,Who Killed Sara?,Who Killed Sara?: Season 3,,,tt11937816
2022-05-22,TV (Non-English),2,Welcome to Eden,Welcome to Eden: Season 1,,,tt13457822
2022-05-22,TV (Non-English),3,Wrong Side of the Tracks,Wrong Side of the Tracks: Season 1,,,tt13980362
2022-05-22,TV (Non-English),4,The Marked Heart,The Marked Heart: Season 1,,,tt18974572
2022-05-22,TV (Non-English),5,Who Killed Sara?,Who Killed Sara?: Season 1,,,tt11937816
2022-05-22,TV (Non-English),6,Business Proposal,Business Proposal: Season 1,,,tt14819828
2022-05-22,TV (Non-English),7,Tomorrow,Tomorrow: Season 1,,,tt18926162
2022-05-22,TV (Non-English),8,Our Blues,Our Blues: Season 1,,,tt19115260
2022-05-22,TV (Non-English),10,"Yo soy Betty, la fea","Yo soy Betty, la fea: Season 1",,,tt0233127
2022-05-15,Films (English),1,Senior Year,,,,tt5315212
2022-05-15,Films (English),2,Our Father,,,,tt19704638
2022-05-15,Films (English),3,Marmaduke,,,,tt1392197
2022-05-15,Films (English),4,Along for the Ride,,,,tt14506528
2022-05-15,Films (English),5,Operation Mincemeat,,,,tt1879016
2022-05-15,Films (English),6,Sonic the Hedgehog,,,,tt3794354
2022-05-15,Films (English),7,365 Days: This Day,,,,tt12996154
2022-05-15,Films (English),8,U.S. Marshals,,,,tt0120873
2022-05-15,Films (English),9,Den of Thieves,,,,tt1259528
2022-05-15,Films (English),10,Men in Black: International,,,,tt2283336
2022-05-15,Films (Non-English),1,The Takedown,,,,tt13822738
2022-05-15,Films (Non-English),2,The Perfect Family,,,,tt11924738
2022-05-15,Films (Non-English),3,Gangubai Kathiawadi,,,,tt10083340
2022-05-15,Films (Non-English),6,Thar,,,,tt14479746
2022-05-15,Films (Non-English),8,The Getaway King,,,,tt10516196
2022-05-15,Films (Non-English),9,40 Years Young,,,,tt16969906
2022-05-15,TV (English),1,Ozark,Ozark: Season 4,,,tt5071412
2022-05-15,TV (English),2,The Lincoln Lawyer,The Lincoln Lawyer: Season 1,,,tt13833978
2022-05-15,TV (English),3,Workin' Moms,Workin' Moms: Season 6,,,tt6143796
2022-05-15,TV (English),4,Bridgerton,Bridgerton: Season 2,,,tt8740790
2022-05-15,TV (English),5,The Circle,The Circle: Season 4,,,tt9581768
2022-05-15,TV (English),6,Grace and Frankie,Grace and Frankie: Season 7,,,tt3609352
2022-05-15,TV (English),7,Selling Sunset,Selling Sunset: Season 5,,,tt9817298
2022-05-15,TV (English),8,Bling Empire,Bling Empire: Season 2,,,tt13660962
2022-05-15,TV (English),9,Savage Beauty,Savage Beauty: Season 1,,,tt19671142
2022-05-15,TV (English),10,Anatomy of a Scandal,Anatomy of a Scandal: Limited Series,,,tt12748084
2022-05-15,TV (Non-English),1,Welcome to Eden,Welcome to Eden: Season 1,,,tt13457822
2022-05-15,TV (Non-English),2,The Marked Heart,The Marked Heart: Season 1,,,tt18974572
2022-05-15,TV (Non-English),3,Business Proposal,Business Proposal: Season 1,,,tt14819828
2022-05-15,TV (Non-English),4,The Sound of Magic,The Sound of Magic: Limited Series,,,tt14460684
2022-05-15,TV (Non-English),5,Clark,Clark: Limited Series,,,tt12304420
2022-05-15,TV (Non-English),6,Our Blues,Our Blues: Season 1,,,tt19115260
2022-05-15,TV (Non-English),7,42 Days of Darkness,42 Days of Darkness: Season 1,,,tt15090462
2022-05-15,TV (Non-English),8,Pedro el escamoso,Pedro el escamoso: Season 1,,,tt0283770
2022-05-15,TV (Non-English),9,Tomorrow,Tomorrow: Season 1,,,tt18926162
2022-05-15,TV (Non-English),10,"Yo soy Betty, la fea","Yo soy Betty, la fea: Season 1",,,tt0233127
2022-05-08,Films (English),1,365 Days: This Day,,,,tt12996154
2022-05-08,Films (English),2,Sonic the Hedgehog,,,,tt3794354
2022-05-08,Films (English),3,Silverton Siege,,,,tt18563148
2022-05-08,Films (English),4,Along for the Ride,,,,tt14506528
2022-05-08,Films (English),5,The Gentlemen,,,,tt8367814
2022-05-08,Films (English),6,U.S. Marshals,,,,tt0120873
2022-05-08,Films (English),7,The Mystery of Marilyn Monroe: The Unheard Tapes,,,,tt19034332
2022-05-08,Films (English),8,Men in Black: International,,,,tt2283336
2022-05-08,Films (English),9,Marmaduke,,,,tt1392197
2022-05-08,Films (English),10,365 Days,,,,tt10886166
2022-05-08,Films (Non-English),1,The Takedown,,,,tt13822738
2022-05-08,Films (Non-English),3,Gangubai Kathiawadi,,,,tt10083340
2022-05-08,Films (Non-English),4,40 Years Young,,,,tt16969906
2022-05-08,Films (Non-English),6,Bubble,,,,tt16360006
2022-05-08,Films (Non-English),9,Thar,,,,tt14479746
2022-05-08,Films (Non-English),10,Brother in Love 2,,,,tt12738164
2022-05-08,TV (English),1,Ozark,Ozark: Season 4,,,tt5071412
2022-05-08,TV (English),2,Grace and Frankie,Grace and Frankie: Season 7,,,tt3609352
2022-05-08,TV (English),3,Bridgerton,Bridgerton: Season 2,,,tt8740790
2022-05-08,TV (English),4,Selling Sunset,Selling Sunset: Season 5,,,tt9817298
2022-05-08,TV (English),5,Anatomy of a Scandal,Anatomy of a Scandal: Limited Series,,,tt12748084
2022-05-08,TV (English),6,Heartstopper,Heartstopper: Season 1,,,tt10638036
2022-05-08,TV (English),7,Ozark,Ozark: Season 1,,,tt5071412
2022-05-08,TV (English),9,Blood Sisters,Blood Sisters: Limited Series,,,tt19398068
2022-05-08,TV (English),10,Meltdown: Three Mile Island,Meltdown: Three Mile Island: Limited Series,,,tt19757508
2022-05-08,TV (Non-English),1,The Marked Heart,The Marked Heart: Season 1,,,tt18974572
2022-05-08,TV (Non-English),2,Welcome to Eden,Welcome to Eden: Season 1,,,tt13457822
2022-05-08,TV (Non-English),3,Business Proposal,Business Proposal: Season 1,,,tt14819828
2022-05-08,TV (Non-English),4,El marginal,El marginal: Season 5,,,tt5820976
2022-05-08,TV (Non-English),5,The 7 Lives of Lea,The 7 Lives of Lea: Limited Series,,,tt14140886
2022-05-08,TV (Non-English),6,Our Blues,Our Blues: Season 1,,,tt19115260
2022-05-08,TV (Non-English),7,Pedro el escamoso,Pedro el escamoso: Season 1,,,tt0283770
2022-05-08,TV (Non-English),8,The Sound of Magic,The Sound of Magic: Limited Series,,,tt14460684
2022-05-08,TV (Non-English),9,"Yo soy Betty, la fea","Yo soy Betty, la fea: Season 1",,,tt0233127
2022-05-08,TV (Non-English),10,Elite,Elite: Season 5,,,tt7134908
2022-05-01,Films (English),1,365 Days: This Day,,,,tt12996154
2022-05-01,Films (English),2,Silverton Siege,,,,tt18563148
2022-05-01,Films (English),3,The Mystery of Marilyn Monroe: The Unheard Tapes,,,,tt19034332
2022-05-01,Films (English),4,365 Days,,,,tt10886166
2022-05-01,Films (English),5,The Vault,,,,tt9742794
2022-05-01,Films (English),6,How It Ends,,,,tt5246700
2022-05-01,Films (English),7,The In Between,,,,tt8851148
2022-05-01,Films (English),8,The Adam Project,,,,tt2463208
2022-05-01,Films (English),9,Sonic the Hedgehog,,,,tt3794354
2022-05-01,Films (English),10,Shrek,,,,tt0126029
2022-05-01,Films (Non-English),1,Gangubai Kathiawadi,,,,tt10083340
2022-05-01,Films (Non-English),3,Bubble,,,,tt16360006
2022-05-01,Films (Non-English),4,The Turning Point,,,,tt0076843
2022-05-01,Films (Non-English),5,Furioza,,,,tt10515864
2022-05-01,Films (Non-English),6,Yaksha: Ruthless Operations,,,,tt12663250
2022-05-01,Films (Non-English),7,The Taming of the Shrewd,,,,tt18970380
2022-05-01,Films (Non-English),8,Through My Window,,,,tt14463484
2022-05-01,Films (Non-English),10,A Hard Day,,,,tt3697626
2022-05-01,TV (English),1,Ozark,Ozark: Season 4,,,tt5071412
2022-05-01,TV (English),2,Selling Sunset,Selling Sunset: Season 5,,,tt9817298
2022-05-01,TV (English),3,Anatomy of a Scandal,Anatomy of a Scandal: Limited Series,,,tt12748084
2022-05-01,TV (English),4,Bridgerton,Bridgerton: Season 2,,,tt8740790
2022-05-01,TV (English),5,Heartstopper,Heartstopper: Season 1,,,tt10638036
2022-05-01,TV (English),6,Conversations with a Killer: The John Wayne Gacy Tapes,Conversations with a Killer: The John Wayne Gacy Tapes: Limited Series,,,tt18970124
2022-05-01,TV (English),7,Grace and Frankie,Grace and Frankie: Season 7,,,tt3609352
2022-05-01,TV (English),8,The Ultimatum: Marry or Move On,The Ultimatum: Marry or Move On: Season 1,,,tt18396952
2022-05-01,TV (English),9,Bridgerton,Bridgerton: Season 1,,,tt8740790
2022-05-01,TV (English),10,The Creature Cases,The Creature Cases: Chapter 1,,,tt15527326
2022-05-01,TV (Non-English),1,The Marked Heart,The Marked Heart: Season 1,,,tt18974572
2022-05-01,TV (Non-English),2,Hold Tight,Hold Tight: Limited Series,,,tt15019128
2022-05-01,TV (Non-English),3,Business Proposal,Business Proposal: Season 1,,,tt14819828
2022-05-01,TV (Non-English),4,Elite,Elite: Season 5,,,tt7134908
2022-05-01,TV (Non-English),5,Yakamoz S-245,Yakamoz S-245: Season 1,,,tt13317454
2022-05-01,TV (Non-English),6,The 7 Lives of Lea,The 7 Lives of Lea: Limited Series,,,tt14140886
2022-05-01,TV (Non-English),7,Pedro el escamoso,Pedro el escamoso: Season 1,,,tt0283770
2022-05-01,TV (Non-English),8,"Yo soy Betty, la fea","Yo soy Betty, la fea: Season 1",,,tt0233127
2022-05-01,TV (Non-English),9,Twenty Five Twenty One,Twenty Five Twenty One: Season 1,,,tt17513352
2022-05-01,TV (Non-English),10,Our Blues,Our Blues: Season 1,,,tt19115260
2022-04-24,Films (English),1,Choose or Die,,,,tt11514780
2022-04-24,Films (English),2,The In Between,,,,tt8851148
2022-04-24,Films (English),3,White Hot: The Rise & Fall of Abercrombie & Fitch,,,,tt19034522
2022-04-24,Films (English),4,How It Ends,,,,tt5246700
2022-04-24,Films (English),5,Yakuza Princess,,,,tt10715446
2022-04-24,Films (English),6,The Adam Project,,,,tt2463208
2022-04-24,Films (English),7,Playing with Fire,,,,tt9134216
2022-04-24,Films (English),8,The Vault,,,,tt9742794
2022-04-24,Films (English),9,Shrek,,,,tt0126029
2022-04-24,Films (English),10,Cleaner,,,,tt0896798
2022-04-24,Films (Non-English),1,The Taming of the Shrewd,,,,tt18970380
2022-04-24,Films (Non-English),2,Furioza,,,,tt10515864
2022-04-24,Films (Non-English),3,Yaksha: Ruthless Operations,,,,tt12663250
2022-04-24,Films (Non-English),4,The Turning Point,,,,tt0076843
2022-04-24,Films (Non-English),5,One Piece Film Z,,,,tt2375379
2022-04-24,Films (Non-English),6,Through My Window,,,,tt14463484
2022-04-24,Films (Non-English),7,All Hail,,,,tt16427718
2022-04-24,Films (Non-English),8,Black Crab,,,,tt6708668
2022-04-24,Films (Non-English),9,In Good Hands,,,,tt14898794
2022-04-24,Films (Non-English),10,Dasvi,,,,tt14107554
2022-04-24,TV (English),1,Anatomy of a Scandal,Anatomy of a Scandal: Limited Series,,,tt12748084
2022-04-24,TV (English),2,Bridgerton,Bridgerton: Season 2,,,tt8740790
2022-04-24,TV (English),3,Conversations with a Killer: The John Wayne Gacy Tapes,Conversations with a Killer: The John Wayne Gacy Tapes: Limited Series,,,tt18970124
2022-04-24,TV (English),4,The Ultimatum: Marry or Move On,The Ultimatum: Marry or Move On: Season 1,,,tt18396952
2022-04-24,TV (English),5,Selling Sunset,Selling Sunset: Season 5,,,tt9817298
2022-04-24,TV (English),6,Bridgerton,Bridgerton: Season 1,,,tt8740790
2022-04-24,TV (English),7,Heartstopper,Heartstopper: Season 1,,,tt10638036
2022-04-24,TV (English),8,The Creature Cases,The Creature Cases: Chapter 1,,,tt15527326
2022-04-24,TV (English),9,Married at First Sight,Married at First Sight: Season 10,,,tt3868860
2022-04-24,TV (English),10,Our Great National Parks,Our Great National Parks: Limited Series,,,tt18750552
2022-04-24,TV (Non-English),1,The Marked Heart,The Marked Heart: Season 1,,,tt18974572
2022-04-24,TV (Non-English),2,Elite,Elite: Season 5,,,tt7134908
2022-04-24,TV (Non-English),3,Yakamoz S-245,Yakamoz S-245: Season 1,,,tt13317454
2022-04-24,TV (Non-English),4,Business Proposal,Business Proposal: Season 1,,,tt14819828
2022-04-24,TV (Non-English),5,Heirs to the Land,Heirs to the Land: Season 1,,,tt13308276
2022-04-24,TV (Non-English),6,Hold Tight,Hold Tight: Limited Series,,,tt15019128
2022-04-24,TV (Non-English),7,Twenty Five Twenty One,Twenty Five Twenty One: Season 1,,,tt17513352
2022-04-24,TV (Non-English),8,Happiness,,,,tt14979052
2022-04-24,TV (Non-English),9,"Yo soy Betty, la fea","Yo soy Betty, la fea: Season 1",,,tt0233127
2022-04-24,TV (Non-English),10,Café con aroma de mujer,Café con aroma de mujer: Season 1,,,tt14471346
2022-04-17,Films (English),1,The In Between,,,,tt8851148
2022-04-17,Films (English),2,Choose or Die,,,,tt11514780
2022-04-17,Films (English),3,A Score to Settle,,,,tt3758162
2022-04-17,Films (English),4,The Adam Project,,,,tt2463208
2022-04-17,Films (English),5,Metal Lords,,,,tt12141112
2022-04-17,Films (English),6,How It Ends,,,,tt5246700
2022-04-17,Films (English),7,The Call,,,,tt1911644
2022-04-17,Films (English),8,Return to Space,,,,tt18555320
2022-04-17,Films (English),9,Cleaner,,,,tt0896798
2022-04-17,Films (English),10,A Dog's Way Home,,,,tt7616798
2022-04-17,Films (Non-English),1,Furioza,,,,tt10515864
2022-04-17,Films (Non-English),2,The Taming of the Shrewd,,,,tt18970380
2022-04-17,Films (Non-English),3,Yaksha: Ruthless Operations,,,,tt12663250
2022-04-17,Films (Non-English),4,Dancing on Glass,,,,tt14118046
2022-04-17,Films (Non-English),5,All Hail,,,,tt16427718
2022-04-17,Films (Non-English),6,Dasvi,,,,tt14107554
2022-04-17,Films (Non-English),7,Black Crab,,,,tt6708668
2022-04-17,Films (Non-English),8,In Good Hands,,,,tt14898794
2022-04-17,Films (Non-English),9,Fack ju Göhte 3,,,,tt6471264
2022-04-17,Films (Non-English),10,Through My Window,,,,tt14463484
2022-04-17,TV (English),1,Bridgerton,Bridgerton: Season 2,,,tt8740790
2022-04-17,TV (English),2,The Ultimatum: Marry or Move On,The Ultimatum: Marry or Move On: Season 1,,,tt18396952
2022-04-17,TV (English),3,Anatomy of a Scandal,Anatomy of a Scandal: Limited Series,,,tt12748084
2022-04-17,TV (English),4,Bridgerton,Bridgerton: Season 1,,,tt8740790
2022-04-17,TV (English),5,Our Great National Parks,Our Great National Parks: Limited Series,,,tt18750552
2022-04-17,TV (English),6,Inventing Anna,Inventing Anna: Limited Series,,,tt8740976
2022-04-17,TV (English),7,Queen of the South,Queen of the South: Season 5,,,tt1064899
2022-04-17,TV (English),8,Better Call Saul,Better Call Saul: Season 5,,,tt3032476
2022-04-17,TV (English),9,Jimmy Savile: A British Horror Story,Jimmy Savile: A British Horror Story: Limited Series,,,tt18970454
2022-04-17,TV (English),10,Is It Cake?,Is It Cake?: Season 1,,,tt18314214
2022-04-17,TV (Non-English),1,Elite,Elite: Season 5,,,tt7134908
2022-04-17,TV (Non-English),2,Business Proposal,Business Proposal: Season 1,,,tt14819828
2022-04-17,TV (Non-English),3,Twenty Five Twenty One,Twenty Five Twenty One: Season 1,,,tt17513352
2022-04-17,TV (Non-English),4,Heirs to the Land,Heirs to the Land: Season 1,,,tt13308276
2022-04-17,TV (Non-English),5,Café con aroma de mujer,Café con aroma de mujer: Season 1,,,tt14471346
2022-04-17,TV (Non-English),6,Smother-in-Law,Smother-in-Law: Season 1,,,tt15353358
2022-04-17,TV (Non-English),7,Happiness,,,,tt14979052
2022-04-17,TV (Non-English),8,"Yo soy Betty, la fea","Yo soy Betty, la fea: Season 1",,,tt0233127
2022-04-17,TV (Non-English),9,Elite,Elite: Season 1,,,tt7134908
2022-04-17,TV (Non-English),10,Forecasting Love and Weather,Forecasting Love and Weather: Season 1,,,tt15140592
2022-04-10,Films (English),1,The In Between,,,,tt8851148
2022-04-10,Films (English),2,The Adam Project,,,,tt2463208
2022-04-10,Films (English),3,The Bubble,,,,tt13610562
2022-04-10,Films (English),4,Shrek Forever After,,,,tt0892791
2022-04-10,Films (English),5,The Blind Side,,,,tt0878804
2022-04-10,Films (English),6,Four Brothers,,,,tt0430105
2022-04-10,Films (English),7,Enough,,,,tt0278435
2022-04-10,Films (English),8,How It Ends,,,,tt5246700
2022-04-10,Films (English),9,Shrek,,,,tt0126029
2022-04-10,Films (English),10,Return to Space,,,,tt18555320
2022-04-10,Films (Non-English),1,Furioza,,,,tt10515864
2022-04-10,Films (Non-English),2,All Hail,,,,tt16427718
2022-04-10,Films (Non-English),3,Yaksha: Ruthless Operations,,,,tt12663250
2022-04-10,Films (Non-English),4,Dasvi,,,,tt14107554
2022-04-10,Films (Non-English),5,Black Crab,,,,tt6708668
2022-04-10,Films (Non-English),6,Captain Nova,,,,tt14915608
2022-04-10,Films (Non-English),7,Enforcement,,,,tt11081050
2022-04-10,Films (Non-English),8,In Good Hands,,,,tt14898794
2022-04-10,Films (Non-English),9,Riders of Justice,,,,tt11655202
2022-04-10,Films (Non-English),10,Ya veremos,,,,tt7948540
2022-04-10,TV (English),1,Bridgerton,Bridgerton: Season 2,,,tt8740790
2022-04-10,TV (English),2,The Ultimatum: Marry or Move On,The Ultimatum: Marry or Move On: Season 1,,,tt18396952
2022-04-10,TV (English),3,Bridgerton,Bridgerton: Season 1,,,tt8740790
2022-04-10,TV (English),4,Jimmy Savile: A British Horror Story,Jimmy Savile: A British Horror Story: Limited Series,,,tt18970454
2022-04-10,TV (English),5,Inventing Anna,Inventing Anna: Limited Series,,,tt8740976
2022-04-10,TV (English),6,Better Call Saul,Better Call Saul: Season 5,,,tt3032476
2022-04-10,TV (English),7,Is It Cake?,Is It Cake?: Season 1,,,tt18314214
2022-04-10,TV (English),8,Super PupZ,Super PupZ: Season 1,,,tt18469966
2022-04-10,TV (English),9,The Last Kingdom,The Last Kingdom: Season 5,,,tt4179452
2022-04-10,TV (English),10,CoComelon,CoComelon: Season 5,,,tt12427840
2022-04-10,TV (Non-English),1,Elite,Elite: Season 5,,,tt7134908
2022-04-10,TV (Non-English),2,Business Proposal,Business Proposal: Season 1,,,tt14819828
2022-04-10,TV (Non-English),3,Twenty Five Twenty One,Twenty Five Twenty One: Season 1,,,tt17513352
2022-04-10,TV (Non-English),4,Forecasting Love and Weather,Forecasting Love and Weather: Season 1,,,tt15140592
2022-04-10,TV (Non-English),5,Café con aroma de mujer,Café con aroma de mujer: Season 1,,,tt14471346
2022-04-10,TV (Non-English),6,"Yo soy Betty, la fea","Yo soy Betty, la fea: Season 1",,,tt0233127
2022-04-10,TV (Non-English),7,Thirty-Nine,Thirty-Nine: Season 1,,,tt3458612
2022-04-10,TV (Non-English),8,All of Us Are Dead,All of Us Are Dead: Season 1,,,tt14169960
2022-04-10,TV (Non-English),9,Pedro el escamoso,Pedro el escamoso: Season 1,,,tt0283770
2022-04-10,TV (Non-English),10,Juvenile Justice,Juvenile Justice: Season 1,,,tt15553922
2022-04-03,Films (English),1,The Adam Project,,,,tt2463208
2022-04-03,Films (English),2,The Bubble,,,,tt13610562
2022-04-03,Films (English),3,Trust No One: The Hunt for the Crypto King,,,,tt15479902
2022-04-03,Films (English),4,The Blind Side,,,,tt0878804
2022-04-03,Films (English),5,6 Underground,,,,tt8106534
2022-04-03,Films (English),6,Blade Runner 2049,,,,tt1856101
2022-04-03,Films (English),7,Shrek Forever After,,,,tt0892791
2022-04-03,Films (English),8,Gemini Man,,,,tt1025100
2022-04-03,Films (English),9,Rescued by Ruby,,,,tt11278476
2022-04-03,Films (English),10,Escape Room,,,,tt5886046
2022-04-03,Films (Non-English),1,All Hail,,,,tt16427718
2022-04-03,Films (Non-English),2,Black Crab,,,,tt6708668
2022-04-03,Films (Non-English),3,In Good Hands,,,,tt14898794
2022-04-03,Films (Non-English),4,Ya veremos,,,,tt7948540
2022-04-03,Films (Non-English),6,Battle: Freestyle,,,,tt13350858
2022-04-03,Films (Non-English),7,Captain Nova,,,,tt14915608
2022-04-03,Films (Non-English),8,'83,,,,tt7518786
2022-04-03,Films (Non-English),9,Forever Out of My League,,,,tt14362698
2022-04-03,Films (Non-English),10,Through My Window,,,,tt14463484
2022-04-03,TV (English),1,Bridgerton,Bridgerton: Season 2,,,tt8740790
2022-04-03,TV (English),2,Bridgerton,Bridgerton: Season 1,,,tt8740790
2022-04-03,TV (English),3,Is It Cake?,Is It Cake?: Season 1,,,tt18314214
2022-04-03,TV (English),4,Inventing Anna,Inventing Anna: Limited Series,,,tt8740976
2022-04-03,TV (English),5,The Last Kingdom,The Last Kingdom: Season 5,,,tt4179452
2022-04-03,TV (English),6,Top Boy,Top Boy: Season 2,,,tt1830379
2022-04-03,TV (English),7,PIECES OF HER,PIECES OF HER: Season 1,,,tt9170236
2022-04-03,TV (English),8,Top Boy,Top Boy: Season 1,,,tt1830379
2022-04-03,TV (English),9,Vikings: Valhalla,Vikings: Valhalla: Season 1,,,tt11311302
2022-04-03,TV (English),10,Taboo,Taboo: Season 1,,,tt3647998
2022-04-03,TV (Non-English),1,Business Proposal,Business Proposal: Season 1,,,tt14819828
2022-04-03,TV (Non-English),2,Twenty Five Twenty One,Twenty Five Twenty One: Season 1,,,tt17513352
2022-04-03,TV (Non-English),3,Café con aroma de mujer,Café con aroma de mujer: Season 1,,,tt14471346
2022-04-03,TV (Non-English),4,Forecasting Love and Weather,Forecasting Love and Weather: Season 1,,,tt15140592
2022-04-03,TV (Non-English),5,Thirty-Nine,Thirty-Nine: Season 1,,,tt3458612
2022-04-03,TV (Non-English),6,"Yo soy Betty, la fea","Yo soy Betty, la fea: Season 1",,,tt0233127
2022-04-03,TV (Non-English),7,All of Us Are Dead,All of Us Are Dead: Season 1,,,tt14169960
2022-04-03,TV (Non-English),8,Juvenile Justice,Juvenile Justice: Season 1,,,tt15553922
2022-04-03,TV (Non-English),9,The Queen of Flow,The Queen of Flow: Season 2,,,tt8560918
2022-04-03,TV (Non-English),10,Pasión de Gavilanes,Pasión de Gavilanes: Season 1,,,tt0387763
2022-03-27,Films (English),1,The Adam Project,,,,tt2463208
2022-03-27,Films (English),2,Rescued by Ruby,,,,tt11278476
2022-03-27,Films (English),3,Gemini Man,,,,tt1025100
2022-03-27,Films (English),4,Windfall,,,,tt15033192
2022-03-27,Films (English),5,John Wick: Chapter 2,,,,tt4425200
2022-03-27,Films (English),6,The Dead Don't Die,,,,tt8695030
2022-03-27,Films (English),7,6 Underground,,,,tt8106534
2022-03-27,Films (English),8,A Walk Among the Tombstones,,,,tt0365907
2022-03-27,Films (English),9,Shrek,,,,tt0126029
2022-03-27,Films (English),10,Despicable Me 2,,,,tt1690953
2022-03-27,Films (Non-English),1,Black Crab,,,,tt6708668
2022-03-27,Films (Non-English),2,In Good Hands,,,,tt14898794
2022-03-27,Films (Non-English),4,'83,,,,tt7518786
2022-03-27,Films (Non-English),6,Restless,,,,tt1498569
2022-03-27,Films (Non-English),7,Through My Window,,,,tt14463484
2022-03-27,Films (Non-English),8,Today We Fix the World,,,,tt11592014
2022-03-27,Films (Non-English),9,The Pirates: The Last Royal Treasure,,,,tt17491040
2022-03-27,Films (Non-English),10,Love Like the Falling Petals,,,,tt14227972
2022-03-27,TV (English),1,Bridgerton,Bridgerton: Season 2,,,tt8740790
2022-03-27,TV (English),2,Is It Cake?,Is It Cake?: Season 1,,,tt18314214
2022-03-27,TV (English),3,Bridgerton,Bridgerton: Season 1,,,tt8740790
2022-03-27,TV (English),4,Top Boy,Top Boy: Season 2,,,tt1830379
2022-03-27,TV (English),5,Inventing Anna,Inventing Anna: Limited Series,,,tt8740976
2022-03-27,TV (English),6,The Last Kingdom,The Last Kingdom: Season 5,,,tt4179452
2022-03-27,TV (English),7,PIECES OF HER,PIECES OF HER: Season 1,,,tt9170236
2022-03-27,TV (English),8,Top Boy,Top Boy: Season 1,,,tt1830379
2022-03-27,TV (English),9,Bad Vegan: Fame. Fraud. Fugitives.,Bad Vegan: Fame. Fraud. Fugitives.: Limited Series,,,tt18260538
2022-03-27,TV (English),10,Human Resources,Human Resources: Season 1,,,tt11092142
2022-03-27,TV (Non-English),1,Business Proposal,Business Proposal: Season 1,,,tt14819828
2022-03-27,TV (Non-English),2,Twenty Five Twenty One,Twenty Five Twenty One: Season 1,,,tt17513352
2022-03-27,TV (Non-English),3,Café con aroma de mujer,Café con aroma de mujer: Season 1,,,tt14471346
2022-03-27,TV (Non-English),4,Forecasting Love and Weather,Forecasting Love and Weather: Season 1,,,tt15140592
2022-03-27,TV (Non-English),5,Cracow Monsters,Cracow Monsters: Season 1,,,tt15096836
2022-03-27,TV (Non-English),6,Juvenile Justice,Juvenile Justice: Season 1,,,tt15553922
2022-03-27,TV (Non-English),7,All of Us Are Dead,All of Us Are Dead: Season 1,,,tt14169960
2022-03-27,TV (Non-English),8,"Yo soy Betty, la fea","Yo soy Betty, la fea: Season 1",,,tt0233127
2022-03-27,TV (Non-English),9,Thirty-Nine,Thirty-Nine: Season 1,,,tt3458612
2022-03-27,TV (Non-English),10,Pedal to Metal,Pedal to Metal: Season 1,,,tt18568732
2022-03-20,Films (English),1,The Adam Project,,,,tt2463208
2022-03-20,Films (English),2,Rescued by Ruby,,,,tt11278476
2022-03-20,Films (English),3,Gemini Man,,,,tt1025100
2022-03-20,Films (English),4,The Ice Road,,,,tt3758814
2022-03-20,Films (English),5,The Weekend Away,,,,tt14817272
2022-03-20,Films (English),6,A Walk Among the Tombstones,,,,tt0365907
2022-03-20,Films (English),7,Windfall,,,,tt15033192
2022-03-20,Films (English),8,Shrek,,,,tt0126029
2022-03-20,Films (English),9,Shrek 2,,,,tt0298148
2022-03-20,Films (English),10,A Madea Homecoming,,,,tt14813966
2022-03-20,Films (Non-English),1,Black Crab,,,,tt6708668
2022-03-20,Films (Non-English),4,Badhaai Do,,,,tt11934846
2022-03-20,Films (Non-English),5,Restless,,,,tt1498569
2022-03-20,Films (Non-English),7,The Pirates: The Last Royal Treasure,,,,tt17491040
2022-03-20,Films (Non-English),9,Through My Window,,,,tt14463484
2022-03-20,Films (Non-English),10,Today We Fix the World,,,,tt11592014
2022-03-20,TV (English),1,The Last Kingdom,The Last Kingdom: Season 5,,,tt4179452
2022-03-20,TV (English),2,PIECES OF HER,PIECES OF HER: Season 1,,,tt9170236
2022-03-20,TV (English),3,Inventing Anna,Inventing Anna: Limited Series,,,tt8740976
2022-03-20,TV (English),4,Formula 1: Drive to Survive,Formula 1: Drive to Survive: Season 4,,,tt8289930
2022-03-20,TV (English),5,Bad Vegan: Fame. Fraud. Fugitives.,Bad Vegan: Fame. Fraud. Fugitives.: Limited Series,,,tt18260538
2022-03-20,TV (English),6,Taboo,Taboo: Season 1,,,tt3647998
2022-03-20,TV (English),7,Top Boy,Top Boy: Season 2,,,tt1830379
2022-03-20,TV (English),8,Vikings: Valhalla,Vikings: Valhalla: Season 1,,,tt11311302
2022-03-20,TV (English),9,Life After Death with Tyler Henry,Life After Death with Tyler Henry: Season 1,,,tt18217272
2022-03-20,TV (English),10,Good Girls,Good Girls: Season 4,,,tt6474378
2022-03-20,TV (Non-English),1,Business Proposal,Business Proposal: Season 1,,,tt14819828
2022-03-20,TV (Non-English),2,Twenty Five Twenty One,Twenty Five Twenty One: Season 1,,,tt17513352
2022-03-20,TV (Non-English),3,Café con aroma de mujer,Café con aroma de mujer: Season 1,,,tt14471346
2022-03-20,TV (Non-English),4,Juvenile Justice,Juvenile Justice: Season 1,,,tt15553922
2022-03-20,TV (Non-English),5,All of Us Are Dead,All of Us Are Dead: Season 1,,,tt14169960
2022-03-20,TV (Non-English),6,Forecasting Love and Weather,Forecasting Love and Weather: Season 1,,,tt15140592
2022-03-20,TV (Non-English),7,The Great Robbery of Brazil's Central Bank,The Great Robbery of Brazil's Central Bank: Season 1,,,tt18274172
2022-03-20,TV (Non-English),8,"Yo soy Betty, la fea","Yo soy Betty, la fea: Season 1",,,tt0233127
2022-03-20,TV (Non-English),10,Thirty-Nine,Thirty-Nine: Season 1,,,tt3458612
2022-03-13,Films (English),1,The Adam Project,,,,tt2463208
2022-03-13,Films (English),2,The Weekend Away,,,,tt14817272
2022-03-13,Films (English),3,Against The Ice,,,,tt13873302
2022-03-13,Films (English),4,Shrek,,,,tt0126029
2022-03-13,Films (English),5,Shrek 2,,,,tt0298148
2022-03-13,Films (English),6,A Madea Homecoming,,,,tt14813966
2022-03-13,Films (English),7,Shooter,,,,tt0822854
2022-03-13,Films (English),8,Spider-Man: Into the Spider-Verse,,,,tt4633694
2022-03-13,Films (English),9,Despicable Me 2,,,,tt1690953
2022-03-13,Films (English),10,Coach Carter,,,,tt0393162
2022-03-13,Films (Non-English),2,The Pirates: The Last Royal Treasure,,,,tt17491040
2022-03-13,Films (Non-English),3,Restless,,,,tt1498569
2022-03-13,Films (Non-English),4,Badhaai Do,,,,tt11934846
2022-03-13,Films (Non-English),6,Meskina,,,,tt13691036
2022-03-13,Films (Non-English),7,Through My Window,,,,tt14463484
2022-03-13,Films (Non-English),8,The Invisible Thread,,,,tt14540892
2022-03-13,Films (Non-English),9,Love Tactics,,,,tt14486678
2022-03-13,Films (Non-English),10,Black Beach,,,,tt9660688
2022-03-13,TV (English),1,PIECES OF HER,PIECES OF HER: Season 1,,,tt9170236
2022-03-13,TV (English),2,The Last Kingdom,The Last Kingdom: Season 5,,,tt4179452
2022-03-13,TV (English),3,Inventing Anna,Inventing Anna: Limited Series,,,tt8740976
2022-03-13,TV (English),4,Vikings: Valhalla,Vikings: Valhalla: Season 1,,,tt11311302
2022-03-13,TV (English),5,Formula 1: Drive to Survive,Formula 1: Drive to Survive: Season 4,,,tt8289930
2022-03-13,TV (English),6,Worst Roommate Ever,Worst Roommate Ever: Season 1,,,tt8323702
2022-03-13,TV (English),7,Good Girls,Good Girls: Season 4,,,tt6474378
2022-03-13,TV (English),8,Love Is Blind,Love Is Blind: Season 2,,,tt11704040
2022-03-13,TV (English),9,The Last Kingdom,The Last Kingdom: Season 1,,,tt4179452
2022-03-13,TV (English),10,Queen of the South,Queen of the South: Season 5,,,tt1064899
2022-03-13,TV (Non-English),1,Juvenile Justice,Juvenile Justice: Season 1,,,tt15553922
2022-03-13,TV (Non-English),2,Café con aroma de mujer,Café con aroma de mujer: Season 1,,,tt14471346
2022-03-13,TV (Non-English),4,All of Us Are Dead,All of Us Are Dead: Season 1,,,tt14169960
2022-03-13,TV (Non-English),5,Twenty Five Twenty One,Twenty Five Twenty One: Season 1,,,tt17513352
2022-03-13,TV (Non-English),6,Business Proposal,Business Proposal: Season 1,,,tt14819828
2022-03-13,TV (Non-English),7,Midnight at the Pera Palace,Midnight at the Pera Palace: Season 1,,,tt13317508
2022-03-13,TV (Non-English),8,Forecasting Love and Weather,Forecasting Love and Weather: Season 1,,,tt15140592
2022-03-13,TV (Non-English),9,"Yo soy Betty, la fea","Yo soy Betty, la fea: Season 1",,,tt0233127
2022-03-13,TV (Non-English),10,The Queen of Flow,The Queen of Flow: Season 2,,,tt8560918
2022-03-06,Films (English),1,The Weekend Away,,,,tt14817272
2022-03-06,Films (English),2,Against The Ice,,,,tt13873302
2022-03-06,Films (English),3,A Madea Homecoming,,,,tt14813966
2022-03-06,Films (English),4,Spider-Man: Into the Spider-Verse,,,,tt4633694
2022-03-06,Films (English),5,Shrek 2,,,,tt0298148
2022-03-06,Films (English),6,The Tinder Swindler,,,,tt14992922
2022-03-06,Films (English),7,Shrek,,,,tt0126029
2022-03-06,Films (English),8,Just Like Heaven,,,,tt0425123
2022-03-06,Films (English),9,Despicable Me 2,,,,tt1690953
2022-03-06,Films (English),10,Battleship,,,,tt1440129
2022-03-06,Films (Non-English),1,Restless,,,,tt1498569
2022-03-06,Films (Non-English),2,The Pirates: The Last Royal Treasure,,,,tt17491040
2022-03-06,Films (Non-English),4,Through My Window,,,,tt14463484
2022-03-06,Films (Non-English),5,Love Tactics,,,,tt14486678
2022-03-06,Films (Non-English),6,Meskina,,,,tt13691036
2022-03-06,Films (Non-English),7,A Woman With No Filter,,,,tt7517054
2022-03-06,Films (Non-English),8,My Wonderful Life,,,,tt13164942
2022-03-06,Films (Non-English),9,UFO,,,,tt6290798
2022-03-06,TV (English),1,Vikings: Valhalla,Vikings: Valhalla: Season 1,,,tt11311302
2022-03-06,TV (English),2,Inventing Anna,Inventing Anna: Limited Series,,,tt8740976
2022-03-06,TV (English),3,PIECES OF HER,PIECES OF HER: Season 1,,,tt9170236
2022-03-06,TV (English),4,Worst Roommate Ever,Worst Roommate Ever: Season 1,,,tt8323702
2022-03-06,TV (English),5,Love Is Blind,Love Is Blind: Season 2,,,tt11704040
2022-03-06,TV (English),6,One of Us Is Lying,One of Us Is Lying: Season 1,,,tt8354062
2022-03-06,TV (English),7,jeen-yuhs: A Kanye Trilogy,,,,tt14599438
2022-03-06,TV (English),8,The Cuphead Show!,The Cuphead Show!: Season 1,,,tt10611608
2022-03-06,TV (English),9,Sweet Magnolias,Sweet Magnolias: Season 2,,,tt9077540
2022-03-06,TV (English),10,Ozark,Ozark: Season 4,,,tt5071412
2022-03-06,TV (Non-English),1,Juvenile Justice,Juvenile Justice: Season 1,,,tt15553922
2022-03-06,TV (Non-English),2,Café con aroma de mujer,Café con aroma de mujer: Season 1,,,tt14471346
2022-03-06,TV (Non-English),3,All of Us Are Dead,All of Us Are Dead: Season 1,,,tt14169960
2022-03-06,TV (Non-English),4,Back to 15,Back to 15: Season 1,,,tt15301854
2022-03-06,TV (Non-English),5,Twenty Five Twenty One,Twenty Five Twenty One: Season 1,,,tt17513352
2022-03-06,TV (Non-English),6,The Fame Game,The Fame Game: Season 1,,,tt9447956
2022-03-06,TV (Non-English),7,Forecasting Love and Weather,Forecasting Love and Weather: Season 1,,,tt15140592
2022-03-06,TV (Non-English),8,Midnight at the Pera Palace,Midnight at the Pera Palace: Season 1,,,tt13317508
2022-03-06,TV (Non-English),9,Thirty-Nine,Thirty-Nine: Season 1,,,tt3458612
2022-03-06,TV (Non-English),10,Dark Desire,Dark Desire: Season 2,,,tt12540080
2022-02-27,Films (English),1,A Madea Homecoming,,,,tt14813966
2022-02-27,Films (English),2,The Tinder Swindler,,,,tt14992922
2022-02-27,Films (English),3,Texas Chainsaw Massacre,,,,tt11755740
2022-02-27,Films (English),4,Downfall: The Case Against Boeing,,,,tt11893274
2022-02-27,Films (English),5,Despicable Me 2,,,,tt1690953
2022-02-27,Films (English),6,Fistful of Vengeance,,,,tt14158554
2022-02-27,Films (English),7,Tall Girl 2,,,,tt16085592
2022-02-27,Films (English),8,Abominable,,,,tt6324278
2022-02-27,Films (English),9,Despicable Me,,,,tt1323594
2022-02-27,Films (English),10,Red Notice,,,,tt7991608
2022-02-27,Films (Non-English),1,Restless,,,,tt1498569
2022-02-27,Films (Non-English),2,Don't Kill Me,,,,tt11116374
2022-02-27,Films (Non-English),3,Through My Window,,,,tt14463484
2022-02-27,Films (Non-English),4,Love Tactics,,,,tt14486678
2022-02-27,Films (Non-English),5,Parallel Mothers,,,,tt12618926
2022-02-27,Films (Non-English),6,UFO,,,,tt6290798
2022-02-27,Films (Non-English),7,A Woman With No Filter,,,,tt7517054
2022-02-27,Films (Non-English),8,Todos queremos a alguien,,,,tt5537228
2022-02-27,Films (Non-English),9,Compadres,,,,tt3367294
2022-02-27,Films (Non-English),10,Lost Paradise,,,,tt0120120
2022-02-27,TV (English),1,Inventing Anna,Inventing Anna: Limited Series,,,tt8740976
2022-02-27,TV (English),2,Vikings: Valhalla,Vikings: Valhalla: Season 1,,,tt11311302
2022-02-27,TV (English),3,Love Is Blind,Love Is Blind: Season 2,,,tt11704040
2022-02-27,TV (English),4,One of Us Is Lying,One of Us Is Lying: Season 1,,,tt8354062
2022-02-27,TV (English),5,The Cuphead Show!,The Cuphead Show!: Season 1,,,tt10611608
2022-02-27,TV (English),6,Sweet Magnolias,Sweet Magnolias: Season 2,,,tt9077540
2022-02-27,TV (English),7,Ozark,Ozark: Season 4,,,tt5071412
2022-02-27,TV (English),8,Space Force,Space Force: Season 2,,,tt9612516
2022-02-27,TV (English),9,Raising Dion,Raising Dion: Season 2,,,tt7826108
2022-02-27,TV (English),10,jeen-yuhs: A Kanye Trilogy,,,,tt14599438
2022-02-27,TV (Non-English),1,All of Us Are Dead,All of Us Are Dead: Season 1,,,tt14169960
2022-02-27,TV (Non-English),2,Café con aroma de mujer,Café con aroma de mujer: Season 1,,,tt14471346
2022-02-27,TV (Non-English),3,Juvenile Justice,Juvenile Justice: Season 1,,,tt15553922
2022-02-27,TV (Non-English),4,Dark Desire,Dark Desire: Season 2,,,tt12540080
2022-02-27,TV (Non-English),5,Toy Boy,Toy Boy: Season 1,,,tt8693266
2022-02-27,TV (Non-English),6,Toy Boy,Toy Boy: Season 2,,,tt8693266
2022-02-27,TV (Non-English),7,Twenty Five Twenty One,Twenty Five Twenty One: Season 1,,,tt17513352
2022-02-27,TV (Non-English),8,Fishbowl Wives,Fishbowl Wives: Season 1,,,tt15410190
2022-02-27,TV (Non-English),9,Forecasting Love and Weather,Forecasting Love and Weather: Season 1,,,tt15140592
2022-02-20,Films (English),1,The Tinder Swindler,,,,tt14992922
2022-02-20,Films (English),2,Texas Chainsaw Massacre,,,,tt11755740
2022-02-20,Films (English),3,Tall Girl 2,,,,tt16085592
2022-02-20,Films (English),4,Fistful of Vengeance,,,,tt14158554
2022-02-20,Films (English),5,Despicable Me 2,,,,tt1690953
2022-02-20,Films (English),6,Abominable,,,,tt6324278
2022-02-20,Films (English),7,St. Vincent,,,,tt2170593
2022-02-20,Films (English),8,Downfall: The Case Against Boeing,,,,tt11893274
2022-02-20,Films (English),9,Despicable Me,,,,tt1323594
2022-02-20,Films (English),10,The Vanishing,,,,tt0096163
2022-02-20,Films (Non-English),1,Love Tactics,,,,tt14486678
2022-02-20,Films (Non-English),2,Through My Window,,,,tt14463484
2022-02-20,Films (Non-English),3,Bigbug,,,,tt11541872
2022-02-20,Films (Non-English),4,Love and Leashes,,,,tt15553956
2022-02-20,Films (Non-English),6,Parallel Mothers,,,,tt12618926
2022-02-20,Films (Non-English),7,Into the Wind,,,,tt17044594
2022-02-20,Films (Non-English),8,Parallel Roads,,,,tt5223624
2022-02-20,Films (Non-English),9,My Best Friend Anne Frank,,,,tt10360772
2022-02-20,Films (Non-English),10,Thoroughbred,,,,tt0028364
2022-02-20,TV (English),1,Inventing Anna,Inventing Anna: Limited Series,,,tt8740976
2022-02-20,TV (English),2,Love Is Blind,Love Is Blind: Season 2,,,tt11704040
2022-02-20,TV (English),3,Sweet Magnolias,Sweet Magnolias: Season 2,,,tt9077540
2022-02-20,TV (English),4,Ozark,Ozark: Season 4,,,tt5071412
2022-02-20,TV (English),5,Raising Dion,Raising Dion: Season 2,,,tt7826108
2022-02-20,TV (English),6,One of Us Is Lying,One of Us Is Lying: Season 1,,,tt8354062
2022-02-20,TV (English),7,The Cuphead Show!,The Cuphead Show!: Season 1,,,tt10611608
2022-02-20,TV (English),8,Raising Dion,Raising Dion: Season 1,,,tt7826108
2022-02-20,TV (English),9,Disenchantment,Disenchantment: Part 4,,,tt5363918
2022-02-20,TV (English),10,The Woman in the House Across the Street from the Girl in the Window,The Woman in the House Across the Street from the Girl in the Window: Limited Series,,,tt13315324
2022-02-20,TV (Non-English),1,All of Us Are Dead,All of Us Are Dead: Season 1,,,tt14169960
2022-02-20,TV (Non-English),2,Café con aroma de mujer,Café con aroma de mujer: Season 1,,,tt14471346
2022-02-20,TV (Non-English),3,Toy Boy,Toy Boy: Season 2,,,tt8693266
2022-02-20,TV (Non-English),4,Dark Desire,Dark Desire: Season 2,,,tt12540080
2022-02-20,TV (Non-English),5,Toy Boy,Toy Boy: Season 1,,,tt8693266
2022-02-20,TV (Non-English),7,Fishbowl Wives,Fishbowl Wives: Season 1,,,tt15410190
2022-02-20,TV (Non-English),8,Dark Desire,Dark Desire: Season 1,,,tt12540080
2022-02-20,TV (Non-English),9,The Queen of Flow,The Queen of Flow: Season 2,,,tt8560918
2022-02-20,TV (Non-English),10,"Yo soy Betty, la fea","Yo soy Betty, la fea: Season 1",,,tt0233127
2022-02-13,Films (English),1,The Tinder Swindler,,,,tt14992922
2022-02-13,Films (English),2,Tall Girl 2,,,,tt16085592
2022-02-13,Films (English),3,13 Hours: The Secret Soldiers of Benghazi,,,,tt4172430
2022-02-13,Films (English),4,Despicable Me 2,,,,tt1690953
2022-02-13,Films (English),5,Home Team,,,,tt14592064
2022-02-13,Films (English),6,Despicable Me,,,,tt1323594
2022-02-13,Films (English),7,Dora and the Lost City of Gold,,,,tt7547410
2022-02-13,Films (English),8,Faster,,,,tt1433108
2022-02-13,Films (English),9,The Power of the Dog,,,,tt10293406
2022-02-13,Films (English),10,Don't Look Up,,,,tt11286314
2022-02-13,Films (Non-English),1,Through My Window,,,,tt14463484
2022-02-13,Films (Non-English),3,Into the Wind,,,,tt17044594
2022-02-13,Films (Non-English),4,Love Tactics,,,,tt14486678
2022-02-13,Films (Non-English),5,Love and Leashes,,,,tt15553956
2022-02-13,Films (Non-English),6,My Best Friend Anne Frank,,,,tt10360772
2022-02-13,Films (Non-English),7,Bigbug,,,,tt11541872
2022-02-13,Films (Non-English),8,Child of Kamiari Month,,,,tt13057626
2022-02-13,Films (Non-English),9,Looop Lapeta,,,,tt8907974
2022-02-13,TV (English),1,Inventing Anna,Inventing Anna: Limited Series,,,tt8740976
2022-02-13,TV (English),2,Sweet Magnolias,Sweet Magnolias: Season 2,,,tt9077540
2022-02-13,TV (English),3,Raising Dion,Raising Dion: Season 2,,,tt7826108
2022-02-13,TV (English),4,Ozark,Ozark: Season 4,,,tt5071412
2022-02-13,TV (English),5,Raising Dion,Raising Dion: Season 1,,,tt7826108
2022-02-13,TV (English),6,The Woman in the House Across the Street from the Girl in the Window,The Woman in the House Across the Street from the Girl in the Window: Limited Series,,,tt13315324
2022-02-13,TV (English),7,Love Is Blind,Love Is Blind: Season 2,,,tt11704040
2022-02-13,TV (English),8,Sweet Magnolias,Sweet Magnolias: Season 1,,,tt9077540
2022-02-13,TV (English),9,Disenchantment,Disenchantment: Part 4,,,tt5363918
2022-02-13,TV (English),10,In From the Cold,In From the Cold: Season 1,,,tt11859542
2022-02-13,TV (Non-English),1,All of Us Are Dead,All of Us Are Dead: Season 1,,,tt14169960
2022-02-13,TV (Non-English),2,Café con aroma de mujer,Café con aroma de mujer: Season 1,,,tt14471346
2022-02-13,TV (Non-English),3,Dark Desire,Dark Desire: Season 2,,,tt12540080
2022-02-13,TV (Non-English),4,Dark Desire,Dark Desire: Season 1,,,tt12540080
2022-02-13,TV (Non-English),5,Toy Boy,Toy Boy: Season 1,,,tt8693266
2022-02-13,TV (Non-English),6,Toy Boy,Toy Boy: Season 2,,,tt8693266
2022-02-13,TV (Non-English),7,The Queen of Flow,The Queen of Flow: Season 2,,,tt8560918
2022-02-13,TV (Non-English),8,I Am Georgina,I Am Georgina: Season 1,,,tt15494864
2022-02-13,TV (Non-English),9,Our Beloved Summer,Our Beloved Summer: Season 1,,,tt15026724
2022-02-13,TV (Non-English),10,"Yo soy Betty, la fea","Yo soy Betty, la fea: Season 1",,,tt0233127
2022-02-06,Films (English),1,The Tinder Swindler,,,,tt14992922
2022-02-06,Films (English),2,Home Team,,,,tt14592064
2022-02-06,Films (English),3,Despicable Me 2,,,,tt1690953
2022-02-06,Films (English),4,13 Hours: The Secret Soldiers of Benghazi,,,,tt4172430
2022-02-06,Films (English),5,Transformers: Revenge of the Fallen,,,,tt1055369
2022-02-06,Films (English),6,The Royal Treatment,,,,tt13989030
2022-02-06,Films (English),7,Don't Look Up,,,,tt11286314
2022-02-06,Films (English),8,Despicable Me,,,,tt1323594
2022-02-06,Films (English),9,Can You Keep a Secret?,,,,tt8707922
2022-02-06,Films (English),10,Faster,,,,tt1433108
2022-02-06,Films (Non-English),1,Through My Window,,,,tt14463484
2022-02-06,Films (Non-English),2,My Best Friend Anne Frank,,,,tt10360772
2022-02-06,Films (Non-English),3,My Father's Violin,,,,tt14369276
2022-02-06,Films (Non-English),4,Looop Lapeta,,,,tt8907974
2022-02-06,Films (Non-English),5,Lost Bullet,,,,tt10456740
2022-02-06,Films (Non-English),7,Amandla,,,,tt5343008
2022-02-06,Films (Non-English),8,How I Fell in Love with a Gangster,,,,tt16453244
2022-02-06,Films (Non-English),9,Fierce,,,,tt11692986
2022-02-06,Films (Non-English),10,The Medium,,,,tt13446168
2022-02-06,TV (English),1,The Woman in the House Across the Street from the Girl in the Window,The Woman in the House Across the Street from the Girl in the Window: Limited Series,,,tt13315324
2022-02-06,TV (English),2,Raising Dion,Raising Dion: Season 2,,,tt7826108
2022-02-06,TV (English),3,In From the Cold,In From the Cold: Season 1,,,tt11859542
2022-02-06,TV (English),4,Ozark,Ozark: Season 4,,,tt5071412
2022-02-06,TV (English),5,Sweet Magnolias,Sweet Magnolias: Season 2,,,tt9077540
2022-02-06,TV (English),6,Raising Dion,Raising Dion: Season 1,,,tt7826108
2022-02-06,TV (English),7,Ozark,Ozark: Season 1,,,tt5071412
2022-02-06,TV (English),8,Ozark,Ozark: Season 2,,,tt5071412
2022-02-06,TV (English),9,Ozark,Ozark: Season 3,,,tt5071412
2022-02-06,TV (English),10,The Sinner,The Sinner: Season 4: Percy,,,tt6048596
2022-02-06,TV (Non-English),1,All of Us Are Dead,All of Us Are Dead: Season 1,,,tt14169960
2022-02-06,TV (Non-English),2,Café con aroma de mujer,Café con aroma de mujer: Season 1,,,tt14471346
2022-02-06,TV (Non-English),3,Dark Desire,Dark Desire: Season 2,,,tt12540080
2022-02-06,TV (Non-English),4,I Am Georgina,I Am Georgina: Season 1,,,tt15494864
2022-02-06,TV (Non-English),5,Dark Desire,Dark Desire: Season 1,,,tt12540080
2022-02-06,TV (Non-English),6,Our Beloved Summer,Our Beloved Summer: Season 1,,,tt15026724
2022-02-06,TV (Non-English),7,Feria: The Darkest Light,Feria: The Darkest Light: Season 1,,,tt13323004
2022-02-06,TV (Non-English),8,The Queen of Flow,The Queen of Flow: Season 2,,,tt8560918
2022-02-06,TV (Non-English),9,Boruto: Naruto Next Generations,Boruto: Naruto Next Generations: Season 1,,,tt6342474
2022-02-06,TV (Non-English),10,"Yo soy Betty, la fea","Yo soy Betty, la fea: Season 1",,,tt0233127
2022-01-30,Films (English),1,The Royal Treatment,,,,tt13989030
2022-01-30,Films (English),2,Home Team,,,,tt14592064
2022-01-30,Films (English),4,Don't Look Up,,,,tt11286314
2022-01-30,Films (English),5,The Secret Life of Pets 2,,,,tt5113040
2022-01-30,Films (English),6,Red Notice,,,,tt7991608
2022-01-30,Films (English),7,Hotel Transylvania 3: Summer Vacation,,,,tt5220122
2022-01-30,Films (English),8,Brazen,,,,tt13978306
2022-01-30,Films (English),9,The Possession of Hannah Grace,,,,tt5734576
2022-01-30,Films (English),10,A Perfect Enemy,,,,tt9421200
2022-01-30,Films (Non-English),1,My Father's Violin,,,,tt14369276
2022-01-30,Films (Non-English),2,Amandla,,,,tt5343008
2022-01-30,Films (Non-English),4,Shyam Singha Roy,,,,tt13349716
2022-01-30,Films (Non-English),5,Lost Bullet,,,,tt10456740
2022-01-30,Films (Non-English),6,How I Fell in Love with a Gangster,,,,tt16453244
2022-01-30,Films (Non-English),7,Photocopier,,,,tt13729220
2022-01-30,Films (Non-English),8,Blood Red Sky,,,,tt6402468
2022-01-30,Films (Non-English),9,Rogue City,,,,tt10127684
2022-01-30,Films (Non-English),10,Vicky and Her Mystery,,,,tt10945274
2022-01-30,TV (English),1,Ozark,Ozark: Season 4,,,tt5071412
2022-01-30,TV (English),2,The Woman in the House Across the Street from the Girl in the Window,The Woman in the House Across the Street from the Girl in the Window: Limited Series,,,tt13315324
2022-01-30,TV (English),3,Archive 81,Archive 81: Season 1,,,tt13365348
2022-01-30,TV (English),4,Ozark,Ozark: Season 1,,,tt5071412
2022-01-30,TV (English),5,Too Hot to Handle,Too Hot to Handle: Season 3,,,tt12004280
2022-01-30,TV (English),6,In From the Cold,In From the Cold: Season 1,,,tt11859542
2022-01-30,TV (English),7,Ozark,Ozark: Season 2,,,tt5071412
2022-01-30,TV (English),8,The Sinner,The Sinner: Season 4: Percy,,,tt6048596
2022-01-30,TV (English),9,Ozark,Ozark: Season 3,,,tt5071412
2022-01-30,TV (English),10,Riverdale,Riverdale: Season 5,,,tt5420376
2022-01-30,TV (Non-English),1,All of Us Are Dead,All of Us Are Dead: Season 1,,,tt14169960
2022-01-30,TV (Non-English),2,Café con aroma de mujer,Café con aroma de mujer: Season 1,,,tt14471346
2022-01-30,TV (Non-English),3,I Am Georgina,I Am Georgina: Season 1,,,tt15494864
2022-01-30,TV (Non-English),4,Neymar: The Perfect Chaos,Neymar: The Perfect Chaos: Limited Series,,,tt16428640
2022-01-30,TV (Non-English),5,Our Beloved Summer,Our Beloved Summer: Season 1,,,tt15026724
2022-01-30,TV (Non-English),6,The Queen of Flow,The Queen of Flow: Season 2,,,tt8560918
2022-01-30,TV (Non-English),7,"Yo soy Betty, la fea","Yo soy Betty, la fea: Season 1",,,tt0233127
2022-01-30,TV (Non-English),8,Summer Heat,Summer Heat: Season 1,,,tt14655298
2022-01-30,TV (Non-English),9,El marginal,El marginal: Season 4,,,tt5820976
2022-01-30,TV (Non-English),10,Carinha de Anjo,Carinha de Anjo: Season 1,,,tt6267820
2022-01-23,Films (English),1,The Royal Treatment,,,,tt13989030
2022-01-23,Films (English),2,Brazen,,,,tt13978306
2022-01-23,Films (English),3,Don't Look Up,,,,tt11286314
2022-01-23,Films (English),4,The Secret Life of Pets 2,,,,tt5113040
2022-01-23,Films (English),5,Riverdance: The Animated Adventure,,,,tt10841088
2022-01-23,Films (English),7,After We Fell,,,,tt13069986
2022-01-23,Films (English),8,Red Notice,,,,tt7991608
2022-01-23,Films (English),9,Back to the Outback,,,,tt13575806
2022-01-23,Films (English),10,Mother/Android,,,,tt13029044
2022-01-23,Films (Non-English),1,How I Fell in Love with a Gangster,,,,tt16453244
2022-01-23,Films (Non-English),2,Photocopier,,,,tt13729220
2022-01-23,Films (Non-English),3,Shyam Singha Roy,,,,tt13349716
2022-01-23,Films (Non-English),4,My Father's Violin,,,,tt14369276
2022-01-23,Films (Non-English),6,Rogue City,,,,tt10127684
2022-01-23,Films (Non-English),7,Amandla,,,,tt5343008
2022-01-23,Films (Non-English),8,Lost Bullet,,,,tt10456740
2022-01-23,Films (Non-English),9,Blood Red Sky,,,,tt6402468
2022-01-23,Films (Non-English),10,Vicky and Her Mystery,,,,tt10945274
2022-01-23,TV (English),1,Ozark,Ozark: Season 4,,,tt5071412
2022-01-23,TV (English),2,Archive 81,Archive 81: Season 1,,,tt13365348
2022-01-23,TV (English),3,Too Hot to Handle,Too Hot to Handle: Season 3,,,tt12004280
2022-01-23,TV (English),4,Stay Close,Stay Close: Limited Series,,,tt2201227
2022-01-23,TV (English),5,Ozark,Ozark: Season 1,,,tt5071412
2022-01-23,TV (English),6,Cobra Kai,Cobra Kai: Season 4,,,tt7221388
2022-01-23,TV (English),7,The Witcher,The Witcher: Season 2,,,tt5180504
2022-01-23,TV (English),8,Manifest,Manifest: Season 1,,,tt8421350
2022-01-23,TV (English),9,Cheer,Cheer: Season 2,,,tt11426660
2022-01-23,TV (English),10,Emily in Paris,Emily in Paris: Season 2,,,tt8962124
2022-01-23,TV (Non-English),1,Café con aroma de mujer,Café con aroma de mujer: Season 1,,,tt14471346
2022-01-23,TV (Non-English),2,El marginal,El marginal: Season 4,,,tt5820976
2022-01-23,TV (Non-English),3,The Queen of Flow,The Queen of Flow: Season 2,,,tt8560918
2022-01-23,TV (Non-English),4,Our Beloved Summer,Our Beloved Summer: Season 1,,,tt15026724
2022-01-23,TV (Non-English),5,"Yo soy Betty, la fea","Yo soy Betty, la fea: Season 1",,,tt0233127
2022-01-23,TV (Non-English),6,Yeh Kaali Kaali Ankhein,Yeh Kaali Kaali Ankhein: Season 1,,,tt14160712
2022-01-23,TV (Non-English),7,Carinha de Anjo,Carinha de Anjo: Season 1,,,tt6267820
2022-01-23,TV (Non-English),8,Squid Game,Squid Game: Season 1,,,tt10919420
2022-01-23,TV (Non-English),9,Money Heist,Money Heist: Part 5,,,tt6468322
2022-01-23,TV (Non-English),10,The Queen of Flow,The Queen of Flow: Season 1,,,tt8560918
2022-01-16,Films (English),1,Brazen,,,,tt13978306
2022-01-16,Films (English),2,Don't Look Up,,,,tt11286314
2022-01-16,Films (English),3,Mother/Android,,,,tt13029044
2022-01-16,Films (English),4,The Secret Life of Pets 2,,,,tt5113040
2022-01-16,Films (English),5,Just Go With It,,,,tt1564367
2022-01-16,Films (English),6,Red Notice,,,,tt7991608
2022-01-16,Films (English),7,Back to the Outback,,,,tt13575806
2022-01-16,Films (English),8,Tides,,,,tt6506264
2022-01-16,Films (English),9,Riverdance: The Animated Adventure,,,,tt10841088
2022-01-16,Films (English),10,The Clovehitch Killer,,,,tt6269368
2022-01-16,Films (Non-English),1,How I Fell in Love with a Gangster,,,,tt16453244
2022-01-16,Films (Non-English),2,Four to Dinner,,,,tt14247286
2022-01-16,Films (Non-English),3,The Wasteland,,,,tt13323118
2022-01-16,Films (Non-English),4,Chandigarh Kare Aashiqui,,,,tt12861850
2022-01-16,Films (Non-English),5,Photocopier,,,,tt13729220
2022-01-16,Films (Non-English),6,Major Grom: Plague Doctor,,,,tt7601480
2022-01-16,Films (Non-English),7,Minnal Murali,,,,tt7268738
2022-01-16,Films (Non-English),8,Vicky and Her Mystery,,,,tt10945274
2022-01-16,Films (Non-English),9,Lulli,,,,tt16282866
2022-01-16,Films (Non-English),10,Sin Nombre,,,,tt1127715
2022-01-16,TV (English),1,Stay Close,Stay Close: Limited Series,,,tt2201227
2022-01-16,TV (English),2,Cobra Kai,Cobra Kai: Season 4,,,tt7221388
2022-01-16,TV (English),3,The Witcher,The Witcher: Season 2,,,tt5180504
2022-01-16,TV (English),4,Emily in Paris,Emily in Paris: Season 2,,,tt8962124
2022-01-16,TV (English),5,Cheer,Cheer: Season 2,,,tt11426660
2022-01-16,TV (English),6,Manifest,Manifest: Season 1,,,tt8421350
2022-01-16,TV (English),7,Archive 81,Archive 81: Season 1,,,tt13365348
2022-01-16,TV (English),8,The Witcher,The Witcher: Season 1,,,tt5180504
2022-01-16,TV (English),9,Manifest,Manifest: Season 2,,,tt8421350
2022-01-16,TV (English),10,Cobra Kai,Cobra Kai: Season 3,,,tt7221388
2022-01-16,TV (Non-English),1,Café con aroma de mujer,Café con aroma de mujer: Season 1,,,tt14471346
2022-01-16,TV (Non-English),2,The Queen of Flow,The Queen of Flow: Season 2,,,tt8560918
2022-01-16,TV (Non-English),3,Rebelde,Rebelde: Season 1,,,tt14153686
2022-01-16,TV (Non-English),5,Our Beloved Summer,Our Beloved Summer: Season 1,,,tt15026724
2022-01-16,TV (Non-English),6,Undercover,Undercover: Season 3,,,tt1909015
2022-01-16,TV (Non-English),7,Money Heist,Money Heist: Part 5,,,tt6468322
2022-01-16,TV (Non-English),8,Undercover,Undercover: Season 1,,,tt1909015
2022-01-16,TV (Non-English),9,Carinha de Anjo,Carinha de Anjo: Season 1,,,tt6267820
2022-01-16,TV (Non-English),10,Squid Game,Squid Game: Season 1,,,tt10919420
2022-01-09,Films (English),1,Don't Look Up,,,,tt11286314
2022-01-09,Films (English),2,Mother/Android,,,,tt13029044
2022-01-09,Films (English),3,The Lost Daughter,,,,tt9100054
2022-01-09,Films (English),4,Back to the Outback,,,,tt13575806
2022-01-09,Films (English),5,The Unforgivable,,,,tt11233960
2022-01-09,Films (English),6,Red Notice,,,,tt7991608
2022-01-09,Films (English),7,Just Go With It,,,,tt1564367
2022-01-09,Films (English),8,Journey 2: The Mysterious Island,,,,tt1397514
2022-01-09,Films (English),9,Seal Team,,,,tt8456190
2022-01-09,Films (English),10,The Longest Yard,,,,tt0398165
2022-01-09,Films (Non-English),1,The Wasteland,,,,tt13323118
2022-01-09,Films (Non-English),2,Four to Dinner,,,,tt14247286
2022-01-09,Films (Non-English),3,How I Fell in Love with a Gangster,,,,tt16453244
2022-01-09,Films (Non-English),4,Chandigarh Kare Aashiqui,,,,tt12861850
2022-01-09,Films (Non-English),5,Minnal Murali,,,,tt7268738
2022-01-09,Films (Non-English),6,Lulli,,,,tt16282866
2022-01-09,Films (Non-English),7,Vicky and Her Mystery,,,,tt10945274
2022-01-09,Films (Non-English),8,Major Grom: Plague Doctor,,,,tt7601480
2022-01-09,Films (Non-English),9,STAND BY ME Doraemon 2,,,,tt13428402
2022-01-09,Films (Non-English),10,Sin Nombre,,,,tt1127715
2022-01-09,TV (English),1,Cobra Kai,Cobra Kai: Season 4,,,tt7221388
2022-01-09,TV (English),2,Stay Close,Stay Close: Limited Series,,,tt2201227
2022-01-09,TV (English),3,The Witcher,The Witcher: Season 2,,,tt5180504
2022-01-09,TV (English),4,Emily in Paris,Emily in Paris: Season 2,,,tt8962124
2022-01-09,TV (English),5,Manifest,Manifest: Season 1,,,tt8421350
2022-01-09,TV (English),6,The Witcher,The Witcher: Season 1,,,tt5180504
2022-01-09,TV (English),7,Cobra Kai,Cobra Kai: Season 1,,,tt7221388
2022-01-09,TV (English),8,Queer Eye,Queer Eye: Season 6,,,tt7259746
2022-01-09,TV (English),9,Cobra Kai,Cobra Kai: Season 3,,,tt7221388
2022-01-09,TV (English),10,Cobra Kai,Cobra Kai: Season 2,,,tt7221388
2022-01-09,TV (Non-English),1,Café con aroma de mujer,Café con aroma de mujer: Season 1,,,tt14471346
2022-01-09,TV (Non-English),2,Rebelde,Rebelde: Season 1,,,tt14153686
2022-01-09,TV (Non-English),3,The Queen of Flow,The Queen of Flow: Season 2,,,tt8560918
2022-01-09,TV (Non-English),5,The Silent Sea,The Silent Sea: Season 1,,,tt11570202
2022-01-09,TV (Non-English),6,Money Heist,Money Heist: Part 5,,,tt6468322
2022-01-09,TV (Non-English),7,Our Beloved Summer,Our Beloved Summer: Season 1,,,tt15026724
2022-01-09,TV (Non-English),8,Squid Game,Squid Game: Season 1,,,tt10919420
2022-01-09,TV (Non-English),9,Kitz,Kitz: Season 1,,,tt12104930
2022-01-09,TV (Non-English),10,Daughter From Another Mother,Daughter From Another Mother: Season 2,,,tt11937732
2022-01-02,Films (English),1,Don't Look Up,,,,tt11286314
2022-01-02,Films (English),2,The Unforgivable,,,,tt11233960
2022-01-02,Films (English),3,The Lost Daughter,,,,tt9100054
2022-01-02,Films (English),4,Back to the Outback,,,,tt13575806
2022-01-02,Films (English),5,Red Notice,,,,tt7991608
2022-01-02,Films (English),6,Spider-Man: Homecoming,,,,tt2250912
2022-01-02,Films (English),7,Fast & Furious Presents: Hobbs & Shaw,,,,tt6806448
2022-01-02,Films (English),9,Journey 2: The Mysterious Island,,,,tt1397514
2022-01-02,Films (English),10,Spider-Man,,,,tt0145487
2022-01-02,Films (Non-English),1,Lulli,,,,tt16282866
2022-01-02,Films (Non-English),2,Vicky and Her Mystery,,,,tt10945274
2022-01-02,Films (Non-English),3,Minnal Murali,,,,tt7268738
2022-01-02,Films (Non-English),4,STAND BY ME Doraemon 2,,,,tt13428402
2022-01-02,Films (Non-English),5,1000 Miles from Christmas,,,,tt13782052
2022-01-02,Films (Non-English),7,The Whole Truth,,,,tt3503406
2022-01-02,Films (Non-English),8,Anonymously Yours,,,,tt16088568
2022-01-02,Films (Non-English),9,The Hand of God,,,,tt12680684
2022-01-02,Films (Non-English),10,Sooryavanshi,,,,tt9531772
2022-01-02,TV (English),1,Cobra Kai,Cobra Kai: Season 4,,,tt7221388
2022-01-02,TV (English),2,The Witcher,The Witcher: Season 2,,,tt5180504
2022-01-02,TV (English),3,Emily in Paris,Emily in Paris: Season 2,,,tt8962124
2022-01-02,TV (English),4,The Witcher,The Witcher: Season 1,,,tt5180504
2022-01-02,TV (English),5,Stay Close,Stay Close: Limited Series,,,tt2201227
2022-01-02,TV (English),6,Emily in Paris,Emily in Paris: Season 1,,,tt8962124
2022-01-02,TV (English),7,Queer Eye,Queer Eye: Season 6,,,tt7259746
2022-01-02,TV (English),8,Cobra Kai,Cobra Kai: Season 1,,,tt7221388
2022-01-02,TV (English),9,Crime Scene: The Times Square Killer,Crime Scene: The Times Square Killer: Limited Series,,,tt16027926
2022-01-02,TV (English),10,WWII in Color: Road to Victory,WWII in Color: Road to Victory: Season 1,,,tt16477402
2022-01-02,TV (Non-English),1,The Silent Sea,The Silent Sea: Season 1,,,tt11570202
2022-01-02,TV (Non-English),2,The Queen of Flow,The Queen of Flow: Season 2,,,tt8560918
2022-01-02,TV (Non-English),3,Money Heist,Money Heist: Part 5,,,tt6468322
2022-01-02,TV (Non-English),4,Daughter From Another Mother,Daughter From Another Mother: Season 2,,,tt11937732
2022-01-02,TV (Non-English),5,Café con aroma de mujer,Café con aroma de mujer: Season 1,,,tt14471346
2022-01-02,TV (Non-English),6,Squid Game,Squid Game: Season 1,,,tt10919420
2022-01-02,TV (Non-English),7,The Girl from Oslo,The Girl from Oslo: Season 1,,,tt13968792
2022-01-02,TV (Non-English),9,Our Beloved Summer,Our Beloved Summer: Season 1,,,tt15026724
2022-01-02,TV (Non-English),10,The Queen of Flow,The Queen of Flow: Season 1,,,tt8560918
2021-12-26,Films (English),1,Don't Look Up,,,,tt11286314
2021-12-26,Films (English),2,The Unforgivable,,,,tt11233960
2021-12-26,Films (English),3,Fast & Furious Presents: Hobbs & Shaw,,,,tt6806448
2021-12-26,Films (English),4,Back to the Outback,,,,tt13575806
2021-12-26,Films (English),5,Spider-Man: Homecoming,,,,tt2250912
2021-12-26,Films (English),6,The Christmas Chronicles,,,,tt2990140
2021-12-26,Films (English),7,Red Notice,,,,tt7991608
2021-12-26,Films (English),8,A California Christmas: City Lights,,,,tt13701962
2021-12-26,Films (English),9,The Christmas Chronicles: Part Two,,,,tt11057644
2021-12-26,Films (English),10,A Boy Called Christmas,,,,tt10187208
2021-12-26,Films (Non-English),1,Vicky and Her Mystery,,,,tt10945274
2021-12-26,Films (Non-English),2,Grumpy Christmas,,,,tt15565724
2021-12-26,Films (Non-English),3,1000 Miles from Christmas,,,,tt13782052
2021-12-26,Films (Non-English),4,Minnal Murali,,,,tt7268738
2021-12-26,Films (Non-English),5,STAND BY ME Doraemon 2,,,,tt13428402
2021-12-26,Films (Non-English),6,The Whole Truth,,,,tt3503406
2021-12-26,Films (Non-English),7,The Hand of God,,,,tt12680684
2021-12-26,Films (Non-English),8,Anonymously Yours,,,,tt16088568
2021-12-26,Films (Non-English),9,David and the Elves,,,,tt15565714
2021-12-26,Films (Non-English),10,Sooryavanshi,,,,tt9531772
2021-12-26,TV (English),1,The Witcher,The Witcher: Season 2,,,tt5180504
2021-12-26,TV (English),2,Emily in Paris,Emily in Paris: Season 2,,,tt8962124
2021-12-26,TV (English),3,The Witcher,The Witcher: Season 1,,,tt5180504
2021-12-26,TV (English),4,Emily in Paris,Emily in Paris: Season 1,,,tt8962124
2021-12-26,TV (English),5,Titans,Titans: Season 3,,,tt1043813
2021-12-26,TV (English),6,Lost in Space,Lost in Space: Season 3,,,tt5232792
2021-12-26,TV (English),7,WWII in Color: Road to Victory,WWII in Color: Road to Victory: Season 1,,,tt16477402
2021-12-26,TV (English),8,PAW Patrol,PAW Patrol: Season 6,,,tt3121722
2021-12-26,TV (English),9,CoComelon,CoComelon: Season 4,,,tt12427840
2021-12-26,TV (English),10,Maid,Maid: Limited Series,,,tt11337908
2021-12-26,TV (Non-English),1,Money Heist,Money Heist: Part 5,,,tt6468322
2021-12-26,TV (Non-English),2,The Queen of Flow,The Queen of Flow: Season 2,,,tt8560918
2021-12-26,TV (Non-English),3,The Silent Sea,The Silent Sea: Season 1,,,tt11570202
2021-12-26,TV (Non-English),4,The Girl from Oslo,The Girl from Oslo: Season 1,,,tt13968792
2021-12-26,TV (Non-English),5,Squid Game,Squid Game: Season 1,,,tt10919420
2021-12-26,TV (Non-English),6,The King's Affection,The King's Affection: Season 1,,,tt14609428
2021-12-26,TV (Non-English),7,Daughter From Another Mother,Daughter From Another Mother: Season 2,,,tt11937732
2021-12-26,TV (Non-English),8,The Queen of Flow,The Queen of Flow: Season 1,,,tt8560918
2021-12-26,TV (Non-English),9,Our Beloved Summer,Our Beloved Summer: Season 1,,,tt15026724
2021-12-26,TV (Non-English),10,Carinha de Anjo,Carinha de Anjo: Season 1,,,tt6267820
2021-12-19,Films (English),1,The Unforgivable,,,,tt11233960
2021-12-19,Films (English),2,Back to the Outback,,,,tt13575806
2021-12-19,Films (English),3,A California Christmas: City Lights,,,,tt13701962
2021-12-19,Films (English),4,Red Notice,,,,tt7991608
2021-12-19,Films (English),5,The Shack,,,,tt2872518
2021-12-19,Films (English),6,Spider-Man: Homecoming,,,,tt2250912
2021-12-19,Films (English),7,John Wick: Chapter 3 - Parabellum,,,,tt6146586
2021-12-19,Films (English),8,The Christmas Chronicles,,,,tt2990140
2021-12-19,Films (English),9,The Christmas Chronicles: Part Two,,,,tt11057644
2021-12-19,Films (English),10,A Boy Called Christmas,,,,tt10187208
2021-12-19,Films (Non-English),1,Anonymously Yours,,,,tt16088568
2021-12-19,Films (Non-English),2,The Hand of God,,,,tt12680684
2021-12-19,Films (Non-English),3,Two,,,,tt12358104
2021-12-19,Films (Non-English),4,The Whole Truth,,,,tt3503406
2021-12-19,Films (Non-English),5,Sooryavanshi,,,,tt9531772
2021-12-19,Films (Non-English),7,David and the Elves,,,,tt15565714
2021-12-19,Films (Non-English),8,Spoiled Brats,,,,tt13079150
2021-12-19,Films (Non-English),9,Escape From Mogadishu,,,,tt14810692
2021-12-19,Films (Non-English),10,Green Snake,,,,tt15000314
2021-12-19,TV (English),1,The Witcher,The Witcher: Season 2,,,tt5180504
2021-12-19,TV (English),2,The Witcher,The Witcher: Season 1,,,tt5180504
2021-12-19,TV (English),3,Titans,Titans: Season 3,,,tt1043813
2021-12-19,TV (English),4,Lost in Space,Lost in Space: Season 3,,,tt5232792
2021-12-19,TV (English),5,Selling Tampa,Selling Tampa: Season 1,,,tt16227948
2021-12-19,TV (English),6,Lost in Space,Lost in Space: Season 1,,,tt5232792
2021-12-19,TV (English),7,Maid,Maid: Limited Series,,,tt11337908
2021-12-19,TV (English),8,Titans,Titans: Season 1,,,tt1043813
2021-12-19,TV (English),9,Arcane,Arcane: Season 1,,,tt11126994
2021-12-19,TV (English),10,CoComelon,CoComelon: Season 4,,,tt12427840
2021-12-19,TV (Non-English),1,Money Heist,Money Heist: Part 5,,,tt6468322
2021-12-19,TV (Non-English),2,The Queen of Flow,The Queen of Flow: Season 2,,,tt8560918
2021-12-19,TV (Non-English),3,The King's Affection,The King's Affection: Season 1,,,tt14609428
2021-12-19,TV (Non-English),4,Squid Game,Squid Game: Season 1,,,tt10919420
2021-12-19,TV (Non-English),5,The Queen of Flow,The Queen of Flow: Season 1,,,tt8560918
2021-12-19,TV (Non-English),6,Money Heist,Money Heist: Part 1,,,tt6468322
2021-12-19,TV (Non-English),7,Carinha de Anjo,Carinha de Anjo: Season 1,,,tt6267820
2021-12-19,TV (Non-English),8,Aranyak,Aranyak: Season 1,,,tt14167344
2021-12-19,TV (Non-English),9,"Yo soy Betty, la fea","Yo soy Betty, la fea: Season 1",,,tt0233127
2021-12-19,TV (Non-English),10,Hometown Cha-Cha-Cha,Hometown Cha-Cha-Cha: Season 1,,,tt14518756
2021-12-12,Films (English),1,The Unforgivable,,,,tt11233960
2021-12-12,Films (English),2,Red Notice,,,,tt7991608
2021-12-12,Films (English),3,Back to the Outback,,,,tt13575806
2021-12-12,Films (English),4,The Power of the Dog,,,,tt10293406
2021-12-12,Films (English),5,Single All The Way,,,,tt14315756
2021-12-12,Films (English),6,A Boy Called Christmas,,,,tt10187208
2021-12-12,Films (English),7,A Castle For Christmas,,,,tt13070602
2021-12-12,Films (English),8,Redemption Day,,,,tt4439620
2021-12-12,Films (English),9,Bruised,,,,tt8310474
2021-12-12,Films (English),10,The Christmas Chronicles,,,,tt2990140
2021-12-12,Films (Non-English),1,The Whole Truth,,,,tt3503406
2021-12-12,Films (Non-English),2,Spoiled Brats,,,,tt13079150
2021-12-12,Films (Non-English),3,David and the Elves,,,,tt15565714
2021-12-12,Films (Non-English),4,Anonymously Yours,,,,tt16088568
2021-12-12,Films (Non-English),5,Sooryavanshi,,,,tt9531772
2021-12-12,Films (Non-English),6,Green Snake,,,,tt15000314
2021-12-12,Films (Non-English),7,More the Merrier,,,,tt6925902
2021-12-12,Films (Non-English),9,Two,,,,tt12358104
2021-12-12,Films (Non-English),10,The Claus Family,,,,tt12459520
2021-12-12,TV (English),1,Lost in Space,Lost in Space: Season 3,,,tt5232792
2021-12-12,TV (English),2,Titans,Titans: Season 3,,,tt1043813
2021-12-12,TV (English),3,Lost in Space,Lost in Space: Season 1,,,tt5232792
2021-12-12,TV (English),5,Lost in Space,Lost in Space: Season 2,,,tt5232792
2021-12-12,TV (English),6,The Witcher,The Witcher: Season 1,,,tt5180504
2021-12-12,TV (English),7,Arcane,Arcane: Season 1,,,tt11126994
2021-12-12,TV (English),8,Maid,Maid: Limited Series,,,tt11337908
2021-12-12,TV (English),9,True Story,True Story: Limited Series,,,tt13655456
2021-12-12,TV (English),10,Selling Sunset,Selling Sunset: Season 4,,,tt9817298
2021-12-12,TV (Non-English),1,Money Heist,Money Heist: Part 5,,,tt6468322
2021-12-12,TV (Non-English),2,The Queen of Flow,The Queen of Flow: Season 2,,,tt8560918
2021-12-12,TV (Non-English),3,Money Heist,Money Heist: Part 1,,,tt6468322
2021-12-12,TV (Non-English),4,Squid Game,Squid Game: Season 1,,,tt10919420
2021-12-12,TV (Non-English),5,The King's Affection,The King's Affection: Season 1,,,tt14609428
2021-12-12,TV (Non-English),6,The Queen of Flow,The Queen of Flow: Season 1,,,tt8560918
2021-12-12,TV (Non-English),7,Carinha de Anjo,Carinha de Anjo: Season 1,,,tt6267820
2021-12-12,TV (Non-English),8,Hometown Cha-Cha-Cha,Hometown Cha-Cha-Cha: Season 1,,,tt14518756
2021-12-12,TV (Non-English),9,Hellbound,Hellbound: Season 1,,,tt12235718
2021-12-12,TV (Non-English),10,Money Heist,Money Heist: Part 2,,,tt6468322
2021-12-05,Films (English),1,The Power of the Dog,,,,tt10293406
2021-12-05,Films (English),2,A Castle For Christmas,,,,tt13070602
2021-12-05,Films (English),3,Red Notice,,,,tt7991608
2021-12-05,Films (English),4,Bruised,,,,tt8310474
2021-12-05,Films (English),5,A Boy Called Christmas,,,,tt10187208
2021-12-05,Films (English),6,Single All The Way,,,,tt14315756
2021-12-05,Films (English),7,14 Peaks: Nothing Is Impossible,,,,tt14079374
2021-12-05,Films (English),8,The Christmas Chronicles,,,,tt2990140
2021-12-05,Films (English),9,The Christmas Chronicles: Part Two,,,,tt11057644
2021-12-05,Films (English),10,Love Hard,,,,tt10752004
2021-12-05,Films (Non-English),1,Spoiled Brats,,,,tt13079150
2021-12-05,Films (Non-English),2,The Whole Truth,,,,tt3503406
2021-12-05,Films (Non-English),3,Green Snake,,,,tt15000314
2021-12-05,Films (Non-English),4,More the Merrier,,,,tt6925902
2021-12-05,Films (Non-English),5,Sooryavanshi,,,,tt9531772
2021-12-05,Films (Non-English),6,Outlaws,,,,tt6301712
2021-12-05,Films (Non-English),7,The Claus Family,,,,tt12459520
2021-12-05,Films (Non-English),8,Just Short of Perfect,,,,tt15863594
2021-12-05,Films (Non-English),9,Dhamaka,,,,tt13510660
2021-12-05,TV (English),1,Lost in Space,Lost in Space: Season 3,,,tt5232792
2021-12-05,TV (English),2,True Story,True Story: Limited Series,,,tt13655456
2021-12-05,TV (English),3,Selling Sunset,Selling Sunset: Season 4,,,tt9817298
2021-12-05,TV (English),4,Lost in Space,Lost in Space: Season 1,,,tt5232792
2021-12-05,TV (English),5,Arcane,Arcane: Season 1,,,tt11126994
2021-12-05,TV (English),6,School of Chocolate,School of Chocolate: Season 1,,,tt15172154
2021-12-05,TV (English),8,Maid,Maid: Limited Series,,,tt11337908
2021-12-05,TV (English),9,Cowboy Bebop,Cowboy Bebop: Season 1,,,tt0213338
2021-12-05,TV (English),10,You,You: Season 3,,,tt7335184
2021-12-05,TV (Non-English),1,Money Heist,Money Heist: Part 5,,,tt6468322
2021-12-05,TV (Non-English),2,The Queen of Flow,The Queen of Flow: Season 2,,,tt8560918
2021-12-05,TV (Non-English),3,Hellbound,Hellbound: Season 1,,,tt12235718
2021-12-05,TV (Non-English),4,Squid Game,Squid Game: Season 1,,,tt10919420
2021-12-05,TV (Non-English),5,Elves,Elves: Season 1,,,tt13231962
2021-12-05,TV (Non-English),6,The King's Affection,The King's Affection: Season 1,,,tt14609428
2021-12-05,TV (Non-English),7,The Queen of Flow,The Queen of Flow: Season 1,,,tt8560918
2021-12-05,TV (Non-English),8,JoJo's Bizarre Adventure,JoJo's Bizarre Adventure: STONE OCEAN,,,tt2359704
2021-12-05,TV (Non-English),9,Carinha de Anjo,Carinha de Anjo: Season 1,,,tt6267820
2021-12-05,TV (Non-English),10,Hometown Cha-Cha-Cha,Hometown Cha-Cha-Cha: Season 1,,,tt14518756
2021-11-28,Films (English),1,Red Notice,,,,tt7991608
2021-11-28,Films (English),2,Bruised,,,,tt8310474
2021-11-28,Films (English),3,A Boy Called Christmas,,,,tt10187208
2021-11-28,Films (English),4,A Castle For Christmas,,,,tt13070602
2021-11-28,Films (English),5,The Princess Switch 3: Romancing the Star,,,,tt14731142
2021-11-28,Films (English),6,The Croods,,,,tt0481499
2021-11-28,Films (English),7,Jack Reacher: Never Go Back,,,,tt3393786
2021-11-28,Films (English),8,Extinct,,,,tt8241000
2021-11-28,Films (English),9,Central Intelligence,,,,tt1489889
2021-11-28,Films (English),10,Love Hard,,,,tt10752004
2021-11-28,Films (Non-English),1,Spoiled Brats,,,,tt13079150
2021-11-28,Films (Non-English),2,Outlaws,,,,tt6301712
2021-11-28,Films (Non-English),3,Just Short of Perfect,,,,tt15863594
2021-11-28,Films (Non-English),4,Love Me Instead,,,,tt13161356
2021-11-28,Films (Non-English),5,Dhamaka,,,,tt13510660
2021-11-28,Films (Non-English),7,Prayers for the Stolen,,,,tt10366574
2021-11-28,Films (Non-English),8,Yara,,,,tt15655276
2021-11-28,Films (Non-English),9,The Claus Family,,,,tt12459520
2021-11-28,Films (Non-English),10,Sinkhole,,,,tt12664618
2021-11-28,TV (English),1,True Story,True Story: Limited Series,,,tt13655456
2021-11-28,TV (English),2,Cowboy Bebop,Cowboy Bebop: Season 1,,,tt0213338
2021-11-28,TV (English),3,Selling Sunset,Selling Sunset: Season 4,,,tt9817298
2021-11-28,TV (English),4,Arcane,Arcane: Season 1,,,tt11126994
2021-11-28,TV (English),5,Maid,Maid: Limited Series,,,tt11337908
2021-11-28,TV (English),6,Narcos: Mexico,Narcos: Mexico: Season 3,,,tt8714904
2021-11-28,TV (English),7,You,You: Season 3,,,tt7335184
2021-11-28,TV (English),8,Tiger King,Tiger King 2,,,tt11823076
2021-11-28,TV (English),9,CoComelon,CoComelon: Season 4,,,tt12427840
2021-11-28,TV (English),10,Dynasty,Dynasty: Season 4,,,tt6128300
2021-11-28,TV (Non-English),1,The Queen of Flow,The Queen of Flow: Season 2,,,tt8560918
2021-11-28,TV (Non-English),2,Hellbound,Hellbound: Season 1,,,tt12235718
2021-11-28,TV (Non-English),3,Squid Game,Squid Game: Season 1,,,tt10919420
2021-11-28,TV (Non-English),4,The King's Affection,The King's Affection: Season 1,,,tt14609428
2021-11-28,TV (Non-English),5,The Queen of Flow,The Queen of Flow: Season 1,,,tt8560918
2021-11-28,TV (Non-English),6,Hometown Cha-Cha-Cha,Hometown Cha-Cha-Cha: Season 1,,,tt14518756
2021-11-28,TV (Non-English),7,Carinha de Anjo,Carinha de Anjo: Season 1,,,tt6267820
2021-11-28,TV (Non-English),8,"Yo soy Betty, la fea","Yo soy Betty, la fea: Season 1",,,tt0233127
2021-11-28,TV (Non-English),9,EDENS ZERO,EDENS ZERO: Season 1,,,tt13167196
2021-11-28,TV (Non-English),10,Elves,Elves: Season 1,,,tt13231962
2021-11-21,Films (English),1,Red Notice,,,,tt7991608
2021-11-21,Films (English),2,The Princess Switch 3: Romancing the Star,,,,tt14731142
2021-11-21,Films (English),3,Love Hard,,,,tt10752004
2021-11-21,Films (English),4,Central Intelligence,,,,tt1489889
2021-11-21,Films (English),5,The Harder They Fall,,,,tt10696784
2021-11-21,Films (English),6,The Croods,,,,tt0481499
2021-11-21,Films (English),7,Army of Thieves,,,,tt13024674
2021-11-21,Films (English),8,Trolls,,,,tt1679335
2021-11-21,Films (English),9,6 Underground,,,,tt8106534
2021-11-21,Films (English),10,Goosebumps 2: Haunted Halloween,,,,tt5664636
2021-11-21,Films (Non-English),1,Just Short of Perfect,,,,tt15863594
2021-11-21,Films (Non-English),2,7 Prisoners,,,,tt14168118
2021-11-21,Films (Non-English),3,Yara,,,,tt15655276
2021-11-21,Films (Non-English),4,Prayers for the Stolen,,,,tt10366574
2021-11-21,Films (Non-English),5,Dhamaka,,,,tt13510660
2021-11-21,Films (Non-English),6,Love Me Instead,,,,tt13161356
2021-11-21,Films (Non-English),7,The Claus Family,,,,tt12459520
2021-11-21,Films (Non-English),9,The Forgotten Battle,,,,tt10521092
2021-11-21,Films (Non-English),10,Meenakshi Sundareshwar,,,,tt13529034
2021-11-21,TV (English),1,Arcane,Arcane: Season 1,,,tt11126994
2021-11-21,TV (English),2,Tiger King,Tiger King 2,,,tt11823076
2021-11-21,TV (English),3,Narcos: Mexico,Narcos: Mexico: Season 3,,,tt8714904
2021-11-21,TV (English),4,Maid,Maid: Limited Series,,,tt11337908
2021-11-21,TV (English),5,You,You: Season 3,,,tt7335184
2021-11-21,TV (English),6,Cowboy Bebop,Cowboy Bebop: Season 1,,,tt0213338
2021-11-21,TV (English),7,Dynasty,Dynasty: Season 4,,,tt6128300
2021-11-21,TV (English),8,Locke & Key,Locke & Key: Season 2,,,tt3007572
2021-11-21,TV (English),9,You,You: Season 2,,,tt7335184
2021-11-21,TV (English),10,Big Mouth,Big Mouth: Season 5,,,tt6524350
2021-11-21,TV (Non-English),1,Hellbound,Hellbound: Season 1,,,tt12235718
2021-11-21,TV (Non-English),2,The Queen of Flow,The Queen of Flow: Season 2,,,tt8560918
2021-11-21,TV (Non-English),3,Squid Game,Squid Game: Season 1,,,tt10919420
2021-11-21,TV (Non-English),4,The King's Affection,The King's Affection: Season 1,,,tt14609428
2021-11-21,TV (Non-English),5,Carinha de Anjo,Carinha de Anjo: Season 1,,,tt6267820
2021-11-21,TV (Non-English),6,Hometown Cha-Cha-Cha,Hometown Cha-Cha-Cha: Season 1,,,tt14518756
2021-11-21,TV (Non-English),7,Christmas Flow,Christmas Flow: Season 1,,,tt15340790
2021-11-21,TV (Non-English),8,The Queen of Flow,The Queen of Flow: Season 1,,,tt8560918
2021-11-21,TV (Non-English),9,Love Never Lies,Love Never Lies: Season 1,,,tt14540924
2021-11-21,TV (Non-English),10,"Yo soy Betty, la fea","Yo soy Betty, la fea: Season 1",,,tt0233127
2021-11-14,Films (English),1,Red Notice,,,,tt7991608
2021-11-14,Films (English),2,Love Hard,,,,tt10752004
2021-11-14,Films (English),3,The Harder They Fall,,,,tt10696784
2021-11-14,Films (English),4,Army of Thieves,,,,tt13024674
2021-11-14,Films (English),5,Father Christmas Is Back,,,,tt13103340
2021-11-14,Films (English),6,211,,,,tt4976192
2021-11-14,Films (English),7,Army of the Dead,,,,tt0993840
2021-11-14,Films (English),8,Passing,,,,tt8893974
2021-11-14,Films (English),9,Transformers: The Last Knight,,,,tt3371366
2021-11-14,Films (English),10,Jumanji: The Next Level,,,,tt7975244
2021-11-14,Films (Non-English),1,Yara,,,,tt15655276
2021-11-14,Films (Non-English),2,7 Prisoners,,,,tt14168118
2021-11-14,Films (Non-English),3,The Claus Family,,,,tt12459520
2021-11-14,Films (Non-English),4,Meenakshi Sundareshwar,,,,tt13529034
2021-11-14,Films (Non-English),5,The Forgotten Battle,,,,tt10521092
2021-11-14,Films (Non-English),6,Stuck Together,,,,tt13834006
2021-11-14,Films (Non-English),7,Lords of Scam,,,,tt15711402
2021-11-14,Films (Non-English),8,Fierce,,,,tt11692986
2021-11-14,Films (Non-English),9,Der Fall Collini,,,,tt8739752
2021-11-14,TV (English),1,Narcos: Mexico,Narcos: Mexico: Season 3,,,tt8714904
2021-11-14,TV (English),2,Arcane,Arcane: Season 1,,,tt11126994
2021-11-14,TV (English),3,You,You: Season 3,,,tt7335184
2021-11-14,TV (English),4,Maid,Maid: Limited Series,,,tt11337908
2021-11-14,TV (English),5,Big Mouth,Big Mouth: Season 5,,,tt6524350
2021-11-14,TV (English),6,Dynasty,Dynasty: Season 4,,,tt6128300
2021-11-14,TV (English),7,Locke & Key,Locke & Key: Season 2,,,tt3007572
2021-11-14,TV (English),8,Narcos: Mexico,Narcos: Mexico: Season 1,,,tt8714904
2021-11-14,TV (English),9,You,You: Season 2,,,tt7335184
2021-11-14,TV (English),10,You,You: Season 1,,,tt7335184
2021-11-14,TV (Non-English),1,Squid Game,Squid Game: Season 1,,,tt10919420
2021-11-14,TV (Non-English),2,The King's Affection,The King's Affection: Season 1,,,tt14609428
2021-11-14,TV (Non-English),3,Hometown Cha-Cha-Cha,Hometown Cha-Cha-Cha: Season 1,,,tt14518756
2021-11-14,TV (Non-English),4,Carinha de Anjo,Carinha de Anjo: Season 1,,,tt6267820
2021-11-14,TV (Non-English),5,My Name,My Name: Season 1,,,tt12940504
2021-11-14,TV (Non-English),6,Where is Marta?,Where is Marta?: Limited Series,,,tt15796898
2021-11-14,TV (Non-English),7,The Five Juanas,The Five Juanas: Season 1,,,tt15377930
2021-11-14,TV (Non-English),8,The Club,The Club: Season 1,,,tt13317582
2021-11-14,TV (Non-English),9,"Yo soy Betty, la fea","Yo soy Betty, la fea: Season 1",,,tt0233127
2021-11-14,TV (Non-English),10,Demon Slayer: Kimetsu no Yaiba,"Demon Slayer: Kimetsu no Yaiba: Tanjiro Kamado, Unwavering Resolve Arc",,,tt9335498
2021-11-07,Films (English),1,Army of Thieves,,,,tt13024674
2021-11-07,Films (English),2,The Harder They Fall,,,,tt10696784
2021-11-07,Films (English),3,Love Hard,,,,tt10752004
2021-11-07,Films (English),4,Army of the Dead,,,,tt0993840
2021-11-07,Films (English),5,Transformers: The Last Knight,,,,tt3371366
2021-11-07,Films (English),6,21 Jump Street,,,,tt1232829
2021-11-07,Films (English),7,Hypnotic,,,,tt12383460
2021-11-07,Films (English),8,The Girl in the Spider's Web,,,,tt5177088
2021-11-07,Films (English),9,Amina,,,,tt15847872
2021-11-07,Films (English),10,Just Go With It,,,,tt1564367
2021-11-07,Films (Non-English),1,Yara,,,,tt15655276
2021-11-07,Films (Non-English),2,The Claus Family,,,,tt12459520
2021-11-07,Films (Non-English),3,Stuck Together,,,,tt13834006
2021-11-07,Films (Non-English),4,The Forgotten Battle,,,,tt10521092
2021-11-07,Films (Non-English),5,Der Fall Collini,,,,tt8739752
2021-11-07,Films (Non-English),6,Meenakshi Sundareshwar,,,,tt13529034
2021-11-07,Films (Non-English),7,Nobody Sleeps in the Woods Tonight 2,,,,tt14315500
2021-11-07,Films (Non-English),8,Monk Comes Down the Mountain,,,,tt3594826
2021-11-07,Films (Non-English),9,The Trip,,,,tt13109952
2021-11-07,TV (English),1,You,You: Season 3,,,tt7335184
2021-11-07,TV (English),2,Maid,Maid: Limited Series,,,tt11337908
2021-11-07,TV (English),3,Locke & Key,Locke & Key: Season 2,,,tt3007572
2021-11-07,TV (English),4,Dynasty,Dynasty: Season 4,,,tt6128300
2021-11-07,TV (English),5,Narcos: Mexico,Narcos: Mexico: Season 3,,,tt8714904
2021-11-07,TV (English),6,You,You: Season 2,,,tt7335184
2021-11-07,TV (English),7,Maya and the Three,Maya and the Three: Limited Series,,,tt8787772
2021-11-07,TV (English),8,You,You: Season 1,,,tt7335184
2021-11-07,TV (English),9,Big Mouth,Big Mouth: Season 5,,,tt6524350
2021-11-07,TV (English),10,Locke & Key,Locke & Key: Season 1,,,tt3007572
2021-11-07,TV (Non-English),1,Squid Game,Squid Game: Season 1,,,tt10919420
2021-11-07,TV (Non-English),2,My Name,My Name: Season 1,,,tt12940504
2021-11-07,TV (Non-English),3,Hometown Cha-Cha-Cha,Hometown Cha-Cha-Cha: Season 1,,,tt14518756
2021-11-07,TV (Non-English),4,Carinha de Anjo,Carinha de Anjo: Season 1,,,tt6267820
2021-11-07,TV (Non-English),5,The Five Juanas,The Five Juanas: Season 1,,,tt15377930
2021-11-07,TV (Non-English),6,The King's Affection,The King's Affection: Season 1,,,tt14609428
2021-11-07,TV (Non-English),7,Sintonia,Sintonia: Season 2,,,tt8165086
2021-11-07,TV (Non-English),9,Demon Slayer: Kimetsu no Yaiba,"Demon Slayer: Kimetsu no Yaiba: Tanjiro Kamado, Unwavering Resolve Arc",,,tt9335498
2021-11-07,TV (Non-English),10,"Yo soy Betty, la fea","Yo soy Betty, la fea: Season 1",,,tt0233127
2021-10-31,Films (English),1,Army of Thieves,,,,tt13024674
2021-10-31,Films (English),2,Hypnotic,,,,tt12383460
2021-10-31,Films (English),3,Night Teeth,,,,tt10763820
2021-10-31,Films (English),4,Final Score,,,,tt5254610
2021-10-31,Films (English),5,King Arthur: Legend of the Sword,,,,tt1972591
2021-10-31,Films (English),7,Army of the Dead,,,,tt0993840
2021-10-31,Films (English),8,Bloodshot,,,,tt1634106
2021-10-31,Films (English),9,A Dog's Journey,,,,tt8385474
2021-10-31,Films (English),10,Venom,,,,tt1270797
2021-10-31,Films (Non-English),1,Stuck Together,,,,tt13834006
2021-10-31,Films (Non-English),2,The Forgotten Battle,,,,tt10521092
2021-10-31,Films (Non-English),3,Nobody Sleeps in the Woods Tonight 2,,,,tt14315500
2021-10-31,Films (Non-English),4,In for a Murder,,,,tt13377488
2021-10-31,Films (Non-English),5,The Trip,,,,tt13109952
2021-10-31,Films (Non-English),6,Nobody Sleeps in the Woods Tonight,,,,tt11240506
2021-10-31,Films (Non-English),7,Friendzone,,,,tt14700948
2021-10-31,Films (Non-English),8,The Four of Us,,,,tt15360916
2021-10-31,Films (Non-English),9,Budapest,,,,tt7027092
2021-10-31,Films (Non-English),10,Grudge,,,,tt13717980
2021-10-31,TV (English),1,You,You: Season 3,,,tt7335184
2021-10-31,TV (English),2,Maid,Maid: Limited Series,,,tt11337908
2021-10-31,TV (English),3,Locke & Key,Locke & Key: Season 2,,,tt3007572
2021-10-31,TV (English),4,Dynasty,Dynasty: Season 4,,,tt6128300
2021-10-31,TV (English),5,Maya and the Three,Maya and the Three: Limited Series,,,tt8787772
2021-10-31,TV (English),6,You,You: Season 1,,,tt7335184
2021-10-31,TV (English),7,You,You: Season 2,,,tt7335184
2021-10-31,TV (English),8,Locke & Key,Locke & Key: Season 1,,,tt3007572
2021-10-31,TV (English),9,Inside Job,Inside Job: Part 1,,,tt10231312
2021-10-31,TV (English),10,CoComelon,CoComelon: Season 4,,,tt12427840
2021-10-31,TV (Non-English),1,Squid Game,Squid Game: Season 1,,,tt10919420
2021-10-31,TV (Non-English),2,My Name,My Name: Season 1,,,tt12940504
2021-10-31,TV (Non-English),3,Sintonia,Sintonia: Season 2,,,tt8165086
2021-10-31,TV (Non-English),4,The Five Juanas,The Five Juanas: Season 1,,,tt15377930
2021-10-31,TV (Non-English),5,Hometown Cha-Cha-Cha,Hometown Cha-Cha-Cha: Season 1,,,tt14518756
2021-10-31,TV (Non-English),6,Carinha de Anjo,Carinha de Anjo: Season 1,,,tt6267820
2021-10-31,TV (Non-English),8,The King's Affection,The King's Affection: Season 1,,,tt14609428
2021-10-31,TV (Non-English),9,Love Is Blind: Brazil,Love Is Blind: Brazil: Season 1,,,tt15018224
2021-10-31,TV (Non-English),10,The Chestnut Man,The Chestnut Man: Season 1,,,tt10834220
2021-10-24,Films (English),1,Night Teeth,,,,tt10763820
2021-10-24,Films (English),2,Venom,,,,tt1270797
2021-10-24,Films (English),3,What Happens in Vegas,,,,tt1033643
2021-10-24,Films (English),4,A Dog's Journey,,,,tt8385474
2021-10-24,Films (English),5,My Little Pony: A New Generation,,,,tt10101702
2021-10-24,Films (English),6,Unfaithful,,,,tt0250797
2021-10-24,Films (English),7,Going in Style,,,,tt2568862
2021-10-24,Films (English),8,The Guilty,,,,tt9421570
2021-10-24,Films (English),9,Street Kings,,,,tt0421073
2021-10-24,Films (English),10,Hotel Transylvania 3: Summer Vacation,,,,tt5220122
2021-10-24,Films (Non-English),1,The Forgotten Battle,,,,tt10521092
2021-10-24,Films (Non-English),2,The Trip,,,,tt13109952
2021-10-24,Films (Non-English),3,Stuck Together,,,,tt13834006
2021-10-24,Films (Non-English),4,In for a Murder,,,,tt13377488
2021-10-24,Films (Non-English),5,The Four of Us,,,,tt15360916
2021-10-24,Films (Non-English),6,"My Brother, My Sister",,,,tt13003996
2021-10-24,Films (Non-English),7,Grudge,,,,tt13717980
2021-10-24,Films (Non-English),8,Friendzone,,,,tt14700948
2021-10-24,Films (Non-English),9,Confessions of an Invisible Girl,,,,tt15204288
2021-10-24,Films (Non-English),10,Beauty and the Beast,,,,tt0101414
2021-10-24,TV (English),1,You,You: Season 3,,,tt7335184
2021-10-24,TV (English),2,Maid,Maid: Limited Series,,,tt11337908
2021-10-24,TV (English),3,You,You: Season 1,,,tt7335184
2021-10-24,TV (English),4,Locke & Key,Locke & Key: Season 2,,,tt3007572
2021-10-24,TV (English),5,You,You: Season 2,,,tt7335184
2021-10-24,TV (English),6,Dynasty,Dynasty: Season 4,,,tt6128300
2021-10-24,TV (English),7,Sex Education,Sex Education: Season 3,,,tt7767422
2021-10-24,TV (English),8,CoComelon,CoComelon: Season 4,,,tt12427840
2021-10-24,TV (English),9,Another Life,Another Life: Season 2,,,tt8369840
2021-10-24,TV (English),10,Locke & Key,Locke & Key: Season 1,,,tt3007572
2021-10-24,TV (Non-English),1,Squid Game,Squid Game: Season 1,,,tt10919420
2021-10-24,TV (Non-English),2,My Name,My Name: Season 1,,,tt12940504
2021-10-24,TV (Non-English),3,The Five Juanas,The Five Juanas: Season 1,,,tt15377930
2021-10-24,TV (Non-English),4,Hometown Cha-Cha-Cha,Hometown Cha-Cha-Cha: Season 1,,,tt14518756
2021-10-24,TV (Non-English),5,Love Is Blind: Brazil,Love Is Blind: Brazil: Season 1,,,tt15018224
2021-10-24,TV (Non-English),6,Carinha de Anjo,Carinha de Anjo: Season 1,,,tt6267820
2021-10-24,TV (Non-English),7,The Chestnut Man,The Chestnut Man: Season 1,,,tt10834220
2021-10-24,TV (Non-English),8,Alice in Borderland,Alice in Borderland: Season 1,,,tt10795658
2021-10-24,TV (Non-English),9,"Yo soy Betty, la fea","Yo soy Betty, la fea: Season 1",,,tt0233127
2021-10-24,TV (Non-English),10,The King's Affection,The King's Affection: Season 1,,,tt14609428
2021-10-17,Films (English),1,Venom,,,,tt1270797
2021-10-17,Films (English),2,The Guilty,,,,tt9421570
2021-10-17,Films (English),3,Security,,,,tt3501112
2021-10-17,Films (English),4,My Little Pony: A New Generation,,,,tt10101702
2021-10-17,Films (English),5,There's Someone Inside Your House,,,,tt8150814
2021-10-17,Films (English),6,Pokémon the Movie: Secrets of the Jungle,,,,tt11819890
2021-10-17,Films (English),7,Redemption,,,,tt1893256
2021-10-17,Films (English),8,Titanic,,,,tt0120338
2021-10-17,Films (English),9,Going in Style,,,,tt2568862
2021-10-17,Films (English),10,Knight and Day,,,,tt1013743
2021-10-17,Films (Non-English),1,The Forgotten Battle,,,,tt10521092
2021-10-17,Films (Non-English),2,"My Brother, My Sister",,,,tt13003996
2021-10-17,Films (Non-English),3,Grudge,,,,tt13717980
2021-10-17,Films (Non-English),4,Fever Dream,,,,tt9471660
2021-10-17,Films (Non-English),5,The Trip,,,,tt13109952
2021-10-17,Films (Non-English),6,Friendzone,,,,tt14700948
2021-10-17,Films (Non-English),7,Confessions of an Invisible Girl,,,,tt15204288
2021-10-17,Films (Non-English),8,Anything for a Pop Star,,,,tt8696442
2021-10-17,Films (Non-English),10,Beauty and the Beast,,,,tt0101414
2021-10-17,TV (English),1,You,You: Season 3,,,tt7335184
2021-10-17,TV (English),2,Maid,Maid: Limited Series,,,tt11337908
2021-10-17,TV (English),3,Sex Education,Sex Education: Season 3,,,tt7767422
2021-10-17,TV (English),5,You,You: Season 1,,,tt7335184
2021-10-17,TV (English),6,Midnight Mass,Midnight Mass: Limited Series,,,tt10574558
2021-10-17,TV (English),7,A Tale Dark & Grimm,A Tale Dark & Grimm: Limited Series,,,tt2386826
2021-10-17,TV (English),8,On My Block,On My Block: Season 4,,,tt7879820
2021-10-17,TV (English),9,The Baby-Sitters Club,The Baby-Sitters Club: Season 2,,,tt8690518
2021-10-17,TV (English),10,Grey's Anatomy,Grey's Anatomy: Season 17,,,tt0413573
2021-10-17,TV (Non-English),1,Squid Game,Squid Game: Season 1,,,tt10919420
2021-10-17,TV (Non-English),2,The Five Juanas,The Five Juanas: Season 1,,,tt15377930
2021-10-17,TV (Non-English),3,My Name,My Name: Season 1,,,tt12940504
2021-10-17,TV (Non-English),4,Hometown Cha-Cha-Cha,Hometown Cha-Cha-Cha: Season 1,,,tt14518756
2021-10-17,TV (Non-English),5,The Chestnut Man,The Chestnut Man: Season 1,,,tt10834220
2021-10-17,TV (Non-English),6,Alice in Borderland,Alice in Borderland: Season 1,,,tt10795658
2021-10-17,TV (Non-English),7,Love Is Blind: Brazil,Love Is Blind: Brazil: Season 1,,,tt15018224
2021-10-17,TV (Non-English),8,Carinha de Anjo,Carinha de Anjo: Season 1,,,tt6267820
2021-10-17,TV (Non-English),9,"Nevertheless,","Nevertheless,: Season 1",,,tt14518284
2021-10-17,TV (Non-English),10,House of Secrets: The Burari Deaths,House of Secrets: The Burari Deaths: Limited Series,,,tt14167390
2021-10-10,Films (English),1,The Guilty,,,,tt9421570
2021-10-10,Films (English),2,There's Someone Inside Your House,,,,tt8150814
2021-10-10,Films (English),3,Venom,,,,tt1270797
2021-10-10,Films (English),4,My Little Pony: A New Generation,,,,tt10101702
2021-10-10,Films (English),5,Titanic,,,,tt0120338
2021-10-10,Films (English),6,Ride Along 2,,,,tt2869728
2021-10-10,Films (English),7,Heat,,,,tt0113277
2021-10-10,Films (English),8,Pokémon the Movie: Secrets of the Jungle,,,,tt11819890
2021-10-10,Films (English),9,Mr. & Mrs. Smith,,,,tt0356910
2021-10-10,Films (English),10,Security,,,,tt3501112
2021-10-10,Films (Non-English),1,Friendzone,,,,tt14700948
2021-10-10,Films (Non-English),2,The Seven Deadly Sins: Cursed by Light,,,,tt13884144
2021-10-10,Films (Non-English),3,Sounds Like Love,,,,tt11698662
2021-10-10,Films (Non-English),4,Confessions of an Invisible Girl,,,,tt15204288
2021-10-10,Films (Non-English),5,Forever Rich,,,,tt12748300
2021-10-10,Films (Non-English),7,Grudge,,,,tt13717980
2021-10-10,Films (Non-English),8,Luccas Neto em: O Mapa do Tesouro 2,,,,tt15268100
2021-10-10,Films (Non-English),9,Beauty and the Beast,,,,tt0101414
2021-10-10,Films (Non-English),10,"My Brother, My Sister",,,,tt13003996
2021-10-10,TV (English),1,Maid,Maid: Limited Series,,,tt11337908
2021-10-10,TV (English),2,On My Block,On My Block: Season 4,,,tt7879820
2021-10-10,TV (English),3,Sex Education,Sex Education: Season 3,,,tt7767422
2021-10-10,TV (English),4,Grey's Anatomy,Grey's Anatomy: Season 17,,,tt0413573
2021-10-10,TV (English),5,Midnight Mass,Midnight Mass: Limited Series,,,tt10574558
2021-10-10,TV (English),6,PAW Patrol,PAW Patrol: Season 6,,,tt3121722
2021-10-10,TV (English),7,Lucifer,Lucifer: Season 6,,,tt4052886
2021-10-10,TV (English),9,Sex Education,Sex Education: Season 2,,,tt7767422
2021-10-10,TV (English),10,Scaredy Cats,Scaredy Cats: Season 1,,,tt15387774
2021-10-10,TV (Non-English),1,Squid Game,Squid Game: Season 1,,,tt10919420
2021-10-10,TV (Non-English),2,The Five Juanas,The Five Juanas: Season 1,,,tt15377930
2021-10-10,TV (Non-English),3,Hometown Cha-Cha-Cha,Hometown Cha-Cha-Cha: Season 1,,,tt14518756
2021-10-10,TV (Non-English),4,The Chestnut Man,The Chestnut Man: Season 1,,,tt10834220
2021-10-10,TV (Non-English),5,Alice in Borderland,Alice in Borderland: Season 1,,,tt10795658
2021-10-10,TV (Non-English),6,Baki Hanma,Baki Hanma: Season 1,,,tt13357140
2021-10-10,TV (Non-English),7,Ganglands,Ganglands: Season 1,,,tt13278100
2021-10-10,TV (Non-English),8,Carinha de Anjo,Carinha de Anjo: Season 1,,,tt6267820
2021-10-10,TV (Non-English),9,Money Heist,Money Heist: Part 5,,,tt6468322
2021-10-10,TV (Non-English),10,"Nevertheless,","Nevertheless,: Season 1",,,tt14518284
2021-10-03,Films (English),1,The Guilty,,,,tt9421570
2021-10-03,Films (English),2,My Little Pony: A New Generation,,,,tt10101702
2021-10-03,Films (English),3,The Starling,,,,tt5164438
2021-10-03,Films (English),4,No One Gets Out Alive,,,,tt13056008
2021-10-03,Films (English),5,Britney Vs Spears,,,,tt15469820
2021-10-03,Films (English),6,Intrusion,,,,tt5563324
2021-10-03,Films (English),7,Grown Ups,,,,tt1375670
2021-10-03,Films (English),8,Kate,,,,tt7737528
2021-10-03,Films (English),9,Man on Fire,,,,tt0328107
2021-10-03,Films (English),10,Vivo,,,,tt6338498
2021-10-03,Films (Non-English),1,Friendzone,,,,tt14700948
2021-10-03,Films (Non-English),2,Sounds Like Love,,,,tt11698662
2021-10-03,Films (Non-English),3,Confessions of an Invisible Girl,,,,tt15204288
2021-10-03,Films (Non-English),4,The Seven Deadly Sins: Cursed by Light,,,,tt13884144
2021-10-03,Films (Non-English),6,The Father Who Moves Mountains,,,,tt8886670
2021-10-03,Films (Non-English),7,Beauty and the Beast,,,,tt0101414
2021-10-03,Films (Non-English),8,Je Suis Karl,,,,tt9205538
2021-10-03,Films (Non-English),9,The Stronghold,,,,tt10404944
2021-10-03,TV (English),1,Sex Education,Sex Education: Season 3,,,tt7767422
2021-10-03,TV (English),2,Maid,Maid: Limited Series,,,tt11337908
2021-10-03,TV (English),3,Midnight Mass,Midnight Mass: Limited Series,,,tt10574558
2021-10-03,TV (English),4,Lucifer,Lucifer: Season 6,,,tt4052886
2021-10-03,TV (English),5,Grey's Anatomy,Grey's Anatomy: Season 17,,,tt0413573
2021-10-03,TV (English),6,Sex Education,Sex Education: Season 1,,,tt7767422
2021-10-03,TV (English),7,Sex Education,Sex Education: Season 2,,,tt7767422
2021-10-03,TV (English),8,Blood & Water,Blood & Water: Season 2,,,tt9839146
2021-10-03,TV (English),9,Clickbait,Clickbait: Limited Series,,,tt10888878
2021-10-03,TV (English),10,CoComelon,CoComelon: Season 3,,,tt12427840
2021-10-03,TV (Non-English),1,Squid Game,Squid Game: Season 1,,,tt10919420
2021-10-03,TV (Non-English),2,The Chestnut Man,The Chestnut Man: Season 1,,,tt10834220
2021-10-03,TV (Non-English),3,Hometown Cha-Cha-Cha,Hometown Cha-Cha-Cha: Season 1,,,tt14518756
2021-10-03,TV (Non-English),4,Ganglands,Ganglands: Season 1,,,tt13278100
2021-10-03,TV (Non-English),5,Alice in Borderland,Alice in Borderland: Season 1,,,tt10795658
2021-10-03,TV (Non-English),6,Baki Hanma,Baki Hanma: Season 1,,,tt13357140
2021-10-03,TV (Non-English),7,Money Heist,Money Heist: Part 5,,,tt6468322
2021-10-03,TV (Non-English),8,The Seven Deadly Sins,The Seven Deadly Sins: Dragon's Judgement,,,tt3909224
2021-10-03,TV (Non-English),9,Love 101,Love 101: Season 2,,,tt10516352
2021-10-03,TV (Non-English),10,Money Heist,Money Heist: Part 1,,,tt6468322
2021-09-26,Films (English),1,Intrusion,,,,tt5563324
2021-09-26,Films (English),2,The Starling,,,,tt5164438
2021-09-26,Films (English),3,My Little Pony: A New Generation,,,,tt10101702
2021-09-26,Films (English),4,Man on Fire,,,,tt0328107
2021-09-26,Films (English),5,Kate,,,,tt7737528
2021-09-26,Films (English),6,Grown Ups,,,,tt1375670
2021-09-26,Films (English),7,Schumacher,,,,tt10322274
2021-09-26,Films (English),8,Safe House,,,,tt1599348
2021-09-26,Films (English),9,Nightbooks,,,,tt10521144
2021-09-26,Films (English),10,The Marksman,,,,tt6902332
2021-09-26,Films (Non-English),1,The Father Who Moves Mountains,,,,tt8886670
2021-09-26,Films (Non-English),2,The Stronghold,,,,tt10404944
2021-09-26,Films (Non-English),3,Confessions of an Invisible Girl,,,,tt15204288
2021-09-26,Films (Non-English),4,Prey,,,,tt15198608
2021-09-26,Films (Non-English),6,Ankahi Kahaniya,,,,tt15250998
2021-09-26,Films (Non-English),7,Blood Red Sky,,,,tt6402468
2021-09-26,Films (Non-English),9,Xtreme,,,,tt11658120
2021-09-26,TV (English),1,Sex Education,Sex Education: Season 3,,,tt7767422
2021-09-26,TV (English),2,Lucifer,Lucifer: Season 6,,,tt4052886
2021-09-26,TV (English),3,Midnight Mass,Midnight Mass: Limited Series,,,tt10574558
2021-09-26,TV (English),4,Sex Education,Sex Education: Season 1,,,tt7767422
2021-09-26,TV (English),5,Clickbait,Clickbait: Limited Series,,,tt10888878
2021-09-26,TV (English),6,Sex Education,Sex Education: Season 2,,,tt7767422
2021-09-26,TV (English),7,The Circle,The Circle: Season 3,,,tt9581768
2021-09-26,TV (English),8,Monsters Inside: The 24 Faces of Billy Milligan,Monsters Inside: The 24 Faces of Billy Milligan: Limited Series,,,tt15287836
2021-09-26,TV (English),9,Good Girls,Good Girls: Season 4,,,tt6474378
2021-09-26,TV (English),10,Lucifer,Lucifer: Season 5,,,tt4052886
2021-09-26,TV (Non-English),1,Squid Game,Squid Game: Season 1,,,tt10919420
2021-09-26,TV (Non-English),2,Hometown Cha-Cha-Cha,Hometown Cha-Cha-Cha: Season 1,,,tt14518756
2021-09-26,TV (Non-English),3,Money Heist,Money Heist: Part 5,,,tt6468322
2021-09-26,TV (Non-English),4,Ganglands,Ganglands: Season 1,,,tt13278100
2021-09-26,TV (Non-English),5,The Seven Deadly Sins,The Seven Deadly Sins: Dragon's Judgement,,,tt3909224
2021-09-26,TV (Non-English),6,Money Heist,Money Heist: Part 1,,,tt6468322
2021-09-26,TV (Non-English),7,Jaguar,Jaguar: Season 1,,,tt11698590
2021-09-26,TV (Non-English),8,Alice in Borderland,Alice in Borderland: Season 1,,,tt10795658
2021-09-26,TV (Non-English),9,Money Heist,Money Heist: Part 4,,,tt6468322
2021-09-19,Films (English),1,Kate,,,,tt7737528
2021-09-19,Films (English),2,Schumacher,,,,tt10322274
2021-09-19,Films (English),3,Man on Fire,,,,tt0328107
2021-09-19,Films (English),4,The Marksman,,,,tt6902332
2021-09-19,Films (English),5,Nightbooks,,,,tt10521144
2021-09-19,Films (English),6,The Equalizer 2,,,,tt3766354
2021-09-19,Films (English),8,Safe House,,,,tt1599348
2021-09-19,Films (English),9,Afterlife of the Party,,,,tt11742798
2021-09-19,Films (English),10,First Kill,,,,tt5884234
2021-09-19,Films (Non-English),1,The Father Who Moves Mountains,,,,tt8886670
2021-09-19,Films (Non-English),2,Prey,,,,tt15198608
2021-09-19,Films (Non-English),3,The Stronghold,,,,tt10404944
2021-09-19,Films (Non-English),4,JJ+E,,,,tt12299824
2021-09-19,Films (Non-English),5,O Candidato Honesto 2,,,,tt8837044
2021-09-19,Films (Non-English),7,Love of My Loves,,,,tt3344928
2021-09-19,Films (Non-English),8,Kung Fu Hustle,,,,tt0373074
2021-09-19,Films (Non-English),9,The Women and the Murderer,,,,tt15216504
2021-09-19,Films (Non-English),10,Amores perros,,,,tt0245712
2021-09-19,TV (English),1,Sex Education,Sex Education: Season 3,,,tt7767422
2021-09-19,TV (English),2,Lucifer,Lucifer: Season 6,,,tt4052886
2021-09-19,TV (English),3,Clickbait,Clickbait: Limited Series,,,tt10888878
2021-09-19,TV (English),4,Good Girls,Good Girls: Season 4,,,tt6474378
2021-09-19,TV (English),5,Turning Point: 9/11 and the War on Terror,Turning Point: 9/11 and the War on Terror: Limited Series,,,tt15260794
2021-09-19,TV (English),6,Lucifer,Lucifer: Season 5,,,tt4052886
2021-09-19,TV (English),7,Sex Education,Sex Education: Season 1,,,tt7767422
2021-09-19,TV (English),8,The Circle,The Circle: Season 3,,,tt9581768
2021-09-19,TV (English),9,Sharkdog,Sharkdog: Season 1,,,tt12211696
2021-09-19,TV (English),10,Lucifer,Lucifer: Season 1,,,tt4052886
2021-09-19,TV (Non-English),1,Squid Game,Squid Game: Season 1,,,tt10919420
2021-09-19,TV (Non-English),2,Money Heist,Money Heist: Part 5,,,tt6468322
2021-09-19,TV (Non-English),3,Money Heist,Money Heist: Part 1,,,tt6468322
2021-09-19,TV (Non-English),4,Hometown Cha-Cha-Cha,Hometown Cha-Cha-Cha: Season 1,,,tt14518756
2021-09-19,TV (Non-English),5,Hospital Playlist,Hospital Playlist: Season 2,,,tt11769304
2021-09-19,TV (Non-English),6,Money Heist,Money Heist: Part 4,,,tt6468322
2021-09-19,TV (Non-English),7,Money Heist,Money Heist: Part 2,,,tt6468322
2021-09-19,TV (Non-English),8,Money Heist,Money Heist: Part 3,,,tt6468322
2021-09-19,TV (Non-English),10,Carrossel,,,,tt2215338
2021-09-12,Films (English),1,Kate,,,,tt7737528
2021-09-12,Films (English),2,Afterlife of the Party,,,,tt11742798
2021-09-12,Films (English),3,Worth,,,,tt8009744
2021-09-12,Films (English),4,He's All That,,,,tt4590256
2021-09-12,Films (English),5,SAS: Rise of the Black Swan,,,,tt4479380
2021-09-12,Films (English),6,In Time,,,,tt1637688
2021-09-12,Films (English),7,Noah,,,,tt1959490
2021-09-12,Films (English),8,Vivo,,,,tt6338498
2021-09-12,Films (English),9,Sweet Girl,,,,tt10731768
2021-09-12,Films (English),10,Monte Carlo,,,,tt1067774
2021-09-12,Films (Non-English),1,Prey,,,,tt15198608
2021-09-12,Films (Non-English),2,JJ+E,,,,tt12299824
2021-09-12,Films (Non-English),3,Kung Fu Hustle,,,,tt0373074
2021-09-12,Films (Non-English),4,Invasion,,,,tt0064490
2021-09-12,Films (Non-English),5,The Women and the Murderer,,,,tt15216504
2021-09-12,Films (Non-English),6,Blood Red Sky,,,,tt6402468
2021-09-12,Films (Non-English),7,Love of My Loves,,,,tt3344928
2021-09-12,Films (Non-English),8,The Secret Diary of an Exchange Student,,,,tt11594766
2021-09-12,Films (Non-English),9,Out of my league,,,,tt11154906
2021-09-12,Films (Non-English),10,Lassie Come Home,,,,tt0036098
2021-09-12,TV (English),1,Lucifer,Lucifer: Season 6,,,tt4052886
2021-09-12,TV (English),2,Clickbait,Clickbait: Limited Series,,,tt10888878
2021-09-12,TV (English),3,Turning Point: 9/11 and the War on Terror,Turning Point: 9/11 and the War on Terror: Limited Series,,,tt15260794
2021-09-12,TV (English),4,Good Girls,Good Girls: Season 4,,,tt6474378
2021-09-12,TV (English),5,Sharkdog,Sharkdog: Season 1,,,tt12211696
2021-09-12,TV (English),6,The 100,The 100: Season 7,,,tt2661044
2021-09-12,TV (English),7,Lucifer,Lucifer: Season 5,,,tt4052886
2021-09-12,TV (English),8,Octonauts: Above & Beyond,Octonauts: Above & Beyond: Season 1,,,tt15211330
2021-09-12,TV (English),9,Dive Club,Dive Club: Season 1,,,tt13275052
2021-09-12,TV (English),10,Manifest,Manifest: Season 3,,,tt8421350
2021-09-12,TV (Non-English),1,Money Heist,Money Heist: Part 5,,,tt6468322
2021-09-12,TV (Non-English),2,Money Heist,Money Heist: Part 1,,,tt6468322
2021-09-12,TV (Non-English),3,Money Heist,Money Heist: Part 2,,,tt6468322
2021-09-12,TV (Non-English),4,Money Heist,Money Heist: Part 4,,,tt6468322
2021-09-12,TV (Non-English),5,Hometown Cha-Cha-Cha,Hometown Cha-Cha-Cha: Season 1,,,tt14518756
2021-09-12,TV (Non-English),6,Money Heist,Money Heist: Part 3,,,tt6468322
2021-09-12,TV (Non-English),7,Hospital Playlist,Hospital Playlist: Season 2,,,tt11769304
2021-09-12,TV (Non-English),8,Into the Night,Into the Night: Season 2,,,tt10919486
2021-09-12,TV (Non-English),10,Hotel Del Luna,Hotel Del Luna: Season 1,,,tt10220588
2021-09-05,Films (English),1,He's All That,,,,tt4590256
2021-09-05,Films (English),2,SAS: Rise of the Black Swan,,,,tt4479380
2021-09-05,Films (English),3,Afterlife of the Party,,,,tt11742798
2021-09-05,Films (English),4,Sweet Girl,,,,tt10731768
2021-09-05,Films (English),5,Vivo,,,,tt6338498
2021-09-05,Films (English),6,The Loud House Movie,,,,tt6714432
2021-09-05,Films (English),7,Worth,,,,tt8009744
2021-09-05,Films (English),8,The Secret Life of Pets,,,,tt2709768
2021-09-05,Films (English),9,Welcome Home Roscoe Jenkins,,,,tt0494652
2021-09-05,Films (English),10,Green Lantern,,,,tt1133985
2021-09-05,Films (Non-English),1,Invasion,,,,tt0064490
2021-09-05,Films (Non-English),2,Out of my league,,,,tt11154906
2021-09-05,Films (Non-English),3,The Secret Diary of an Exchange Student,,,,tt11594766
2021-09-05,Films (Non-English),4,Blood Red Sky,,,,tt6402468
2021-09-05,Films (Non-English),5,Flu,,,,tt2351310
2021-09-05,Films (Non-English),6,Black Island,,,,tt0309368
2021-09-05,Films (Non-English),9,I Don't Know Whether to Slit My Wrists or Leave Them Long,,,,tt2539482
2021-09-05,TV (English),1,Clickbait,Clickbait: Limited Series,,,tt10888878
2021-09-05,TV (English),2,Good Girls,Good Girls: Season 4,,,tt6474378
2021-09-05,TV (English),3,Turning Point: 9/11 and the War on Terror,Turning Point: 9/11 and the War on Terror: Limited Series,,,tt15260794
2021-09-05,TV (English),4,Manifest,Manifest: Season 3,,,tt8421350
2021-09-05,TV (English),5,The 100,The 100: Season 7,,,tt2661044
2021-09-05,TV (English),6,Outer Banks,Outer Banks: Season 2,,,tt10293938
2021-09-05,TV (English),7,CoComelon,CoComelon: Season 3,,,tt12427840
2021-09-05,TV (English),8,Manifest,Manifest: Season 1,,,tt8421350
2021-09-05,TV (English),9,Good Girls,Good Girls: Season 1,,,tt6474378
2021-09-05,TV (English),10,CoComelon,CoComelon: Season 1,,,tt12427840
2021-09-05,TV (Non-English),1,Money Heist,Money Heist: Part 5,,,tt6468322
2021-09-05,TV (Non-English),2,Money Heist,Money Heist: Part 1,,,tt6468322
2021-09-05,TV (Non-English),3,D.P.,D.P.: Season 1,,,tt13024974
2021-09-05,TV (Non-English),4,Money Heist,Money Heist: Part 4,,,tt6468322
2021-09-05,TV (Non-English),5,The Snitch Cartel: Origins,The Snitch Cartel: Origins: Season 1,,,tt14417802
2021-09-05,TV (Non-English),7,Hometown Cha-Cha-Cha,Hometown Cha-Cha-Cha: Season 1,,,tt14518756
2021-09-05,TV (Non-English),8,Carrossel,,,,tt2215338
2021-09-05,TV (Non-English),9,"Yo soy Betty, la fea","Yo soy Betty, la fea: Season 1",,,tt0233127
2021-09-05,TV (Non-English),10,Money Heist,Money Heist: Part 3,,,tt6468322
2021-08-29,Films (English),1,Sweet Girl,,,,tt10731768
2021-08-29,Films (English),2,He's All That,,,,tt4590256
2021-08-29,Films (English),3,SAS: Rise of the Black Swan,,,,tt4479380
2021-08-29,Films (English),4,The Loud House Movie,,,,tt6714432
2021-08-29,Films (English),5,The Old Ways,,,,tt12829958
2021-08-29,Films (English),6,Vivo,,,,tt6338498
2021-08-29,Films (English),7,The Witcher: Nightmare of the Wolf,,,,tt11657662
2021-08-29,Films (English),8,The Secret Life of Pets,,,,tt2709768
2021-08-29,Films (English),9,The Kissing Booth 3,,,,tt12783454
2021-08-29,Films (English),10,Tomb Raider,,,,tt1365519
2021-08-29,Films (Non-English),1,Black Island,,,,tt0309368
2021-08-29,Films (Non-English),2,Out of my league,,,,tt11154906
2021-08-29,Films (Non-English),3,The Secret Diary of an Exchange Student,,,,tt11594766
2021-08-29,Films (Non-English),4,Blood Red Sky,,,,tt6402468
2021-08-29,Films (Non-English),6,The Last Mercenary,,,,tt12808182
2021-08-29,Films (Non-English),7,El infierno,,,,tt1692190
2021-08-29,Films (Non-English),8,Mimi,,,,tt10895576
2021-08-29,Films (Non-English),9,Bartkowiak,,,,tt14315566
2021-08-29,Films (Non-English),10,Shiny_Flakes: The Teenage Drug Lord,,,,tt15036416
2021-08-29,TV (English),1,Clickbait,Clickbait: Limited Series,,,tt10888878
2021-08-29,TV (English),2,Outer Banks,Outer Banks: Season 2,,,tt10293938
2021-08-29,TV (English),3,Manifest,Manifest: Season 3,,,tt8421350
2021-08-29,TV (English),4,The Chair,The Chair: Season 1,,,tt11834150
2021-08-29,TV (English),5,Outer Banks,Outer Banks: Season 1,,,tt10293938
2021-08-29,TV (English),6,Manifest,Manifest: Season 1,,,tt8421350
2021-08-29,TV (English),7,For Life,For Life: Season 1,,,tt10327830
2021-08-29,TV (English),8,CoComelon,CoComelon: Season 3,,,tt12427840
2021-08-29,TV (English),9,All American,All American: Season 3,,,tt7414406
2021-08-29,TV (English),10,Hit & Run,Hit & Run: Season 1,,,tt9073940
2021-08-29,TV (Non-English),1,The Snitch Cartel: Origins,The Snitch Cartel: Origins: Season 1,,,tt14417802
2021-08-29,TV (Non-English),3,AlRawabi School for Girls,AlRawabi School for Girls: Season 1,,,tt10183912
2021-08-29,TV (Non-English),4,Hospital Playlist,Hospital Playlist: Season 2,,,tt11769304
2021-08-29,TV (Non-English),5,Carrossel,,,,tt2215338
2021-08-29,TV (Non-English),6,Valeria,Valeria: Season 2,,,tt9731288
2021-08-29,TV (Non-English),7,D.P.,D.P.: Season 1,,,tt13024974
2021-08-29,TV (Non-English),8,Open Your Eyes,Open Your Eyes: Season 1,,,tt13495314
2021-08-29,TV (Non-English),9,The Cook of Castamar,The Cook of Castamar: Season 1,,,tt12626014
2021-08-29,TV (Non-English),10,"Yo soy Betty, la fea","Yo soy Betty, la fea: Season 1",,,tt0233127
2021-08-22,Films (English),1,Sweet Girl,,,,tt10731768
2021-08-22,Films (English),2,The Kissing Booth 3,,,,tt12783454
2021-08-22,Films (English),3,Beckett,,,,tt10230994
2021-08-22,Films (English),4,Vivo,,,,tt6338498
2021-08-22,Films (English),5,The Loud House Movie,,,,tt6714432
2021-08-22,Films (English),6,The Secret Life of Pets,,,,tt2709768
2021-08-22,Films (English),7,Hotel Transylvania 3: Summer Vacation,,,,tt5220122
2021-08-22,Films (English),8,The Girl Next Door,,,,tt0265208
2021-08-22,Films (English),9,Alvin and the Chipmunks: Chipwrecked,,,,tt1615918
2021-08-22,Films (English),10,Resort to Love,,,,tt12929990
2021-08-22,Films (Non-English),1,Black Island,,,,tt0309368
2021-08-22,Films (Non-English),2,The Secret Diary of an Exchange Student,,,,tt11594766
2021-08-22,Films (Non-English),3,Out of my league,,,,tt11154906
2021-08-22,Films (Non-English),4,Blood Red Sky,,,,tt6402468
2021-08-22,Films (Non-English),6,The Last Mercenary,,,,tt12808182
2021-08-22,Films (Non-English),7,Sputnik,,,,tt11905962
2021-08-22,Films (Non-English),8,El infierno,,,,tt1692190
2021-08-22,Films (Non-English),9,Mimi,,,,tt10895576
2021-08-22,Films (Non-English),10,Shiny_Flakes: The Teenage Drug Lord,,,,tt15036416
2021-08-22,TV (English),1,Outer Banks,Outer Banks: Season 2,,,tt10293938
2021-08-22,TV (English),2,Hit & Run,Hit & Run: Season 1,,,tt9073940
2021-08-22,TV (English),3,Outer Banks,Outer Banks: Season 1,,,tt10293938
2021-08-22,TV (English),4,All American,All American: Season 3,,,tt7414406
2021-08-22,TV (English),5,For Life,For Life: Season 1,,,tt10327830
2021-08-22,TV (English),6,Bake Squad,Bake Squad: Season 1,,,tt15078760
2021-08-22,TV (English),7,Gabby's Dollhouse,Gabby's Dollhouse: Season 2,,,tt9165438
2021-08-22,TV (English),8,Brand New Cherry Flavor,Brand New Cherry Flavor: Limited Series,,,tt11343600
2021-08-22,TV (English),9,CoComelon,CoComelon: Season 3,,,tt12427840
2021-08-22,TV (English),10,The Good Doctor,The Good Doctor: Season 1,,,tt6470478
2021-08-22,TV (Non-English),1,The Snitch Cartel: Origins,The Snitch Cartel: Origins: Season 1,,,tt14417802
2021-08-22,TV (Non-English),2,AlRawabi School for Girls,AlRawabi School for Girls: Season 1,,,tt10183912
2021-08-22,TV (Non-English),3,Valeria,Valeria: Season 2,,,tt9731288
2021-08-22,TV (Non-English),4,Gone for Good,Gone for Good: Limited Series,,,tt14252964
2021-08-22,TV (Non-English),6,Hospital Playlist,Hospital Playlist: Season 2,,,tt11769304
2021-08-22,TV (Non-English),7,Carrossel,,,,tt2215338
2021-08-22,TV (Non-English),8,"Nevertheless,","Nevertheless,: Season 1",,,tt14518284
2021-08-22,TV (Non-English),9,The Cook of Castamar,The Cook of Castamar: Season 1,,,tt12626014
2021-08-22,TV (Non-English),10,Control Z,Control Z: Season 2,,,tt11937662
2021-08-15,Films (English),1,The Kissing Booth 3,,,,tt12783454
2021-08-15,Films (English),2,Vivo,,,,tt6338498
2021-08-15,Films (English),3,Beckett,,,,tt10230994
2021-08-15,Films (English),4,Hotel Transylvania 3: Summer Vacation,,,,tt5220122
2021-08-15,Films (English),5,Aftermath,,,,tt4581576
2021-08-15,Films (English),6,Resort to Love,,,,tt12929990
2021-08-15,Films (English),7,The Kissing Booth,,,,tt3799232
2021-08-15,Films (English),8,The Kissing Booth 2,,,,tt9784456
2021-08-15,Films (English),9,Dead Man Down,,,,tt2101341
2021-08-15,Films (Non-English),1,The Swarm,,,,tt0078350
2021-08-15,Films (Non-English),2,The Last Mercenary,,,,tt12808182
2021-08-15,Films (Non-English),4,Blood Red Sky,,,,tt6402468
2021-08-15,Films (Non-English),5,El infierno,,,,tt1692190
2021-08-15,Films (Non-English),6,Mimi,,,,tt10895576
2021-08-15,Films (Non-English),7,Shiny_Flakes: The Teenage Drug Lord,,,,tt15036416
2021-08-15,Films (Non-English),9,Navarasa,Navarasa: Limited Series,,,tt0781434
2021-08-15,TV (English),1,Outer Banks,Outer Banks: Season 2,,,tt10293938
2021-08-15,TV (English),2,Hit & Run,Hit & Run: Season 1,,,tt9073940
2021-08-15,TV (English),3,Outer Banks,Outer Banks: Season 1,,,tt10293938
2021-08-15,TV (English),4,All American,All American: Season 3,,,tt7414406
2021-08-15,TV (English),5,Cocaine Cowboys: The Kings of Miami,Cocaine Cowboys: The Kings of Miami: Limited Series,,,tt15049206
2021-08-15,TV (English),6,For Life,For Life: Season 1,,,tt10327830
2021-08-15,TV (English),7,Virgin River,Virgin River: Season 3,,,tt9077530
2021-08-15,TV (English),8,Gabby's Dollhouse,Gabby's Dollhouse: Season 2,,,tt9165438
2021-08-15,TV (English),9,Sex/Life,Sex/Life: Season 1,,,tt10839422
2021-08-15,TV (English),10,The Good Doctor,The Good Doctor: Season 1,,,tt6470478
2021-08-15,TV (Non-English),1,The Snitch Cartel: Origins,The Snitch Cartel: Origins: Season 1,,,tt14417802
2021-08-15,TV (Non-English),2,Control Z,Control Z: Season 2,,,tt11937662
2021-08-15,TV (Non-English),3,SHAMAN KING,SHAMAN KING: Season 1,,,tt0367409
2021-08-15,TV (Non-English),5,The Cook of Castamar,The Cook of Castamar: Season 1,,,tt12626014
2021-08-15,TV (Non-English),6,AlRawabi School for Girls,AlRawabi School for Girls: Season 1,,,tt10183912
2021-08-15,TV (Non-English),7,Carrossel,,,,tt2215338
2021-08-15,TV (Non-English),8,Gone for Good,Gone for Good: Limited Series,,,tt14252964
2021-08-15,TV (Non-English),9,Valeria,Valeria: Season 2,,,tt9731288
2021-08-15,TV (Non-English),10,Hospital Playlist,Hospital Playlist: Season 2,,,tt11769304
2021-08-08,Films (English),1,Aftermath,,,,tt4581576
2021-08-08,Films (English),2,Resort to Love,,,,tt12929990
2021-08-08,Films (English),3,Vivo,,,,tt6338498
2021-08-08,Films (English),4,The Vault,,,,tt9742794
2021-08-08,Films (English),5,The Losers,,,,tt0480255
2021-08-08,Films (English),6,The Last Letter From Your Lover,,,,tt1893273
2021-08-08,Films (English),7,Hotel Transylvania 3: Summer Vacation,,,,tt5220122
2021-08-08,Films (English),8,Dead Man Down,,,,tt2101341
2021-08-08,Films (English),9,Wish Dragon,,,,tt5562070
2021-08-08,Films (English),10,World Trade Center,,,,tt0469641
2021-08-08,Films (Non-English),1,The Last Mercenary,,,,tt12808182
2021-08-08,Films (Non-English),3,Blood Red Sky,,,,tt6402468
2021-08-08,Films (Non-English),4,The Swarm,,,,tt0078350
2021-08-08,Films (Non-English),5,Mimi,,,,tt10895576
2021-08-08,Films (Non-English),6,Bartkowiak,,,,tt14315566
2021-08-08,Films (Non-English),7,El infierno,,,,tt1692190
2021-08-08,Films (Non-English),8,Navarasa,Navarasa: Limited Series,,,tt0781434
2021-08-08,Films (Non-English),10,Shiny_Flakes: The Teenage Drug Lord,,,,tt15036416
2021-08-08,TV (English),1,Outer Banks,Outer Banks: Season 2,,,tt10293938
2021-08-08,TV (English),2,Outer Banks,Outer Banks: Season 1,,,tt10293938
2021-08-08,TV (English),3,All American,All American: Season 3,,,tt7414406
2021-08-08,TV (English),4,Hit & Run,Hit & Run: Season 1,,,tt9073940
2021-08-08,TV (English),5,Cocaine Cowboys: The Kings of Miami,Cocaine Cowboys: The Kings of Miami: Limited Series,,,tt15049206
2021-08-08,TV (English),6,Virgin River,Virgin River: Season 3,,,tt9077530
2021-08-08,TV (English),7,Top Secret UFO Projects: Declassified,Top Secret UFO Projects: Declassified: Season 1,,,tt14992232
2021-08-08,TV (English),8,Sex/Life,Sex/Life: Season 1,,,tt10839422
2021-08-08,TV (English),9,The Good Doctor,The Good Doctor: Season 1,,,tt6470478
2021-08-08,TV (English),10,Car Masters: Rust to Riches,Car Masters: Rust to Riches: Season 3,,,tt8893550
2021-08-08,TV (Non-English),1,The Snitch Cartel: Origins,The Snitch Cartel: Origins: Season 1,,,tt14417802
2021-08-08,TV (Non-English),2,Control Z,Control Z: Season 2,,,tt11937662
2021-08-08,TV (Non-English),3,The Cook of Castamar,The Cook of Castamar: Season 1,,,tt12626014
2021-08-08,TV (Non-English),5,Carrossel,,,,tt2215338
2021-08-08,TV (Non-English),7,Control Z,Control Z: Season 1,,,tt11937662
2021-08-08,TV (Non-English),8,How to Sell Drugs Online (Fast),How to Sell Drugs Online (Fast): Season 3,,,tt9184994
2021-08-08,TV (Non-English),9,"Nevertheless,","Nevertheless,: Season 1",,,tt14518284
2021-08-08,TV (Non-English),10,Too Hot to Handle: Brazil,Too Hot to Handle: Brazil: Season 1,,,tt14902484
2021-08-01,Films (English),1,Resort to Love,,,,tt12929990
2021-08-01,Films (English),2,The Last Letter From Your Lover,,,,tt1893273
2021-08-01,Films (English),3,Trollhunters: Rise of the Titans,,,,tt12851396
2021-08-01,Films (English),5,Wish Dragon,,,,tt5562070
2021-08-01,Films (English),7,Twilight,,,,tt1099212
2021-08-01,Films (English),10,The Twilight Saga: New Moon,,,,tt1259571
2021-08-01,Films (Non-English),1,Blood Red Sky,,,,tt6402468
2021-08-01,Films (Non-English),2,The Last Mercenary,,,,tt12808182
2021-08-01,Films (Non-English),4,Mimi,,,,tt10895576
2021-08-01,Films (Non-English),5,Bartkowiak,,,,tt14315566
2021-08-01,Films (Non-English),8,A Perfect Fit,,,,tt13606090
2021-08-01,Films (Non-English),9,Major Grom: Plague Doctor,,,,tt7601480
2021-08-01,Films (Non-English),10,Words Bubble Up Like Soda Pop,,,,tt12735338
2021-08-01,TV (English),1,Outer Banks,Outer Banks: Season 2,,,tt10293938
2021-08-01,TV (English),2,All American,All American: Season 3,,,tt7414406
2021-08-01,TV (English),3,Virgin River,Virgin River: Season 3,,,tt9077530
2021-08-01,TV (English),4,Outer Banks,Outer Banks: Season 1,,,tt10293938
2021-08-01,TV (English),5,Never Have I Ever,Never Have I Ever: Season 2,,,tt10062292
2021-08-01,TV (English),6,Sex/Life,Sex/Life: Season 1,,,tt10839422
2021-08-01,TV (English),7,Love Is Blind,Love Is Blind: Season 1,,,tt11704040
2021-08-01,TV (English),8,The Good Doctor,The Good Doctor: Season 1,,,tt6470478
2021-08-01,TV (English),9,The Walking Dead,The Walking Dead: Season 10,,,tt1520211
2021-08-01,TV (English),10,The Good Doctor,The Good Doctor: Season 2,,,tt6470478
2021-08-01,TV (Non-English),1,The Cook of Castamar,The Cook of Castamar: Season 1,,,tt12626014
2021-08-01,TV (Non-English),3,How to Sell Drugs Online (Fast),How to Sell Drugs Online (Fast): Season 3,,,tt9184994
2021-08-01,TV (Non-English),4,Sky Rojo,Sky Rojo: Season 2,,,tt8690776
2021-08-01,TV (Non-English),5,The Snitch Cartel: Origins,The Snitch Cartel: Origins: Season 1,,,tt14417802
2021-08-01,TV (Non-English),6,Too Hot to Handle: Brazil,Too Hot to Handle: Brazil: Season 1,,,tt14902484
2021-08-01,TV (Non-English),7,Carrossel,,,,tt2215338
2021-08-01,TV (Non-English),8,"Nevertheless,","Nevertheless,: Season 1",,,tt14518284
2021-08-01,TV (Non-English),9,Chiquititas,,,,tt0154063
2021-08-01,TV (Non-English),10,Elite,Elite: Season 4,,,tt7134908
2021-07-25,Films (English),1,Trollhunters: Rise of the Titans,,,,tt12851396
2021-07-25,Films (English),2,The Last Letter From Your Lover,,,,tt1893273
2021-07-25,Films (English),3,Twilight,,,,tt1099212
2021-07-25,Films (English),5,The Twilight Saga: New Moon,,,,tt1259571
2021-07-25,Films (English),8,The Twilight Saga: Eclipse,,,,tt1325004
2021-07-25,Films (Non-English),1,Blood Red Sky,,,,tt6402468
2021-07-25,Films (Non-English),4,A Perfect Fit,,,,tt13606090
2021-07-25,Films (Non-English),5,Major Grom: Plague Doctor,,,,tt7601480
2021-07-25,Films (Non-English),6,The Guide to the Perfect Family,,,,tt11991786
2021-07-25,Films (Non-English),7,A Classic Horror Story,,,,tt12877640
2021-07-25,Films (Non-English),8,Deep,,,,tt14880258
2021-07-25,Films (Non-English),10,Haseen Dillruba,,,,tt11027830
2021-07-25,TV (English),1,Never Have I Ever,Never Have I Ever: Season 2,,,tt10062292
2021-07-25,TV (English),2,Virgin River,Virgin River: Season 3,,,tt9077530
2021-07-25,TV (English),3,Sex/Life,Sex/Life: Season 1,,,tt10839422
2021-07-25,TV (English),4,The Good Doctor,The Good Doctor: Season 1,,,tt6470478
2021-07-25,TV (English),5,Never Have I Ever,Never Have I Ever: Season 1,,,tt10062292
2021-07-25,TV (English),6,Manifest,Manifest: Season 1,,,tt8421350
2021-07-25,TV (English),7,Atypical,Atypical: Season 4,,,tt6315640
2021-07-25,TV (English),8,Heist,Heist: Season 1,,,tt14865290
2021-07-25,TV (English),9,Virgin River,Virgin River: Season 1,,,tt9077530
2021-07-25,TV (English),10,Virgin River,Virgin River: Season 2,,,tt9077530
2021-07-25,TV (Non-English),1,The Cook of Castamar,The Cook of Castamar: Season 1,,,tt12626014
2021-07-25,TV (Non-English),3,Sky Rojo,Sky Rojo: Season 2,,,tt8690776
2021-07-25,TV (Non-English),4,Carrossel,,,,tt2215338
2021-07-25,TV (Non-English),5,The War Next-door,The War Next-door: Season 1,,,tt14821886
2021-07-25,TV (Non-English),6,Too Hot to Handle: Brazil,Too Hot to Handle: Brazil: Season 1,,,tt14902484
2021-07-25,TV (Non-English),7,Elite,Elite: Season 4,,,tt7134908
2021-07-25,TV (Non-English),8,Hospital Playlist,Hospital Playlist: Season 2,,,tt11769304
2021-07-25,TV (Non-English),9,"Nevertheless,","Nevertheless,: Season 1",,,tt14518284
2021-07-25,TV (Non-English),10,Lupin,Lupin: Part 2,,,tt2531336
2021-07-18,Films (English),4,Gunpowder Milkshake,,,,tt8368408
2021-07-18,Films (English),5,The Water Man,,,,tt4779326
2021-07-18,Films (English),6,This Little Love of Mine,,,,tt12546872
2021-07-18,Films (English),7,Wish Dragon,,,,tt5562070
2021-07-18,Films (English),8,Fatherhood,,,,tt4733624
2021-07-18,Films (English),9,Twilight,,,,tt1099212
2021-07-18,Films (English),10,Rust Creek,,,,tt6610158
2021-07-18,Films (Non-English),1,Major Grom: Plague Doctor,,,,tt7601480
2021-07-18,Films (Non-English),3,A Classic Horror Story,,,,tt12877640
2021-07-18,Films (Non-English),4,The Guide to the Perfect Family,,,,tt11991786
2021-07-18,Films (Non-English),5,Haseen Dillruba,,,,tt11027830
2021-07-18,Films (Non-English),6,A Perfect Fit,,,,tt13606090
2021-07-18,Films (Non-English),7,Last Summer,,,,tt13067004
2021-07-18,Films (Non-English),9,The 8th Night,,,,tt14781176
2021-07-18,Films (Non-English),10,Silver Skates,,,,tt10525672
2021-07-18,TV (English),1,Virgin River,Virgin River: Season 3,,,tt9077530
2021-07-18,TV (English),2,Never Have I Ever,Never Have I Ever: Season 2,,,tt10062292
2021-07-18,TV (English),3,Sex/Life,Sex/Life: Season 1,,,tt10839422
2021-07-18,TV (English),4,Atypical,Atypical: Season 4,,,tt6315640
2021-07-18,TV (English),5,Manifest,Manifest: Season 1,,,tt8421350
2021-07-18,TV (English),6,Virgin River,Virgin River: Season 1,,,tt9077530
2021-07-18,TV (English),7,The Good Doctor,The Good Doctor: Season 1,,,tt6470478
2021-07-18,TV (English),8,Heist,Heist: Season 1,,,tt14865290
2021-07-18,TV (English),9,Virgin River,Virgin River: Season 2,,,tt9077530
2021-07-18,TV (English),10,Too Hot to Handle,Too Hot to Handle: Season 2,,,tt12004280
2021-07-18,TV (Non-English),1,The Cook of Castamar,The Cook of Castamar: Season 1,,,tt12626014
2021-07-18,TV (Non-English),3,The War Next-door,The War Next-door: Season 1,,,tt14821886
2021-07-18,TV (Non-English),4,Elite,Elite: Season 4,,,tt7134908
2021-07-18,TV (Non-English),5,Elize Matsunaga: Once Upon a Crime,Elize Matsunaga: Once Upon a Crime: Season 1,,,tt14856998
2021-07-18,TV (Non-English),6,Carrossel,,,,tt2215338
2021-07-18,TV (Non-English),7,Lupin,Lupin: Part 2,,,tt2531336
2021-07-18,TV (Non-English),8,Hospital Playlist,Hospital Playlist: Season 2,,,tt11769304
2021-07-18,TV (Non-English),9,"Nevertheless,","Nevertheless,: Season 1",,,tt14518284
2021-07-18,TV (Non-English),10,Biohackers,Biohackers: Season 2,,,tt9849210
2021-07-11,Films (English),3,Fatherhood,,,,tt4733624
2021-07-11,Films (English),4,Warcraft,,,,tt0803096
2021-07-11,Films (English),5,Wish Dragon,,,,tt5562070
2021-07-11,Films (English),6,This Little Love of Mine,,,,tt12546872
2021-07-11,Films (English),7,Mother's Day,,,,tt4824302
2021-07-11,Films (English),8,How to Train Your Dragon: The Hidden World,,,,tt2386490
2021-07-11,Films (English),9,Kung Fu Panda 3,,,,tt2267968
2021-07-11,Films (English),10,The Huntsman: Winter's War,,,,tt2381991
2021-07-11,Films (Non-English),1,Major Grom: Plague Doctor,,,,tt7601480
2021-07-11,Films (Non-English),2,Haseen Dillruba,,,,tt11027830
2021-07-11,Films (Non-English),4,The 8th Night,,,,tt14781176
2021-07-11,Films (Non-English),5,Silver Skates,,,,tt10525672
2021-07-11,Films (Non-English),7,Dynasty Warriors,,,,tt7587604
2021-07-11,Films (Non-English),8,Xtreme,,,,tt11658120
2021-07-11,Films (Non-English),9,O Candidato Honesto,,,,tt4083076
2021-07-11,Films (Non-English),10,Last Summer,,,,tt13067004
2021-07-11,TV (English),1,Sex/Life,Sex/Life: Season 1,,,tt10839422
2021-07-11,TV (English),2,Virgin River,Virgin River: Season 3,,,tt9077530
2021-07-11,TV (English),3,Too Hot to Handle,Too Hot to Handle: Season 2,,,tt12004280
2021-07-11,TV (English),4,Manifest,Manifest: Season 1,,,tt8421350
2021-07-11,TV (English),5,Pokémon Journeys: The Series,Pokémon Journeys: The Series: Season 1,,,tt14033496
2021-07-11,TV (English),6,Atypical,Atypical: Season 4,,,tt6315640
2021-07-11,TV (English),7,Manifest,Manifest: Season 2,,,tt8421350
2021-07-11,TV (English),8,Virgin River,Virgin River: Season 1,,,tt9077530
2021-07-11,TV (English),9,Lucifer,Lucifer: Season 5,,,tt4052886
2021-07-11,TV (English),10,Sweet Tooth,Sweet Tooth: Season 1,,,tt12809988
2021-07-11,TV (Non-English),2,Elite,Elite: Season 4,,,tt7134908
2021-07-11,TV (Non-English),3,The Cook of Castamar,The Cook of Castamar: Season 1,,,tt12626014
2021-07-11,TV (Non-English),4,The War Next-door,The War Next-door: Season 1,,,tt14821886
2021-07-11,TV (Non-English),5,Lupin,Lupin: Part 2,,,tt2531336
2021-07-11,TV (Non-English),6,Elize Matsunaga: Once Upon a Crime,Elize Matsunaga: Once Upon a Crime: Season 1,,,tt14856998
2021-07-11,TV (Non-English),7,The Seven Deadly Sins,The Seven Deadly Sins: Dragon's Judgement,,,tt3909224
2021-07-11,TV (Non-English),8,Young Royals,Young Royals: Season 1,,,tt14664414
2021-07-11,TV (Non-English),9,Carrossel,,,,tt2215338
2021-07-11,TV (Non-English),10,Somos.,Somos.: Season 1,,,tt14719590
2021-07-04,Films (English),1,Fatherhood,,,,tt4733624
2021-07-04,Films (English),3,Wish Dragon,,,,tt5562070
2021-07-04,Films (English),4,The Ice Road,,,,tt3758814
2021-07-04,Films (English),5,Good on Paper,,,,tt8231668
2021-07-04,Films (English),6,Kung Fu Panda 3,,,,tt2267968
2021-07-04,Films (English),7,Warcraft,,,,tt0803096
2021-07-04,Films (English),8,Fatale,,,,tt8829830
2021-07-04,Films (English),9,Skylines,,,,tt9387250
2021-07-04,Films (English),10,The Mitchells vs. The Machines,,,,tt7979580
2021-07-04,Films (Non-English),1,Silver Skates,,,,tt10525672
2021-07-04,Films (Non-English),2,Haseen Dillruba,,,,tt11027830
2021-07-04,Films (Non-English),4,The 8th Night,,,,tt14781176
2021-07-04,Films (Non-English),5,Dynasty Warriors,,,,tt7587604
2021-07-04,Films (Non-English),6,Security,,,,tt3501112
2021-07-04,Films (Non-English),7,Murder by the Coast,,,,tt13323092
2021-07-04,Films (Non-English),8,Xtreme,,,,tt11658120
2021-07-04,Films (Non-English),10,Prime Time,,,,tt11460976
2021-07-04,TV (English),1,Sex/Life,Sex/Life: Season 1,,,tt10839422
2021-07-04,TV (English),2,Too Hot to Handle,Too Hot to Handle: Season 2,,,tt12004280
2021-07-04,TV (English),3,Manifest,Manifest: Season 1,,,tt8421350
2021-07-04,TV (English),4,Sweet Tooth,Sweet Tooth: Season 1,,,tt12809988
2021-07-04,TV (English),5,Manifest,Manifest: Season 2,,,tt8421350
2021-07-04,TV (English),6,Lucifer,Lucifer: Season 5,,,tt4052886
2021-07-04,TV (English),7,Pokémon Journeys: The Series,Pokémon Journeys: The Series: Season 1,,,tt14033496
2021-07-04,TV (English),8,Sophie: A Murder in West Cork,Sophie: A Murder in West Cork: Limited Series,,,tt14681732
2021-07-04,TV (English),9,CoComelon,CoComelon: Season 3,,,tt12427840
2021-07-04,TV (English),10,Lucifer,Lucifer: Season 3,,,tt4052886
2021-07-04,TV (Non-English),1,Elite,Elite: Season 4,,,tt7134908
2021-07-04,TV (Non-English),2,The Seven Deadly Sins,The Seven Deadly Sins: Dragon's Judgement,,,tt3909224
2021-07-04,TV (Non-English),4,Lupin,Lupin: Part 2,,,tt2531336
2021-07-04,TV (Non-English),5,Somos.,Somos.: Season 1,,,tt14719590
2021-07-04,TV (Non-English),6,Elite,Elite: Season 1,,,tt7134908
2021-07-04,TV (Non-English),7,Elite,Elite: Season 3,,,tt7134908
2021-07-04,TV (Non-English),8,Elite,Elite: Season 2,,,tt7134908
2021-07-04,TV (Non-English),9,Katla,Katla: Season 1,,,tt11102190
2021-07-04,TV (Non-English),10,Record of Ragnarok,Record of Ragnarok: Season 1,,,tt13676344
